{
    "original_url": "https://www.tiktok.com/@lancome.official/video/7446758706051583254",
    "video_id": "7446758706051583254",
    "description": "The Lancôme art of gifting in action ⭐️ #Lancome #Holiday #Christmastok #HolidayShopping #Shopping #Christmaswishlist #Christmashaul #Haul #Skincare #Makeup #Beauty #Gift #Satisfying #Asmr ",
    "video_url": "https://m.tiktok.com/v/7446758706051583254.html?_d=0&comment_author_id=7358512444258386949&preview_pb=0&share_comment_id=7447097190725993221&share_item_id=7446758706051583254&sharer_language=en&source=h5_m&u_code=0",
    "tags": [
        "#Lancome",
        "#Holiday",
        "#Christmastok",
        "#HolidayShopping",
        "#Shopping",
        "#Christmaswishlist",
        "#Christmashaul",
        "#Haul",
        "#Skincare",
        "#Makeup",
        "#Beauty",
        "#Gift",
        "#Satisfying",
        "#Asmr"
    ],
    "comments": [
        {
            "_comment_id": "7447097190725993221",
            "_username": "llife.w.lola",
            "_nickname": "Lola🪩🐆",
            "_comment": "🤩🤩",
            "_create_time": "2024-12-11T11:20:58",
            "_avatar": "https://p16-common-sign-va.tiktokcdn-us.com/tos-maliva-avt-0068/3b4b3b5d55c8e20efd161cd18ca19ef1~tplv-tiktokx-cropcenter:100:100.jpg?dr=9640&refresh_token=aa076e70&x-expires=1756285200&x-signature=J9qF2pc69S8PoLQT0uv7KX1Rx%2Fw%3D&t=4d5b0474&ps=13740610&shp=30310797&shcp=ff37627b&idc=useast5",
            "_total_reply": 0,
            "_replies": []
        },
        {
            "_comment_id": "7446991637982642990",
            "_username": "ambersthisthatandmore",
            "_nickname": "ambersthisthatandmore",
            "_comment": "huge huge fan, i have 5 different scents and i got the advent calendar and the rose gold makeup bag full of goodies. I'm in love with it all❤🥰",
            "_create_time": "2024-12-11T04:31:09",
            "_avatar": "https://p16-pu-sign-useast8.tiktokcdn-us.com/tos-useast5-avt-0068-tx/3ed9c9241a332186052b550c8b1aaf0b~tplv-tiktokx-cropcenter:100:100.jpg?dr=9640&refresh_token=f39a0406&x-expires=1756285200&x-signature=UDo8MdTY7ur6SvCik%2FnXJrjXmBs%3D&t=4d5b0474&ps=13740610&shp=30310797&shcp=ff37627b&idc=useast5",
            "_total_reply": 1,
            "_replies": [
                {
                    "_comment_id": "7446698331914617633",
                    "_username": "lancome.official",
                    "_nickname": "Lancôme",
                    "_comment": "Aweee, that makes us smile to hear!! 🥹❤️",
                    "_create_time": "2024-12-11T10:48:13",
                    "_avatar": "https://p16-common-sign-va.tiktokcdn-us.com/tos-maliva-avt-0068/9424f6caa6a8781766ccf45ddf0a0a0d~tplv-tiktokx-cropcenter:100:100.jpg?dr=9640&refresh_token=3b5db7e6&x-expires=1756285200&x-signature=e%2F9wLN2Xb5w40k7tbO%2FkvD8%2BllM%3D&t=4d5b0474&ps=13740610&shp=30310797&shcp=ff37627b&idc=useast5",
                    "_total_reply": null,
                    "_replies": []
                }
            ]
        },
        {
            "_comment_id": "7460568008341242656",
            "_username": "claudia.cch",
            "_nickname": "Claudz☁️",
            "_comment": "My favourite perfume",
            "_create_time": "2025-01-16T18:34:37",
            "_avatar": "https://p16-common-sign-useast2a.tiktokcdn-us.com/tos-useast2a-avt-0068-euttp/936b4c8a9dc41b3ca49d823d046c36b2~tplv-tiktokx-cropcenter:100:100.jpg?dr=9640&refresh_token=4c4a9d62&x-expires=1756285200&x-signature=VQNA8OK5hF9zLy35hUWjlbY8rY4%3D&t=4d5b0474&ps=13740610&shp=30310797&shcp=ff37627b&idc=useast5",
            "_total_reply": 2,
            "_replies": [
                {
                    "_comment_id": "7460950993384227606",
                    "_username": "lancome.official",
                    "_nickname": "Lancôme",
                    "_comment": "The perfect surprised to unwrap ☺️",
                    "_create_time": "2025-01-17T19:20:57",
                    "_avatar": "https://p16-common-sign-va.tiktokcdn-us.com/tos-maliva-avt-0068/9424f6caa6a8781766ccf45ddf0a0a0d~tplv-tiktokx-cropcenter:100:100.jpg?dr=9640&refresh_token=3b5db7e6&x-expires=1756285200&x-signature=e%2F9wLN2Xb5w40k7tbO%2FkvD8%2BllM%3D&t=4d5b0474&ps=13740610&shp=30310797&shcp=ff37627b&idc=useast5",
                    "_total_reply": null,
                    "_replies": []
                },
                {
                    "_comment_id": "7460956688033153825",
                    "_username": "claudia.cch",
                    "_nickname": "Claudz☁️",
                    "_comment": "For sure !!",
                    "_create_time": "2025-01-17T19:42:46",
                    "_avatar": "https://p16-common-sign-useast2a.tiktokcdn-us.com/tos-useast2a-avt-0068-euttp/936b4c8a9dc41b3ca49d823d046c36b2~tplv-tiktokx-cropcenter:100:100.jpg?dr=9640&refresh_token=4c4a9d62&x-expires=1756285200&x-signature=VQNA8OK5hF9zLy35hUWjlbY8rY4%3D&t=4d5b0474&ps=13740610&shp=30310797&shcp=ff37627b&idc=useast5",
                    "_total_reply": null,
                    "_replies": []
                }
            ]
        },
        {
            "_comment_id": "7446861246899028768",
            "_username": "billie_4everlife",
            "_nickname": "BILLIE EILISHS WIFE X",
            "_comment": "I ACTULLAY LOVE YOU I AM SO THANKFULL FOR YOU COMMENTING ON MY COMMENT I LOVE YOU ❤️",
            "_create_time": "2024-12-10T20:05:08",
            "_avatar": "https://p16-common-sign-va.tiktokcdn-us.com/tos-maliva-avt-0068/042d6dc94142d99d723cff860b3c2a06~tplv-tiktokx-cropcenter:100:100.jpg?dr=9640&refresh_token=99a97f8b&x-expires=1756285200&x-signature=fcqDrta6KneJ9dazPvpBYyEhjQM%3D&t=4d5b0474&ps=13740610&shp=30310797&shcp=ff37627b&idc=useast5",
            "_total_reply": 2,
            "_replies": [
                {
                    "_comment_id": "7446691231650480929",
                    "_username": "lancome.official",
                    "_nickname": "Lancôme",
                    "_comment": "AWEE 🥹",
                    "_create_time": "2024-12-11T10:33:40",
                    "_avatar": "https://p16-common-sign-va.tiktokcdn-us.com/tos-maliva-avt-0068/9424f6caa6a8781766ccf45ddf0a0a0d~tplv-tiktokx-cropcenter:100:100.jpg?dr=9640&refresh_token=3b5db7e6&x-expires=1756285200&x-signature=e%2F9wLN2Xb5w40k7tbO%2FkvD8%2BllM%3D&t=4d5b0474&ps=13740610&shp=30310797&shcp=ff37627b&idc=useast5",
                    "_total_reply": null,
                    "_replies": []
                },
                {
                    "_comment_id": "7447175806848041760",
                    "_username": "billie_4everlife",
                    "_nickname": "BILLIE EILISHS WIFE X",
                    "_comment": "❤️",
                    "_create_time": "2024-12-11T16:25:53",
                    "_avatar": "https://p16-common-sign-va.tiktokcdn-us.com/tos-maliva-avt-0068/042d6dc94142d99d723cff860b3c2a06~tplv-tiktokx-cropcenter:100:100.jpg?dr=9640&refresh_token=99a97f8b&x-expires=1756285200&x-signature=fcqDrta6KneJ9dazPvpBYyEhjQM%3D&t=4d5b0474&ps=13740610&shp=30310797&shcp=ff37627b&idc=useast5",
                    "_total_reply": null,
                    "_replies": []
                }
            ]
        },
        {
            "_comment_id": "7447261273706496810",
            "_username": "daniiiiival",
            "_nickname": "Dani",
            "_comment": "SO CUTE 😍",
            "_create_time": "2024-12-11T21:57:34",
            "_avatar": "https://p19-pu-sign-useast8.tiktokcdn-us.com/tos-useast5-avt-0068-tx/a110d1691c6816e1ebde16a6a64edeed~tplv-tiktokx-cropcenter:100:100.jpg?dr=9640&refresh_token=9a2b904d&x-expires=1756285200&x-signature=EsA5ZkRJX1mpLy0%2BOe64QeqO1yE%3D&t=4d5b0474&ps=13740610&shp=30310797&shcp=ff37627b&idc=useast5",
            "_total_reply": 1,
            "_replies": [
                {
                    "_comment_id": "7447647155408077601",
                    "_username": "lancome.official",
                    "_nickname": "Lancôme",
                    "_comment": "Isn't it? 😍",
                    "_create_time": "2024-12-12T22:55:03",
                    "_avatar": "https://p16-common-sign-va.tiktokcdn-us.com/tos-maliva-avt-0068/9424f6caa6a8781766ccf45ddf0a0a0d~tplv-tiktokx-cropcenter:100:100.jpg?dr=9640&refresh_token=3b5db7e6&x-expires=1756285200&x-signature=e%2F9wLN2Xb5w40k7tbO%2FkvD8%2BllM%3D&t=4d5b0474&ps=13740610&shp=30310797&shcp=ff37627b&idc=useast5",
                    "_total_reply": null,
                    "_replies": []
                }
            ]
        },
        {
            "_comment_id": "7447289427200475934",
            "_username": "angelabell98",
            "_nickname": "Angela",
            "_comment": "PLEASE BRING BACK GRANDIOSE EXTREME MASCARA!! I haven’t been the same since",
            "_create_time": "2024-12-11T23:46:47",
            "_avatar": "https://p19-pu-sign-useast8.tiktokcdn-us.com/tos-useast8-avt-0068-tx2/4c040d436320d9ffa6c6aac912b14481~tplv-tiktokx-cropcenter:100:100.jpg?dr=9640&refresh_token=51fb34cb&x-expires=1756285200&x-signature=gFiNwqdwadMy0CzV1TWoSoeUSVc%3D&t=4d5b0474&ps=13740610&shp=30310797&shcp=ff37627b&idc=useast5",
            "_total_reply": 0,
            "_replies": []
        },
        {
            "_comment_id": "7447543073696318225",
            "_username": "ivyocampo7",
            "_nickname": "Ivy",
            "_comment": "Ordered my second bottleeee 🥰🥰",
            "_create_time": "2024-12-12T16:11:00",
            "_avatar": "https://p16-common-sign-sg.tiktokcdn-us.com/tos-alisg-avt-0068/6fd9b45499fa44d5ca946fe9167b4db5~tplv-tiktokx-cropcenter:100:100.jpg?dr=9640&refresh_token=3a869df8&x-expires=1756285200&x-signature=NRYQyf9SLNRbjJBXUmcX9Y86JVI%3D&t=4d5b0474&ps=13740610&shp=30310797&shcp=ff37627b&idc=useast5",
            "_total_reply": 1,
            "_replies": [
                {
                    "_comment_id": "7447646819352838944",
                    "_username": "lancome.official",
                    "_nickname": "Lancôme",
                    "_comment": "We love a restock 🤭💖",
                    "_create_time": "2024-12-12T22:53:45",
                    "_avatar": "https://p16-common-sign-va.tiktokcdn-us.com/tos-maliva-avt-0068/9424f6caa6a8781766ccf45ddf0a0a0d~tplv-tiktokx-cropcenter:100:100.jpg?dr=9640&refresh_token=3b5db7e6&x-expires=1756285200&x-signature=e%2F9wLN2Xb5w40k7tbO%2FkvD8%2BllM%3D&t=4d5b0474&ps=13740610&shp=30310797&shcp=ff37627b&idc=useast5",
                    "_total_reply": null,
                    "_replies": []
                }
            ]
        },
        {
            "_comment_id": "7446759368555905814",
            "_username": "soyaaa199",
            "_nickname": "Fatima",
            "_comment": "Ahhhhhhh😻😻😻😻😻😻😻😻",
            "_create_time": "2024-12-10T13:30:13",
            "_avatar": "https://p16-common-sign-va.tiktokcdn-us.com/tos-maliva-avt-0068/d81ef179d271a707c31d2071ab3e0501~tplv-tiktokx-cropcenter:100:100.jpg?dr=9640&refresh_token=854ec4f8&x-expires=1756285200&x-signature=7cgswzDlS%2FIkegKH8CqZUV7DHE8%3D&t=4d5b0474&ps=13740610&shp=30310797&shcp=ff37627b&idc=useast5",
            "_total_reply": 0,
            "_replies": []
        },
        {
            "_comment_id": "7447020400491692823",
            "_username": "sparklertraillerheaeven",
            "_nickname": "Victor",
            "_comment": "commenting to stay on sampletok",
            "_create_time": "2024-12-11T06:24:17",
            "_avatar": "https://p16-common-sign-useast2a.tiktokcdn-us.com/tos-useast2a-avt-0068-euttp/d066fcdc12c89c92290fddd1551a5ce6~tplv-tiktokx-cropcenter:100:100.jpg?dr=9640&refresh_token=b9361904&x-expires=1756285200&x-signature=Y0NX3unlRrI4jRAy2pniV%2BCCaik%3D&t=4d5b0474&ps=13740610&shp=30310797&shcp=ff37627b&idc=useast5",
            "_total_reply": 0,
            "_replies": []
        },
        {
            "_comment_id": "7452035945144288016",
            "_username": "tooyumii",
            "_nickname": "𝑆𝑎𝑑𝑒",
            "_comment": "send it my way pls 😩😔",
            "_create_time": "2024-12-24T18:45:37",
            "_avatar": "https://p16-common-sign-sg.tiktokcdn-us.com/tos-alisg-avt-0068/ff0f3947c5812e9b95a54912bef7a2dd~tplv-tiktokx-cropcenter:100:100.jpg?dr=9640&refresh_token=0ea04c55&x-expires=1756285200&x-signature=rlsXtOpqalmPoqY6Wd37XNu8Nz0%3D&t=4d5b0474&ps=13740610&shp=30310797&shcp=ff37627b&idc=useast5",
            "_total_reply": 0,
            "_replies": []
        },
        {
            "_comment_id": "7456475319156359968",
            "_username": "coco_thatgirl0",
            "_nickname": "𝚌𝚘𝚌𝚘 ✞☆♪",
            "_comment": "AAH actually love this!",
            "_create_time": "2025-01-05T17:52:54",
            "_avatar": "https://p16-common-sign-va.tiktokcdn-us.com/tos-maliva-avt-0068/c42721490d3b3f062210db64148f1804~tplv-tiktokx-cropcenter:100:100.jpg?dr=9640&refresh_token=67701f68&x-expires=1756285200&x-signature=exrDtB67kd2E9PkgWi5WCog%2FfCU%3D&t=4d5b0474&ps=13740610&shp=30310797&shcp=ff37627b&idc=useast5",
            "_total_reply": 1,
            "_replies": [
                {
                    "_comment_id": "7455794834922570529",
                    "_username": "lancome.official",
                    "_nickname": "Lancôme",
                    "_comment": "!!!!",
                    "_create_time": "2025-01-05T20:23:18",
                    "_avatar": "https://p16-common-sign-va.tiktokcdn-us.com/tos-maliva-avt-0068/9424f6caa6a8781766ccf45ddf0a0a0d~tplv-tiktokx-cropcenter:100:100.jpg?dr=9640&refresh_token=3b5db7e6&x-expires=1756285200&x-signature=e%2F9wLN2Xb5w40k7tbO%2FkvD8%2BllM%3D&t=4d5b0474&ps=13740610&shp=30310797&shcp=ff37627b&idc=useast5",
                    "_total_reply": null,
                    "_replies": []
                }
            ]
        },
        {
            "_comment_id": "7452352514303689504",
            "_username": "parinaaz467",
            "_nickname": "parinaaz",
            "_comment": "❤️❤️❤️❤️❤️",
            "_create_time": "2024-12-25T15:14:12",
            "_avatar": "https://p16-common-sign-va.tiktokcdn-us.com/tos-maliva-avt-0068/ab30a61ff7d065d20292ea8b7de49ba3~tplv-tiktokx-cropcenter:100:100.jpg?dr=9640&refresh_token=2eed2e20&x-expires=1756285200&x-signature=M3AIZO9w7KJTTiVK0HX5PBglI18%3D&t=4d5b0474&ps=13740610&shp=30310797&shcp=ff37627b&idc=useast5",
            "_total_reply": 0,
            "_replies": []
        },
        {
            "_comment_id": "7448171563240047378",
            "_username": "mirushiroma202",
            "_nickname": "Nth2001",
            "_comment": "I see it, I like it, I want it and I got it",
            "_create_time": "2024-12-14T08:49:51",
            "_avatar": "https://p19-common-sign-sg.tiktokcdn-us.com/tos-alisg-avt-0068/0b019a92b4c06be883843db228f9d4ce~tplv-tiktokx-cropcenter:100:100.jpg?dr=9640&refresh_token=f40c4072&x-expires=1756285200&x-signature=Vvnyzci0STDrSXs%2Bb92rVaBxk4M%3D&t=4d5b0474&ps=13740610&shp=30310797&shcp=ff37627b&idc=useast5",
            "_total_reply": 3,
            "_replies": [
                {
                    "_comment_id": "7448660961047200519",
                    "_username": "mirushiroma202",
                    "_nickname": "Nth2001",
                    "_comment": "Love this scent so much",
                    "_create_time": "2024-12-15T16:28:51",
                    "_avatar": "https://p16-common-sign-sg.tiktokcdn-us.com/tos-alisg-avt-0068/0b019a92b4c06be883843db228f9d4ce~tplv-tiktokx-cropcenter:100:100.jpg?dr=9640&refresh_token=eceb4a28&x-expires=1756285200&x-signature=Go2L5Ycuar9O2TD1LFr6nX4sADI%3D&t=4d5b0474&ps=13740610&shp=30310797&shcp=ff37627b&idc=useast5",
                    "_total_reply": null,
                    "_replies": []
                },
                {
                    "_comment_id": "7447969551851078433",
                    "_username": "lancome.official",
                    "_nickname": "Lancôme",
                    "_comment": "loving your vibe",
                    "_create_time": "2024-12-15T14:12:35",
                    "_avatar": "https://p16-common-sign-va.tiktokcdn-us.com/tos-maliva-avt-0068/9424f6caa6a8781766ccf45ddf0a0a0d~tplv-tiktokx-cropcenter:100:100.jpg?dr=9640&refresh_token=3b5db7e6&x-expires=1756285200&x-signature=e%2F9wLN2Xb5w40k7tbO%2FkvD8%2BllM%3D&t=4d5b0474&ps=13740610&shp=30310797&shcp=ff37627b&idc=useast5",
                    "_total_reply": null,
                    "_replies": []
                },
                {
                    "_comment_id": "7448248011039245089",
                    "_username": "lancome.official",
                    "_nickname": "Lancôme",
                    "_comment": "us too 🥰",
                    "_create_time": "2024-12-15T20:37:57",
                    "_avatar": "https://p16-common-sign-va.tiktokcdn-us.com/tos-maliva-avt-0068/9424f6caa6a8781766ccf45ddf0a0a0d~tplv-tiktokx-cropcenter:100:100.jpg?dr=9640&refresh_token=3b5db7e6&x-expires=1756285200&x-signature=e%2F9wLN2Xb5w40k7tbO%2FkvD8%2BllM%3D&t=4d5b0474&ps=13740610&shp=30310797&shcp=ff37627b&idc=useast5",
                    "_total_reply": null,
                    "_replies": []
                }
            ]
        },
        {
            "_comment_id": "7448225800065778464",
            "_username": "_sefora_m",
            "_nickname": "_sefora_m",
            "_comment": "Sample please",
            "_create_time": "2024-12-14T12:20:30",
            "_avatar": "https://p16-common-sign-useast2a.tiktokcdn-us.com/tos-useast2a-avt-0068-euttp/ee536a9e4a84cb21da9a9496b2ad9a91~tplv-tiktokx-cropcenter:100:100.jpg?dr=9640&refresh_token=09bc9979&x-expires=1756285200&x-signature=ZV8WLkVr6nQET%2F6hsQ0eYxB1LCE%3D&t=4d5b0474&ps=13740610&shp=30310797&shcp=ff37627b&idc=useast5",
            "_total_reply": 0,
            "_replies": []
        },
        {
            "_comment_id": "7448673403072725793",
            "_username": "susisanjderio",
            "_nickname": "Suset🌸/UGC/España",
            "_comment": "Necesito aura 😍",
            "_create_time": "2024-12-15T17:18:40",
            "_avatar": "https://p16-common-sign-va.tiktokcdn-us.com/tos-maliva-avt-0068/a32ed8c5aca4597e00212c3941f7f907~tplv-tiktokx-cropcenter:100:100.jpg?dr=9640&refresh_token=1e7b238b&x-expires=1756285200&x-signature=qk3b3rWYLLBGlPXXuFG4bLLM4yY%3D&t=4d5b0474&ps=13740610&shp=30310797&shcp=ff37627b&idc=useast5",
            "_total_reply": 0,
            "_replies": []
        },
        {
            "_comment_id": "7450254554078233349",
            "_username": "alyabronze",
            "_nickname": "ALYA Bronze 🤎",
            "_comment": "My favourite 🤩😍😍😍😍😍😍😍🤩🤩🤩🤩🤩",
            "_create_time": "2024-12-19T23:33:13",
            "_avatar": "https://p16-common-sign-va.tiktokcdn-us.com/tos-maliva-avt-0068/be52d3a62f2477a36900e76bd56d3476~tplv-tiktokx-cropcenter:100:100.jpg?dr=9640&refresh_token=64d728bb&x-expires=1756285200&x-signature=2VKe74J9%2BMgu5LLA8BN1Idwereg%3D&t=4d5b0474&ps=13740610&shp=30310797&shcp=ff37627b&idc=useast5",
            "_total_reply": 0,
            "_replies": []
        },
        {
            "_comment_id": "7447173219927425825",
            "_username": "arix954",
            "_nickname": "🐆",
            "_comment": "Sample",
            "_create_time": "2024-12-11T16:16:08",
            "_avatar": "https://p16-common-sign-va.tiktokcdn-us.com/tos-maliva-avt-0068/692fd3072a224af86a1b64dc30c5ffbf~tplv-tiktokx-cropcenter:100:100.jpg?dr=9640&refresh_token=d2a29694&x-expires=1756285200&x-signature=xErb7mW1LaRlGly1O%2BEzs0ES8GY%3D&t=4d5b0474&ps=13740610&shp=30310797&shcp=ff37627b&idc=useast5",
            "_total_reply": 0,
            "_replies": []
        },
        {
            "_comment_id": "7447690368177210129",
            "_username": "emirrrrrrrr.00",
            "_nickname": "emirrrrrrrr.00",
            "_comment": "😅😅😅",
            "_create_time": "2024-12-13T01:42:51",
            "_avatar": "https://p16-common-sign-sg.tiktokcdn-us.com/tos-alisg-avt-0068/3457982b5be07cf181804907aa1caac4~tplv-tiktokx-cropcenter:100:100.jpg?dr=9640&refresh_token=43983762&x-expires=1756285200&x-signature=WiyN1ktxnKRYK%2Blg10T8kRuxCDw%3D&t=4d5b0474&ps=13740610&shp=30310797&shcp=ff37627b&idc=useast5",
            "_total_reply": 0,
            "_replies": []
        },
        {
            "_comment_id": "7448295166157751056",
            "_username": "username840162",
            "_nickname": "username840162",
            "_comment": "❤️❤️❤️",
            "_create_time": "2024-12-14T16:49:32",
            "_avatar": "https://p16-common-sign-sg.tiktokcdn-us.com/tos-alisg-avt-0068/93d3a05231643d3b01a803fba23f14d7~tplv-tiktokx-cropcenter:100:100.jpg?dr=9640&refresh_token=230a5d9e&x-expires=1756285200&x-signature=UPwzaPMf%2FulMvIc79RhKpa8U2Rs%3D&t=4d5b0474&ps=13740610&shp=30310797&shcp=ff37627b&idc=useast5",
            "_total_reply": 0,
            "_replies": []
        },
        {
            "_comment_id": "7448037380352934664",
            "_username": "mirushiroma202",
            "_nickname": "Nth2001",
            "_comment": "saw it, liked it, wanted it and i got it",
            "_create_time": "2024-12-14T00:09:16",
            "_avatar": "https://p19-common-sign-sg.tiktokcdn-us.com/tos-alisg-avt-0068/0b019a92b4c06be883843db228f9d4ce~tplv-tiktokx-cropcenter:100:100.jpg?dr=9640&refresh_token=f40c4072&x-expires=1756285200&x-signature=Vvnyzci0STDrSXs%2Bb92rVaBxk4M%3D&t=4d5b0474&ps=13740610&shp=30310797&shcp=ff37627b&idc=useast5",
            "_total_reply": 0,
            "_replies": []
        },
        {
            "_comment_id": "7446902394636174112",
            "_username": "deffonotakua",
            "_nickname": "deffo.not.akua",
            "_comment": "You make wrapping look soo easy",
            "_create_time": "2024-12-10T22:44:59",
            "_avatar": "https://p16-common-sign-useast2a.tiktokcdn-us.com/tos-useast2a-avt-0068-euttp/6899e2f5146730a358d26c0e1394cba7~tplv-tiktokx-cropcenter:100:100.jpg?dr=9640&refresh_token=303aefcc&x-expires=1756285200&x-signature=jkQlImClQF2kBZNfpa3MKxiShUE%3D&t=4d5b0474&ps=13740610&shp=30310797&shcp=ff37627b&idc=useast5",
            "_total_reply": 1,
            "_replies": [
                {
                    "_comment_id": "7446693536831390496",
                    "_username": "lancome.official",
                    "_nickname": "Lancôme",
                    "_comment": "What can we say hehe 🤭🎁",
                    "_create_time": "2024-12-11T10:39:13",
                    "_avatar": "https://p19-common-sign-va.tiktokcdn-us.com/tos-maliva-avt-0068/9424f6caa6a8781766ccf45ddf0a0a0d~tplv-tiktokx-cropcenter:100:100.jpg?dr=9640&refresh_token=080a2fa3&x-expires=1756285200&x-signature=U2A4PyUauWURVkD5%2Fpw5HihWG5Y%3D&t=4d5b0474&ps=13740610&shp=30310797&shcp=ff37627b&idc=useast5",
                    "_total_reply": null,
                    "_replies": []
                }
            ]
        },
        {
            "_comment_id": "7448864411891106593",
            "_username": "annatom21",
            "_nickname": "Anna💖🐉📚",
            "_comment": "❤️",
            "_create_time": "2024-12-16T05:41:10",
            "_avatar": "https://p16-common-sign-va.tiktokcdn-us.com/tos-maliva-avt-0068/f62961ece58d8a62c5814ebcc662d1e4~tplv-tiktokx-cropcenter:100:100.jpg?dr=9640&refresh_token=7580fc6a&x-expires=1756285200&x-signature=84xap%2FTgSC3l0IK54pE%2Fg8ER8Ss%3D&t=4d5b0474&ps=13740610&shp=30310797&shcp=ff37627b&idc=useast5",
            "_total_reply": 0,
            "_replies": []
        },
        {
            "_comment_id": "7446792682792633131",
            "_username": "nidia.de.leon8",
            "_nickname": "Nidia De leon",
            "_comment": "I love this ❤️❤️❤️❤️🤩🤩",
            "_create_time": "2024-12-10T15:39:28",
            "_avatar": "https://p19-pu-sign-useast8.tiktokcdn-us.com/tos-useast5-avt-0068-tx/816b72f2ace8ce43013954f0835af521~tplv-tiktokx-cropcenter:100:100.jpg?dr=9640&refresh_token=1fd40848&x-expires=1756285200&x-signature=PNKAOEekdRNg3rX7PIFojksGOag%3D&t=4d5b0474&ps=13740610&shp=30310797&shcp=ff37627b&idc=useast5",
            "_total_reply": 1,
            "_replies": [
                {
                    "_comment_id": "7446692234357326624",
                    "_username": "lancome.official",
                    "_nickname": "Lancôme",
                    "_comment": "🤭❤️",
                    "_create_time": "2024-12-11T10:33:09",
                    "_avatar": "https://p16-common-sign-va.tiktokcdn-us.com/tos-maliva-avt-0068/9424f6caa6a8781766ccf45ddf0a0a0d~tplv-tiktokx-cropcenter:100:100.jpg?dr=9640&refresh_token=3b5db7e6&x-expires=1756285200&x-signature=e%2F9wLN2Xb5w40k7tbO%2FkvD8%2BllM%3D&t=4d5b0474&ps=13740610&shp=30310797&shcp=ff37627b&idc=useast5",
                    "_total_reply": null,
                    "_replies": []
                }
            ]
        },
        {
            "_comment_id": "7446897847343530774",
            "_username": "frostwony",
            "_nickname": "𝒩",
            "_comment": "Sample 😭🙏",
            "_create_time": "2024-12-10T22:27:24",
            "_avatar": "https://p16-common-sign-useast2a.tiktokcdn-us.com/tos-useast2a-avt-0068-euttp/d6b95e81cf452d6df57971a1bcf41bf5~tplv-tiktokx-cropcenter:100:100.jpg?dr=9640&refresh_token=a2e4a520&x-expires=1756285200&x-signature=peK5wejCFBReABcS%2BjgsjHCM8as%3D&t=4d5b0474&ps=13740610&shp=30310797&shcp=ff37627b&idc=useast5",
            "_total_reply": 0,
            "_replies": []
        },
        {
            "_comment_id": "7446895378576261920",
            "_username": "vee_1500",
            "_nickname": "Vee | UGC | Content Creator",
            "_comment": "Nicw",
            "_create_time": "2024-12-10T22:17:38",
            "_avatar": "https://p19-common-sign-useast2a.tiktokcdn-us.com/tos-useast2a-avt-0068-euttp/84547b4982e23cee02b3219039bf0a0e~tplv-tiktokx-cropcenter:100:100.jpg?dr=9640&refresh_token=d711eee1&x-expires=1756285200&x-signature=JQetPsfvzHNctMZmPP%2FtysFWwFU%3D&t=4d5b0474&ps=13740610&shp=30310797&shcp=ff37627b&idc=useast5",
            "_total_reply": 0,
            "_replies": []
        },
        {
            "_comment_id": "7472594027930485526",
            "_username": "xmillieh2005",
            "_nickname": "Millie🌸🎀✨",
            "_comment": "Need to try Lancôme perfumes xx",
            "_create_time": "2025-02-18T04:24:11",
            "_avatar": "https://p16-common-sign-useast2a.tiktokcdn-us.com/tos-useast2a-avt-0068-euttp/efa026e97a3b20bb5838f36b69107525~tplv-tiktokx-cropcenter:100:100.jpg?dr=9640&refresh_token=dabc0a4d&x-expires=1756285200&x-signature=TDC2gciJ5%2FfYFoth9fFuYjQnX%2Fk%3D&t=4d5b0474&ps=13740610&shp=30310797&shcp=ff37627b&idc=useast5",
            "_total_reply": 0,
            "_replies": []
        },
        {
            "_comment_id": "7446762087734919969",
            "_username": "ginte1990",
            "_nickname": "Gintare2004 🍓",
            "_comment": "💕💕💕💕",
            "_create_time": "2024-12-10T13:40:29",
            "_avatar": "https://p16-common-sign-useast2a.tiktokcdn-us.com/tos-useast2a-avt-0068-euttp/033f760a6798505855d5f7bc59afc238~tplv-tiktokx-cropcenter:100:100.jpg?dr=9640&refresh_token=53bc68ae&x-expires=1756285200&x-signature=P95eB%2BhRGBQJCRqCWRVYcvmJ7hM%3D&t=4d5b0474&ps=13740610&shp=30310797&shcp=ff37627b&idc=useast5",
            "_total_reply": 0,
            "_replies": []
        },
        {
            "_comment_id": "7446790996041007895",
            "_username": "jamilanfds",
            "_nickname": "jamila nfds",
            "_comment": "💝",
            "_create_time": "2024-12-10T15:32:40",
            "_avatar": "https://p19-common-sign-va.tiktokcdn-us.com/tos-maliva-avt-0068/85cf99bfaa3ec48e77be4b91f12028c2~tplv-tiktokx-cropcenter:100:100.jpg?dr=9640&refresh_token=ef257c2c&x-expires=1756285200&x-signature=CYwKQfk5x8c5dOME8NT0V5zwKl8%3D&t=4d5b0474&ps=13740610&shp=30310797&shcp=ff37627b&idc=useast5",
            "_total_reply": 0,
            "_replies": []
        },
        {
            "_comment_id": "7446968035065512747",
            "_username": "ivlogisha",
            "_nickname": "Isha Sunar",
            "_comment": "NEED😍",
            "_create_time": "2024-12-11T02:59:36",
            "_avatar": "https://p16-sign.tiktokcdn-us.com/tos-useast5-avt-0068-tx/1bf62c1521abfad08d8a1e97a14261a6~tplv-tiktokx-cropcenter:100:100.jpg?dr=9640&refresh_token=e3f94340&x-expires=1756285200&x-signature=uZE9mPJeDsXX5Kb5LGGA%2FgBWAfc%3D&t=4d5b0474&ps=13740610&shp=30310797&shcp=ff37627b&idc=useast5",
            "_total_reply": 1,
            "_replies": [
                {
                    "_comment_id": "7447646868153320224",
                    "_username": "lancome.official",
                    "_nickname": "Lancôme",
                    "_comment": "Definitely a need 😍",
                    "_create_time": "2024-12-12T22:54:00",
                    "_avatar": "https://p16-common-sign-va.tiktokcdn-us.com/tos-maliva-avt-0068/9424f6caa6a8781766ccf45ddf0a0a0d~tplv-tiktokx-cropcenter:100:100.jpg?dr=9640&refresh_token=3b5db7e6&x-expires=1756285200&x-signature=e%2F9wLN2Xb5w40k7tbO%2FkvD8%2BllM%3D&t=4d5b0474&ps=13740610&shp=30310797&shcp=ff37627b&idc=useast5",
                    "_total_reply": null,
                    "_replies": []
                }
            ]
        },
        {
            "_comment_id": "7446812219624948513",
            "_username": "pauliskaaz",
            "_nickname": "paula ❀",
            "_comment": "sample plssss",
            "_create_time": "2024-12-10T16:54:57",
            "_avatar": "https://p16-common-sign-va.tiktokcdn-us.com/tos-maliva-avt-0068/1282d8e4321cf31eaa1f762ef95a0c18~tplv-tiktokx-cropcenter:100:100.jpg?dr=9640&refresh_token=3ef22d42&x-expires=1756285200&x-signature=5DWQNodGnG1r2knLrIFmReVqLNw%3D&t=4d5b0474&ps=13740610&shp=30310797&shcp=ff37627b&idc=useast5",
            "_total_reply": 0,
            "_replies": []
        },
        {
            "_comment_id": "7447335455470961439",
            "_username": "dezireeholaday",
            "_nickname": "Aria’s journey",
            "_comment": "My go to this season!",
            "_create_time": "2024-12-12T02:45:20",
            "_avatar": "https://p16-pu-sign-useast8.tiktokcdn-us.com/tos-useast8-avt-0068-tx2/4401568a5660b477e6db03228b31bdd5~tplv-tiktokx-cropcenter:100:100.jpg?dr=9640&refresh_token=b0546f49&x-expires=1756285200&x-signature=YXHTDMxAuam2hE0ZPmRad09Zzyo%3D&t=4d5b0474&ps=13740610&shp=30310797&shcp=ff37627b&idc=useast5",
            "_total_reply": 1,
            "_replies": [
                {
                    "_comment_id": "7447646933198635809",
                    "_username": "lancome.official",
                    "_nickname": "Lancôme",
                    "_comment": "It's a staple! 💕",
                    "_create_time": "2024-12-12T22:54:16",
                    "_avatar": "https://p16-common-sign-va.tiktokcdn-us.com/tos-maliva-avt-0068/9424f6caa6a8781766ccf45ddf0a0a0d~tplv-tiktokx-cropcenter:100:100.jpg?dr=9640&refresh_token=3b5db7e6&x-expires=1756285200&x-signature=e%2F9wLN2Xb5w40k7tbO%2FkvD8%2BllM%3D&t=4d5b0474&ps=13740610&shp=30310797&shcp=ff37627b&idc=useast5",
                    "_total_reply": null,
                    "_replies": []
                }
            ]
        },
        {
            "_comment_id": "7446770349503054634",
            "_username": "its.kass17",
            "_nickname": "🙂I’m fine",
            "_comment": "Lancôme",
            "_create_time": "2024-12-10T14:12:42",
            "_avatar": "https://p19-pu-sign-useast8.tiktokcdn-us.com/tos-useast8-avt-0068-tx2/63c142f928888529cbec2f48f9f91da9~tplv-tiktokx-cropcenter:100:100.jpg?dr=9640&refresh_token=009a20a6&x-expires=1756285200&x-signature=yUYePKR7DtMnCA1hvlUczA%2FG%2BPE%3D&t=4d5b0474&ps=13740610&shp=30310797&shcp=ff37627b&idc=useast5",
            "_total_reply": 0,
            "_replies": []
        },
        {
            "_comment_id": "7446888258035778347",
            "_username": "vglovesbeauty",
            "_nickname": "Vanessa | Beauty Content 💄✨",
            "_comment": "Love the packaging ❤️✨",
            "_create_time": "2024-12-10T21:50:01",
            "_avatar": "https://p19-pu-sign-useast8.tiktokcdn-us.com/tos-useast8-avt-0068-tx2/61421dd509283006269e326f0c28cf4d~tplv-tiktokx-cropcenter:100:100.jpg?dr=9640&refresh_token=9ae783d0&x-expires=1756285200&x-signature=SEhsFjEZkTuICUbUwJmq6EpnI7w%3D&t=4d5b0474&ps=13740610&shp=30310797&shcp=ff37627b&idc=useast5",
            "_total_reply": 1,
            "_replies": [
                {
                    "_comment_id": "7446703066407322400",
                    "_username": "lancome.official",
                    "_nickname": "Lancôme",
                    "_comment": "We're equally in love ❤️",
                    "_create_time": "2024-12-11T10:34:11",
                    "_avatar": "https://p16-common-sign-va.tiktokcdn-us.com/tos-maliva-avt-0068/9424f6caa6a8781766ccf45ddf0a0a0d~tplv-tiktokx-cropcenter:100:100.jpg?dr=9640&refresh_token=3b5db7e6&x-expires=1756285200&x-signature=e%2F9wLN2Xb5w40k7tbO%2FkvD8%2BllM%3D&t=4d5b0474&ps=13740610&shp=30310797&shcp=ff37627b&idc=useast5",
                    "_total_reply": null,
                    "_replies": []
                }
            ]
        },
        {
            "_comment_id": "7454852729627935493",
            "_username": "ur.gurl..ariella",
            "_nickname": "livbedumb",
            "_comment": "💜",
            "_create_time": "2025-01-01T08:56:34",
            "_avatar": "https://p16-common-sign-va.tiktokcdn-us.com/tos-maliva-avt-0068/6f63b778bb8e7d5c4004f5dd59aad1eb~tplv-tiktokx-cropcenter:100:100.jpg?dr=9640&refresh_token=1ba0ce69&x-expires=1756285200&x-signature=%2Bfw5RdktHEbvC1Pv7LDP%2FVOtARM%3D&t=4d5b0474&ps=13740610&shp=30310797&shcp=ff37627b&idc=useast5",
            "_total_reply": 0,
            "_replies": []
        },
        {
            "_comment_id": "7446858368289293074",
            "_username": "yasemindemir8377",
            "_nickname": "Yasemin DEMİR",
            "_comment": "Bu hediye benim için mi ❤️❤️",
            "_create_time": "2024-12-10T19:53:56",
            "_avatar": "https://p16-common-sign-sg.tiktokcdn-us.com/tos-alisg-avt-0068/43d8e52f9aaa95984884601c7985d7d0~tplv-tiktokx-cropcenter:100:100.jpg?dr=9640&refresh_token=f91ac539&x-expires=1756285200&x-signature=0spWvLlzQO70F1m3VtMv8mb0j%2Bw%3D&t=4d5b0474&ps=13740610&shp=30310797&shcp=ff37627b&idc=useast5",
            "_total_reply": 0,
            "_replies": []
        },
        {
            "_comment_id": "7446983992150164270",
            "_username": "s.kayla03",
            "_nickname": "Kay🫧🦋💐🪐⚡️",
            "_comment": "This is so cute 🩷",
            "_create_time": "2024-12-11T04:01:38",
            "_avatar": "https://p16-sign.tiktokcdn-us.com/tos-useast5-avt-0068-tx/41adc30ac0b67a51e062eb3a427d1978~tplv-tiktokx-cropcenter:100:100.jpg?dr=9640&refresh_token=8dc29f47&x-expires=1756285200&x-signature=8WRX58EbvHzw4FWVYRem2nqZrlg%3D&t=4d5b0474&ps=13740610&shp=30310797&shcp=ff37627b&idc=useast5",
            "_total_reply": 0,
            "_replies": []
        },
        {
            "_comment_id": "7446848588736676641",
            "_username": "scarlettrexhaj",
            "_nickname": "𓏲𑁘Scarlett rexha𓏲੭",
            "_comment": "Sampleee",
            "_create_time": "2024-12-10T19:16:07",
            "_avatar": "https://p16-common-sign-va.tiktokcdn-us.com/tos-maliva-avt-0068/045ef0b68043cb88033f5716170af582~tplv-tiktokx-cropcenter:100:100.jpg?dr=9640&refresh_token=ed1a3ffd&x-expires=1756285200&x-signature=s5jXz8AekcRed4UNGaCJQMB2ywg%3D&t=4d5b0474&ps=13740610&shp=30310797&shcp=ff37627b&idc=useast5",
            "_total_reply": 0,
            "_replies": []
        },
        {
            "_comment_id": "7446759412797276950",
            "_username": "soyaaa199",
            "_nickname": "Fatima",
            "_comment": "Give me sommmmeeeeeee😻😻😻😻😻",
            "_create_time": "2024-12-10T13:30:23",
            "_avatar": "https://p16-common-sign-va.tiktokcdn-us.com/tos-maliva-avt-0068/d81ef179d271a707c31d2071ab3e0501~tplv-tiktokx-cropcenter:100:100.jpg?dr=9640&refresh_token=854ec4f8&x-expires=1756285200&x-signature=7cgswzDlS%2FIkegKH8CqZUV7DHE8%3D&t=4d5b0474&ps=13740610&shp=30310797&shcp=ff37627b&idc=useast5",
            "_total_reply": 0,
            "_replies": []
        },
        {
            "_comment_id": "7446918934161310470",
            "_username": "ncamilee",
            "_nickname": "Natalia Camile",
            "_comment": "Sonho",
            "_create_time": "2024-12-10T23:49:12",
            "_avatar": "https://p16-common-sign-va.tiktokcdn-us.com/tos-maliva-avt-0068/f804733bec0fd1dd39132477d273d0b8~tplv-tiktokx-cropcenter:100:100.jpg?dr=9640&refresh_token=24f4f187&x-expires=1756285200&x-signature=KCVg1y%2BSGslGbltwpGT4vB%2FOkzg%3D&t=4d5b0474&ps=13740610&shp=30310797&shcp=ff37627b&idc=useast5",
            "_total_reply": 0,
            "_replies": []
        },
        {
            "_comment_id": "7446867340756697889",
            "_username": "ldlptunaspasdetalent",
            "_nickname": "Anna",
            "_comment": "@AIDA REDRU @Lancôme 💜💜💜💜",
            "_create_time": "2024-12-10T20:28:47",
            "_avatar": "https://p16-common-sign-va.tiktokcdn-us.com/tos-maliva-avt-0068/ce85584c56ba6e98576a40d1b88e7a61~tplv-tiktokx-cropcenter:100:100.jpg?dr=9640&refresh_token=db177c30&x-expires=1756285200&x-signature=qgKWiVNjKT4Z%2Bur6Qe3KcWX5OzY%3D&t=4d5b0474&ps=13740610&shp=30310797&shcp=ff37627b&idc=useast5",
            "_total_reply": 0,
            "_replies": []
        },
        {
            "_comment_id": "7446853474707440390",
            "_username": "lepeluis10",
            "_nickname": "Luis Lepe",
            "_comment": "@Estefaníav 👈😻✨collab",
            "_create_time": "2024-12-10T19:35:11",
            "_avatar": "https://p16-common-sign-sg.tiktokcdn-us.com/tos-alisg-avt-0068/04e0f9980938952dc784823a8ad9cbae~tplv-tiktokx-cropcenter:100:100.jpg?dr=9640&refresh_token=22899ccc&x-expires=1756285200&x-signature=flPzZBeWF2Dtz2Af1GtvxtF%2FMQI%3D&t=4d5b0474&ps=13740610&shp=30310797&shcp=ff37627b&idc=useast5",
            "_total_reply": 0,
            "_replies": []
        },
        {
            "_comment_id": "7506884247644095239",
            "_username": "kanhchana996",
            "_nickname": "kanhchana@99",
            "_comment": "😳😳😳",
            "_create_time": "2025-05-21T14:05:04",
            "_avatar": "https://p16-common-sign-sg.tiktokcdn-us.com/tos-alisg-avt-0068/3ebabfde7f1d7d4fb5a76a21150c8a28~tplv-tiktokx-cropcenter:100:100.jpg?dr=9640&refresh_token=70e610b4&x-expires=1756285200&x-signature=%2B1InMbz7JNvBiksUtTJT7HiD8cw%3D&t=4d5b0474&ps=13740610&shp=30310797&shcp=ff37627b&idc=useast5",
            "_total_reply": 0,
            "_replies": []
        },
        {
            "_comment_id": "7448873919053021995",
            "_username": "altynbostonova",
            "_nickname": "Altyn | UGC creator",
            "_comment": "🤩🤩",
            "_create_time": "2024-12-16T06:15:33",
            "_avatar": "https://p16-sign.tiktokcdn-us.com/tos-useast5-avt-0068-tx/145bad9f90205d0d493143f8dc469980~tplv-tiktokx-cropcenter:100:100.jpg?dr=9640&refresh_token=391ff905&x-expires=1756285200&x-signature=t4JuYmsbHTeabCrKCieRJTgKVdo%3D&t=4d5b0474&ps=13740610&shp=30310797&shcp=ff37627b&idc=useast5",
            "_total_reply": 0,
            "_replies": []
        },
        {
            "_comment_id": "7457258174980916014",
            "_username": "catdog6759",
            "_nickname": "catdog",
            "_comment": "🥰🥰😳",
            "_create_time": "2025-01-07T20:30:43",
            "_avatar": "https://p16-common-sign-va.tiktokcdn-us.com/musically-maliva-obj/1594805258216454~tplv-tiktokx-cropcenter:100:100.jpg?dr=9640&refresh_token=1eddef81&x-expires=1756285200&x-signature=3Uod4G5YDdtM6ftq0hIfHEgbZpI%3D&t=4d5b0474&ps=13740610&shp=30310797&shcp=ff37627b&idc=useast5",
            "_total_reply": 0,
            "_replies": []
        },
        {
            "_comment_id": "7447307911707280160",
            "_username": "xpearse",
            "_nickname": "xPearse",
            "_comment": "poggers 👍",
            "_create_time": "2024-12-12T00:58:40",
            "_avatar": "https://p16-common-sign-va.tiktokcdn-us.com/tos-maliva-avt-0068/f8d008de4206e7d527eafcec081bdf82~tplv-tiktokx-cropcenter:100:100.jpg?dr=9640&refresh_token=0d2af8f5&x-expires=1756285200&x-signature=6A1lMPk%2F93ryhakYmSfBFwmttNg%3D&t=4d5b0474&ps=13740610&shp=30310797&shcp=ff37627b&idc=useast5",
            "_total_reply": 0,
            "_replies": []
        },
        {
            "_comment_id": "7446817897302852385",
            "_username": "lanaboo473",
            "_nickname": "🪬🧿Lornaboo🇬🇩473🧿🪬🇬🇧",
            "_comment": "❤️❤️❤️gift me plz",
            "_create_time": "2024-12-10T17:17:01",
            "_avatar": "https://p16-common-sign-useast2a.tiktokcdn-us.com/tos-useast2a-avt-0068-euttp/ae4a88168c551c72045c48d540cca3c8~tplv-tiktokx-cropcenter:100:100.jpg?dr=9640&refresh_token=f87c198a&x-expires=1756285200&x-signature=B8bOxRYqyZwoF1DWROkBpvrC67s%3D&t=4d5b0474&ps=13740610&shp=30310797&shcp=ff37627b&idc=useast5",
            "_total_reply": 0,
            "_replies": []
        }
    ],
    "total_comments": 46
}