{
    "original_url": "https://www.tiktok.com/@lancome.official/video/7447186726054792470",
    "video_id": "7447186726054792470",
    "description": "DIAMOND SNOW on @DANIELLE ❄️💎 Let's get messy. Illuminate your eyes with the limited edition Celestial Rose Palette. Get the Diamond Snow look with 6 shimmering high-impact shades. #MESSWITHLANCOME MUA: Danielle Marcan  Hair: Noemie Laborde Styling: Niki Pauls Nails: Yoana Tg Video: Guillaume Gabriel & Fabien Mancel + Visionneurs Production: @Say Who  LOOK DETAILS⬇️ STEP 1 - SKINCARE Génifique Ultimate Serum STEP 2 - COMPLEXION Teint Idole Ultra Wear Care & Glow Foundation Teint Idole Ultra Wear Care & Glow Serum Concealer STEP 3 - EYES Celestial Rose Eyes & Face Palette (using shades Midnight Sky, Diamond Snowflake) Lash Idôle Eyeliner in shade 01 Glossy Black Hypnôse Drama Mascara STEP 4 - LIPS L’Absolu Rouge Intimatte in shade 220 French Blush L’Absolu Rouge Gloss #Lancome #DanielleMarcan #TimeToGetMessy #Makeup #Makeuptok #Beauty #BeautyTok #DiamondSnow #HolidayLook #HolidayMakeup  #Christmastok #Christmaswishlist #Holiday #CelestialRosePalette ",
    "video_url": "https://m.tiktok.com/v/7447186726054792470.html?_d=0&comment_author_id=6772236260473291782&preview_pb=0&share_comment_id=7447289375446565663&share_item_id=7447186726054792470&sharer_language=en&source=h5_m&u_code=0",
    "tags": [
        "#MESSWITHLANCOME",
        "#Lancome",
        "#DanielleMarcan",
        "#TimeToGetMessy",
        "#Makeup",
        "#Makeuptok",
        "#Beauty",
        "#BeautyTok",
        "#DiamondSnow",
        "#HolidayLook",
        "#HolidayMakeup",
        "#Christmastok",
        "#Christmaswishlist",
        "#Holiday",
        "#CelestialRosePalette"
    ],
    "comments": [
        {
            "_comment_id": "7447289375446565663",
            "_username": "angelabell98",
            "_nickname": "Angela",
            "_comment": "PLEASE BRING BACK GRANDIOSE EXTREME MASCARA!! I haven’t been the same since",
            "_create_time": "2024-12-11T23:46:32",
            "_avatar": "https://p16-pu-sign-useast8.tiktokcdn-us.com/tos-useast8-avt-0068-tx2/4c040d436320d9ffa6c6aac912b14481~tplv-tiktokx-cropcenter:100:100.jpg?dr=9640&refresh_token=fc95b391&x-expires=1756285200&x-signature=HKk4HORHV1Fxq%2BRhYXnNQ9O1LRs%3D&t=4d5b0474&ps=13740610&shp=30310797&shcp=ff37627b&idc=useast5",
            "_total_reply": 1,
            "_replies": [
                {
                    "_comment_id": "7447567518363829014",
                    "_username": "al.lrx",
                    "_nickname": "𝓐𝓵𝓪𝓪𝓮",
                    "_comment": "OMGGG YESSSS",
                    "_create_time": "2024-12-12T17:46:12",
                    "_avatar": "https://p16-common-sign-va.tiktokcdn-us.com/tos-maliva-avt-0068/6d3e33c29dc564e010360bbc4745e23c~tplv-tiktokx-cropcenter:100:100.jpg?dr=9640&refresh_token=3467218c&x-expires=1756285200&x-signature=aM7dYLNSAQbxq51YHjo5qSTa73U%3D&t=4d5b0474&ps=13740610&shp=30310797&shcp=ff37627b&idc=useast5",
                    "_total_reply": null,
                    "_replies": []
                }
            ]
        },
        {
            "_comment_id": "7447913330495718190",
            "_username": "super_salad",
            "_nickname": "Super🥗Salad",
            "_comment": "Lancome please bring back the effacernes concealer 🤍 It is my favorite and my stock pile is almost over 😭 I haven’t found a concealer that has the same consistency and coverage without being bulky💔",
            "_create_time": "2024-12-13T16:08:14",
            "_avatar": "https://p16-common-sign-va.tiktokcdn-us.com/tos-maliva-avt-0068/7329826080792477702~tplv-tiktokx-cropcenter:100:100.jpg?dr=9640&refresh_token=f830a053&x-expires=1756285200&x-signature=sqBNHna2UgIomDrF6q7XUXnkl48%3D&t=4d5b0474&ps=13740610&shp=30310797&shcp=ff37627b&idc=useast5",
            "_total_reply": 0,
            "_replies": []
        },
        {
            "_comment_id": "7466345424472670981",
            "_username": "andjelaivanisevic",
            "_nickname": "Anhelica",
            "_comment": "🥰",
            "_create_time": "2025-02-01T08:14:22",
            "_avatar": "https://p16-common-sign-va.tiktokcdn-us.com/tos-maliva-avt-0068/7188633283752001542~tplv-tiktokx-cropcenter:100:100.jpg?dr=9640&refresh_token=b73a7883&x-expires=1756285200&x-signature=HmNFiWOCUOxFeXq2zC1bclelHDk%3D&t=4d5b0474&ps=13740610&shp=30310797&shcp=ff37627b&idc=useast5",
            "_total_reply": 0,
            "_replies": []
        },
        {
            "_comment_id": "7447294535573373729",
            "_username": "amyc3333",
            "_nickname": "amy",
            "_comment": "Love it",
            "_create_time": "2024-12-12T00:06:42",
            "_avatar": "https://p19-common-sign-useast2a.tiktokcdn-us.com/tos-useast2a-avt-0068-euttp/373c2741cc83811383913b9ee25c01d5~tplv-tiktokx-cropcenter:100:100.jpg?dr=9640&refresh_token=c8118f6d&x-expires=1756285200&x-signature=rzyBf8KS9xGjAMW%2FKLW80DxzGCM%3D&t=4d5b0474&ps=13740610&shp=30310797&shcp=ff37627b&idc=useast5",
            "_total_reply": 0,
            "_replies": []
        },
        {
            "_comment_id": "7447224861997859606",
            "_username": "mariahvidand",
            "_nickname": "Maria Hvidbjerg Andersen",
            "_comment": "Wauw✨✨✨👌 Perfection ♥️",
            "_create_time": "2024-12-11T19:36:28",
            "_avatar": "https://p16-common-sign-va.tiktokcdn-us.com/tos-maliva-avt-0068/7093178008797872134~tplv-tiktokx-cropcenter:100:100.jpg?dr=9640&refresh_token=4b09e534&x-expires=1756285200&x-signature=Pt08LVvg2T6zFaiRrVtpkzHScnI%3D&t=4d5b0474&ps=13740610&shp=30310797&shcp=ff37627b&idc=useast5",
            "_total_reply": 0,
            "_replies": []
        },
        {
            "_comment_id": "7447223875594011435",
            "_username": "nidia.de.leon8",
            "_nickname": "Nidia De leon",
            "_comment": "Wow!! How Beautiful ✨✨🤩🤩😍😍😍",
            "_create_time": "2024-12-11T19:32:35",
            "_avatar": "https://p16-pu-sign-useast8.tiktokcdn-us.com/tos-useast5-avt-0068-tx/816b72f2ace8ce43013954f0835af521~tplv-tiktokx-cropcenter:100:100.jpg?dr=9640&refresh_token=3a18c119&x-expires=1756285200&x-signature=xxiKMBjNjPSaZYOUvurib6fDsRQ%3D&t=4d5b0474&ps=13740610&shp=30310797&shcp=ff37627b&idc=useast5",
            "_total_reply": 0,
            "_replies": []
        },
        {
            "_comment_id": "7447187476836582162",
            "_username": "styleandskinbysanju",
            "_nickname": "Styleandskinbysanju",
            "_comment": "Early 💓💓",
            "_create_time": "2024-12-11T17:11:03",
            "_avatar": "https://p16-common-sign-sg.tiktokcdn-us.com/tos-alisg-avt-0068/e601e95ee70c671d5fe337761a0c9bf1~tplv-tiktokx-cropcenter:100:100.jpg?dr=9640&refresh_token=4cfeb1c0&x-expires=1756285200&x-signature=BD2vUy0VzpUwswg5hZXlqbQzi44%3D&t=4d5b0474&ps=13740610&shp=30310797&shcp=ff37627b&idc=useast5",
            "_total_reply": 0,
            "_replies": []
        },
        {
            "_comment_id": "7466345445100356357",
            "_username": "andjelaivanisevic",
            "_nickname": "Anhelica",
            "_comment": "🥰",
            "_create_time": "2025-02-01T08:14:33",
            "_avatar": "https://p16-common-sign-va.tiktokcdn-us.com/tos-maliva-avt-0068/7188633283752001542~tplv-tiktokx-cropcenter:100:100.jpg?dr=9640&refresh_token=b73a7883&x-expires=1756285200&x-signature=HmNFiWOCUOxFeXq2zC1bclelHDk%3D&t=4d5b0474&ps=13740610&shp=30310797&shcp=ff37627b&idc=useast5",
            "_total_reply": 0,
            "_replies": []
        },
        {
            "_comment_id": "7466345357091406598",
            "_username": "andjelaivanisevic",
            "_nickname": "Anhelica",
            "_comment": "🥰",
            "_create_time": "2025-02-01T08:14:12",
            "_avatar": "https://p16-common-sign-va.tiktokcdn-us.com/tos-maliva-avt-0068/7188633283752001542~tplv-tiktokx-cropcenter:100:100.jpg?dr=9640&refresh_token=b73a7883&x-expires=1756285200&x-signature=HmNFiWOCUOxFeXq2zC1bclelHDk%3D&t=4d5b0474&ps=13740610&shp=30310797&shcp=ff37627b&idc=useast5",
            "_total_reply": 0,
            "_replies": []
        },
        {
            "_comment_id": "7466345344906937093",
            "_username": "andjelaivanisevic",
            "_nickname": "Anhelica",
            "_comment": "🥰",
            "_create_time": "2025-02-01T08:14:09",
            "_avatar": "https://p16-common-sign-va.tiktokcdn-us.com/tos-maliva-avt-0068/7188633283752001542~tplv-tiktokx-cropcenter:100:100.jpg?dr=9640&refresh_token=b73a7883&x-expires=1756285200&x-signature=HmNFiWOCUOxFeXq2zC1bclelHDk%3D&t=4d5b0474&ps=13740610&shp=30310797&shcp=ff37627b&idc=useast5",
            "_total_reply": 0,
            "_replies": []
        },
        {
            "_comment_id": "7466345414933988101",
            "_username": "andjelaivanisevic",
            "_nickname": "Anhelica",
            "_comment": "🥰",
            "_create_time": "2025-02-01T08:13:59",
            "_avatar": "https://p16-common-sign-va.tiktokcdn-us.com/tos-maliva-avt-0068/7188633283752001542~tplv-tiktokx-cropcenter:100:100.jpg?dr=9640&refresh_token=b73a7883&x-expires=1756285200&x-signature=HmNFiWOCUOxFeXq2zC1bclelHDk%3D&t=4d5b0474&ps=13740610&shp=30310797&shcp=ff37627b&idc=useast5",
            "_total_reply": 0,
            "_replies": []
        },
        {
            "_comment_id": "7466345453245006598",
            "_username": "andjelaivanisevic",
            "_nickname": "Anhelica",
            "_comment": "🥰",
            "_create_time": "2025-02-01T08:14:16",
            "_avatar": "https://p16-common-sign-va.tiktokcdn-us.com/tos-maliva-avt-0068/7188633283752001542~tplv-tiktokx-cropcenter:100:100.jpg?dr=9640&refresh_token=b73a7883&x-expires=1756285200&x-signature=HmNFiWOCUOxFeXq2zC1bclelHDk%3D&t=4d5b0474&ps=13740610&shp=30310797&shcp=ff37627b&idc=useast5",
            "_total_reply": 0,
            "_replies": []
        },
        {
            "_comment_id": "7466345495981081350",
            "_username": "andjelaivanisevic",
            "_nickname": "Anhelica",
            "_comment": "😁",
            "_create_time": "2025-02-01T08:14:34",
            "_avatar": "https://p16-common-sign-va.tiktokcdn-us.com/tos-maliva-avt-0068/7188633283752001542~tplv-tiktokx-cropcenter:100:100.jpg?dr=9640&refresh_token=b73a7883&x-expires=1756285200&x-signature=HmNFiWOCUOxFeXq2zC1bclelHDk%3D&t=4d5b0474&ps=13740610&shp=30310797&shcp=ff37627b&idc=useast5",
            "_total_reply": 0,
            "_replies": []
        },
        {
            "_comment_id": "7466345490054103814",
            "_username": "andjelaivanisevic",
            "_nickname": "Anhelica",
            "_comment": "😁",
            "_create_time": "2025-02-01T08:14:20",
            "_avatar": "https://p16-common-sign-va.tiktokcdn-us.com/tos-maliva-avt-0068/7188633283752001542~tplv-tiktokx-cropcenter:100:100.jpg?dr=9640&refresh_token=b73a7883&x-expires=1756285200&x-signature=HmNFiWOCUOxFeXq2zC1bclelHDk%3D&t=4d5b0474&ps=13740610&shp=30310797&shcp=ff37627b&idc=useast5",
            "_total_reply": 0,
            "_replies": []
        },
        {
            "_comment_id": "7466345470810407686",
            "_username": "andjelaivanisevic",
            "_nickname": "Anhelica",
            "_comment": "😁",
            "_create_time": "2025-02-01T08:14:13",
            "_avatar": "https://p16-common-sign-va.tiktokcdn-us.com/tos-maliva-avt-0068/7188633283752001542~tplv-tiktokx-cropcenter:100:100.jpg?dr=9640&refresh_token=b73a7883&x-expires=1756285200&x-signature=HmNFiWOCUOxFeXq2zC1bclelHDk%3D&t=4d5b0474&ps=13740610&shp=30310797&shcp=ff37627b&idc=useast5",
            "_total_reply": 0,
            "_replies": []
        },
        {
            "_comment_id": "7466345463223124742",
            "_username": "andjelaivanisevic",
            "_nickname": "Anhelica",
            "_comment": "😁",
            "_create_time": "2025-02-01T08:14:16",
            "_avatar": "https://p16-common-sign-va.tiktokcdn-us.com/tos-maliva-avt-0068/7188633283752001542~tplv-tiktokx-cropcenter:100:100.jpg?dr=9640&refresh_token=b73a7883&x-expires=1756285200&x-signature=HmNFiWOCUOxFeXq2zC1bclelHDk%3D&t=4d5b0474&ps=13740610&shp=30310797&shcp=ff37627b&idc=useast5",
            "_total_reply": 0,
            "_replies": []
        },
        {
            "_comment_id": "7466345368222810885",
            "_username": "andjelaivanisevic",
            "_nickname": "Anhelica",
            "_comment": "😁",
            "_create_time": "2025-02-01T08:14:09",
            "_avatar": "https://p16-common-sign-va.tiktokcdn-us.com/tos-maliva-avt-0068/7188633283752001542~tplv-tiktokx-cropcenter:100:100.jpg?dr=9640&refresh_token=b73a7883&x-expires=1756285200&x-signature=HmNFiWOCUOxFeXq2zC1bclelHDk%3D&t=4d5b0474&ps=13740610&shp=30310797&shcp=ff37627b&idc=useast5",
            "_total_reply": 0,
            "_replies": []
        },
        {
            "_comment_id": "7466345386157163270",
            "_username": "andjelaivanisevic",
            "_nickname": "Anhelica",
            "_comment": "😁",
            "_create_time": "2025-02-01T08:14:06",
            "_avatar": "https://p16-common-sign-va.tiktokcdn-us.com/tos-maliva-avt-0068/7188633283752001542~tplv-tiktokx-cropcenter:100:100.jpg?dr=9640&refresh_token=b73a7883&x-expires=1756285200&x-signature=HmNFiWOCUOxFeXq2zC1bclelHDk%3D&t=4d5b0474&ps=13740610&shp=30310797&shcp=ff37627b&idc=useast5",
            "_total_reply": 0,
            "_replies": []
        },
        {
            "_comment_id": "7466345380105782022",
            "_username": "andjelaivanisevic",
            "_nickname": "Anhelica",
            "_comment": "😁",
            "_create_time": "2025-02-01T08:14:23",
            "_avatar": "https://p16-common-sign-va.tiktokcdn-us.com/tos-maliva-avt-0068/7188633283752001542~tplv-tiktokx-cropcenter:100:100.jpg?dr=9640&refresh_token=b73a7883&x-expires=1756285200&x-signature=HmNFiWOCUOxFeXq2zC1bclelHDk%3D&t=4d5b0474&ps=13740610&shp=30310797&shcp=ff37627b&idc=useast5",
            "_total_reply": 0,
            "_replies": []
        },
        {
            "_comment_id": "7466345330817778438",
            "_username": "andjelaivanisevic",
            "_nickname": "Anhelica",
            "_comment": "😁",
            "_create_time": "2025-02-01T08:13:57",
            "_avatar": "https://p16-common-sign-va.tiktokcdn-us.com/tos-maliva-avt-0068/7188633283752001542~tplv-tiktokx-cropcenter:100:100.jpg?dr=9640&refresh_token=b73a7883&x-expires=1756285200&x-signature=HmNFiWOCUOxFeXq2zC1bclelHDk%3D&t=4d5b0474&ps=13740610&shp=30310797&shcp=ff37627b&idc=useast5",
            "_total_reply": 0,
            "_replies": []
        },
        {
            "_comment_id": "7466345414742295302",
            "_username": "andjelaivanisevic",
            "_nickname": "Anhelica",
            "_comment": "😁",
            "_create_time": "2025-02-01T08:14:29",
            "_avatar": "https://p16-common-sign-va.tiktokcdn-us.com/tos-maliva-avt-0068/7188633283752001542~tplv-tiktokx-cropcenter:100:100.jpg?dr=9640&refresh_token=b73a7883&x-expires=1756285200&x-signature=HmNFiWOCUOxFeXq2zC1bclelHDk%3D&t=4d5b0474&ps=13740610&shp=30310797&shcp=ff37627b&idc=useast5",
            "_total_reply": 0,
            "_replies": []
        },
        {
            "_comment_id": "7466345333099873030",
            "_username": "andjelaivanisevic",
            "_nickname": "Anhelica",
            "_comment": "🥰",
            "_create_time": "2025-02-01T08:14:05",
            "_avatar": "https://p16-common-sign-va.tiktokcdn-us.com/tos-maliva-avt-0068/7188633283752001542~tplv-tiktokx-cropcenter:100:100.jpg?dr=9640&refresh_token=b73a7883&x-expires=1756285200&x-signature=HmNFiWOCUOxFeXq2zC1bclelHDk%3D&t=4d5b0474&ps=13740610&shp=30310797&shcp=ff37627b&idc=useast5",
            "_total_reply": 0,
            "_replies": []
        },
        {
            "_comment_id": "7466345444554457862",
            "_username": "andjelaivanisevic",
            "_nickname": "Anhelica",
            "_comment": "🥰",
            "_create_time": "2025-02-01T08:14:19",
            "_avatar": "https://p16-common-sign-va.tiktokcdn-us.com/tos-maliva-avt-0068/7188633283752001542~tplv-tiktokx-cropcenter:100:100.jpg?dr=9640&refresh_token=b73a7883&x-expires=1756285200&x-signature=HmNFiWOCUOxFeXq2zC1bclelHDk%3D&t=4d5b0474&ps=13740610&shp=30310797&shcp=ff37627b&idc=useast5",
            "_total_reply": 0,
            "_replies": []
        },
        {
            "_comment_id": "7449270160034366225",
            "_username": "user1958147703742",
            "_nickname": "dalbilah234",
            "_comment": "😁",
            "_create_time": "2024-12-17T07:52:53",
            "_avatar": "https://p16-common-sign-useast2a.tiktokcdn-us.com/tos-useast2a-avt-0068-giso/2b9e4acd9a945e35084231b928cd2bdb~tplv-tiktokx-cropcenter:100:100.jpg?dr=9640&refresh_token=881b3f6c&x-expires=1756285200&x-signature=fGX3Wwup4ROOTyGW%2FLiUow6OcUY%3D&t=4d5b0474&ps=13740610&shp=30310797&shcp=ff37627b&idc=useast5",
            "_total_reply": 0,
            "_replies": []
        },
        {
            "_comment_id": "7447726524633662239",
            "_username": "keirycr19",
            "_nickname": "Keiry CR",
            "_comment": "I need samples 🤧",
            "_create_time": "2024-12-13T04:02:51",
            "_avatar": "https://p19-pu-sign-useast8.tiktokcdn-us.com/tos-useast8-avt-0068-tx2/c711e5645a2d88cf99a138e990b86070~tplv-tiktokx-cropcenter:100:100.jpg?dr=9640&refresh_token=8b21ab9f&x-expires=1756285200&x-signature=nwAMq5jdWACf%2FlGn3X%2BBedTHuyg%3D&t=4d5b0474&ps=13740610&shp=30310797&shcp=ff37627b&idc=useast5",
            "_total_reply": 0,
            "_replies": []
        },
        {
            "_comment_id": "7466345301516976902",
            "_username": "andjelaivanisevic",
            "_nickname": "Anhelica",
            "_comment": "🥰",
            "_create_time": "2025-02-01T08:13:55",
            "_avatar": "https://p16-common-sign-va.tiktokcdn-us.com/tos-maliva-avt-0068/7188633283752001542~tplv-tiktokx-cropcenter:100:100.jpg?dr=9640&refresh_token=b73a7883&x-expires=1756285200&x-signature=HmNFiWOCUOxFeXq2zC1bclelHDk%3D&t=4d5b0474&ps=13740610&shp=30310797&shcp=ff37627b&idc=useast5",
            "_total_reply": 0,
            "_replies": []
        },
        {
            "_comment_id": "7466345376845677318",
            "_username": "andjelaivanisevic",
            "_nickname": "Anhelica",
            "_comment": "😁",
            "_create_time": "2025-02-01T08:14:00",
            "_avatar": "https://p16-common-sign-va.tiktokcdn-us.com/tos-maliva-avt-0068/7188633283752001542~tplv-tiktokx-cropcenter:100:100.jpg?dr=9640&refresh_token=b73a7883&x-expires=1756285200&x-signature=HmNFiWOCUOxFeXq2zC1bclelHDk%3D&t=4d5b0474&ps=13740610&shp=30310797&shcp=ff37627b&idc=useast5",
            "_total_reply": 0,
            "_replies": []
        },
        {
            "_comment_id": "7447240504187618053",
            "_username": "zavisiicelenaa",
            "_nickname": "Elena🩷",
            "_comment": "GORGEOUSSSSS!!!!💕💕😍",
            "_create_time": "2024-12-11T20:36:52",
            "_avatar": "https://p16-common-sign-va.tiktokcdn-us.com/tos-maliva-avt-0068/1b1d7054a947138ee56a2e0ed1543c8e~tplv-tiktokx-cropcenter:100:100.jpg?dr=9640&refresh_token=e0a64f5d&x-expires=1756285200&x-signature=tP35rFoGK4OALo39vkZoV%2FwUtO8%3D&t=4d5b0474&ps=13740610&shp=30310797&shcp=ff37627b&idc=useast5",
            "_total_reply": 0,
            "_replies": []
        },
        {
            "_comment_id": "7447266332573565718",
            "_username": "matmat09090",
            "_nickname": "Mathilde",
            "_comment": "💖💖",
            "_create_time": "2024-12-11T22:17:18",
            "_avatar": "https://p16-common-sign-va.tiktokcdn-us.com/musically-maliva-obj/1594805258216454~tplv-tiktokx-cropcenter:100:100.jpg?dr=9640&refresh_token=1eddef81&x-expires=1756285200&x-signature=3Uod4G5YDdtM6ftq0hIfHEgbZpI%3D&t=4d5b0474&ps=13740610&shp=30310797&shcp=ff37627b&idc=useast5",
            "_total_reply": 0,
            "_replies": []
        },
        {
            "_comment_id": "7451512703368381192",
            "_username": "thetorturedqueen",
            "_nickname": "TORTUREDSWIFIEQUEEN",
            "_comment": "Lancôme is soo greatt",
            "_create_time": "2024-12-23T08:55:10",
            "_avatar": "https://p16-common-sign-sg.tiktokcdn-us.com/tos-alisg-avt-0068/ba8ec6763d19ea69cebd13faea22f514~tplv-tiktokx-cropcenter:100:100.jpg?dr=9640&refresh_token=647a1d98&x-expires=1756285200&x-signature=llP65e4U8WokRLSuf0XK8epaAlI%3D&t=4d5b0474&ps=13740610&shp=30310797&shcp=ff37627b&idc=useast5",
            "_total_reply": 0,
            "_replies": []
        },
        {
            "_comment_id": "7447190127171175174",
            "_username": "whos_arisahi90",
            "_nickname": "✨I'M ARISAHI✨",
            "_comment": "hello",
            "_create_time": "2024-12-11T17:21:36",
            "_avatar": "https://p16-common-sign-va.tiktokcdn-us.com/tos-maliva-avt-0068/2c0037285886eb1825490510ff2176fd~tplv-tiktokx-cropcenter:100:100.jpg?dr=9640&refresh_token=e42dcbbd&x-expires=1756285200&x-signature=yA0FuAFKWqambBcAMcMq2YTQomM%3D&t=4d5b0474&ps=13740610&shp=30310797&shcp=ff37627b&idc=useast5",
            "_total_reply": 0,
            "_replies": []
        },
        {
            "_comment_id": "7481760165681922838",
            "_username": "madrepolux",
            "_nickname": "BOMBITA",
            "_comment": "Bellísima!!🤗💜💜💜💜",
            "_create_time": "2025-03-14T20:10:51",
            "_avatar": "https://p16-common-sign-useast2a.tiktokcdn-us.com/tos-useast2a-avt-0068-euttp/4916ebec0a7fbbf4adc23fddf0036ff3~tplv-tiktokx-cropcenter:100:100.jpg?dr=9640&refresh_token=8f281009&x-expires=1756285200&x-signature=2Ppmz0RGKWP7%2FxL%2FwrC5ULa%2BcwU%3D&t=4d5b0474&ps=13740610&shp=30310797&shcp=ff37627b&idc=useast5",
            "_total_reply": 0,
            "_replies": []
        },
        {
            "_comment_id": "7447190179305702166",
            "_username": "monicaaroslyn",
            "_nickname": "MONICA ROSLYN",
            "_comment": "I love @Lancôme too much!! 💜",
            "_create_time": "2024-12-11T17:21:51",
            "_avatar": "https://p16-common-sign-va.tiktokcdn-us.com/tos-maliva-avt-0068/93c452147a9a53cb7675414b5fdcc1a9~tplv-tiktokx-cropcenter:100:100.jpg?dr=9640&refresh_token=5f7bb048&x-expires=1756285200&x-signature=CMwKkHIEH8LddaPCoNk8Z0N7PNU%3D&t=4d5b0474&ps=13740610&shp=30310797&shcp=ff37627b&idc=useast5",
            "_total_reply": 0,
            "_replies": []
        },
        {
            "_comment_id": "7447266348961219361",
            "_username": "ldlptunaspasdetalent",
            "_nickname": "Anna",
            "_comment": "@AIDA REDRU @Lancôme 💜",
            "_create_time": "2024-12-11T22:17:08",
            "_avatar": "https://p16-common-sign-va.tiktokcdn-us.com/tos-maliva-avt-0068/ce85584c56ba6e98576a40d1b88e7a61~tplv-tiktokx-cropcenter:100:100.jpg?dr=9640&refresh_token=db177c30&x-expires=1756285200&x-signature=qgKWiVNjKT4Z%2Bur6Qe3KcWX5OzY%3D&t=4d5b0474&ps=13740610&shp=30310797&shcp=ff37627b&idc=useast5",
            "_total_reply": 0,
            "_replies": []
        },
        {
            "_comment_id": "7447233059315876614",
            "_username": "velastef7",
            "_nickname": "VelaStef",
            "_comment": "Cannot get enough of this look and the palette😍😍💙 @Lancôme @DANIELLE",
            "_create_time": "2024-12-11T20:08:04",
            "_avatar": "https://p16-common-sign-sg.tiktokcdn-us.com/tos-alisg-avt-0068/e95a977bd525bf078a39f384f629ca28~tplv-tiktokx-cropcenter:100:100.jpg?dr=9640&refresh_token=555265d8&x-expires=1756285200&x-signature=hbUvcdoirecgkY1OIJ3yMxPbRB4%3D&t=4d5b0474&ps=13740610&shp=30310797&shcp=ff37627b&idc=useast5",
            "_total_reply": 1,
            "_replies": [
                {
                    "_comment_id": "7447441411618128672",
                    "_username": "lancome.official",
                    "_nickname": "Lancôme",
                    "_comment": "We're sooo obsessed too! ❤️🤭",
                    "_create_time": "2024-12-13T12:18:13",
                    "_avatar": "https://p16-common-sign-va.tiktokcdn-us.com/tos-maliva-avt-0068/9424f6caa6a8781766ccf45ddf0a0a0d~tplv-tiktokx-cropcenter:100:100.jpg?dr=9640&refresh_token=3b5db7e6&x-expires=1756285200&x-signature=e%2F9wLN2Xb5w40k7tbO%2FkvD8%2BllM%3D&t=4d5b0474&ps=13740610&shp=30310797&shcp=ff37627b&idc=useast5",
                    "_total_reply": null,
                    "_replies": []
                }
            ]
        },
        {
            "_comment_id": "7448873898172924718",
            "_username": "altynbostonova",
            "_nickname": "Altyn | UGC creator",
            "_comment": "🤩🤩🤩",
            "_create_time": "2024-12-16T06:15:26",
            "_avatar": "https://p16-sign.tiktokcdn-us.com/tos-useast5-avt-0068-tx/145bad9f90205d0d493143f8dc469980~tplv-tiktokx-cropcenter:100:100.jpg?dr=9640&refresh_token=391ff905&x-expires=1756285200&x-signature=t4JuYmsbHTeabCrKCieRJTgKVdo%3D&t=4d5b0474&ps=13740610&shp=30310797&shcp=ff37627b&idc=useast5",
            "_total_reply": 0,
            "_replies": []
        },
        {
            "_comment_id": "7447230849794736942",
            "_username": "anh.quoc143",
            "_nickname": "Anh Quoc",
            "_comment": "🥰🥰🥰",
            "_create_time": "2024-12-11T19:59:33",
            "_avatar": "https://p16-pu-sign-useast8.tiktokcdn-us.com/tos-useast5-avt-0068-tx/72d265e7eb19fa44f2848172eab1232f~tplv-tiktokx-cropcenter:100:100.jpg?dr=9640&refresh_token=118fb3b0&x-expires=1756285200&x-signature=fbaVvCaqB9SLbYQfHXW12G4dGnQ%3D&t=4d5b0474&ps=13740610&shp=30310797&shcp=ff37627b&idc=useast5",
            "_total_reply": 0,
            "_replies": []
        },
        {
            "_comment_id": "7448010070468051755",
            "_username": "demuremindfil3456",
            "_nickname": "demuremindfil3456",
            "_comment": "AAAAAAAAAAAAAAA A A A A A A A A A A A Y Y Y A A A A A OH OH NO OH NO AH AH I'M SCARED YOU SCARY AH I LOVE YOOOOOOIIÍI",
            "_create_time": "2024-12-13T22:23:13",
            "_avatar": "https://p19-sign.tiktokcdn-us.com/tos-useast5-avt-0068-tx/fcf8669f39054ada3289860fbe9df43a~tplv-tiktokx-cropcenter:100:100.jpg?dr=9640&refresh_token=26053744&x-expires=1756285200&x-signature=W26VWHHYon02b40Vd1yORRQl5d8%3D&t=4d5b0474&ps=13740610&shp=30310797&shcp=ff37627b&idc=useast5",
            "_total_reply": 0,
            "_replies": []
        },
        {
            "_comment_id": "7447393286430606085",
            "_username": "faran_duleros",
            "_nickname": "Faran_duler@s",
            "_comment": "Hola! Estamos interesados en colaborar con su Marca. Dejo MP 🙌",
            "_create_time": "2024-12-12T06:30:07",
            "_avatar": "https://p16-common-sign-va.tiktokcdn-us.com/tos-maliva-avt-0068/da36cbc5317b962222d039bddbeb1bc8~tplv-tiktokx-cropcenter:100:100.jpg?dr=9640&refresh_token=863ac4ca&x-expires=1756285200&x-signature=ti6%2F%2FnQDopYazB7XXD2b4wNZxSM%3D&t=4d5b0474&ps=13740610&shp=30310797&shcp=ff37627b&idc=useast5",
            "_total_reply": 0,
            "_replies": []
        },
        {
            "_comment_id": "7466345524350862086",
            "_username": "andjelaivanisevic",
            "_nickname": "Anhelica",
            "_comment": "😂",
            "_create_time": "2025-02-01T08:14:32",
            "_avatar": "https://p16-common-sign-va.tiktokcdn-us.com/tos-maliva-avt-0068/7188633283752001542~tplv-tiktokx-cropcenter:100:100.jpg?dr=9640&refresh_token=b73a7883&x-expires=1756285200&x-signature=HmNFiWOCUOxFeXq2zC1bclelHDk%3D&t=4d5b0474&ps=13740610&shp=30310797&shcp=ff37627b&idc=useast5",
            "_total_reply": 0,
            "_replies": []
        },
        {
            "_comment_id": "7466345398338552582",
            "_username": "andjelaivanisevic",
            "_nickname": "Anhelica",
            "_comment": "😂",
            "_create_time": "2025-02-01T08:14:28",
            "_avatar": "https://p16-common-sign-va.tiktokcdn-us.com/tos-maliva-avt-0068/7188633283752001542~tplv-tiktokx-cropcenter:100:100.jpg?dr=9640&refresh_token=b73a7883&x-expires=1756285200&x-signature=HmNFiWOCUOxFeXq2zC1bclelHDk%3D&t=4d5b0474&ps=13740610&shp=30310797&shcp=ff37627b&idc=useast5",
            "_total_reply": 0,
            "_replies": []
        },
        {
            "_comment_id": "7466345294206108422",
            "_username": "andjelaivanisevic",
            "_nickname": "Anhelica",
            "_comment": "😂",
            "_create_time": "2025-02-01T08:13:54",
            "_avatar": "https://p16-common-sign-va.tiktokcdn-us.com/tos-maliva-avt-0068/7188633283752001542~tplv-tiktokx-cropcenter:100:100.jpg?dr=9640&refresh_token=b73a7883&x-expires=1756285200&x-signature=HmNFiWOCUOxFeXq2zC1bclelHDk%3D&t=4d5b0474&ps=13740610&shp=30310797&shcp=ff37627b&idc=useast5",
            "_total_reply": 0,
            "_replies": []
        },
        {
            "_comment_id": "7466345432303174406",
            "_username": "andjelaivanisevic",
            "_nickname": "Anhelica",
            "_comment": "😂",
            "_create_time": "2025-02-01T08:14:12",
            "_avatar": "https://p16-common-sign-va.tiktokcdn-us.com/tos-maliva-avt-0068/7188633283752001542~tplv-tiktokx-cropcenter:100:100.jpg?dr=9640&refresh_token=b73a7883&x-expires=1756285200&x-signature=HmNFiWOCUOxFeXq2zC1bclelHDk%3D&t=4d5b0474&ps=13740610&shp=30310797&shcp=ff37627b&idc=useast5",
            "_total_reply": 0,
            "_replies": []
        },
        {
            "_comment_id": "7466345465408504581",
            "_username": "andjelaivanisevic",
            "_nickname": "Anhelica",
            "_comment": "😂",
            "_create_time": "2025-02-01T08:14:22",
            "_avatar": "https://p16-common-sign-va.tiktokcdn-us.com/tos-maliva-avt-0068/7188633283752001542~tplv-tiktokx-cropcenter:100:100.jpg?dr=9640&refresh_token=b73a7883&x-expires=1756285200&x-signature=HmNFiWOCUOxFeXq2zC1bclelHDk%3D&t=4d5b0474&ps=13740610&shp=30310797&shcp=ff37627b&idc=useast5",
            "_total_reply": 0,
            "_replies": []
        },
        {
            "_comment_id": "7466345362670240517",
            "_username": "andjelaivanisevic",
            "_nickname": "Anhelica",
            "_comment": "😂",
            "_create_time": "2025-02-01T08:14:08",
            "_avatar": "https://p16-common-sign-va.tiktokcdn-us.com/tos-maliva-avt-0068/7188633283752001542~tplv-tiktokx-cropcenter:100:100.jpg?dr=9640&refresh_token=b73a7883&x-expires=1756285200&x-signature=HmNFiWOCUOxFeXq2zC1bclelHDk%3D&t=4d5b0474&ps=13740610&shp=30310797&shcp=ff37627b&idc=useast5",
            "_total_reply": 0,
            "_replies": []
        },
        {
            "_comment_id": "7466345429140275973",
            "_username": "andjelaivanisevic",
            "_nickname": "Anhelica",
            "_comment": "😂",
            "_create_time": "2025-02-01T08:14:15",
            "_avatar": "https://p16-common-sign-va.tiktokcdn-us.com/tos-maliva-avt-0068/7188633283752001542~tplv-tiktokx-cropcenter:100:100.jpg?dr=9640&refresh_token=b73a7883&x-expires=1756285200&x-signature=HmNFiWOCUOxFeXq2zC1bclelHDk%3D&t=4d5b0474&ps=13740610&shp=30310797&shcp=ff37627b&idc=useast5",
            "_total_reply": 0,
            "_replies": []
        },
        {
            "_comment_id": "7466345277311927046",
            "_username": "andjelaivanisevic",
            "_nickname": "Anhelica",
            "_comment": "😂",
            "_create_time": "2025-02-01T08:14:04",
            "_avatar": "https://p16-common-sign-va.tiktokcdn-us.com/tos-maliva-avt-0068/7188633283752001542~tplv-tiktokx-cropcenter:100:100.jpg?dr=9640&refresh_token=b73a7883&x-expires=1756285200&x-signature=HmNFiWOCUOxFeXq2zC1bclelHDk%3D&t=4d5b0474&ps=13740610&shp=30310797&shcp=ff37627b&idc=useast5",
            "_total_reply": 0,
            "_replies": []
        },
        {
            "_comment_id": "7466345418655089413",
            "_username": "andjelaivanisevic",
            "_nickname": "Anhelica",
            "_comment": "😂",
            "_create_time": "2025-02-01T08:14:18",
            "_avatar": "https://p16-common-sign-va.tiktokcdn-us.com/tos-maliva-avt-0068/7188633283752001542~tplv-tiktokx-cropcenter:100:100.jpg?dr=9640&refresh_token=b73a7883&x-expires=1756285200&x-signature=HmNFiWOCUOxFeXq2zC1bclelHDk%3D&t=4d5b0474&ps=13740610&shp=30310797&shcp=ff37627b&idc=useast5",
            "_total_reply": 0,
            "_replies": []
        },
        {
            "_comment_id": "7466345362279039750",
            "_username": "andjelaivanisevic",
            "_nickname": "Anhelica",
            "_comment": "😂",
            "_create_time": "2025-02-01T08:13:59",
            "_avatar": "https://p16-common-sign-va.tiktokcdn-us.com/tos-maliva-avt-0068/7188633283752001542~tplv-tiktokx-cropcenter:100:100.jpg?dr=9640&refresh_token=b73a7883&x-expires=1756285200&x-signature=HmNFiWOCUOxFeXq2zC1bclelHDk%3D&t=4d5b0474&ps=13740610&shp=30310797&shcp=ff37627b&idc=useast5",
            "_total_reply": 0,
            "_replies": []
        }
    ],
    "total_comments": 49
}