{
    "original_url": "https://www.tiktok.com/@lancome.official/video/7447959371885120790",
    "video_id": "7447959371885120790",
    "description": "The trendy accessory of the moment is right here! 🗝️ #Lancome #Juicy #JuicyTubes #BeautyTok #Makeuptok #Lipsticktok #Gloss #Lipstick #wishlist #Satisfying #Lipgloss #holidayshopping ",
    "video_url": "https://m.tiktok.com/v/7447959371885120790.html?_d=0&comment_author_id=6707433102833468422&preview_pb=0&share_comment_id=7448200137581282090&share_item_id=7447959371885120790&sharer_language=en&source=h5_m&u_code=0",
    "tags": [
        "#Lancome",
        "#Juicy",
        "#JuicyTubes",
        "#BeautyTok",
        "#Makeuptok",
        "#Lipsticktok",
        "#Gloss",
        "#Lipstick",
        "#wishlist",
        "#Satisfying",
        "#Lipgloss",
        "#holidayshopping"
    ],
    "comments": [
        {
            "_comment_id": "7448200137581282090",
            "_username": "its.dokkaebi",
            "_nickname": "𝒅𝒐𝒌𝒌𝒂𝒆𝒃𝒊 ✦",
            "_comment": "omg maybe I should make custom charms for mine",
            "_create_time": "2024-12-14T10:42:29",
            "_avatar": "https://p16-pu-sign-useast8.tiktokcdn-us.com/tos-useast5-avt-0068-tx/fae1a26b9dfe936688ff2ef3d94f9c9b~tplv-tiktokx-cropcenter:100:100.jpg?dr=9640&refresh_token=f990984c&x-expires=1756285200&x-signature=3Cs4Lr7vc91k61dM2xvtF5vyysQ%3D&t=4d5b0474&ps=13740610&shp=30310797&shcp=ff37627b&idc=useast5",
            "_total_reply": 1,
            "_replies": [
                {
                    "_comment_id": "7447892929198375712",
                    "_username": "lancome.official",
                    "_nickname": "Lancôme",
                    "_comment": "YESSS",
                    "_create_time": "2024-12-15T14:14:26",
                    "_avatar": "https://p16-common-sign-va.tiktokcdn-us.com/tos-maliva-avt-0068/9424f6caa6a8781766ccf45ddf0a0a0d~tplv-tiktokx-cropcenter:100:100.jpg?dr=9640&refresh_token=3b5db7e6&x-expires=1756285200&x-signature=e%2F9wLN2Xb5w40k7tbO%2FkvD8%2BllM%3D&t=4d5b0474&ps=13740610&shp=30310797&shcp=ff37627b&idc=useast5",
                    "_total_reply": null,
                    "_replies": []
                }
            ]
        },
        {
            "_comment_id": "7448739774518657835",
            "_username": "sammy.amethyst",
            "_nickname": "Sam",
            "_comment": "I can't even explain the happiness I have that these are back. A line with plumping formula would be teaaaa!!😍😍😍",
            "_create_time": "2024-12-15T21:34:47",
            "_avatar": "https://p16-common-sign-va.tiktokcdn-us.com/tos-maliva-avt-0068/a94ed7851a916156a8fb04338001b715~tplv-tiktokx-cropcenter:100:100.jpg?dr=9640&refresh_token=78897aac&x-expires=1756285200&x-signature=40KuI6pqRIMvKTqUC%2BdBaztQwhQ%3D&t=4d5b0474&ps=13740610&shp=30310797&shcp=ff37627b&idc=useast5",
            "_total_reply": 1,
            "_replies": [
                {
                    "_comment_id": "7447652196063724320",
                    "_username": "lancome.official",
                    "_nickname": "Lancôme",
                    "_comment": "AHHHHH 🤭",
                    "_create_time": "2024-12-16T10:32:37",
                    "_avatar": "https://p16-common-sign-va.tiktokcdn-us.com/tos-maliva-avt-0068/9424f6caa6a8781766ccf45ddf0a0a0d~tplv-tiktokx-cropcenter:100:100.jpg?dr=9640&refresh_token=3b5db7e6&x-expires=1756285200&x-signature=e%2F9wLN2Xb5w40k7tbO%2FkvD8%2BllM%3D&t=4d5b0474&ps=13740610&shp=30310797&shcp=ff37627b&idc=useast5",
                    "_total_reply": null,
                    "_replies": []
                }
            ]
        },
        {
            "_comment_id": "7454309110894101280",
            "_username": ".chaymae_11",
            "_nickname": ".Chaymae_11",
            "_comment": "the perfect lip gloss Keychain",
            "_create_time": "2024-12-30T21:46:40",
            "_avatar": "https://p16-common-sign-useast2a.tiktokcdn-us.com/tos-useast2a-avt-0068-euttp/79ca5fd6c3389a35969add16750b6be6~tplv-tiktokx-cropcenter:100:100.jpg?dr=9640&refresh_token=4053ae89&x-expires=1756285200&x-signature=Zc%2BBGgLYlr9LT%2B4OE4IPLE5tMDE%3D&t=4d5b0474&ps=13740610&shp=30310797&shcp=ff37627b&idc=useast5",
            "_total_reply": 0,
            "_replies": []
        },
        {
            "_comment_id": "7449970943887344407",
            "_username": "timonnuraj1",
            "_nickname": "timon nuraj",
            "_comment": "😁",
            "_create_time": "2024-12-19T05:15:06",
            "_avatar": "https://p16-common-sign-va.tiktokcdn-us.com/tos-maliva-avt-0068/877cf90b591d1216fd97da3af2f56480~tplv-tiktokx-cropcenter:100:100.jpg?dr=9640&refresh_token=a326e15c&x-expires=1756285200&x-signature=uMw5mIXyE8IYluKuXtH4e1f0juw%3D&t=4d5b0474&ps=13740610&shp=30310797&shcp=ff37627b&idc=useast5",
            "_total_reply": 0,
            "_replies": []
        },
        {
            "_comment_id": "7449261358674576159",
            "_username": "mod__goth",
            "_nickname": "v",
            "_comment": "do any of the juicy tubes smell like vanilla?",
            "_create_time": "2024-12-17T07:19:08",
            "_avatar": "https://p16-sign.tiktokcdn-us.com/tos-useast5-avt-0068-tx/8a3d6bc98755264921201db71c819544~tplv-tiktokx-cropcenter:100:100.jpg?dr=9640&refresh_token=3a1c0fa7&x-expires=1756285200&x-signature=qewsVN1oKXFFCk%2FGzKporh9%2FcgQ%3D&t=4d5b0474&ps=13740610&shp=30310797&shcp=ff37627b&idc=useast5",
            "_total_reply": 0,
            "_replies": []
        },
        {
            "_comment_id": "7460567921417650977",
            "_username": "claudia.cch",
            "_nickname": "Claudz☁️",
            "_comment": "So nice",
            "_create_time": "2025-01-16T18:34:19",
            "_avatar": "https://p16-common-sign-useast2a.tiktokcdn-us.com/tos-useast2a-avt-0068-euttp/936b4c8a9dc41b3ca49d823d046c36b2~tplv-tiktokx-cropcenter:100:100.jpg?dr=9640&refresh_token=4c4a9d62&x-expires=1756285200&x-signature=VQNA8OK5hF9zLy35hUWjlbY8rY4%3D&t=4d5b0474&ps=13740610&shp=30310797&shcp=ff37627b&idc=useast5",
            "_total_reply": 3,
            "_replies": [
                {
                    "_comment_id": "7460951145718088470",
                    "_username": "lancome.official",
                    "_nickname": "Lancôme",
                    "_comment": "Juicy, shiny, plump perfection 💋✨",
                    "_create_time": "2025-01-17T19:21:50",
                    "_avatar": "https://p16-common-sign-va.tiktokcdn-us.com/tos-maliva-avt-0068/9424f6caa6a8781766ccf45ddf0a0a0d~tplv-tiktokx-cropcenter:100:100.jpg?dr=9640&refresh_token=3b5db7e6&x-expires=1756285200&x-signature=e%2F9wLN2Xb5w40k7tbO%2FkvD8%2BllM%3D&t=4d5b0474&ps=13740610&shp=30310797&shcp=ff37627b&idc=useast5",
                    "_total_reply": null,
                    "_replies": []
                },
                {
                    "_comment_id": "7459905580057445153",
                    "_username": "lancome.official",
                    "_nickname": "Lancôme",
                    "_comment": "!!!",
                    "_create_time": "2025-01-18T09:56:58",
                    "_avatar": "https://p16-common-sign-va.tiktokcdn-us.com/tos-maliva-avt-0068/9424f6caa6a8781766ccf45ddf0a0a0d~tplv-tiktokx-cropcenter:100:100.jpg?dr=9640&refresh_token=3b5db7e6&x-expires=1756285200&x-signature=e%2F9wLN2Xb5w40k7tbO%2FkvD8%2BllM%3D&t=4d5b0474&ps=13740610&shp=30310797&shcp=ff37627b&idc=useast5",
                    "_total_reply": null,
                    "_replies": []
                },
                {
                    "_comment_id": "7460956726461940513",
                    "_username": "claudia.cch",
                    "_nickname": "Claudz☁️",
                    "_comment": "Need to get my hands on this",
                    "_create_time": "2025-01-17T19:42:56",
                    "_avatar": "https://p16-common-sign-useast2a.tiktokcdn-us.com/tos-useast2a-avt-0068-euttp/936b4c8a9dc41b3ca49d823d046c36b2~tplv-tiktokx-cropcenter:100:100.jpg?dr=9640&refresh_token=4c4a9d62&x-expires=1756285200&x-signature=VQNA8OK5hF9zLy35hUWjlbY8rY4%3D&t=4d5b0474&ps=13740610&shp=30310797&shcp=ff37627b&idc=useast5",
                    "_total_reply": null,
                    "_replies": []
                }
            ]
        },
        {
            "_comment_id": "7456152746715792134",
            "_username": "elly034bbbddk",
            "_nickname": "Ellyyy",
            "_comment": "Can’t believe how pretty it is I’m gonna custom mine 😻",
            "_create_time": "2025-01-04T21:00:59",
            "_avatar": "https://p16-common-sign-sg.tiktokcdn-us.com/tos-alisg-avt-0068/321bdeed2535223ac65dc7dc910e59d8~tplv-tiktokx-cropcenter:100:100.jpg?dr=9640&refresh_token=c8889cb6&x-expires=1756285200&x-signature=sLK7rSTnoeyVq7OQYVfGoYRwOek%3D&t=4d5b0474&ps=13740610&shp=30310797&shcp=ff37627b&idc=useast5",
            "_total_reply": 1,
            "_replies": [
                {
                    "_comment_id": "7456105741942784801",
                    "_username": "lancome.official",
                    "_nickname": "Lancôme",
                    "_comment": "loving this 🥰",
                    "_create_time": "2025-01-05T21:23:47",
                    "_avatar": "https://p16-common-sign-va.tiktokcdn-us.com/tos-maliva-avt-0068/9424f6caa6a8781766ccf45ddf0a0a0d~tplv-tiktokx-cropcenter:100:100.jpg?dr=9640&refresh_token=3b5db7e6&x-expires=1756285200&x-signature=e%2F9wLN2Xb5w40k7tbO%2FkvD8%2BllM%3D&t=4d5b0474&ps=13740610&shp=30310797&shcp=ff37627b&idc=useast5",
                    "_total_reply": null,
                    "_replies": []
                }
            ]
        },
        {
            "_comment_id": "7448761479907558166",
            "_username": "anica.diary",
            "_nickname": "ANICA G",
            "_comment": "Need to try 😍😍😍",
            "_create_time": "2024-12-15T22:59:12",
            "_avatar": "https://p16-common-sign-va.tiktokcdn-us.com/tos-maliva-avt-0068/bf107506e42159f4f9628d65d038305b~tplv-tiktokx-cropcenter:100:100.jpg?dr=9640&refresh_token=0f171676&x-expires=1756285200&x-signature=vvuV780dyR1dfpNc5YrWGxBRs30%3D&t=4d5b0474&ps=13740610&shp=30310797&shcp=ff37627b&idc=useast5",
            "_total_reply": 0,
            "_replies": []
        },
        {
            "_comment_id": "7463356941759628062",
            "_username": "roxyn479",
            "_nickname": "roxy479",
            "_comment": "I want this!!! ❤️😍🥰",
            "_create_time": "2025-01-24T06:57:32",
            "_avatar": "https://p16-pu-sign-useast8.tiktokcdn-us.com/tos-useast8-avt-0068-tx2/dbcaaf4e4075b2f9ee4a54bb45945f07~tplv-tiktokx-cropcenter:100:100.jpg?dr=9640&refresh_token=8a5e7bd1&x-expires=1756285200&x-signature=YF7bQ1RXGKVbPUBy2xWbLxg9rHM%3D&t=4d5b0474&ps=13740610&shp=30310797&shcp=ff37627b&idc=useast5",
            "_total_reply": 0,
            "_replies": []
        },
        {
            "_comment_id": "7449813651320308522",
            "_username": "aaliya.martinez",
            "_nickname": "aaliya",
            "_comment": "loveee!",
            "_create_time": "2024-12-18T19:02:27",
            "_avatar": "https://p16-pu-sign-useast8.tiktokcdn-us.com/tos-useast8-avt-0068-tx2/144b1ff45f71e3ad35af5c067583a9b5~tplv-tiktokx-cropcenter:100:100.jpg?dr=9640&refresh_token=e5f5f656&x-expires=1756285200&x-signature=PjbDBUjFWlLn3fzcZ4yLv7QYZBg%3D&t=4d5b0474&ps=13740610&shp=30310797&shcp=ff37627b&idc=useast5",
            "_total_reply": 0,
            "_replies": []
        },
        {
            "_comment_id": "7448215380752778006",
            "_username": "beauty_vibes.s",
            "_nickname": "E D A | Beauty & Make-Up",
            "_comment": "The OG Juicy Tubes are the best!! Love them🥰",
            "_create_time": "2024-12-14T11:40:19",
            "_avatar": "https://p16-common-sign-useast2a.tiktokcdn-us.com/tos-useast2a-avt-0068-euttp/dc94ffc16d36d56d9a925bdd035f4045~tplv-tiktokx-cropcenter:100:100.jpg?dr=9640&refresh_token=52fe2a27&x-expires=1756285200&x-signature=zJDHSGnq1R%2FCcrNNdM%2BrAZugavU%3D&t=4d5b0474&ps=13740610&shp=30310797&shcp=ff37627b&idc=useast5",
            "_total_reply": 2,
            "_replies": [
                {
                    "_comment_id": "7447906294352413473",
                    "_username": "lancome.official",
                    "_nickname": "Lancôme",
                    "_comment": "if you know, you know 🤭",
                    "_create_time": "2024-12-15T14:19:46",
                    "_avatar": "https://p16-common-sign-va.tiktokcdn-us.com/tos-maliva-avt-0068/9424f6caa6a8781766ccf45ddf0a0a0d~tplv-tiktokx-cropcenter:100:100.jpg?dr=9640&refresh_token=3b5db7e6&x-expires=1756285200&x-signature=e%2F9wLN2Xb5w40k7tbO%2FkvD8%2BllM%3D&t=4d5b0474&ps=13740610&shp=30310797&shcp=ff37627b&idc=useast5",
                    "_total_reply": null,
                    "_replies": []
                },
                {
                    "_comment_id": "7448634515122275094",
                    "_username": "beauty_vibes.s",
                    "_nickname": "E D A | Beauty & Make-Up",
                    "_comment": "Oh yess🥰",
                    "_create_time": "2024-12-15T14:46:48",
                    "_avatar": "https://p16-common-sign-useast2a.tiktokcdn-us.com/tos-useast2a-avt-0068-euttp/dc94ffc16d36d56d9a925bdd035f4045~tplv-tiktokx-cropcenter:100:100.jpg?dr=9640&refresh_token=52fe2a27&x-expires=1756285200&x-signature=zJDHSGnq1R%2FCcrNNdM%2BrAZugavU%3D&t=4d5b0474&ps=13740610&shp=30310797&shcp=ff37627b&idc=useast5",
                    "_total_reply": null,
                    "_replies": []
                }
            ]
        },
        {
            "_comment_id": "7447960470947955464",
            "_username": "lifeasagirlllll",
            "_nickname": "lifeasagirlllll🇧🇩",
            "_comment": "😍😍😍",
            "_create_time": "2024-12-13T19:10:37",
            "_avatar": "https://p16-common-sign-sg.tiktokcdn-us.com/tos-alisg-avt-0068/56a786e0d1d8304cae228413b5acf9e2~tplv-tiktokx-cropcenter:100:100.jpg?dr=9640&refresh_token=2117208c&x-expires=1756285200&x-signature=GxhUFhjMXvJAdYmJjOL4bpwdwT0%3D&t=4d5b0474&ps=13740610&shp=30310797&shcp=ff37627b&idc=useast5",
            "_total_reply": 0,
            "_replies": []
        },
        {
            "_comment_id": "7447976372213482262",
            "_username": "annang042",
            "_nickname": "anna",
            "_comment": "🥰",
            "_create_time": "2024-12-13T20:12:38",
            "_avatar": "https://p16-common-sign-va.tiktokcdn-us.com/tos-maliva-avt-0068/7c3e761751fa337405fde2251afc615e~tplv-tiktokx-cropcenter:100:100.jpg?dr=9640&refresh_token=f4805879&x-expires=1756285200&x-signature=yErcYdhIEnsCN853%2FaXqvzyhQ34%3D&t=4d5b0474&ps=13740610&shp=30310797&shcp=ff37627b&idc=useast5",
            "_total_reply": 0,
            "_replies": []
        },
        {
            "_comment_id": "7448283650448163590",
            "_username": "lado3361",
            "_nickname": "Lado",
            "_comment": "😍",
            "_create_time": "2024-12-14T16:05:03",
            "_avatar": "https://p16-common-sign-va.tiktokcdn-us.com/tos-maliva-avt-0068/6e2e15f468929d9ae60c1a71db1929d0~tplv-tiktokx-cropcenter:100:100.jpg?dr=9640&refresh_token=f422f271&x-expires=1756285200&x-signature=W0FI%2F0s%2FjjOM%2F8%2FbHHyKSG0Oyg4%3D&t=4d5b0474&ps=13740610&shp=30310797&shcp=ff37627b&idc=useast5",
            "_total_reply": 0,
            "_replies": []
        },
        {
            "_comment_id": "7457897738845078278",
            "_username": "terezacristi2",
            "_nickname": "Tereza Cristina Mart",
            "_comment": "😂",
            "_create_time": "2025-01-09T13:52:36",
            "_avatar": "https://p16-common-sign-va.tiktokcdn-us.com/tos-maliva-avt-0068/949d073b2343032e4414fca1c3445dd5~tplv-tiktokx-cropcenter:100:100.jpg?dr=9640&refresh_token=1add4201&x-expires=1756285200&x-signature=ODSC88ruAmTs7cYjzfuiNtXQflA%3D&t=4d5b0474&ps=13740610&shp=30310797&shcp=ff37627b&idc=useast5",
            "_total_reply": 0,
            "_replies": []
        },
        {
            "_comment_id": "7447963381467972358",
            "_username": "kittyvamp120",
            "_nickname": "mimi",
            "_comment": "Neeeddd❤️",
            "_create_time": "2024-12-13T19:22:03",
            "_avatar": "https://p16-common-sign-sg.tiktokcdn-us.com/tos-alisg-avt-0068/716219c26cf123fd1122d534345e05eb~tplv-tiktokx-cropcenter:100:100.jpg?dr=9640&refresh_token=702cc240&x-expires=1756285200&x-signature=31APfWMNrhBXNMt1%2F95YexRvY%2BA%3D&t=4d5b0474&ps=13740610&shp=30310797&shcp=ff37627b&idc=useast5",
            "_total_reply": 1,
            "_replies": [
                {
                    "_comment_id": "7447851950529463073",
                    "_username": "lancome.official",
                    "_nickname": "Lancôme",
                    "_comment": "this is definitely a need, not a want 💕",
                    "_create_time": "2024-12-15T13:19:02",
                    "_avatar": "https://p16-common-sign-va.tiktokcdn-us.com/tos-maliva-avt-0068/9424f6caa6a8781766ccf45ddf0a0a0d~tplv-tiktokx-cropcenter:100:100.jpg?dr=9640&refresh_token=3b5db7e6&x-expires=1756285200&x-signature=e%2F9wLN2Xb5w40k7tbO%2FkvD8%2BllM%3D&t=4d5b0474&ps=13740610&shp=30310797&shcp=ff37627b&idc=useast5",
                    "_total_reply": null,
                    "_replies": []
                }
            ]
        },
        {
            "_comment_id": "7447966104280417057",
            "_username": "strictly.emily",
            "_nickname": "Emily 🦋",
            "_comment": "obsessed need to try!",
            "_create_time": "2024-12-13T19:32:33",
            "_avatar": "https://p16-common-sign-va.tiktokcdn-us.com/tos-maliva-avt-0068/cc8e8d2e364281d5902f55c5ca2c8faa~tplv-tiktokx-cropcenter:100:100.jpg?dr=9640&refresh_token=0fccea71&x-expires=1756285200&x-signature=agk11sEsoxfvO2jvC%2FXDVJv%2FMKQ%3D&t=4d5b0474&ps=13740610&shp=30310797&shcp=ff37627b&idc=useast5",
            "_total_reply": 1,
            "_replies": [
                {
                    "_comment_id": "7447444412462498592",
                    "_username": "lancome.official",
                    "_nickname": "Lancôme",
                    "_comment": "get ready to fall in love 💕",
                    "_create_time": "2024-12-15T13:15:38",
                    "_avatar": "https://p16-common-sign-va.tiktokcdn-us.com/tos-maliva-avt-0068/9424f6caa6a8781766ccf45ddf0a0a0d~tplv-tiktokx-cropcenter:100:100.jpg?dr=9640&refresh_token=3b5db7e6&x-expires=1756285200&x-signature=e%2F9wLN2Xb5w40k7tbO%2FkvD8%2BllM%3D&t=4d5b0474&ps=13740610&shp=30310797&shcp=ff37627b&idc=useast5",
                    "_total_reply": null,
                    "_replies": []
                }
            ]
        },
        {
            "_comment_id": "7448638624831537938",
            "_username": "kaseycarrington_",
            "_nickname": "Kasey 🌸🌷✨",
            "_comment": "It’s a need not a want ✨",
            "_create_time": "2024-12-15T15:02:12",
            "_avatar": "https://p16-common-sign-sg.tiktokcdn-us.com/tos-alisg-avt-0068/79d6cce70fc5ed8b0281aef485a25eba~tplv-tiktokx-cropcenter:100:100.jpg?dr=9640&refresh_token=bfcaa397&x-expires=1756285200&x-signature=BeShx5pyi%2BPx9li%2FTYOgxIxbwSA%3D&t=4d5b0474&ps=13740610&shp=30310797&shcp=ff37627b&idc=useast5",
            "_total_reply": 1,
            "_replies": [
                {
                    "_comment_id": "7447998335996756768",
                    "_username": "lancome.official",
                    "_nickname": "Lancôme",
                    "_comment": "you've got that right 😏",
                    "_create_time": "2024-12-15T20:37:15",
                    "_avatar": "https://p16-common-sign-va.tiktokcdn-us.com/tos-maliva-avt-0068/9424f6caa6a8781766ccf45ddf0a0a0d~tplv-tiktokx-cropcenter:100:100.jpg?dr=9640&refresh_token=3b5db7e6&x-expires=1756285200&x-signature=e%2F9wLN2Xb5w40k7tbO%2FkvD8%2BllM%3D&t=4d5b0474&ps=13740610&shp=30310797&shcp=ff37627b&idc=useast5",
                    "_total_reply": null,
                    "_replies": []
                }
            ]
        },
        {
            "_comment_id": "7462203342001898282",
            "_username": "sassylips444",
            "_nickname": "Sassy&Chic",
            "_comment": "I want! I want! I want!💯💯💯💯💯❤️❤️❤️❤️",
            "_create_time": "2025-01-21T04:20:22",
            "_avatar": "https://p19-pu-sign-useast8.tiktokcdn-us.com/tos-useast5-avt-0068-tx/378be7b993dc348f7ff17d4ab8e10339~tplv-tiktokx-cropcenter:100:100.jpg?dr=9640&refresh_token=6a0a8a9e&x-expires=1756285200&x-signature=sHl0u7Fpxhs835M5DuwZ4yqUIxI%3D&t=4d5b0474&ps=13740610&shp=30310797&shcp=ff37627b&idc=useast5",
            "_total_reply": 0,
            "_replies": []
        },
        {
            "_comment_id": "7448985745715135238",
            "_username": "thechristaevelyn",
            "_nickname": "Christa Evelyn 🇨🇦",
            "_comment": "🥰🥰🥰",
            "_create_time": "2024-12-16T13:29:31",
            "_avatar": "https://p16-common-sign-va.tiktokcdn-us.com/tos-maliva-avt-0068/cedf5a5cfd5ff3d9efaf99abfd544183~tplv-tiktokx-cropcenter:100:100.jpg?dr=9640&refresh_token=086cb479&x-expires=1756285200&x-signature=D94f1LwFQZO2QPOzkuWzEAFfEy8%3D&t=4d5b0474&ps=13740610&shp=30310797&shcp=ff37627b&idc=useast5",
            "_total_reply": 0,
            "_replies": []
        },
        {
            "_comment_id": "7448331604966310689",
            "_username": "amyc3333",
            "_nickname": "amy",
            "_comment": "Need this",
            "_create_time": "2024-12-14T19:11:05",
            "_avatar": "https://p16-common-sign-useast2a.tiktokcdn-us.com/tos-useast2a-avt-0068-euttp/373c2741cc83811383913b9ee25c01d5~tplv-tiktokx-cropcenter:100:100.jpg?dr=9640&refresh_token=1f6627ef&x-expires=1756285200&x-signature=p25NGssskVY9L9OdkZbJ9ezDF4Y%3D&t=4d5b0474&ps=13740610&shp=30310797&shcp=ff37627b&idc=useast5",
            "_total_reply": 1,
            "_replies": [
                {
                    "_comment_id": "7447851627211473696",
                    "_username": "lancome.official",
                    "_nickname": "Lancôme",
                    "_comment": "*adds to cart*",
                    "_create_time": "2024-12-15T14:28:32",
                    "_avatar": "https://p16-common-sign-va.tiktokcdn-us.com/tos-maliva-avt-0068/9424f6caa6a8781766ccf45ddf0a0a0d~tplv-tiktokx-cropcenter:100:100.jpg?dr=9640&refresh_token=3b5db7e6&x-expires=1756285200&x-signature=e%2F9wLN2Xb5w40k7tbO%2FkvD8%2BllM%3D&t=4d5b0474&ps=13740610&shp=30310797&shcp=ff37627b&idc=useast5",
                    "_total_reply": null,
                    "_replies": []
                }
            ]
        },
        {
            "_comment_id": "7447973912015946518",
            "_username": "eylese",
            "_nickname": "🤍Oliwia🤍",
            "_comment": "❤️❤️",
            "_create_time": "2024-12-13T20:03:20",
            "_avatar": "https://p19-common-sign-va.tiktokcdn-us.com/tos-maliva-avt-0068/5762bbbf4db388900af849ee6c7c8115~tplv-tiktokx-cropcenter:100:100.jpg?dr=9640&refresh_token=a8169044&x-expires=1756285200&x-signature=VQDfPMrmlKUHnozA8tRM5Hjam7w%3D&t=4d5b0474&ps=13740610&shp=30310797&shcp=ff37627b&idc=useast5",
            "_total_reply": 0,
            "_replies": []
        },
        {
            "_comment_id": "7448288843172447006",
            "_username": "emeraldskies1",
            "_nickname": "EmeraldSkies",
            "_comment": "would love to try it!!🖤",
            "_create_time": "2024-12-14T16:25:02",
            "_avatar": "https://p19-pu-sign-useast8.tiktokcdn-us.com/tos-useast8-avt-0068-tx2/775232dbba6a01c460896d199750b2fe~tplv-tiktokx-cropcenter:100:100.jpg?dr=9640&refresh_token=0c685506&x-expires=1756285200&x-signature=xkIVaihE56tM1yyzSoL%2BxISovs8%3D&t=4d5b0474&ps=13740610&shp=30310797&shcp=ff37627b&idc=useast5",
            "_total_reply": 1,
            "_replies": [
                {
                    "_comment_id": "7447612368639247136",
                    "_username": "lancome.official",
                    "_nickname": "Lancôme",
                    "_comment": "run, don't walk",
                    "_create_time": "2024-12-15T14:28:08",
                    "_avatar": "https://p16-common-sign-va.tiktokcdn-us.com/tos-maliva-avt-0068/9424f6caa6a8781766ccf45ddf0a0a0d~tplv-tiktokx-cropcenter:100:100.jpg?dr=9640&refresh_token=3b5db7e6&x-expires=1756285200&x-signature=e%2F9wLN2Xb5w40k7tbO%2FkvD8%2BllM%3D&t=4d5b0474&ps=13740610&shp=30310797&shcp=ff37627b&idc=useast5",
                    "_total_reply": null,
                    "_replies": []
                }
            ]
        },
        {
            "_comment_id": "7448173128385823530",
            "_username": "nidia.de.leon8",
            "_nickname": "Nidia De leon",
            "_comment": "Cute 😍😍😍",
            "_create_time": "2024-12-14T08:56:34",
            "_avatar": "https://p19-pu-sign-useast8.tiktokcdn-us.com/tos-useast5-avt-0068-tx/816b72f2ace8ce43013954f0835af521~tplv-tiktokx-cropcenter:100:100.jpg?dr=9640&refresh_token=1fd40848&x-expires=1756285200&x-signature=PNKAOEekdRNg3rX7PIFojksGOag%3D&t=4d5b0474&ps=13740610&shp=30310797&shcp=ff37627b&idc=useast5",
            "_total_reply": 1,
            "_replies": [
                {
                    "_comment_id": "7447933103895216929",
                    "_username": "lancome.official",
                    "_nickname": "Lancôme",
                    "_comment": "the cutest 😍",
                    "_create_time": "2024-12-15T14:13:08",
                    "_avatar": "https://p16-common-sign-va.tiktokcdn-us.com/tos-maliva-avt-0068/9424f6caa6a8781766ccf45ddf0a0a0d~tplv-tiktokx-cropcenter:100:100.jpg?dr=9640&refresh_token=3b5db7e6&x-expires=1756285200&x-signature=e%2F9wLN2Xb5w40k7tbO%2FkvD8%2BllM%3D&t=4d5b0474&ps=13740610&shp=30310797&shcp=ff37627b&idc=useast5",
                    "_total_reply": null,
                    "_replies": []
                }
            ]
        },
        {
            "_comment_id": "7448011338100458286",
            "_username": "th3yluv_lillyana",
            "_nickname": "LILLYANA😽🎀",
            "_comment": "Early! (Ily Lancóme)",
            "_create_time": "2024-12-13T22:28:13",
            "_avatar": "https://p16-pu-sign-useast8.tiktokcdn-us.com/tos-useast8-avt-0068-tx2/a0ee3efc379a719aa4a7b7b2bf57035a~tplv-tiktokx-cropcenter:100:100.jpg?dr=9640&refresh_token=96fbc908&x-expires=1756285200&x-signature=5QvE1LehI0VRnW%2BesVH3V1dPHrg%3D&t=4d5b0474&ps=13740610&shp=30310797&shcp=ff37627b&idc=useast5",
            "_total_reply": 1,
            "_replies": [
                {
                    "_comment_id": "7448047398146114336",
                    "_username": "lancome.official",
                    "_nickname": "Lancôme",
                    "_comment": "love you 🥰",
                    "_create_time": "2024-12-15T13:52:10",
                    "_avatar": "https://p16-common-sign-va.tiktokcdn-us.com/tos-maliva-avt-0068/9424f6caa6a8781766ccf45ddf0a0a0d~tplv-tiktokx-cropcenter:100:100.jpg?dr=9640&refresh_token=3b5db7e6&x-expires=1756285200&x-signature=e%2F9wLN2Xb5w40k7tbO%2FkvD8%2BllM%3D&t=4d5b0474&ps=13740610&shp=30310797&shcp=ff37627b&idc=useast5",
                    "_total_reply": null,
                    "_replies": []
                }
            ]
        },
        {
            "_comment_id": "7450556634945143574",
            "_username": "yoonchae.editss",
            "_nickname": "🐚",
            "_comment": "OMG WHERE CAN I BUY THIS",
            "_create_time": "2024-12-20T19:05:13",
            "_avatar": "https://p16-common-sign-va.tiktokcdn-us.com/tos-maliva-avt-0068/2e9821edf0ad3045942a77096c1d97d6~tplv-tiktokx-cropcenter:100:100.jpg?dr=9640&refresh_token=87c776b2&x-expires=1756285200&x-signature=3%2Bi5EZYJcbspqJ%2Br72fX9uy2PJk%3D&t=4d5b0474&ps=13740610&shp=30310797&shcp=ff37627b&idc=useast5",
            "_total_reply": 3,
            "_replies": [
                {
                    "_comment_id": "7465087462759678752",
                    "_username": "molliebedumb",
                    "_nickname": "Mollie (lanatic+livie 😮‍💨)",
                    "_comment": "Livie spotted",
                    "_create_time": "2025-01-28T22:52:13",
                    "_avatar": "https://p16-common-sign-va.tiktokcdn-us.com/tos-maliva-avt-0068/61d78c775e2782645b5a71aaeeb1bd97~tplv-tiktokx-cropcenter:100:100.jpg?dr=9640&refresh_token=592b2f1b&x-expires=1756285200&x-signature=rGOmiSnqNWKFMIX49t7WUM70nj0%3D&t=4d5b0474&ps=13740610&shp=30310797&shcp=ff37627b&idc=useast5",
                    "_total_reply": null,
                    "_replies": []
                },
                {
                    "_comment_id": "7465366613740847904",
                    "_username": "molliebedumb",
                    "_nickname": "Mollie (lanatic+livie 😮‍💨)",
                    "_comment": "Yass",
                    "_create_time": "2025-01-29T16:55:38",
                    "_avatar": "https://p16-common-sign-va.tiktokcdn-us.com/tos-maliva-avt-0068/61d78c775e2782645b5a71aaeeb1bd97~tplv-tiktokx-cropcenter:100:100.jpg?dr=9640&refresh_token=592b2f1b&x-expires=1756285200&x-signature=rGOmiSnqNWKFMIX49t7WUM70nj0%3D&t=4d5b0474&ps=13740610&shp=30310797&shcp=ff37627b&idc=useast5",
                    "_total_reply": null,
                    "_replies": []
                },
                {
                    "_comment_id": "7465318480556851990",
                    "_username": "yoonchae.editss",
                    "_nickname": "🐚",
                    "_comment": "YAY",
                    "_create_time": "2025-01-29T13:49:04",
                    "_avatar": "https://p16-common-sign-va.tiktokcdn-us.com/tos-maliva-avt-0068/2e9821edf0ad3045942a77096c1d97d6~tplv-tiktokx-cropcenter:100:100.jpg?dr=9640&refresh_token=87c776b2&x-expires=1756285200&x-signature=3%2Bi5EZYJcbspqJ%2Br72fX9uy2PJk%3D&t=4d5b0474&ps=13740610&shp=30310797&shcp=ff37627b&idc=useast5",
                    "_total_reply": null,
                    "_replies": []
                }
            ]
        },
        {
            "_comment_id": "7447966214499451694",
            "_username": "bipolarprincexx",
            "_nickname": "Kasey🍻",
            "_comment": "👑",
            "_create_time": "2024-12-13T19:33:13",
            "_avatar": "https://p16-pu-sign-useast8.tiktokcdn-us.com/tos-useast5-avt-0068-tx/26b2c5ec736b78953a1def4634e53631~tplv-tiktokx-cropcenter:100:100.jpg?dr=9640&refresh_token=be9bbc28&x-expires=1756285200&x-signature=1%2BGIvKBgjfIxL7kJxJXsCv4mWSw%3D&t=4d5b0474&ps=13740610&shp=30310797&shcp=ff37627b&idc=useast5",
            "_total_reply": 0,
            "_replies": []
        },
        {
            "_comment_id": "7506668288476103442",
            "_username": "ms.nobodyspecial",
            "_nickname": "KimPossible🍓🚬",
            "_comment": "❤",
            "_create_time": "2025-05-21T00:07:33",
            "_avatar": "https://p16-common-sign-sg.tiktokcdn-us.com/tos-alisg-avt-0068/0da3ec3c5073fdda670ca9ac26930c0a~tplv-tiktokx-cropcenter:100:100.jpg?dr=9640&refresh_token=e39d4d9a&x-expires=1756285200&x-signature=nQDa0Qg6q6vLhTxe20I8wohZdqA%3D&t=4d5b0474&ps=13740610&shp=30310797&shcp=ff37627b&idc=useast5",
            "_total_reply": 0,
            "_replies": []
        },
        {
            "_comment_id": "7457256818785518378",
            "_username": "catdog6759",
            "_nickname": "catdog",
            "_comment": "🥰😏😂",
            "_create_time": "2025-01-07T20:25:28",
            "_avatar": "https://p16-common-sign-va.tiktokcdn-us.com/musically-maliva-obj/1594805258216454~tplv-tiktokx-cropcenter:100:100.jpg?dr=9640&refresh_token=1eddef81&x-expires=1756285200&x-signature=3Uod4G5YDdtM6ftq0hIfHEgbZpI%3D&t=4d5b0474&ps=13740610&shp=30310797&shcp=ff37627b&idc=useast5",
            "_total_reply": 0,
            "_replies": []
        },
        {
            "_comment_id": "7448376560414376746",
            "_username": "totally..not..jossy",
            "_nickname": "⭐️🪼",
            "_comment": "💜💜",
            "_create_time": "2024-12-14T22:05:31",
            "_avatar": "https://p16-pu-sign-useast8.tiktokcdn-us.com/tos-useast5-avt-0068-tx/b4873e9e45dd8a04a6c0fdc1d9f88ff1~tplv-tiktokx-cropcenter:100:100.jpg?dr=9640&refresh_token=20486979&x-expires=1756285200&x-signature=stPbTN7PdY6YnyG0LM%2BrLQtz0PM%3D&t=4d5b0474&ps=13740610&shp=30310797&shcp=ff37627b&idc=useast5",
            "_total_reply": 0,
            "_replies": []
        },
        {
            "_comment_id": "7447980700258878254",
            "_username": "pipercrawford6",
            "_nickname": "Piper Crawford",
            "_comment": "😍😍😍",
            "_create_time": "2024-12-13T20:29:30",
            "_avatar": "https://p16-pu-sign-useast8.tiktokcdn-us.com/tos-useast8-avt-0068-tx2/0aa6ce9455f129d8686375bd272c6524~tplv-tiktokx-cropcenter:100:100.jpg?dr=9640&refresh_token=e8d3dfe4&x-expires=1756285200&x-signature=B5krp2lPBsgL283lElBdfL%2F4Ang%3D&t=4d5b0474&ps=13740610&shp=30310797&shcp=ff37627b&idc=useast5",
            "_total_reply": 0,
            "_replies": []
        },
        {
            "_comment_id": "7454167005224387350",
            "_username": "sophiak016",
            "_nickname": "sophiak016",
            "_comment": "@Lancôme it’s iconic ✨🩷",
            "_create_time": "2024-12-30T12:35:25",
            "_avatar": "https://p16-common-sign-va.tiktokcdn-us.com/tos-maliva-avt-0068/2a25c5854cb5cb30c44a8a2f26426107~tplv-tiktokx-cropcenter:100:100.jpg?dr=9640&refresh_token=64975974&x-expires=1756285200&x-signature=ji6MPBLEj4zvg9GumiTRUUcp%2F%2FI%3D&t=4d5b0474&ps=13740610&shp=30310797&shcp=ff37627b&idc=useast5",
            "_total_reply": 0,
            "_replies": []
        },
        {
            "_comment_id": "7447970833786340128",
            "_username": "ldlptunaspasdetalent",
            "_nickname": "Anna",
            "_comment": "@AIDA REDRU @Lancôme 💜",
            "_create_time": "2024-12-13T19:51:00",
            "_avatar": "https://p16-common-sign-va.tiktokcdn-us.com/tos-maliva-avt-0068/ce85584c56ba6e98576a40d1b88e7a61~tplv-tiktokx-cropcenter:100:100.jpg?dr=9640&refresh_token=db177c30&x-expires=1756285200&x-signature=qgKWiVNjKT4Z%2Bur6Qe3KcWX5OzY%3D&t=4d5b0474&ps=13740610&shp=30310797&shcp=ff37627b&idc=useast5",
            "_total_reply": 0,
            "_replies": []
        },
        {
            "_comment_id": "7448211152851944214",
            "_username": "emanuela_1313",
            "_nickname": "💸",
            "_comment": "Hello interesting in collaboration??🎀🥰🥰",
            "_create_time": "2024-12-14T11:24:01",
            "_avatar": "https://p16-common-sign-va.tiktokcdn-us.com/tos-maliva-avt-0068/75ce4b45c7a1d9ddb8aa7427fa3bb8b7~tplv-tiktokx-cropcenter:100:100.jpg?dr=9640&refresh_token=d1239e7e&x-expires=1756285200&x-signature=Eqa%2FL1iwdYxeCRlhEm4ThfeLZKI%3D&t=4d5b0474&ps=13740610&shp=30310797&shcp=ff37627b&idc=useast5",
            "_total_reply": 0,
            "_replies": []
        }
    ],
    "total_comments": 34
}