{
    "original_url": "https://www.tiktok.com/@lancome.official/video/7448708800409914646",
    "video_id": "7448708800409914646",
    "description": "Which one? 🥰 #Lancome #LipIdole #Lips #BeautyTok #Makeuptok #Lipsticktok #Gloss #Lipstick #wishlist #Satisfying #Swatch #Justagirl ",
    "video_url": "https://m.tiktok.com/v/7448708800409914646.html?_d=0&comment_author_id=7328525850574570528&preview_pb=0&share_comment_id=7448709535374852896&share_item_id=7448708800409914646&sharer_language=en&source=h5_m&u_code=0",
    "tags": [
        "#Lancome",
        "#LipIdole",
        "#Lips",
        "#BeautyTok",
        "#Makeuptok",
        "#Lipsticktok",
        "#Gloss",
        "#Lipstick",
        "#wishlist",
        "#Satisfying",
        "#Swatch",
        "#Justagirl"
    ],
    "comments": [
        {
            "_comment_id": "7448709535374852896",
            "_username": "nonchalnetgirl",
            "_nickname": "M.O",
            "_comment": "First",
            "_create_time": "2024-12-15T19:37:43",
            "_avatar": "https://p16-common-sign-useast2a.tiktokcdn-us.com/tos-useast2a-avt-0068-euttp/0c2695a61a26a27270c793b418aa2036~tplv-tiktokx-cropcenter:100:100.jpg?dr=9640&refresh_token=53b0049c&x-expires=1756285200&x-signature=NPpDVxidByQ77PifV87SBhyhzl4%3D&t=4d5b0474&ps=13740610&shp=30310797&shcp=ff37627b&idc=useast5",
            "_total_reply": 1,
            "_replies": [
                {
                    "_comment_id": "7447633220411867936",
                    "_username": "lancome.official",
                    "_nickname": "Lancôme",
                    "_comment": "👋 ❤️",
                    "_create_time": "2024-12-15T20:49:00",
                    "_avatar": "https://p16-common-sign-va.tiktokcdn-us.com/tos-maliva-avt-0068/9424f6caa6a8781766ccf45ddf0a0a0d~tplv-tiktokx-cropcenter:100:100.jpg?dr=9640&refresh_token=3b5db7e6&x-expires=1756285200&x-signature=e%2F9wLN2Xb5w40k7tbO%2FkvD8%2BllM%3D&t=4d5b0474&ps=13740610&shp=30310797&shcp=ff37627b&idc=useast5",
                    "_total_reply": null,
                    "_replies": []
                }
            ]
        },
        {
            "_comment_id": "7448710770361369350",
            "_username": "sol.esperanza6",
            "_nickname": "olivia rodrigo",
            "_comment": "Y olivia rodrigo",
            "_create_time": "2024-12-15T19:42:17",
            "_avatar": "https://p16-common-sign-va.tiktokcdn-us.com/tos-maliva-avt-0068/552482b387827d7f3a695156583126d3~tplv-tiktokx-cropcenter:100:100.jpg?dr=9640&refresh_token=81b0975b&x-expires=1756285200&x-signature=2hPwnzyRqALTJNUzExKGIx9YOQE%3D&t=4d5b0474&ps=13740610&shp=30310797&shcp=ff37627b&idc=useast5",
            "_total_reply": 0,
            "_replies": []
        },
        {
            "_comment_id": "7448904070072107822",
            "_username": "oliviajocy",
            "_nickname": "Olivia",
            "_comment": "I want them all 🥰✨",
            "_create_time": "2024-12-16T08:12:45",
            "_avatar": "https://p19-pu-sign-useast8.tiktokcdn-us.com/tos-useast8-avt-0068-tx2/40a1350e066e028267640f740ba972a1~tplv-tiktokx-cropcenter:100:100.jpg?dr=9640&refresh_token=5e699e47&x-expires=1756285200&x-signature=jKXcOMoWb04lATDuB%2FZhF2KVYDE%3D&t=4d5b0474&ps=13740610&shp=30310797&shcp=ff37627b&idc=useast5",
            "_total_reply": 1,
            "_replies": [
                {
                    "_comment_id": "7449023232882049814",
                    "_username": "lancome.official",
                    "_nickname": "Lancôme",
                    "_comment": "A must ✨✨✨✨",
                    "_create_time": "2024-12-16T15:55:15",
                    "_avatar": "https://p16-common-sign-va.tiktokcdn-us.com/tos-maliva-avt-0068/9424f6caa6a8781766ccf45ddf0a0a0d~tplv-tiktokx-cropcenter:100:100.jpg?dr=9640&refresh_token=3b5db7e6&x-expires=1756285200&x-signature=e%2F9wLN2Xb5w40k7tbO%2FkvD8%2BllM%3D&t=4d5b0474&ps=13740610&shp=30310797&shcp=ff37627b&idc=useast5",
                    "_total_reply": null,
                    "_replies": []
                }
            ]
        },
        {
            "_comment_id": "7448933230722155272",
            "_username": "kaseycarrington_",
            "_nickname": "Kasey 🌸🌷✨",
            "_comment": "These are stunning! ✨",
            "_create_time": "2024-12-16T10:05:26",
            "_avatar": "https://p16-common-sign-sg.tiktokcdn-us.com/tos-alisg-avt-0068/79d6cce70fc5ed8b0281aef485a25eba~tplv-tiktokx-cropcenter:100:100.jpg?dr=9640&refresh_token=bfcaa397&x-expires=1756285200&x-signature=BeShx5pyi%2BPx9li%2FTYOgxIxbwSA%3D&t=4d5b0474&ps=13740610&shp=30310797&shcp=ff37627b&idc=useast5",
            "_total_reply": 0,
            "_replies": []
        },
        {
            "_comment_id": "7452662098783568672",
            "_username": "itsyourgirlyeden",
            "_nickname": "itsyourgirlyeden",
            "_comment": "Million-dollar berry x✌️",
            "_create_time": "2024-12-26T11:15:39",
            "_avatar": "https://p16-common-sign-va.tiktokcdn-us.com/tos-maliva-avt-0068/7144f838e37db7b6d1c6f83ef9c4ab25~tplv-tiktokx-cropcenter:100:100.jpg?dr=9640&refresh_token=b95be03c&x-expires=1756285200&x-signature=dcuIcJYHk9O5g%2FTzXWg9%2FVhb1hI%3D&t=4d5b0474&ps=13740610&shp=30310797&shcp=ff37627b&idc=useast5",
            "_total_reply": 0,
            "_replies": []
        },
        {
            "_comment_id": "7452371254881272598",
            "_username": "canal_da_gringa",
            "_nickname": "Canal da Gringa",
            "_comment": "Nice❤️❤️❤️❤️❤️❤️❤️",
            "_create_time": "2024-12-25T16:26:52",
            "_avatar": "https://p16-common-sign-va.tiktokcdn-us.com/tos-maliva-avt-0068/4cf32b668cf7b571a95f213fcd04d5fb~tplv-tiktokx-cropcenter:100:100.jpg?dr=9640&refresh_token=f0163de7&x-expires=1756285200&x-signature=g6vM%2BwoRAosHSEUYdD%2FelH5vl70%3D&t=4d5b0474&ps=13740610&shp=30310797&shcp=ff37627b&idc=useast5",
            "_total_reply": 0,
            "_replies": []
        },
        {
            "_comment_id": "7450271806617715502",
            "_username": "manonskatt",
            "_nickname": "willow !!",
            "_comment": "I LOVE CORAL GLOW",
            "_create_time": "2024-12-20T00:40:02",
            "_avatar": "https://p19-sign.tiktokcdn-us.com/tos-useast5-avt-0068-tx/741e4a4957724f6513b664ceec5cd78f~tplv-tiktokx-cropcenter:100:100.jpg?dr=9640&refresh_token=13a67189&x-expires=1756285200&x-signature=ISGk9rSgmx2fQ%2FyLYPgn8otaPY4%3D&t=4d5b0474&ps=13740610&shp=30310797&shcp=ff37627b&idc=useast5",
            "_total_reply": 0,
            "_replies": []
        },
        {
            "_comment_id": "7449500514498200363",
            "_username": "hdhdhs7232",
            "_nickname": "hdhdhs",
            "_comment": "Hello I order almost a month ago a perfume for my mom bc she has been wanting that since last year and it hasn’t arrive please help me I wanted to gift it to her for this Christmas",
            "_create_time": "2024-12-17T22:46:51",
            "_avatar": "https://p16-sign.tiktokcdn-us.com/tos-useast5-avt-0068-tx/7366e05205d7f4bb729e3cd287574a03~tplv-tiktokx-cropcenter:100:100.jpg?dr=9640&refresh_token=79eb66c1&x-expires=1756285200&x-signature=gLVttAdvJH1%2BzqxfmFYRrmpuUX0%3D&t=4d5b0474&ps=13740610&shp=30310797&shcp=ff37627b&idc=useast5",
            "_total_reply": 0,
            "_replies": []
        },
        {
            "_comment_id": "7449325873734828833",
            "_username": "sophfreebies",
            "_nickname": "sophfreebies",
            "_comment": "spicy cherry and coral glow 😍",
            "_create_time": "2024-12-17T11:29:55",
            "_avatar": "https://p16-common-sign-useast2a.tiktokcdn-us.com/tos-useast2a-avt-0068-euttp/23d88e0fc1112e27f377a41423c8eb0e~tplv-tiktokx-cropcenter:100:100.jpg?dr=9640&refresh_token=226b9d5d&x-expires=1756285200&x-signature=Q5jqw%2FtaA4X63Wo66sQsXo%2Blprc%3D&t=4d5b0474&ps=13740610&shp=30310797&shcp=ff37627b&idc=useast5",
            "_total_reply": 0,
            "_replies": []
        },
        {
            "_comment_id": "7449050524227748630",
            "_username": "beauty_vibes.s",
            "_nickname": "E D A | Beauty & Make-Up",
            "_comment": "Don‘t be chai😍 love those tones",
            "_create_time": "2024-12-16T17:40:52",
            "_avatar": "https://p16-common-sign-useast2a.tiktokcdn-us.com/tos-useast2a-avt-0068-euttp/dc94ffc16d36d56d9a925bdd035f4045~tplv-tiktokx-cropcenter:100:100.jpg?dr=9640&refresh_token=52fe2a27&x-expires=1756285200&x-signature=zJDHSGnq1R%2FCcrNNdM%2BrAZugavU%3D&t=4d5b0474&ps=13740610&shp=30310797&shcp=ff37627b&idc=useast5",
            "_total_reply": 0,
            "_replies": []
        },
        {
            "_comment_id": "7449047136459211550",
            "_username": "emeraldskies1",
            "_nickname": "EmeraldSkies",
            "_comment": "spicy cherry & the tea is hot seem to be calling my name 😍",
            "_create_time": "2024-12-16T17:27:35",
            "_avatar": "https://p19-pu-sign-useast8.tiktokcdn-us.com/tos-useast8-avt-0068-tx2/775232dbba6a01c460896d199750b2fe~tplv-tiktokx-cropcenter:100:100.jpg?dr=9640&refresh_token=0c685506&x-expires=1756285200&x-signature=xkIVaihE56tM1yyzSoL%2BxISovs8%3D&t=4d5b0474&ps=13740610&shp=30310797&shcp=ff37627b&idc=useast5",
            "_total_reply": 0,
            "_replies": []
        },
        {
            "_comment_id": "7449019631037776686",
            "_username": "tinyhappythings2",
            "_nickname": "TinyHappyThings",
            "_comment": "All of them... 🤐",
            "_create_time": "2024-12-16T15:41:03",
            "_avatar": "https://p16-sign.tiktokcdn-us.com/tos-useast5-avt-0068-tx/fb86e41b19cd3222a659a422c84c8c63~tplv-tiktokx-cropcenter:100:100.jpg?dr=9640&refresh_token=5d0522b9&x-expires=1756285200&x-signature=t6dmO%2BJnLrB1xcOSqDl78rdprbw%3D&t=4d5b0474&ps=13740610&shp=30310797&shcp=ff37627b&idc=useast5",
            "_total_reply": 0,
            "_replies": []
        },
        {
            "_comment_id": "7449015602347918122",
            "_username": "hongkongadrian",
            "_nickname": "HongKong",
            "_comment": "♥️♥️♥️",
            "_create_time": "2024-12-16T15:25:20",
            "_avatar": "https://p19-sign.tiktokcdn-us.com/tos-useast5-avt-0068-tx/7367168276750663726~tplv-tiktokx-cropcenter:100:100.jpg?dr=9640&refresh_token=79724443&x-expires=1756285200&x-signature=UYt9bQK3nOlSoE3LlUvJgtsgVDc%3D&t=4d5b0474&ps=13740610&shp=30310797&shcp=ff37627b&idc=useast5",
            "_total_reply": 0,
            "_replies": []
        },
        {
            "_comment_id": "7448870219143643936",
            "_username": "annatom21",
            "_nickname": "Anna💖🐉📚",
            "_comment": "All ❤️they are all gorgeous",
            "_create_time": "2024-12-16T06:02:34",
            "_avatar": "https://p16-common-sign-va.tiktokcdn-us.com/tos-maliva-avt-0068/f62961ece58d8a62c5814ebcc662d1e4~tplv-tiktokx-cropcenter:100:100.jpg?dr=9640&refresh_token=7580fc6a&x-expires=1756285200&x-signature=84xap%2FTgSC3l0IK54pE%2Fg8ER8Ss%3D&t=4d5b0474&ps=13740610&shp=30310797&shcp=ff37627b&idc=useast5",
            "_total_reply": 1,
            "_replies": [
                {
                    "_comment_id": "7449023146567336726",
                    "_username": "lancome.official",
                    "_nickname": "Lancôme",
                    "_comment": "🤭❤️",
                    "_create_time": "2024-12-16T15:54:57",
                    "_avatar": "https://p16-common-sign-va.tiktokcdn-us.com/tos-maliva-avt-0068/9424f6caa6a8781766ccf45ddf0a0a0d~tplv-tiktokx-cropcenter:100:100.jpg?dr=9640&refresh_token=3b5db7e6&x-expires=1756285200&x-signature=e%2F9wLN2Xb5w40k7tbO%2FkvD8%2BllM%3D&t=4d5b0474&ps=13740610&shp=30310797&shcp=ff37627b&idc=useast5",
                    "_total_reply": null,
                    "_replies": []
                }
            ]
        },
        {
            "_comment_id": "7448769541783667489",
            "_username": "beautyintheeast_",
            "_nickname": "BeautyintheEast",
            "_comment": "😍",
            "_create_time": "2024-12-15T23:30:18",
            "_avatar": "https://p16-common-sign-useast2a.tiktokcdn-us.com/tos-useast2a-avt-0068-euttp/2d190dfbd10697d9629433a98b78bfa1~tplv-tiktokx-cropcenter:100:100.jpg?dr=9640&refresh_token=10ebfaf8&x-expires=1756285200&x-signature=riZyZgZ192IZigDyH8zh%2F0sDsK0%3D&t=4d5b0474&ps=13740610&shp=30310797&shcp=ff37627b&idc=useast5",
            "_total_reply": 0,
            "_replies": []
        },
        {
            "_comment_id": "7448769219305702177",
            "_username": "amyc3333",
            "_nickname": "amy",
            "_comment": "Them all",
            "_create_time": "2024-12-15T23:29:16",
            "_avatar": "https://p16-common-sign-useast2a.tiktokcdn-us.com/tos-useast2a-avt-0068-euttp/373c2741cc83811383913b9ee25c01d5~tplv-tiktokx-cropcenter:100:100.jpg?dr=9640&refresh_token=1f6627ef&x-expires=1756285200&x-signature=p25NGssskVY9L9OdkZbJ9ezDF4Y%3D&t=4d5b0474&ps=13740610&shp=30310797&shcp=ff37627b&idc=useast5",
            "_total_reply": 0,
            "_replies": []
        },
        {
            "_comment_id": "7448761956439769878",
            "_username": "swedishfinds",
            "_nickname": "Swedish Finds|Content Creator",
            "_comment": "What beautiful shades! Chai has my 🤎",
            "_create_time": "2024-12-15T23:01:13",
            "_avatar": "https://p19-common-sign-va.tiktokcdn-us.com/tos-maliva-avt-0068/143866cfc556ee9c3154dbb3fd2ed04b~tplv-tiktokx-cropcenter:100:100.jpg?dr=9640&refresh_token=26b47742&x-expires=1756285200&x-signature=LSnxLMUbhY%2FCz9NF3Gg%2BHXylNbY%3D&t=4d5b0474&ps=13740610&shp=30310797&shcp=ff37627b&idc=useast5",
            "_total_reply": 0,
            "_replies": []
        },
        {
            "_comment_id": "7448716378343359263",
            "_username": "popbrownskin_7",
            "_nickname": "Pop Brownskin",
            "_comment": "Nice shades🥰🥰❤️",
            "_create_time": "2024-12-15T20:03:57",
            "_avatar": "https://p16-sign.tiktokcdn-us.com/tos-useast5-avt-0068-tx/47047086c7b8d918558e7f521f155396~tplv-tiktokx-cropcenter:100:100.jpg?dr=9640&refresh_token=d2c3e607&x-expires=1756285200&x-signature=uCZ7vqMkK5kn%2Bhk498bU6ICZK04%3D&t=4d5b0474&ps=13740610&shp=30310797&shcp=ff37627b&idc=useast5",
            "_total_reply": 1,
            "_replies": [
                {
                    "_comment_id": "7448096099292201760",
                    "_username": "lancome.official",
                    "_nickname": "Lancôme",
                    "_comment": "glad you love them 🥰",
                    "_create_time": "2024-12-15T20:52:24",
                    "_avatar": "https://p16-common-sign-va.tiktokcdn-us.com/tos-maliva-avt-0068/9424f6caa6a8781766ccf45ddf0a0a0d~tplv-tiktokx-cropcenter:100:100.jpg?dr=9640&refresh_token=3b5db7e6&x-expires=1756285200&x-signature=e%2F9wLN2Xb5w40k7tbO%2FkvD8%2BllM%3D&t=4d5b0474&ps=13740610&shp=30310797&shcp=ff37627b&idc=useast5",
                    "_total_reply": null,
                    "_replies": []
                }
            ]
        },
        {
            "_comment_id": "7448715518904632097",
            "_username": "rando__edits4u",
            "_nickname": "mainlyedits",
            "_comment": "Need sample",
            "_create_time": "2024-12-15T20:00:39",
            "_avatar": "https://p16-common-sign-va.tiktokcdn-us.com/tos-maliva-avt-0068/8f879a0959077034cd8915693f8451f3~tplv-tiktokx-cropcenter:100:100.jpg?dr=9640&refresh_token=c89ee249&x-expires=1756285200&x-signature=4kiQHZyDo3GQj0UIpMT6ZdBSg6I%3D&t=4d5b0474&ps=13740610&shp=30310797&shcp=ff37627b&idc=useast5",
            "_total_reply": 0,
            "_replies": []
        },
        {
            "_comment_id": "7448710638526333728",
            "_username": "ldlptunaspasdetalent",
            "_nickname": "Anna",
            "_comment": "@AIDA REDRU @Lancôme 💜💜💜💜",
            "_create_time": "2024-12-15T19:41:52",
            "_avatar": "https://p16-common-sign-va.tiktokcdn-us.com/tos-maliva-avt-0068/ce85584c56ba6e98576a40d1b88e7a61~tplv-tiktokx-cropcenter:100:100.jpg?dr=9640&refresh_token=db177c30&x-expires=1756285200&x-signature=qgKWiVNjKT4Z%2Bur6Qe3KcWX5OzY%3D&t=4d5b0474&ps=13740610&shp=30310797&shcp=ff37627b&idc=useast5",
            "_total_reply": 0,
            "_replies": []
        }
    ],
    "total_comments": 20
}