{
    "original_url": "https://www.tiktok.com/@lancome.official/video/7451269524973686038",
    "video_id": "7451269524973686038",
    "description": "BURNT ROSE on @DANIELLE 🌹 It’s time to get messy. Light up the night in the Burnt Rose look featuring a charcoal eye and rosy red lip. The perfect look for festive celebrations and evenings to remember. Learn how to recreate it using icons from the Celestial Collection with Danielle. #MESSWITHLANCOME MUA: Danielle Marcan  Hair: Noemie Laborde Styling: Niki Pauls Nails: Yoana Tg Video: Guillaume Gabriel & Fabien Mancel + Visionneurs Production: @Say Who  LOOK DETAILS⬇️ STEP 1 - COMPLEXION Teint Idole Ultra Wear Foundation Teint Idole Ultra Wear All Over Concealer STEP 2 - EYES Celestial Rose Eyes & Face Palette (using shades Mystical Brown, Celestial Rose, Star Glint) Le Stylo Waterproof in shade 03 Chocolate Lash Idôle Eyeliner in shade 01 Glossy Black Hypnôse Drama Mascara STEP 3 - LIPS Lip Idôle Lip Shaper in shade 60 Million Dollar Berry L’Absolu Rouge Drama Matte in shade 196 French Touch #Lancome #DanielleMarcan #TimeToGetMessy #Makeup #Makeuptok #Beauty #BeautyTok #BurntRose #HolidayLook #HolidayMakeup #CelestialRosePalette ",
    "video_url": "https://m.tiktok.com/v/7451269524973686038.html?_d=0&comment_author_id=7373992483959849991&preview_pb=0&share_comment_id=7453782678232695560&share_item_id=7451269524973686038&sharer_language=en&source=h5_m&u_code=0",
    "tags": [
        "#MESSWITHLANCOME",
        "#Lancome",
        "#DanielleMarcan",
        "#TimeToGetMessy",
        "#Makeup",
        "#Makeuptok",
        "#Beauty",
        "#BeautyTok",
        "#BurntRose",
        "#HolidayLook",
        "#HolidayMakeup",
        "#CelestialRosePalette"
    ],
    "comments": [
        {
            "_comment_id": "7453782678232695560",
            "_username": "cupstacking_4ever",
            "_nickname": "cupstacking_4ever",
            "_comment": "omggg cutee💜",
            "_create_time": "2024-12-29T11:43:48",
            "_avatar": "https://p19-common-sign-sg.tiktokcdn-us.com/tos-alisg-avt-0068/a1810c678418ad99d1940ce1e7f45021~tplv-tiktokx-cropcenter:100:100.jpg?dr=9640&refresh_token=74197fb5&x-expires=1756285200&x-signature=5g3ecZ5gUFsAEtsXhPhjqtXD1Yg%3D&t=4d5b0474&ps=13740610&shp=30310797&shcp=ff37627b&idc=useast5",
            "_total_reply": 0,
            "_replies": []
        },
        {
            "_comment_id": "7451274847907873558",
            "_username": "ldlptunaspasdetalent",
            "_nickname": "Anna",
            "_comment": "@AIDA REDRU @Lancôme 💜💜💜💜💜💜",
            "_create_time": "2024-12-22T17:32:18",
            "_avatar": "https://p16-common-sign-va.tiktokcdn-us.com/tos-maliva-avt-0068/ce85584c56ba6e98576a40d1b88e7a61~tplv-tiktokx-cropcenter:100:100.jpg?dr=9640&refresh_token=db177c30&x-expires=1756285200&x-signature=qgKWiVNjKT4Z%2Bur6Qe3KcWX5OzY%3D&t=4d5b0474&ps=13740610&shp=30310797&shcp=ff37627b&idc=useast5",
            "_total_reply": 0,
            "_replies": []
        },
        {
            "_comment_id": "7458769230819803912",
            "_username": "defnotnina4",
            "_nickname": "nina",
            "_comment": "Omg so pretty!",
            "_create_time": "2025-01-11T22:15:08",
            "_avatar": "https://p16-common-sign-sg.tiktokcdn-us.com/tos-alisg-avt-0068/df9d90c4dad04505bbc4394d02999b12~tplv-tiktokx-cropcenter:100:100.jpg?dr=9640&refresh_token=4df614a7&x-expires=1756285200&x-signature=fJHBn5BEB3w3uL%2BYXbU6vvNkEdE%3D&t=4d5b0474&ps=13740610&shp=30310797&shcp=ff37627b&idc=useast5",
            "_total_reply": 3,
            "_replies": [
                {
                    "_comment_id": "7457989268502725409",
                    "_username": "lancome.official",
                    "_nickname": "Lancôme",
                    "_comment": "the prettiest 🥰",
                    "_create_time": "2025-01-11T22:29:18",
                    "_avatar": "https://p16-common-sign-va.tiktokcdn-us.com/tos-maliva-avt-0068/9424f6caa6a8781766ccf45ddf0a0a0d~tplv-tiktokx-cropcenter:100:100.jpg?dr=9640&refresh_token=3b5db7e6&x-expires=1756285200&x-signature=e%2F9wLN2Xb5w40k7tbO%2FkvD8%2BllM%3D&t=4d5b0474&ps=13740610&shp=30310797&shcp=ff37627b&idc=useast5",
                    "_total_reply": null,
                    "_replies": []
                },
                {
                    "_comment_id": "7458785974061007624",
                    "_username": "defnotnina4",
                    "_nickname": "nina",
                    "_comment": "Definitely the prettiest",
                    "_create_time": "2025-01-11T23:20:15",
                    "_avatar": "https://p16-common-sign-sg.tiktokcdn-us.com/tos-alisg-avt-0068/df9d90c4dad04505bbc4394d02999b12~tplv-tiktokx-cropcenter:100:100.jpg?dr=9640&refresh_token=4df614a7&x-expires=1756285200&x-signature=fJHBn5BEB3w3uL%2BYXbU6vvNkEdE%3D&t=4d5b0474&ps=13740610&shp=30310797&shcp=ff37627b&idc=useast5",
                    "_total_reply": null,
                    "_replies": []
                },
                {
                    "_comment_id": "7459462878292460310",
                    "_username": "lancome.official",
                    "_nickname": "Lancôme",
                    "_comment": "Messing with Lancôme gives the best results 😍",
                    "_create_time": "2025-01-13T19:06:09",
                    "_avatar": "https://p16-common-sign-va.tiktokcdn-us.com/tos-maliva-avt-0068/9424f6caa6a8781766ccf45ddf0a0a0d~tplv-tiktokx-cropcenter:100:100.jpg?dr=9640&refresh_token=3b5db7e6&x-expires=1756285200&x-signature=e%2F9wLN2Xb5w40k7tbO%2FkvD8%2BllM%3D&t=4d5b0474&ps=13740610&shp=30310797&shcp=ff37627b&idc=useast5",
                    "_total_reply": null,
                    "_replies": []
                }
            ]
        },
        {
            "_comment_id": "7451290443339875094",
            "_username": "annang042",
            "_nickname": "anna",
            "_comment": "🥰",
            "_create_time": "2024-12-22T18:32:47",
            "_avatar": "https://p16-common-sign-va.tiktokcdn-us.com/tos-maliva-avt-0068/7c3e761751fa337405fde2251afc615e~tplv-tiktokx-cropcenter:100:100.jpg?dr=9640&refresh_token=f4805879&x-expires=1756285200&x-signature=yErcYdhIEnsCN853%2FaXqvzyhQ34%3D&t=4d5b0474&ps=13740610&shp=30310797&shcp=ff37627b&idc=useast5",
            "_total_reply": 0,
            "_replies": []
        },
        {
            "_comment_id": "7451270364161737505",
            "_username": "newt4315",
            "_nickname": "Newt",
            "_comment": "firsttt💜💜💜",
            "_create_time": "2024-12-22T17:14:47",
            "_avatar": "https://p16-common-sign-va.tiktokcdn-us.com/tos-maliva-avt-0068/1fac4e2c789dc23d02d735ef8448f4df~tplv-tiktokx-cropcenter:100:100.jpg?dr=9640&refresh_token=d3da9f31&x-expires=1756285200&x-signature=QA%2FKxYZWBMuIDHNN325AdBpV5m4%3D&t=4d5b0474&ps=13740610&shp=30310797&shcp=ff37627b&idc=useast5",
            "_total_reply": 1,
            "_replies": [
                {
                    "_comment_id": "7450858252021105440",
                    "_username": "lancome.official",
                    "_nickname": "Lancôme",
                    "_comment": "hii 🌹",
                    "_create_time": "2024-12-22T23:41:20",
                    "_avatar": "https://p16-common-sign-va.tiktokcdn-us.com/tos-maliva-avt-0068/9424f6caa6a8781766ccf45ddf0a0a0d~tplv-tiktokx-cropcenter:100:100.jpg?dr=9640&refresh_token=3b5db7e6&x-expires=1756285200&x-signature=e%2F9wLN2Xb5w40k7tbO%2FkvD8%2BllM%3D&t=4d5b0474&ps=13740610&shp=30310797&shcp=ff37627b&idc=useast5",
                    "_total_reply": null,
                    "_replies": []
                }
            ]
        },
        {
            "_comment_id": "7451729245506208542",
            "_username": "popbrownskin_7",
            "_nickname": "Pop Brownskin",
            "_comment": "🥰🥰🥰",
            "_create_time": "2024-12-23T22:55:29",
            "_avatar": "https://p16-sign.tiktokcdn-us.com/tos-useast5-avt-0068-tx/47047086c7b8d918558e7f521f155396~tplv-tiktokx-cropcenter:100:100.jpg?dr=9640&refresh_token=d2c3e607&x-expires=1756285200&x-signature=uCZ7vqMkK5kn%2Bhk498bU6ICZK04%3D&t=4d5b0474&ps=13740610&shp=30310797&shcp=ff37627b&idc=useast5",
            "_total_reply": 0,
            "_replies": []
        },
        {
            "_comment_id": "7463194944306758446",
            "_username": "cclaire12348",
            "_nickname": "CCLAIRE1234",
            "_comment": "❤️❤️",
            "_create_time": "2025-01-23T20:28:42",
            "_avatar": "https://p16-pu-sign-useast8.tiktokcdn-us.com/tos-useast5-avt-0068-tx/0fa2cab8424fc9a523cd9d9b08281748~tplv-tiktokx-cropcenter:100:100.jpg?dr=9640&refresh_token=ec06fd78&x-expires=1756285200&x-signature=o%2F9pvzkyDVkC3rQwgGk8X8kSlyc%3D&t=4d5b0474&ps=13740610&shp=30310797&shcp=ff37627b&idc=useast5",
            "_total_reply": 0,
            "_replies": []
        },
        {
            "_comment_id": "7455029090559771424",
            "_username": "coco_thatgirl0",
            "_nickname": "𝚌𝚘𝚌𝚘 ✞☆♪",
            "_comment": "ITS GIVINGGG X 😍😍",
            "_create_time": "2025-01-01T20:20:29",
            "_avatar": "https://p16-common-sign-va.tiktokcdn-us.com/tos-maliva-avt-0068/c42721490d3b3f062210db64148f1804~tplv-tiktokx-cropcenter:100:100.jpg?dr=9640&refresh_token=67701f68&x-expires=1756285200&x-signature=exrDtB67kd2E9PkgWi5WCog%2FfCU%3D&t=4d5b0474&ps=13740610&shp=30310797&shcp=ff37627b&idc=useast5",
            "_total_reply": 2,
            "_replies": [
                {
                    "_comment_id": "7454533052979692321",
                    "_username": "lancome.official",
                    "_nickname": "Lancôme",
                    "_comment": "EVERYTHING",
                    "_create_time": "2025-01-01T21:40:02",
                    "_avatar": "https://p19-common-sign-va.tiktokcdn-us.com/tos-maliva-avt-0068/9424f6caa6a8781766ccf45ddf0a0a0d~tplv-tiktokx-cropcenter:100:100.jpg?dr=9640&refresh_token=080a2fa3&x-expires=1756285200&x-signature=U2A4PyUauWURVkD5%2Fpw5HihWG5Y%3D&t=4d5b0474&ps=13740610&shp=30310797&shcp=ff37627b&idc=useast5",
                    "_total_reply": null,
                    "_replies": []
                },
                {
                    "_comment_id": "7455232404077445920",
                    "_username": "coco_thatgirl0",
                    "_nickname": "𝚌𝚘𝚌𝚘 ✞☆♪",
                    "_comment": "Frrr 😍",
                    "_create_time": "2025-01-02T09:30:02",
                    "_avatar": "https://p16-common-sign-va.tiktokcdn-us.com/tos-maliva-avt-0068/c42721490d3b3f062210db64148f1804~tplv-tiktokx-cropcenter:100:100.jpg?dr=9640&refresh_token=67701f68&x-expires=1756285200&x-signature=exrDtB67kd2E9PkgWi5WCog%2FfCU%3D&t=4d5b0474&ps=13740610&shp=30310797&shcp=ff37627b&idc=useast5",
                    "_total_reply": null,
                    "_replies": []
                }
            ]
        },
        {
            "_comment_id": "7453680674072298248",
            "_username": "r_ajpu_t0",
            "_nickname": "RAJPUT",
            "_comment": "🥰",
            "_create_time": "2024-12-29T05:07:55",
            "_avatar": "https://p16-common-sign-sg.tiktokcdn-us.com/tos-alisg-avt-0068/ceacc263fe762b660b9d449101bce3c8~tplv-tiktokx-cropcenter:100:100.jpg?dr=9640&refresh_token=638acd4f&x-expires=1756285200&x-signature=2d%2FBEFIWHWjsIMTj1XCpBuiOxFs%3D&t=4d5b0474&ps=13740610&shp=30310797&shcp=ff37627b&idc=useast5",
            "_total_reply": 0,
            "_replies": []
        },
        {
            "_comment_id": "7452370977528939286",
            "_username": "canal_da_gringa",
            "_nickname": "Canal da Gringa",
            "_comment": "Nice❤️❤️❤️❤️❤️❤️❤️",
            "_create_time": "2024-12-25T16:25:51",
            "_avatar": "https://p16-common-sign-va.tiktokcdn-us.com/tos-maliva-avt-0068/4cf32b668cf7b571a95f213fcd04d5fb~tplv-tiktokx-cropcenter:100:100.jpg?dr=9640&refresh_token=f0163de7&x-expires=1756285200&x-signature=g6vM%2BwoRAosHSEUYdD%2FelH5vl70%3D&t=4d5b0474&ps=13740610&shp=30310797&shcp=ff37627b&idc=useast5",
            "_total_reply": 0,
            "_replies": []
        },
        {
            "_comment_id": "7452365215755649814",
            "_username": "user608224820818",
            "_nickname": "user608224820818",
            "_comment": "♥️🎄🎁♥️🎄🎁",
            "_create_time": "2024-12-25T16:03:34",
            "_avatar": "https://p16-common-sign-va.tiktokcdn-us.com/tos-maliva-avt-0068/7179889643713167366~tplv-tiktokx-cropcenter:100:100.jpg?dr=9640&refresh_token=f3eb48f6&x-expires=1756285200&x-signature=Z5m09U%2FMM5u73tuk3YfaFmYRRZs%3D&t=4d5b0474&ps=13740610&shp=30310797&shcp=ff37627b&idc=useast5",
            "_total_reply": 0,
            "_replies": []
        },
        {
            "_comment_id": "7452153497392366369",
            "_username": "jimenajimenez3100",
            "_nickname": "jimena  j",
            "_comment": "🎅🏻",
            "_create_time": "2024-12-25T02:22:10",
            "_avatar": "https://p16-common-sign-useast2a.tiktokcdn-us.com/tos-useast2a-avt-0068-euttp/e30947ca2ce39e5cceb1bca9920d6be1~tplv-tiktokx-cropcenter:100:100.jpg?dr=9640&refresh_token=a7ff12a1&x-expires=1756285200&x-signature=I2Af6AmElDLZHtBFINCF0LgLmZA%3D&t=4d5b0474&ps=13740610&shp=30310797&shcp=ff37627b&idc=useast5",
            "_total_reply": 0,
            "_replies": []
        },
        {
            "_comment_id": "7451634884328293142",
            "_username": "eylese",
            "_nickname": "🤍Oliwia🤍",
            "_comment": "❤️❤️❤️",
            "_create_time": "2024-12-23T16:49:26",
            "_avatar": "https://p16-common-sign-va.tiktokcdn-us.com/tos-maliva-avt-0068/5762bbbf4db388900af849ee6c7c8115~tplv-tiktokx-cropcenter:100:100.jpg?dr=9640&refresh_token=1d914014&x-expires=1756285200&x-signature=CtiyKUS5sJaa%2B8EuuFIGLYrKc%2Fo%3D&t=4d5b0474&ps=13740610&shp=30310797&shcp=ff37627b&idc=useast5",
            "_total_reply": 0,
            "_replies": []
        },
        {
            "_comment_id": "7451496941924860673",
            "_username": "larisa.sarchisean",
            "_nickname": "larisa.sarchisean",
            "_comment": "💐🥰",
            "_create_time": "2024-12-23T07:54:10",
            "_avatar": "https://p16-common-sign-sg.tiktokcdn-us.com/tos-alisg-avt-0068/594b494f7426e239c7bad93e4dcfcde2~tplv-tiktokx-cropcenter:100:100.jpg?dr=9640&refresh_token=6a1c28bd&x-expires=1756285200&x-signature=iHTfOd%2Fbuk%2F0chkXlVDxnGSz%2BZY%3D&t=4d5b0474&ps=13740610&shp=30310797&shcp=ff37627b&idc=useast5",
            "_total_reply": 0,
            "_replies": []
        },
        {
            "_comment_id": "7451439427697984298",
            "_username": "nidia.de.leon8",
            "_nickname": "Nidia De leon",
            "_comment": "Beautiful!!😍",
            "_create_time": "2024-12-23T04:11:01",
            "_avatar": "https://p16-pu-sign-useast8.tiktokcdn-us.com/tos-useast5-avt-0068-tx/816b72f2ace8ce43013954f0835af521~tplv-tiktokx-cropcenter:100:100.jpg?dr=9640&refresh_token=3a18c119&x-expires=1756285200&x-signature=xxiKMBjNjPSaZYOUvurib6fDsRQ%3D&t=4d5b0474&ps=13740610&shp=30310797&shcp=ff37627b&idc=useast5",
            "_total_reply": 0,
            "_replies": []
        },
        {
            "_comment_id": "7451424149627781919",
            "_username": "user2978019398178",
            "_nickname": "user2978019398178",
            "_comment": "Obsessed with the packaging",
            "_create_time": "2024-12-23T03:11:36",
            "_avatar": "https://p16-common-sign-va.tiktokcdn-us.com/musically-maliva-obj/1594805258216454~tplv-tiktokx-cropcenter:100:100.jpg?dr=9640&refresh_token=1eddef81&x-expires=1756285200&x-signature=3Uod4G5YDdtM6ftq0hIfHEgbZpI%3D&t=4d5b0474&ps=13740610&shp=30310797&shcp=ff37627b&idc=useast5",
            "_total_reply": 1,
            "_replies": [
                {
                    "_comment_id": "7451958619605992214",
                    "_username": "lancome.official",
                    "_nickname": "Lancôme",
                    "_comment": "Us tooo ✨✨✨",
                    "_create_time": "2024-12-24T13:45:35",
                    "_avatar": "https://p16-common-sign-va.tiktokcdn-us.com/tos-maliva-avt-0068/9424f6caa6a8781766ccf45ddf0a0a0d~tplv-tiktokx-cropcenter:100:100.jpg?dr=9640&refresh_token=3b5db7e6&x-expires=1756285200&x-signature=e%2F9wLN2Xb5w40k7tbO%2FkvD8%2BllM%3D&t=4d5b0474&ps=13740610&shp=30310797&shcp=ff37627b&idc=useast5",
                    "_total_reply": null,
                    "_replies": []
                }
            ]
        },
        {
            "_comment_id": "7451275125670675222",
            "_username": "mickyaid",
            "_nickname": "mickyad",
            "_comment": "with @AIDA REDRU better🥰🥰",
            "_create_time": "2024-12-22T17:33:24",
            "_avatar": "https://p19-common-sign-useast2a.tiktokcdn-us.com/tos-useast2a-avt-0068-euttp/c2d96f3d8d8b868add747a284bf5c3df~tplv-tiktokx-cropcenter:100:100.jpg?dr=9640&refresh_token=e381e6f8&x-expires=1756285200&x-signature=k%2BEo0t7G2zfN20UoQdY%2FTkTpkwY%3D&t=4d5b0474&ps=13740610&shp=30310797&shcp=ff37627b&idc=useast5",
            "_total_reply": 0,
            "_replies": []
        }
    ],
    "total_comments": 17
}