{
    "original_url": "https://www.tiktok.com/@lancome.official/video/7454893980493352214",
    "video_id": "7454893980493352214",
    "description": "It’s time to break the ice and ignite the power of the rose. Embrace a season of renewal and radiance with Global Ambassador Ni Ni, and celebrate 90 years of beauty and happiness.  #Lancome #LancomeNewYear #LunarNewYear #NewYear25 #LancomexNiNi #NiNi #Celebration #Beauty #Art ",
    "video_url": "https://m.tiktok.com/v/7454893980493352214.html?_d=0&comment_author_id=7351838998988506117&preview_pb=0&share_comment_id=7454894938485654277&share_item_id=7454893980493352214&sharer_language=en&source=h5_m&u_code=0",
    "tags": [
        "#Lancome",
        "#LancomeNewYear",
        "#LunarNewYear",
        "#NewYear25",
        "#LancomexNiNi",
        "#NiNi",
        "#Celebration",
        "#Beauty",
        "#Art"
    ],
    "comments": [
        {
            "_comment_id": "7454894938485654277",
            "_username": "_bisera_",
            "_nickname": "_bisera_",
            "_comment": "firstt ily Lancôme 🫶💜✨️",
            "_create_time": "2025-01-01T11:40:17",
            "_avatar": "https://p16-common-sign-va.tiktokcdn-us.com/tos-maliva-avt-0068/4f01dabc2ebd694d9074d34b568b445c~tplv-tiktokx-cropcenter:100:100.jpg?dr=9640&refresh_token=2798e553&x-expires=1756285200&x-signature=VAAkMB1x1Y%2F4bA7qTVDsSRvwlII%3D&t=4d5b0474&ps=13740610&shp=30310797&shcp=ff37627b&idc=useast5",
            "_total_reply": 2,
            "_replies": [
                {
                    "_comment_id": "7454316937699509025",
                    "_username": "lancome.official",
                    "_nickname": "Lancôme",
                    "_comment": "love you 🥰 ❤️",
                    "_create_time": "2025-01-01T21:33:12",
                    "_avatar": "https://p16-common-sign-va.tiktokcdn-us.com/tos-maliva-avt-0068/9424f6caa6a8781766ccf45ddf0a0a0d~tplv-tiktokx-cropcenter:100:100.jpg?dr=9640&refresh_token=3b5db7e6&x-expires=1756285200&x-signature=e%2F9wLN2Xb5w40k7tbO%2FkvD8%2BllM%3D&t=4d5b0474&ps=13740610&shp=30310797&shcp=ff37627b&idc=useast5",
                    "_total_reply": null,
                    "_replies": []
                },
                {
                    "_comment_id": "7455238889537438486",
                    "_username": "ldlptunaspasdetalent",
                    "_nickname": "Anna",
                    "_comment": "@AIDA REDRU @Lancôme 💜💜💜💜💜",
                    "_create_time": "2025-01-02T09:54:59",
                    "_avatar": "https://p16-common-sign-va.tiktokcdn-us.com/tos-maliva-avt-0068/ce85584c56ba6e98576a40d1b88e7a61~tplv-tiktokx-cropcenter:100:100.jpg?dr=9640&refresh_token=db177c30&x-expires=1756285200&x-signature=qgKWiVNjKT4Z%2Bur6Qe3KcWX5OzY%3D&t=4d5b0474&ps=13740610&shp=30310797&shcp=ff37627b&idc=useast5",
                    "_total_reply": null,
                    "_replies": []
                }
            ]
        },
        {
            "_comment_id": "7456566310156862215",
            "_username": "yasemindemir8377",
            "_nickname": "Yasemin DEMİR",
            "_comment": "benim olmalı ❤️",
            "_create_time": "2025-01-05T23:45:58",
            "_avatar": "https://p16-common-sign-sg.tiktokcdn-us.com/tos-alisg-avt-0068/43d8e52f9aaa95984884601c7985d7d0~tplv-tiktokx-cropcenter:100:100.jpg?dr=9640&refresh_token=f91ac539&x-expires=1756285200&x-signature=0spWvLlzQO70F1m3VtMv8mb0j%2Bw%3D&t=4d5b0474&ps=13740610&shp=30310797&shcp=ff37627b&idc=useast5",
            "_total_reply": 0,
            "_replies": []
        },
        {
            "_comment_id": "7455069335716561669",
            "_username": "vals_580",
            "_nickname": "🎀valuuu🎀",
            "_comment": "Love you lancôme💗",
            "_create_time": "2025-01-01T22:56:52",
            "_avatar": "https://p16-common-sign-va.tiktokcdn-us.com/tos-maliva-avt-0068/eb09fc8da845b65313e5e4eaa52bcadf~tplv-tiktokx-cropcenter:100:100.jpg?dr=9640&refresh_token=1b128556&x-expires=1756285200&x-signature=2vK6Aphuo5aWBiIAphpKPqomo24%3D&t=4d5b0474&ps=13740610&shp=30310797&shcp=ff37627b&idc=useast5",
            "_total_reply": 0,
            "_replies": []
        },
        {
            "_comment_id": "7462227575319577387",
            "_username": "itsashleyxnicole",
            "_nickname": "Ashley 🤍 | Content Creator",
            "_comment": "So good!",
            "_create_time": "2025-01-21T05:54:42",
            "_avatar": "https://p16-sign.tiktokcdn-us.com/tos-useast5-avt-0068-tx/631d7c11e3ee54743c59c3669580c15f~tplv-tiktokx-cropcenter:100:100.jpg?dr=9640&refresh_token=2f87be93&x-expires=1756285200&x-signature=Phtl4u%2BoQqx7qxVGN4SjxwyDlzE%3D&t=4d5b0474&ps=13740610&shp=30310797&shcp=ff37627b&idc=useast5",
            "_total_reply": 0,
            "_replies": []
        },
        {
            "_comment_id": "7454905124096820001",
            "_username": "noita._.nobita",
            "_nickname": "𝑵𝒐𝒂☆",
            "_comment": "43 minutes ❤",
            "_create_time": "2025-01-01T12:19:41",
            "_avatar": "https://p16-common-sign-va.tiktokcdn-us.com/tos-maliva-avt-0068/2842e22e8f6c91d7fe0d8017ebee7523~tplv-tiktokx-cropcenter:100:100.jpg?dr=9640&refresh_token=3cd02d35&x-expires=1756285200&x-signature=qmcS2IHIa8tSNNIyAROcsDrGEQQ%3D&t=4d5b0474&ps=13740610&shp=30310797&shcp=ff37627b&idc=useast5",
            "_total_reply": 0,
            "_replies": []
        },
        {
            "_comment_id": "7455291867245462294",
            "_username": "jesuismelodie412",
            "_nickname": "Mélodie NingJing",
            "_comment": "Loveeee",
            "_create_time": "2025-01-02T13:20:20",
            "_avatar": "https://p16-common-sign-va.tiktokcdn-us.com/tos-maliva-avt-0068/7330984805445697541~tplv-tiktokx-cropcenter:100:100.jpg?dr=9640&refresh_token=183993b6&x-expires=1756285200&x-signature=wxDMRdGX2bTl%2BhjDYf0EvLVO7fc%3D&t=4d5b0474&ps=13740610&shp=30310797&shcp=ff37627b&idc=useast5",
            "_total_reply": 0,
            "_replies": []
        },
        {
            "_comment_id": "7456279256987058951",
            "_username": "franca.v66",
            "_nickname": "Franca.v66",
            "_comment": "Best skin care in the world ❤️",
            "_create_time": "2025-01-05T05:11:47",
            "_avatar": "https://p16-common-sign-sg.tiktokcdn-us.com/tos-alisg-avt-0068/4bec255df7830af6a1628510750be197~tplv-tiktokx-cropcenter:100:100.jpg?dr=9640&refresh_token=0daa28f4&x-expires=1756285200&x-signature=gsArF17yoqWBqMLpAAinbYPery0%3D&t=4d5b0474&ps=13740610&shp=30310797&shcp=ff37627b&idc=useast5",
            "_total_reply": 1,
            "_replies": [
                {
                    "_comment_id": "7456083815518536480",
                    "_username": "lancome.official",
                    "_nickname": "Lancôme",
                    "_comment": "blushing 💕",
                    "_create_time": "2025-01-05T20:40:17",
                    "_avatar": "https://p16-common-sign-va.tiktokcdn-us.com/tos-maliva-avt-0068/9424f6caa6a8781766ccf45ddf0a0a0d~tplv-tiktokx-cropcenter:100:100.jpg?dr=9640&refresh_token=3b5db7e6&x-expires=1756285200&x-signature=e%2F9wLN2Xb5w40k7tbO%2FkvD8%2BllM%3D&t=4d5b0474&ps=13740610&shp=30310797&shcp=ff37627b&idc=useast5",
                    "_total_reply": null,
                    "_replies": []
                }
            ]
        },
        {
            "_comment_id": "7455006955393155845",
            "_username": "sab3_ws1",
            "_nickname": "Sabri💋",
            "_comment": "I love it",
            "_create_time": "2025-01-01T18:54:46",
            "_avatar": "https://p16-common-sign-va.tiktokcdn-us.com/tos-maliva-avt-0068/a4704e3cb40bed4ce0b86ee30d28466e~tplv-tiktokx-cropcenter:100:100.jpg?dr=9640&refresh_token=118685d7&x-expires=1756285200&x-signature=EPgZ8EFaVakN%2FYhMZuZgSEzw4eg%3D&t=4d5b0474&ps=13740610&shp=30310797&shcp=ff37627b&idc=useast5",
            "_total_reply": 0,
            "_replies": []
        },
        {
            "_comment_id": "7455296867543974676",
            "_username": "sabinesinno_",
            "_nickname": "Sabine Sinno",
            "_comment": "happy 90th birthday lancome💋",
            "_create_time": "2025-01-02T13:39:38",
            "_avatar": "https://p19-common-sign-sg.tiktokcdn-us.com/tos-alisg-avt-0068/7e32a842b6e918859b3445595bbbbf7e~tplv-tiktokx-cropcenter:100:100.jpg?dr=9640&refresh_token=4de88d66&x-expires=1756285200&x-signature=yGoNG66zYE%2BQJC44i58196I2LzQ%3D&t=4d5b0474&ps=13740610&shp=30310797&shcp=ff37627b&idc=useast5",
            "_total_reply": 0,
            "_replies": []
        },
        {
            "_comment_id": "7454989413794824968",
            "_username": "stitchlover9876",
            "_nickname": "Stitch🌸",
            "_comment": "Can plzz reply",
            "_create_time": "2025-01-01T17:46:31",
            "_avatar": "https://p16-common-sign-sg.tiktokcdn-us.com/tos-alisg-avt-0068/ad51b016ca2e87f862ab7d57dad4a717~tplv-tiktokx-cropcenter:100:100.jpg?dr=9640&refresh_token=805a94e3&x-expires=1756285200&x-signature=bcV3n7Rv69Q%2FdlQytiExagsnMkk%3D&t=4d5b0474&ps=13740610&shp=30310797&shcp=ff37627b&idc=useast5",
            "_total_reply": 0,
            "_replies": []
        },
        {
            "_comment_id": "7454908710725485345",
            "_username": "strang3r_thingz110",
            "_nickname": "strang3r_thingz011",
            "_comment": "Omg I love Lancôme!",
            "_create_time": "2025-01-01T12:33:22",
            "_avatar": "https://p16-common-sign-useast2a.tiktokcdn-us.com/tos-useast2a-avt-0068-euttp/2db1acb9f087b08379f259409db1a189~tplv-tiktokx-cropcenter:100:100.jpg?dr=9640&refresh_token=aae410e6&x-expires=1756285200&x-signature=6HtuKGBSi%2BKXxlWg8WzpSW0KFAs%3D&t=4d5b0474&ps=13740610&shp=30310797&shcp=ff37627b&idc=useast5",
            "_total_reply": 1,
            "_replies": [
                {
                    "_comment_id": "7454305177626034976",
                    "_username": "lancome.official",
                    "_nickname": "Lancôme",
                    "_comment": "🥰 ❤️",
                    "_create_time": "2025-01-01T21:36:16",
                    "_avatar": "https://p16-common-sign-va.tiktokcdn-us.com/tos-maliva-avt-0068/9424f6caa6a8781766ccf45ddf0a0a0d~tplv-tiktokx-cropcenter:100:100.jpg?dr=9640&refresh_token=3b5db7e6&x-expires=1756285200&x-signature=e%2F9wLN2Xb5w40k7tbO%2FkvD8%2BllM%3D&t=4d5b0474&ps=13740610&shp=30310797&shcp=ff37627b&idc=useast5",
                    "_total_reply": null,
                    "_replies": []
                }
            ]
        },
        {
            "_comment_id": "7455055625350742790",
            "_username": "teamtheblackphonee",
            "_nickname": "TEAM TBP🖤",
            "_comment": "mi top 1 lancôme 😻",
            "_create_time": "2025-01-01T22:03:40",
            "_avatar": "https://p16-common-sign-va.tiktokcdn-us.com/tos-maliva-avt-0068/a502ef5df81cfa92ec6c21268194c573~tplv-tiktokx-cropcenter:100:100.jpg?dr=9640&refresh_token=6780e6a9&x-expires=1756285200&x-signature=%2FWqxaJvh%2FSAs%2BnLQ5s40GGfoKeU%3D&t=4d5b0474&ps=13740610&shp=30310797&shcp=ff37627b&idc=useast5",
            "_total_reply": 0,
            "_replies": []
        },
        {
            "_comment_id": "7455087587637150496",
            "_username": "amyc3333",
            "_nickname": "amy",
            "_comment": "So pretty",
            "_create_time": "2025-01-02T00:07:35",
            "_avatar": "https://p16-common-sign-useast2a.tiktokcdn-us.com/tos-useast2a-avt-0068-euttp/373c2741cc83811383913b9ee25c01d5~tplv-tiktokx-cropcenter:100:100.jpg?dr=9640&refresh_token=1f6627ef&x-expires=1756285200&x-signature=p25NGssskVY9L9OdkZbJ9ezDF4Y%3D&t=4d5b0474&ps=13740610&shp=30310797&shcp=ff37627b&idc=useast5",
            "_total_reply": 0,
            "_replies": []
        },
        {
            "_comment_id": "7454903045526323975",
            "_username": "milenataylorsversion7",
            "_nickname": "Milena ⸆⸉ ꩜ ᖭི༏ᖫྀ",
            "_comment": "EARLY",
            "_create_time": "2025-01-01T12:11:22",
            "_avatar": "https://p16-common-sign-sg.tiktokcdn-us.com/tos-alisg-avt-0068/a7cffd1dfadeba71d16cb8a5be00f3e3~tplv-tiktokx-cropcenter:100:100.jpg?dr=9640&refresh_token=6b6f853d&x-expires=1756285200&x-signature=7WUfc2oVibrhik2DqjESEgATr7E%3D&t=4d5b0474&ps=13740610&shp=30310797&shcp=ff37627b&idc=useast5",
            "_total_reply": 0,
            "_replies": []
        },
        {
            "_comment_id": "7455550441964602130",
            "_username": "nic._.277",
            "_nickname": "Mary_.22",
            "_comment": "🤩🤩🤩",
            "_create_time": "2025-01-03T06:03:37",
            "_avatar": "https://p16-common-sign-sg.tiktokcdn-us.com/tos-alisg-avt-0068/11c8c9fd210d041d10b038903d51fa86~tplv-tiktokx-cropcenter:100:100.jpg?dr=9640&refresh_token=388080ed&x-expires=1756285200&x-signature=%2BCiSfJscJwr%2BxAAoenokQA4C4bQ%3D&t=4d5b0474&ps=13740610&shp=30310797&shcp=ff37627b&idc=useast5",
            "_total_reply": 0,
            "_replies": []
        },
        {
            "_comment_id": "7457256319620825898",
            "_username": "catdog6759",
            "_nickname": "catdog",
            "_comment": "😁😏🥰",
            "_create_time": "2025-01-07T20:23:28",
            "_avatar": "https://p16-common-sign-va.tiktokcdn-us.com/musically-maliva-obj/1594805258216454~tplv-tiktokx-cropcenter:100:100.jpg?dr=9640&refresh_token=1eddef81&x-expires=1756285200&x-signature=3Uod4G5YDdtM6ftq0hIfHEgbZpI%3D&t=4d5b0474&ps=13740610&shp=30310797&shcp=ff37627b&idc=useast5",
            "_total_reply": 0,
            "_replies": []
        },
        {
            "_comment_id": "7481454589440590638",
            "_username": "lilwishingstar",
            "_nickname": "lilwishingstar",
            "_comment": "❤️",
            "_create_time": "2025-03-14T00:25:08",
            "_avatar": "https://p16-sign.tiktokcdn-us.com/tos-useast5-avt-0068-tx/7b299aa236ff45001911883b5565eaf6~tplv-tiktokx-cropcenter:100:100.jpg?dr=9640&refresh_token=14495446&x-expires=1756285200&x-signature=fcpbn54f%2FBsPUs86fOgakh5SZvY%3D&t=4d5b0474&ps=13740610&shp=30310797&shcp=ff37627b&idc=useast5",
            "_total_reply": 0,
            "_replies": []
        },
        {
            "_comment_id": "7454895677459301142",
            "_username": "a259831",
            "_nickname": "🦋A",
            "_comment": "❤️",
            "_create_time": "2025-01-01T11:43:01",
            "_avatar": "https://p16-common-sign-va.tiktokcdn-us.com/tos-maliva-avt-0068/cb3da2f6e619a6796dd40c84be7423ba~tplv-tiktokx-cropcenter:100:100.jpg?dr=9640&refresh_token=f1f11975&x-expires=1756285200&x-signature=kZnEE5JfzgWmALZ5kZlY2pRjogY%3D&t=4d5b0474&ps=13740610&shp=30310797&shcp=ff37627b&idc=useast5",
            "_total_reply": 0,
            "_replies": []
        },
        {
            "_comment_id": "7455088119688577834",
            "_username": "mama_bear_232",
            "_nickname": "♡Sina♡_♡Mama_Wife♡",
            "_comment": "❤️",
            "_create_time": "2025-01-02T00:09:37",
            "_avatar": "https://p16-pu-sign-useast8.tiktokcdn-us.com/tos-useast5-avt-0068-tx/c35319f3ff16755f4c6d3c90e649222e~tplv-tiktokx-cropcenter:100:100.jpg?dr=9640&refresh_token=474253e8&x-expires=1756285200&x-signature=8wRXP5JBM84vj5sIsx1qS%2FvMtG0%3D&t=4d5b0474&ps=13740610&shp=30310797&shcp=ff37627b&idc=useast5",
            "_total_reply": 0,
            "_replies": []
        },
        {
            "_comment_id": "7455060555738383136",
            "_username": "mezzy39",
            "_nickname": "Maryann Southern",
            "_comment": "❤️",
            "_create_time": "2025-01-01T22:22:41",
            "_avatar": "https://p16-common-sign-va.tiktokcdn-us.com/tos-maliva-avt-0068/7861fc792d12a2fe7e14e4e5bbcfa427~tplv-tiktokx-cropcenter:100:100.jpg?dr=9640&refresh_token=c8b81718&x-expires=1756285200&x-signature=9BaDf48Dpf0Ch1%2BfDWujfsih4mc%3D&t=4d5b0474&ps=13740610&shp=30310797&shcp=ff37627b&idc=useast5",
            "_total_reply": 0,
            "_replies": []
        },
        {
            "_comment_id": "7454941813737521952",
            "_username": "ginte1990",
            "_nickname": "Gintare2004 🍓",
            "_comment": "♥️",
            "_create_time": "2025-01-01T14:41:55",
            "_avatar": "https://p16-common-sign-useast2a.tiktokcdn-us.com/tos-useast2a-avt-0068-euttp/033f760a6798505855d5f7bc59afc238~tplv-tiktokx-cropcenter:100:100.jpg?dr=9640&refresh_token=53bc68ae&x-expires=1756285200&x-signature=P95eB%2BhRGBQJCRqCWRVYcvmJ7hM%3D&t=4d5b0474&ps=13740610&shp=30310797&shcp=ff37627b&idc=useast5",
            "_total_reply": 0,
            "_replies": []
        },
        {
            "_comment_id": "7457254422930785054",
            "_username": "flower.lol01",
            "_nickname": "Chloe water",
            "_comment": "❤️",
            "_create_time": "2025-01-07T20:15:57",
            "_avatar": "https://p19-pu-sign-useast8.tiktokcdn-us.com/tos-useast5-avt-0068-tx/dd23dfcf0eadb3442c906050faf85859~tplv-tiktokx-cropcenter:100:100.jpg?dr=9640&refresh_token=0586b832&x-expires=1756285200&x-signature=tB6SLbLN4OtRdEz%2BorBuMNAUqbk%3D&t=4d5b0474&ps=13740610&shp=30310797&shcp=ff37627b&idc=useast5",
            "_total_reply": 0,
            "_replies": []
        },
        {
            "_comment_id": "7463194776603476779",
            "_username": "cclaire12348",
            "_nickname": "CCLAIRE1234",
            "_comment": "❤️❤️",
            "_create_time": "2025-01-23T20:27:46",
            "_avatar": "https://p19-pu-sign-useast8.tiktokcdn-us.com/tos-useast5-avt-0068-tx/0fa2cab8424fc9a523cd9d9b08281748~tplv-tiktokx-cropcenter:100:100.jpg?dr=9640&refresh_token=77152fc3&x-expires=1756285200&x-signature=N8KeYE%2BApMMApHrfBKgHmFXuFnA%3D&t=4d5b0474&ps=13740610&shp=30310797&shcp=ff37627b&idc=useast5",
            "_total_reply": 0,
            "_replies": []
        },
        {
            "_comment_id": "7455104887942005509",
            "_username": "nesquik18002",
            "_nickname": "𝓐𝓫𝓮𝓵",
            "_comment": "Olivia Rodrigo My bestie 🫦",
            "_create_time": "2025-01-02T01:14:57",
            "_avatar": "https://p16-common-sign-va.tiktokcdn-us.com/tos-maliva-avt-0068/aa946303847bd09321a72ae582d70cae~tplv-tiktokx-cropcenter:100:100.jpg?dr=9640&refresh_token=eaccdf5c&x-expires=1756285200&x-signature=pTjjljBDYUxmPJ6vISBYkKbnb14%3D&t=4d5b0474&ps=13740610&shp=30310797&shcp=ff37627b&idc=useast5",
            "_total_reply": 0,
            "_replies": []
        },
        {
            "_comment_id": "7454906006612132614",
            "_username": "boeingss727",
            "_nickname": "Sandra",
            "_comment": "Why - us older women can never look like that You need to be realistic choosing ambassadors",
            "_create_time": "2025-01-01T12:23:12",
            "_avatar": "https://p16-common-sign-va.tiktokcdn-us.com/tos-maliva-avt-0068/f3a9ed9ec9efb2fbf4d19670fe003693~tplv-tiktokx-cropcenter:100:100.jpg?dr=9640&refresh_token=17aa301c&x-expires=1756285200&x-signature=P%2BXEkJbZmE4AqTAZtKSRH3gfHpQ%3D&t=4d5b0474&ps=13740610&shp=30310797&shcp=ff37627b&idc=useast5",
            "_total_reply": 0,
            "_replies": []
        }
    ],
    "total_comments": 25
}