{
    "original_url": "https://www.tiktok.com/@lancome.official/video/7454526184345341206",
    "video_id": "7454526184345341206",
    "description": "With the new L’Absolu Rouge Drama Matte, every swipe is not just a color but a mood. ✨ #Lancome #Beauty #Makeup #Look #Lips #BeautyTok #MakeupTok #Red #Lipstick #LipstickLook #Matte  ",
    "video_url": "https://m.tiktok.com/v/7454526184345341206.html?_d=0&comment_author_id=6797440598255289349&preview_pb=0&share_comment_id=7454618499957228294&share_item_id=7454526184345341206&sharer_language=en&source=h5_m&u_code=0",
    "tags": [
        "#Lancome",
        "#Beauty",
        "#Makeup",
        "#Look",
        "#Lips",
        "#BeautyTok",
        "#MakeupTok",
        "#Red",
        "#Lipstick",
        "#LipstickLook",
        "#Matte"
    ],
    "comments": [
        {
            "_comment_id": "7454618499957228294",
            "_username": "stressedoutbrowngirl",
            "_nickname": "Ash",
            "_comment": "WHICH IS OLIVIA’S FAVOURITE???",
            "_create_time": "2024-12-31T17:47:15",
            "_avatar": "https://p19-common-sign-sg.tiktokcdn-us.com/tos-alisg-avt-0068/c62902aae69ee55f013179090a1ec17b~tplv-tiktokx-cropcenter:100:100.jpg?dr=9640&refresh_token=8b5998f8&x-expires=1756285200&x-signature=OgC8P3RjnNk9bbzEr6B10O%2FVsos%3D&t=4d5b0474&ps=13740610&shp=30310797&shcp=ff37627b&idc=useast5",
            "_total_reply": 1,
            "_replies": [
                {
                    "_comment_id": "7454734801225909014",
                    "_username": "oliviaknight415",
                    "_nickname": "𝓞𝓵𝓲𝓿𝓲𝓪ᵒᴿ (spilled)",
                    "_comment": "nude",
                    "_create_time": "2025-01-01T01:18:44",
                    "_avatar": "https://p16-common-sign-va.tiktokcdn-us.com/tos-maliva-avt-0068/fdf94373f27df8234e9d1b7dab789860~tplv-tiktokx-cropcenter:100:100.jpg?dr=9640&refresh_token=0479dc6c&x-expires=1756285200&x-signature=ws5uhpiWHAFkL8ia3CkI9cjwgpU%3D&t=4d5b0474&ps=13740610&shp=30310797&shcp=ff37627b&idc=useast5",
                    "_total_reply": null,
                    "_replies": []
                }
            ]
        },
        {
            "_comment_id": "7456134846412292896",
            "_username": "coco_thatgirl0",
            "_nickname": "𝚌𝚘𝚌𝚘 ✞☆♪",
            "_comment": "AAAH litterly adorable I’m obsessed",
            "_create_time": "2025-01-04T19:51:32",
            "_avatar": "https://p16-common-sign-va.tiktokcdn-us.com/tos-maliva-avt-0068/c42721490d3b3f062210db64148f1804~tplv-tiktokx-cropcenter:100:100.jpg?dr=9640&refresh_token=67701f68&x-expires=1756285200&x-signature=exrDtB67kd2E9PkgWi5WCog%2FfCU%3D&t=4d5b0474&ps=13740610&shp=30310797&shcp=ff37627b&idc=useast5",
            "_total_reply": 0,
            "_replies": []
        },
        {
            "_comment_id": "7454539796669858592",
            "_username": "itssjoelle11",
            "_nickname": "itssjoelle11",
            "_comment": "EARLY AND IM OBESSED🫶🏻💜",
            "_create_time": "2024-12-31T12:41:57",
            "_avatar": "https://p16-common-sign-va.tiktokcdn-us.com/tos-maliva-avt-0068/6a63b2da3a4b3addf7af9fbde6167d9e~tplv-tiktokx-cropcenter:100:100.jpg?dr=9640&refresh_token=5b2a43fd&x-expires=1756285200&x-signature=Yki6PbaKk9bDH3yIDYFetg%2FPR%2FI%3D&t=4d5b0474&ps=13740610&shp=30310797&shcp=ff37627b&idc=useast5",
            "_total_reply": 0,
            "_replies": []
        },
        {
            "_comment_id": "7454575070821630726",
            "_username": "jana_saurus",
            "_nickname": "Јана?",
            "_comment": "Obsessed with these but i know that slide number 3 is liv💜😭",
            "_create_time": "2024-12-31T14:58:54",
            "_avatar": "https://p19-common-sign-va.tiktokcdn-us.com/tos-maliva-avt-0068/d0b70185c9cafee4ddca23e1f3a5009c~tplv-tiktokx-cropcenter:100:100.jpg?dr=9640&refresh_token=7a18ee36&x-expires=1756285200&x-signature=S2qwBh9zP2tfy3inOthtMEdn0JE%3D&t=4d5b0474&ps=13740610&shp=30310797&shcp=ff37627b&idc=useast5",
            "_total_reply": 0,
            "_replies": []
        },
        {
            "_comment_id": "7454698573935936262",
            "_username": "ivandelriooficial",
            "_nickname": "ivandelriooficial",
            "_comment": "one more obsession 🤩",
            "_create_time": "2024-12-31T22:58:11",
            "_avatar": "https://p16-common-sign-sg.tiktokcdn-us.com/tos-alisg-avt-0068/9d4efa143cdca998b933c33a267c2c91~tplv-tiktokx-cropcenter:100:100.jpg?dr=9640&refresh_token=eab8e709&x-expires=1756285200&x-signature=8F6Rg80q6oHdD5Ege%2BcyaWZQG5Y%3D&t=4d5b0474&ps=13740610&shp=30310797&shcp=ff37627b&idc=useast5",
            "_total_reply": 2,
            "_replies": [
                {
                    "_comment_id": "7454726505126642454",
                    "_username": "lancome.official",
                    "_nickname": "Lancôme",
                    "_comment": "We have so many 🤭",
                    "_create_time": "2025-01-01T00:46:23",
                    "_avatar": "https://p16-common-sign-va.tiktokcdn-us.com/tos-maliva-avt-0068/9424f6caa6a8781766ccf45ddf0a0a0d~tplv-tiktokx-cropcenter:100:100.jpg?dr=9640&refresh_token=3b5db7e6&x-expires=1756285200&x-signature=e%2F9wLN2Xb5w40k7tbO%2FkvD8%2BllM%3D&t=4d5b0474&ps=13740610&shp=30310797&shcp=ff37627b&idc=useast5",
                    "_total_reply": null,
                    "_replies": []
                },
                {
                    "_comment_id": "7454903801479086870",
                    "_username": "ldlptunaspasdetalent",
                    "_nickname": "Anna",
                    "_comment": "@AIDA REDRU @Lancôme 💜💜💜💜",
                    "_create_time": "2025-01-01T12:14:31",
                    "_avatar": "https://p16-common-sign-va.tiktokcdn-us.com/tos-maliva-avt-0068/ce85584c56ba6e98576a40d1b88e7a61~tplv-tiktokx-cropcenter:100:100.jpg?dr=9640&refresh_token=db177c30&x-expires=1756285200&x-signature=qgKWiVNjKT4Z%2Bur6Qe3KcWX5OzY%3D&t=4d5b0474&ps=13740610&shp=30310797&shcp=ff37627b&idc=useast5",
                    "_total_reply": null,
                    "_replies": []
                }
            ]
        },
        {
            "_comment_id": "7454704628065272619",
            "_username": "itskaileyanna",
            "_nickname": "KAILEY ANNA",
            "_comment": "Too hard to choose one, I need them all!! 😍😍😍",
            "_create_time": "2024-12-31T23:21:30",
            "_avatar": "https://p19-sign.tiktokcdn-us.com/tos-useast5-avt-0068-tx/ece48ff351873e2d7fca783393cbfec3~tplv-tiktokx-cropcenter:100:100.jpg?dr=9640&refresh_token=2fc155c2&x-expires=1756285200&x-signature=8ipkuSHH2AhIADEmH2WFzhO18Zo%3D&t=4d5b0474&ps=13740610&shp=30310797&shcp=ff37627b&idc=useast5",
            "_total_reply": 1,
            "_replies": [
                {
                    "_comment_id": "7454726251115971350",
                    "_username": "lancome.official",
                    "_nickname": "Lancôme",
                    "_comment": "We’re not gonna stop you 😏",
                    "_create_time": "2025-01-01T00:45:28",
                    "_avatar": "https://p16-common-sign-va.tiktokcdn-us.com/tos-maliva-avt-0068/9424f6caa6a8781766ccf45ddf0a0a0d~tplv-tiktokx-cropcenter:100:100.jpg?dr=9640&refresh_token=3b5db7e6&x-expires=1756285200&x-signature=e%2F9wLN2Xb5w40k7tbO%2FkvD8%2BllM%3D&t=4d5b0474&ps=13740610&shp=30310797&shcp=ff37627b&idc=useast5",
                    "_total_reply": null,
                    "_replies": []
                }
            ]
        },
        {
            "_comment_id": "7454553517270500129",
            "_username": "ornellaisrare",
            "_nickname": "ornellaisrare",
            "_comment": "We need an event in Paris with Olivia for this dream collection👀💜🥰",
            "_create_time": "2024-12-31T13:35:21",
            "_avatar": "https://p16-common-sign-useast2a.tiktokcdn-us.com/tos-useast2a-avt-0068-euttp/59dd1f539f861ecdf19f9678e183f6e6~tplv-tiktokx-cropcenter:100:100.jpg?dr=9640&refresh_token=233c8b9e&x-expires=1756285200&x-signature=pYjO5%2BPgpeTgKIYD1jolvLQZalE%3D&t=4d5b0474&ps=13740610&shp=30310797&shcp=ff37627b&idc=useast5",
            "_total_reply": 0,
            "_replies": []
        },
        {
            "_comment_id": "7454569372380611360",
            "_username": "livvshq",
            "_nickname": "livies hq 💜",
            "_comment": "UGH BEAUTIFUL COLORS",
            "_create_time": "2024-12-31T14:36:39",
            "_avatar": "https://p16-common-sign-useast2a.tiktokcdn-us.com/tos-useast2a-avt-0068-euttp/7d2a4c76d8b993b80a38182b20f9203e~tplv-tiktokx-cropcenter:100:100.jpg?dr=9640&refresh_token=e8f4421d&x-expires=1756285200&x-signature=6DSeojTiGRvSZrGGcCTG8YkW6cw%3D&t=4d5b0474&ps=13740610&shp=30310797&shcp=ff37627b&idc=useast5",
            "_total_reply": 0,
            "_replies": []
        },
        {
            "_comment_id": "7454533519969338118",
            "_username": "_bisera_",
            "_nickname": "_bisera_",
            "_comment": "send liv and the Lancôme team a geart from me!💜🫶✨️",
            "_create_time": "2024-12-31T12:17:40",
            "_avatar": "https://p16-common-sign-va.tiktokcdn-us.com/tos-maliva-avt-0068/4f01dabc2ebd694d9074d34b568b445c~tplv-tiktokx-cropcenter:100:100.jpg?dr=9640&refresh_token=2798e553&x-expires=1756285200&x-signature=VAAkMB1x1Y%2F4bA7qTVDsSRvwlII%3D&t=4d5b0474&ps=13740610&shp=30310797&shcp=ff37627b&idc=useast5",
            "_total_reply": 0,
            "_replies": []
        },
        {
            "_comment_id": "7456929168073179937",
            "_username": "meganduffieldx",
            "_nickname": "Megs beauty channel 💕",
            "_comment": "Oh love these 🥰",
            "_create_time": "2025-01-06T23:13:49",
            "_avatar": "https://p16-common-sign-useast2a.tiktokcdn-us.com/tos-useast2a-avt-0068-euttp/c33f62251177d909ec487e9f71ef0a97~tplv-tiktokx-cropcenter:100:100.jpg?dr=9640&refresh_token=5f48afaa&x-expires=1756285200&x-signature=kmIvi5UBqh%2FKovx9GAocCBtYy6g%3D&t=4d5b0474&ps=13740610&shp=30310797&shcp=ff37627b&idc=useast5",
            "_total_reply": 0,
            "_replies": []
        },
        {
            "_comment_id": "7454527279226618629",
            "_username": "scarlatte_year.7",
            "_nickname": "☕️🍂scarlatte🍂☕️",
            "_comment": "I’m obsessed with these!💜",
            "_create_time": "2024-12-31T11:53:28",
            "_avatar": "https://p16-common-sign-sg.tiktokcdn-us.com/tos-alisg-avt-0068/f5d086da0b710b3ce3c52f2dfc840ed4~tplv-tiktokx-cropcenter:100:100.jpg?dr=9640&refresh_token=a20605d9&x-expires=1756285200&x-signature=J2llfpaCEcZbuTupZ8nEu5WdYJA%3D&t=4d5b0474&ps=13740610&shp=30310797&shcp=ff37627b&idc=useast5",
            "_total_reply": 1,
            "_replies": [
                {
                    "_comment_id": "7454609268399031062",
                    "_username": "lancome.official",
                    "_nickname": "Lancôme",
                    "_comment": "AHH ✨✨",
                    "_create_time": "2024-12-31T17:11:26",
                    "_avatar": "https://p19-common-sign-va.tiktokcdn-us.com/tos-maliva-avt-0068/9424f6caa6a8781766ccf45ddf0a0a0d~tplv-tiktokx-cropcenter:100:100.jpg?dr=9640&refresh_token=080a2fa3&x-expires=1756285200&x-signature=U2A4PyUauWURVkD5%2Fpw5HihWG5Y%3D&t=4d5b0474&ps=13740610&shp=30310797&shcp=ff37627b&idc=useast5",
                    "_total_reply": null,
                    "_replies": []
                }
            ]
        },
        {
            "_comment_id": "7454748584510964485",
            "_username": "vals_580",
            "_nickname": "🎀valuuu🎀",
            "_comment": "Mm brutal!!!!!!😻",
            "_create_time": "2025-01-01T02:12:13",
            "_avatar": "https://p16-common-sign-va.tiktokcdn-us.com/tos-maliva-avt-0068/eb09fc8da845b65313e5e4eaa52bcadf~tplv-tiktokx-cropcenter:100:100.jpg?dr=9640&refresh_token=1b128556&x-expires=1756285200&x-signature=2vK6Aphuo5aWBiIAphpKPqomo24%3D&t=4d5b0474&ps=13740610&shp=30310797&shcp=ff37627b&idc=useast5",
            "_total_reply": 0,
            "_replies": []
        },
        {
            "_comment_id": "7455010177360642862",
            "_username": "nidia.de.leon8",
            "_nickname": "Nidia De leon",
            "_comment": "Beautiful colors !! 🤩🤩🥰🥰🥰",
            "_create_time": "2025-01-01T19:07:18",
            "_avatar": "https://p19-pu-sign-useast8.tiktokcdn-us.com/tos-useast5-avt-0068-tx/816b72f2ace8ce43013954f0835af521~tplv-tiktokx-cropcenter:100:100.jpg?dr=9640&refresh_token=1fd40848&x-expires=1756285200&x-signature=PNKAOEekdRNg3rX7PIFojksGOag%3D&t=4d5b0474&ps=13740610&shp=30310797&shcp=ff37627b&idc=useast5",
            "_total_reply": 0,
            "_replies": []
        },
        {
            "_comment_id": "7454528106490823446",
            "_username": "oceanicetea7",
            "_nickname": "Livi4life🇺🇸",
            "_comment": "I’am obssesed",
            "_create_time": "2024-12-31T11:56:36",
            "_avatar": "https://p19-common-sign-useast2a.tiktokcdn-us.com/tos-useast2a-avt-0068-euttp/2e7552cd3b99aeecec8d8c294ca0fb33~tplv-tiktokx-cropcenter:100:100.jpg?dr=9640&refresh_token=3de21d38&x-expires=1756285200&x-signature=MN1ntVZrVQJH2s9ddRyarU%2FL7to%3D&t=4d5b0474&ps=13740610&shp=30310797&shcp=ff37627b&idc=useast5",
            "_total_reply": 2,
            "_replies": [
                {
                    "_comment_id": "7455270387803472662",
                    "_username": "lancome.official",
                    "_nickname": "Lancôme",
                    "_comment": "US TOO 🫠",
                    "_create_time": "2025-01-02T11:57:00",
                    "_avatar": "https://p16-common-sign-va.tiktokcdn-us.com/tos-maliva-avt-0068/9424f6caa6a8781766ccf45ddf0a0a0d~tplv-tiktokx-cropcenter:100:100.jpg?dr=9640&refresh_token=3b5db7e6&x-expires=1756285200&x-signature=e%2F9wLN2Xb5w40k7tbO%2FkvD8%2BllM%3D&t=4d5b0474&ps=13740610&shp=30310797&shcp=ff37627b&idc=useast5",
                    "_total_reply": null,
                    "_replies": []
                },
                {
                    "_comment_id": "7455336617130115862",
                    "_username": "oceanicetea7",
                    "_nickname": "Livi4life🇺🇸",
                    "_comment": "Omg",
                    "_create_time": "2025-01-02T16:13:56",
                    "_avatar": "https://p16-common-sign-useast2a.tiktokcdn-us.com/tos-useast2a-avt-0068-euttp/2e7552cd3b99aeecec8d8c294ca0fb33~tplv-tiktokx-cropcenter:100:100.jpg?dr=9640&refresh_token=67d48dbc&x-expires=1756285200&x-signature=FmDrIH3GT86BAxl%2FFjCD6z%2B8cJ8%3D&t=4d5b0474&ps=13740610&shp=30310797&shcp=ff37627b&idc=useast5",
                    "_total_reply": null,
                    "_replies": []
                }
            ]
        },
        {
            "_comment_id": "7454689183039439647",
            "_username": "alisonlivie18",
            "_nickname": "❤️🪩Alison GUTS🪩❤️",
            "_comment": "Early",
            "_create_time": "2024-12-31T22:21:27",
            "_avatar": "https://p16-pu-sign-useast8.tiktokcdn-us.com/tos-useast8-avt-0068-tx2/9ea2080e122e363c3d990c8ef1836648~tplv-tiktokx-cropcenter:100:100.jpg?dr=9640&refresh_token=cded9897&x-expires=1756285200&x-signature=3O9Jc0NTW4UCFFvXP6jQ%2B683yq0%3D&t=4d5b0474&ps=13740610&shp=30310797&shcp=ff37627b&idc=useast5",
            "_total_reply": 0,
            "_replies": []
        },
        {
            "_comment_id": "7486268819360432918",
            "_username": "martasza_",
            "_nickname": "DesignByMartasza",
            "_comment": "321 it’s just mine ✨",
            "_create_time": "2025-03-26T23:46:50",
            "_avatar": "https://p16-common-sign-useast2a.tiktokcdn-us.com/tos-useast2a-avt-0068-euttp/fe68a499ced7d4bab0e4a38304d1d7b8~tplv-tiktokx-cropcenter:100:100.jpg?dr=9640&refresh_token=ce1d909a&x-expires=1756285200&x-signature=aoOsQEcwo9RVwQ8GdYpmlD9lqGA%3D&t=4d5b0474&ps=13740610&shp=30310797&shcp=ff37627b&idc=useast5",
            "_total_reply": 0,
            "_replies": []
        },
        {
            "_comment_id": "7465476145421910827",
            "_username": "sydneychriistensen",
            "_nickname": "SYDNEY CHRISTENSEN",
            "_comment": "Shade 321 😍",
            "_create_time": "2025-01-30T00:00:39",
            "_avatar": "https://p19-pu-sign-useast8.tiktokcdn-us.com/tos-useast8-avt-0068-tx2/a4d3bc5ec6803da2cab70038bdfd2c54~tplv-tiktokx-cropcenter:100:100.jpg?dr=9640&refresh_token=e8a02ce4&x-expires=1756285200&x-signature=h8PVfWGNl%2F7dHQx9N53zEtyjLO8%3D&t=4d5b0474&ps=13740610&shp=30310797&shcp=ff37627b&idc=useast5",
            "_total_reply": 0,
            "_replies": []
        },
        {
            "_comment_id": "7458382688106365726",
            "_username": "beautylover87",
            "_nickname": "Monique",
            "_comment": "Rosemania is my perfect shade 😍",
            "_create_time": "2025-01-10T21:14:10",
            "_avatar": "https://p19-pu-sign-useast8.tiktokcdn-us.com/tos-useast8-avt-0068-tx2/eb15b012c9c51bfa594389ff705b9c0f~tplv-tiktokx-cropcenter:100:100.jpg?dr=9640&refresh_token=9ee6e781&x-expires=1756285200&x-signature=rgEisLAnP3LDwQEBrjEBOTaf7bc%3D&t=4d5b0474&ps=13740610&shp=30310797&shcp=ff37627b&idc=useast5",
            "_total_reply": 0,
            "_replies": []
        },
        {
            "_comment_id": "7457168736912540458",
            "_username": "natalimedranor",
            "_nickname": "natalimedranor",
            "_comment": "Love these shades",
            "_create_time": "2025-01-07T14:43:55",
            "_avatar": "https://p19-pu-sign-useast8.tiktokcdn-us.com/tos-useast8-avt-0068-tx2/b042146145f39fc4fdb2f12181fb2d82~tplv-tiktokx-cropcenter:100:100.jpg?dr=9640&refresh_token=5c3462f3&x-expires=1756285200&x-signature=DpgL07r%2BMGLWjvzXcGNNLfc2Kp0%3D&t=4d5b0474&ps=13740610&shp=30310797&shcp=ff37627b&idc=useast5",
            "_total_reply": 0,
            "_replies": []
        },
        {
            "_comment_id": "7454538718683579158",
            "_username": "devi._.calmarty._.5",
            "_nickname": "Marty🫶❤️",
            "_comment": "obsessed with these💜!",
            "_create_time": "2024-12-31T12:37:46",
            "_avatar": "https://p16-common-sign-va.tiktokcdn-us.com/tos-maliva-avt-0068/6e4f865c77a0982202d05901a019b7d8~tplv-tiktokx-cropcenter:100:100.jpg?dr=9640&refresh_token=794f6d11&x-expires=1756285200&x-signature=lsLUs%2FwEbd7yzmUwRCtZiQ2lSfI%3D&t=4d5b0474&ps=13740610&shp=30310797&shcp=ff37627b&idc=useast5",
            "_total_reply": 1,
            "_replies": [
                {
                    "_comment_id": "7454609171535987479",
                    "_username": "lancome.official",
                    "_nickname": "Lancôme",
                    "_comment": "US TOO 🤭",
                    "_create_time": "2024-12-31T17:11:05",
                    "_avatar": "https://p16-common-sign-va.tiktokcdn-us.com/tos-maliva-avt-0068/9424f6caa6a8781766ccf45ddf0a0a0d~tplv-tiktokx-cropcenter:100:100.jpg?dr=9640&refresh_token=3b5db7e6&x-expires=1756285200&x-signature=e%2F9wLN2Xb5w40k7tbO%2FkvD8%2BllM%3D&t=4d5b0474&ps=13740610&shp=30310797&shcp=ff37627b&idc=useast5",
                    "_total_reply": null,
                    "_replies": []
                }
            ]
        },
        {
            "_comment_id": "7455174359553229598",
            "_username": "kaley_grace20",
            "_nickname": "Kaley grace 🏝️🦀🐚",
            "_comment": "Rosemania 🥺♥️♥️♥️♥️",
            "_create_time": "2025-01-02T05:44:16",
            "_avatar": "https://p16-pu-sign-useast8.tiktokcdn-us.com/tos-useast8-avt-0068-tx2/7b6b6c4bf1f9696cde59f5ed760cd0ba~tplv-tiktokx-cropcenter:100:100.jpg?dr=9640&refresh_token=14be9cec&x-expires=1756285200&x-signature=i4I%2BxUT54fDJ7v6AGG9A3Hn%2BhKY%3D&t=4d5b0474&ps=13740610&shp=30310797&shcp=ff37627b&idc=useast5",
            "_total_reply": 0,
            "_replies": []
        },
        {
            "_comment_id": "7465481337681117974",
            "_username": "caro121991",
            "_nickname": "CaroEndo💕",
            "_comment": "Mais pourquoi vous nous faites ça ils sont juste sublime ❤️",
            "_create_time": "2025-01-30T00:21:45",
            "_avatar": "https://p16-common-sign-useast2a.tiktokcdn-us.com/tos-useast2a-avt-0068-euttp/54d0cf0885f6ae2fcec13e2b02110663~tplv-tiktokx-cropcenter:100:100.jpg?dr=9640&refresh_token=e0634bc6&x-expires=1756285200&x-signature=vq4EeazvyETvcutP45XLeEJtLYo%3D&t=4d5b0474&ps=13740610&shp=30310797&shcp=ff37627b&idc=useast5",
            "_total_reply": 0,
            "_replies": []
        },
        {
            "_comment_id": "7454533125163975457",
            "_username": "love4myfavliv",
            "_nickname": "love4liv 💋ྀིྀི",
            "_comment": "OMGG IM SO EARLYY WHATT ??HI LANCOME IF U READ THISS!!",
            "_create_time": "2024-12-31T12:15:57",
            "_avatar": "https://p19-common-sign-va.tiktokcdn-us.com/tos-maliva-avt-0068/3c9fd182c833fe0f2e1cc73d09334194~tplv-tiktokx-cropcenter:100:100.jpg?dr=9640&refresh_token=af3855b6&x-expires=1756285200&x-signature=MezgaqSJage8PyteRYbZuUCDs2M%3D&t=4d5b0474&ps=13740610&shp=30310797&shcp=ff37627b&idc=useast5",
            "_total_reply": 4,
            "_replies": [
                {
                    "_comment_id": "7454888393869574945",
                    "_username": "love4myfavliv",
                    "_nickname": "love4liv 💋ྀིྀི",
                    "_comment": "OMGGG",
                    "_create_time": "2025-01-01T11:14:49",
                    "_avatar": "https://p16-common-sign-va.tiktokcdn-us.com/tos-maliva-avt-0068/3c9fd182c833fe0f2e1cc73d09334194~tplv-tiktokx-cropcenter:100:100.jpg?dr=9640&refresh_token=59a0f0aa&x-expires=1756285200&x-signature=Fcss6qDgjDvsrUe7sB2YmVH3BEY%3D&t=4d5b0474&ps=13740610&shp=30310797&shcp=ff37627b&idc=useast5",
                    "_total_reply": null,
                    "_replies": []
                },
                {
                    "_comment_id": "7454533207980835616",
                    "_username": "love4myfavliv",
                    "_nickname": "love4liv 💋ྀིྀི",
                    "_comment": "(And is shade 296 Olivia ?!)",
                    "_create_time": "2024-12-31T12:16:31",
                    "_avatar": "https://p16-common-sign-va.tiktokcdn-us.com/tos-maliva-avt-0068/3c9fd182c833fe0f2e1cc73d09334194~tplv-tiktokx-cropcenter:100:100.jpg?dr=9640&refresh_token=59a0f0aa&x-expires=1756285200&x-signature=Fcss6qDgjDvsrUe7sB2YmVH3BEY%3D&t=4d5b0474&ps=13740610&shp=30310797&shcp=ff37627b&idc=useast5",
                    "_total_reply": null,
                    "_replies": []
                },
                {
                    "_comment_id": "7454609305518719766",
                    "_username": "lancome.official",
                    "_nickname": "Lancôme",
                    "_comment": "WE DID 🤭🤭",
                    "_create_time": "2024-12-31T17:11:35",
                    "_avatar": "https://p16-common-sign-va.tiktokcdn-us.com/tos-maliva-avt-0068/9424f6caa6a8781766ccf45ddf0a0a0d~tplv-tiktokx-cropcenter:100:100.jpg?dr=9640&refresh_token=3b5db7e6&x-expires=1756285200&x-signature=e%2F9wLN2Xb5w40k7tbO%2FkvD8%2BllM%3D&t=4d5b0474&ps=13740610&shp=30310797&shcp=ff37627b&idc=useast5",
                    "_total_reply": null,
                    "_replies": []
                }
            ]
        },
        {
            "_comment_id": "7455055699329221381",
            "_username": "teamtheblackphonee",
            "_nickname": "TEAM TBP🖤",
            "_comment": "is beautiful 😻😻",
            "_create_time": "2025-01-01T22:03:54",
            "_avatar": "https://p16-common-sign-va.tiktokcdn-us.com/tos-maliva-avt-0068/a502ef5df81cfa92ec6c21268194c573~tplv-tiktokx-cropcenter:100:100.jpg?dr=9640&refresh_token=6780e6a9&x-expires=1756285200&x-signature=%2FWqxaJvh%2FSAs%2BnLQ5s40GGfoKeU%3D&t=4d5b0474&ps=13740610&shp=30310797&shcp=ff37627b&idc=useast5",
            "_total_reply": 0,
            "_replies": []
        },
        {
            "_comment_id": "7454533234723554070",
            "_username": "eszter.cs",
            "_nickname": "Eszter 𐙚",
            "_comment": "love love love the inclusivity!! the shades look good on every single skintone!",
            "_create_time": "2024-12-31T12:16:29",
            "_avatar": "https://p16-common-sign-va.tiktokcdn-us.com/tos-maliva-avt-0068/3690aca1bbab5a2dd4ca07b598adee4a~tplv-tiktokx-cropcenter:100:100.jpg?dr=9640&refresh_token=b8c6eed2&x-expires=1756285200&x-signature=VA6xeOAhBMZe3QmKonfmHPJCD9E%3D&t=4d5b0474&ps=13740610&shp=30310797&shcp=ff37627b&idc=useast5",
            "_total_reply": 0,
            "_replies": []
        },
        {
            "_comment_id": "7454531727458878230",
            "_username": "katarinakvesic5",
            "_nickname": "✨Katarina Kvesic✨",
            "_comment": "Hi! I would really like to partner with your brand,since I love it!✨",
            "_create_time": "2024-12-31T12:10:44",
            "_avatar": "https://p16-common-sign-va.tiktokcdn-us.com/tos-maliva-avt-0068/7322837474320302085~tplv-tiktokx-cropcenter:100:100.jpg?dr=9640&refresh_token=72305fe8&x-expires=1756285200&x-signature=zt3AsrLoTNmNs2%2FqlxAXE%2FGXIyg%3D&t=4d5b0474&ps=13740610&shp=30310797&shcp=ff37627b&idc=useast5",
            "_total_reply": 0,
            "_replies": []
        },
        {
            "_comment_id": "7454591500447957793",
            "_username": "amyc3333",
            "_nickname": "amy",
            "_comment": "Want them all",
            "_create_time": "2024-12-31T16:02:45",
            "_avatar": "https://p16-common-sign-useast2a.tiktokcdn-us.com/tos-useast2a-avt-0068-euttp/373c2741cc83811383913b9ee25c01d5~tplv-tiktokx-cropcenter:100:100.jpg?dr=9640&refresh_token=1f6627ef&x-expires=1756285200&x-signature=p25NGssskVY9L9OdkZbJ9ezDF4Y%3D&t=4d5b0474&ps=13740610&shp=30310797&shcp=ff37627b&idc=useast5",
            "_total_reply": 1,
            "_replies": [
                {
                    "_comment_id": "7455270344128529174",
                    "_username": "lancome.official",
                    "_nickname": "Lancôme",
                    "_comment": "It’s a MUST",
                    "_create_time": "2025-01-02T11:56:52",
                    "_avatar": "https://p19-common-sign-va.tiktokcdn-us.com/tos-maliva-avt-0068/9424f6caa6a8781766ccf45ddf0a0a0d~tplv-tiktokx-cropcenter:100:100.jpg?dr=9640&refresh_token=080a2fa3&x-expires=1756285200&x-signature=U2A4PyUauWURVkD5%2Fpw5HihWG5Y%3D&t=4d5b0474&ps=13740610&shp=30310797&shcp=ff37627b&idc=useast5",
                    "_total_reply": null,
                    "_replies": []
                }
            ]
        },
        {
            "_comment_id": "7454680467548603167",
            "_username": "heraalina",
            "_nickname": "HERA | 📚✨",
            "_comment": "I neeedddd rouge dramaphoria",
            "_create_time": "2024-12-31T21:47:49",
            "_avatar": "https://p16-pu-sign-useast8.tiktokcdn-us.com/tos-useast8-avt-0068-tx2/ce3d471be7e56cc94df8c6e447003bd4~tplv-tiktokx-cropcenter:100:100.jpg?dr=9640&refresh_token=5f6a153b&x-expires=1756285200&x-signature=5PVT2cpgw97AKcLGb%2Fkeu%2B9%2B7%2Fs%3D&t=4d5b0474&ps=13740610&shp=30310797&shcp=ff37627b&idc=useast5",
            "_total_reply": 1,
            "_replies": [
                {
                    "_comment_id": "7454727681905804054",
                    "_username": "lancome.official",
                    "_nickname": "Lancôme",
                    "_comment": "Go grab it 😉",
                    "_create_time": "2025-01-01T00:50:57",
                    "_avatar": "https://p16-common-sign-va.tiktokcdn-us.com/tos-maliva-avt-0068/9424f6caa6a8781766ccf45ddf0a0a0d~tplv-tiktokx-cropcenter:100:100.jpg?dr=9640&refresh_token=3b5db7e6&x-expires=1756285200&x-signature=e%2F9wLN2Xb5w40k7tbO%2FkvD8%2BllM%3D&t=4d5b0474&ps=13740610&shp=30310797&shcp=ff37627b&idc=useast5",
                    "_total_reply": null,
                    "_replies": []
                }
            ]
        },
        {
            "_comment_id": "7454527908363846422",
            "_username": "eclipwze.n5",
            "_nickname": "alexis",
            "_comment": "EARLYYY💜",
            "_create_time": "2024-12-31T11:55:46",
            "_avatar": "https://p19-common-sign-useast2a.tiktokcdn-us.com/tos-useast2a-avt-0068-euttp/5c4e29b315b77e4f5e2367105ef62914~tplv-tiktokx-cropcenter:100:100.jpg?dr=9640&refresh_token=4275f0fc&x-expires=1756285200&x-signature=egP1IAqvUA9k1u1yX4w%2FEaN6F8w%3D&t=4d5b0474&ps=13740610&shp=30310797&shcp=ff37627b&idc=useast5",
            "_total_reply": 0,
            "_replies": []
        },
        {
            "_comment_id": "7465725824521224978",
            "_username": "palaceofvenus",
            "_nickname": "Besra 🛍️🎀✨🧿",
            "_comment": "I love that you selected models that don’t have lip filler and they all seems natural💞",
            "_create_time": "2025-01-30T16:09:25",
            "_avatar": "https://p16-common-sign-sg.tiktokcdn-us.com/tos-alisg-avt-0068/de3ba61a8d7bb145d3fea60b17337c59~tplv-tiktokx-cropcenter:100:100.jpg?dr=9640&refresh_token=8539573a&x-expires=1756285200&x-signature=G9cFtsRVN2kSeF0vytk6I8ZfkV8%3D&t=4d5b0474&ps=13740610&shp=30310797&shcp=ff37627b&idc=useast5",
            "_total_reply": 0,
            "_replies": []
        },
        {
            "_comment_id": "7462909027389211414",
            "_username": "maikenhuseboe",
            "_nickname": "MAIKEN CHRISTINA",
            "_comment": "Lancome please send me the PR package😩😭",
            "_create_time": "2025-01-23T02:04:29",
            "_avatar": "https://p16-common-sign-va.tiktokcdn-us.com/tos-maliva-avt-0068/3002dd3477d817c6f189c52ee2bbb1ed~tplv-tiktokx-cropcenter:100:100.jpg?dr=9640&refresh_token=9f2e0ea9&x-expires=1756285200&x-signature=ID1DkbOY6XoyP3vVt3VYrsrHe1w%3D&t=4d5b0474&ps=13740610&shp=30310797&shcp=ff37627b&idc=useast5",
            "_total_reply": 0,
            "_replies": []
        },
        {
            "_comment_id": "7454649496060887830",
            "_username": "ch4s1ng_4gh0st",
            "_nickname": "silly✨️💫",
            "_comment": "why am I obsessed?",
            "_create_time": "2024-12-31T19:47:33",
            "_avatar": "https://p16-common-sign-va.tiktokcdn-us.com/tos-maliva-avt-0068/ddf803d6557726c30f3e1dbcbe2f3403~tplv-tiktokx-cropcenter:100:100.jpg?dr=9640&refresh_token=247495a5&x-expires=1756285200&x-signature=%2FBzcuNOK%2Fce1fmf0gnAaEXh%2FvVQ%3D&t=4d5b0474&ps=13740610&shp=30310797&shcp=ff37627b&idc=useast5",
            "_total_reply": 2,
            "_replies": [
                {
                    "_comment_id": "7453928374621930273",
                    "_username": "lancome.official",
                    "_nickname": "Lancôme",
                    "_comment": "it's totally obsession-worthy",
                    "_create_time": "2025-01-01T18:39:27",
                    "_avatar": "https://p16-common-sign-va.tiktokcdn-us.com/tos-maliva-avt-0068/9424f6caa6a8781766ccf45ddf0a0a0d~tplv-tiktokx-cropcenter:100:100.jpg?dr=9640&refresh_token=3b5db7e6&x-expires=1756285200&x-signature=e%2F9wLN2Xb5w40k7tbO%2FkvD8%2BllM%3D&t=4d5b0474&ps=13740610&shp=30310797&shcp=ff37627b&idc=useast5",
                    "_total_reply": null,
                    "_replies": []
                },
                {
                    "_comment_id": "7455059276593349398",
                    "_username": "ch4s1ng_4gh0st",
                    "_nickname": "silly✨️💫",
                    "_comment": "ik",
                    "_create_time": "2025-01-01T22:17:49",
                    "_avatar": "https://p16-common-sign-va.tiktokcdn-us.com/tos-maliva-avt-0068/ddf803d6557726c30f3e1dbcbe2f3403~tplv-tiktokx-cropcenter:100:100.jpg?dr=9640&refresh_token=247495a5&x-expires=1756285200&x-signature=%2FBzcuNOK%2Fce1fmf0gnAaEXh%2FvVQ%3D&t=4d5b0474&ps=13740610&shp=30310797&shcp=ff37627b&idc=useast5",
                    "_total_reply": null,
                    "_replies": []
                }
            ]
        },
        {
            "_comment_id": "7455811095535829792",
            "_username": "hazelx0",
            "_nickname": "𝓗𝓐𝓩𝓔𝓛💋🪩",
            "_comment": "Shade 321❤️❤️❤️",
            "_create_time": "2025-01-03T22:55:27",
            "_avatar": "https://p19-common-sign-useast2a.tiktokcdn-us.com/tos-useast2a-avt-0068-euttp/71febf49c84287bac638e9e791373614~tplv-tiktokx-cropcenter:100:100.jpg?dr=9640&refresh_token=f42b99e6&x-expires=1756285200&x-signature=NUSAnVXrjmhPO0hoCfNY4FHj%2B5o%3D&t=4d5b0474&ps=13740610&shp=30310797&shcp=ff37627b&idc=useast5",
            "_total_reply": 0,
            "_replies": []
        },
        {
            "_comment_id": "7457393668761797392",
            "_username": "marealrose",
            "_nickname": "Mariele",
            "_comment": "Those are beautiful shades 😍",
            "_create_time": "2025-01-08T05:16:32",
            "_avatar": "https://p16-common-sign-sg.tiktokcdn-us.com/tos-alisg-avt-0068/7fa7fe299ab3a706fe72df7a63e2d7ec~tplv-tiktokx-cropcenter:100:100.jpg?dr=9640&refresh_token=c178b0c3&x-expires=1756285200&x-signature=j5ytO%2BCg3U%2Fxutxjr9Vfg7xtpzI%3D&t=4d5b0474&ps=13740610&shp=30310797&shcp=ff37627b&idc=useast5",
            "_total_reply": 1,
            "_replies": [
                {
                    "_comment_id": "7456493836501631776",
                    "_username": "lancome.official",
                    "_nickname": "Lancôme",
                    "_comment": "Rightttt ✨",
                    "_create_time": "2025-01-08T10:00:41",
                    "_avatar": "https://p16-common-sign-va.tiktokcdn-us.com/tos-maliva-avt-0068/9424f6caa6a8781766ccf45ddf0a0a0d~tplv-tiktokx-cropcenter:100:100.jpg?dr=9640&refresh_token=3b5db7e6&x-expires=1756285200&x-signature=e%2F9wLN2Xb5w40k7tbO%2FkvD8%2BllM%3D&t=4d5b0474&ps=13740610&shp=30310797&shcp=ff37627b&idc=useast5",
                    "_total_reply": null,
                    "_replies": []
                }
            ]
        },
        {
            "_comment_id": "7454583805434250027",
            "_username": "ivlogisha",
            "_nickname": "Isha Sunar",
            "_comment": "Cant choose one😍",
            "_create_time": "2024-12-31T15:32:46",
            "_avatar": "https://p16-sign.tiktokcdn-us.com/tos-useast5-avt-0068-tx/1bf62c1521abfad08d8a1e97a14261a6~tplv-tiktokx-cropcenter:100:100.jpg?dr=9640&refresh_token=e3f94340&x-expires=1756285200&x-signature=uZE9mPJeDsXX5Kb5LGGA%2FgBWAfc%3D&t=4d5b0474&ps=13740610&shp=30310797&shcp=ff37627b&idc=useast5",
            "_total_reply": 1,
            "_replies": [
                {
                    "_comment_id": "7454609224317682454",
                    "_username": "lancome.official",
                    "_nickname": "Lancôme",
                    "_comment": "Get them all 🤭✨",
                    "_create_time": "2024-12-31T17:11:21",
                    "_avatar": "https://p16-common-sign-va.tiktokcdn-us.com/tos-maliva-avt-0068/9424f6caa6a8781766ccf45ddf0a0a0d~tplv-tiktokx-cropcenter:100:100.jpg?dr=9640&refresh_token=3b5db7e6&x-expires=1756285200&x-signature=e%2F9wLN2Xb5w40k7tbO%2FkvD8%2BllM%3D&t=4d5b0474&ps=13740610&shp=30310797&shcp=ff37627b&idc=useast5",
                    "_total_reply": null,
                    "_replies": []
                }
            ]
        },
        {
            "_comment_id": "7479458884048061206",
            "_username": "sanjitha970",
            "_nickname": "Sanjitha",
            "_comment": "AHHH I NEED THIS 😍😍",
            "_create_time": "2025-03-08T15:20:46",
            "_avatar": "https://p16-common-sign-va.tiktokcdn-us.com/tos-maliva-avt-0068/b472352273e749b32ec149a854ac3042~tplv-tiktokx-cropcenter:100:100.jpg?dr=9640&refresh_token=a89d2348&x-expires=1756285200&x-signature=8S4agqq38bHYWIwxcX3yKfumV10%3D&t=4d5b0474&ps=13740610&shp=30310797&shcp=ff37627b&idc=useast5",
            "_total_reply": 0,
            "_replies": []
        },
        {
            "_comment_id": "7456075248879420206",
            "_username": "kelso_xoxo",
            "_nickname": "Kelsoxoxo",
            "_comment": "Is 296 going to be available for purchase in the US? I really want that shade!",
            "_create_time": "2025-01-04T16:00:19",
            "_avatar": "https://p16-common-sign-va.tiktokcdn-us.com/tos-maliva-avt-0068/4daf1e8a8795ce0a32c66f1e6c5f9851~tplv-tiktokx-cropcenter:100:100.jpg?dr=9640&refresh_token=e631d4cb&x-expires=1756285200&x-signature=adfgVHz4ypibc9us3CUHMqsnkJU%3D&t=4d5b0474&ps=13740610&shp=30310797&shcp=ff37627b&idc=useast5",
            "_total_reply": 0,
            "_replies": []
        },
        {
            "_comment_id": "7454535464386593569",
            "_username": "ivey_main",
            "_nickname": "Ivey 💗",
            "_comment": "EARLY and I’m OBSESSED !💜💜",
            "_create_time": "2024-12-31T12:25:06",
            "_avatar": "https://p16-common-sign-va.tiktokcdn-us.com/tos-maliva-avt-0068/d3760ac748ba1c1d44691129e0284a52~tplv-tiktokx-cropcenter:100:100.jpg?dr=9640&refresh_token=30c7edf9&x-expires=1756285200&x-signature=gJCtsWTjmwGnUdhLBcATvWAaxrI%3D&t=4d5b0474&ps=13740610&shp=30310797&shcp=ff37627b&idc=useast5",
            "_total_reply": 1,
            "_replies": [
                {
                    "_comment_id": "7454535547361739552",
                    "_username": "ivey_main",
                    "_nickname": "Ivey 💗",
                    "_comment": "I’m the 50 like 🥰",
                    "_create_time": "2024-12-31T12:25:27",
                    "_avatar": "https://p16-common-sign-va.tiktokcdn-us.com/tos-maliva-avt-0068/d3760ac748ba1c1d44691129e0284a52~tplv-tiktokx-cropcenter:100:100.jpg?dr=9640&refresh_token=30c7edf9&x-expires=1756285200&x-signature=gJCtsWTjmwGnUdhLBcATvWAaxrI%3D&t=4d5b0474&ps=13740610&shp=30310797&shcp=ff37627b&idc=useast5",
                    "_total_reply": null,
                    "_replies": []
                }
            ]
        },
        {
            "_comment_id": "7465089348007035653",
            "_username": "umacanada11",
            "_nickname": "canada",
            "_comment": "so beautiful 😍 🤩 👌 want them",
            "_create_time": "2025-01-28T22:59:44",
            "_avatar": "https://p16-common-sign-va.tiktokcdn-us.com/tos-maliva-avt-0068/7216536451277094918~tplv-tiktokx-cropcenter:100:100.jpg?dr=9640&refresh_token=0d253ffe&x-expires=1756285200&x-signature=vTfV54AQ11Oz%2BUjhFoqKf7QZWjE%3D&t=4d5b0474&ps=13740610&shp=30310797&shcp=ff37627b&idc=useast5",
            "_total_reply": 0,
            "_replies": []
        },
        {
            "_comment_id": "7455483581860102934",
            "_username": "user2457909543",
            "_nickname": "🥱",
            "_comment": "I’m so OBSESSED",
            "_create_time": "2025-01-03T01:44:31",
            "_avatar": "https://p16-common-sign-va.tiktokcdn-us.com/tos-maliva-avt-0068/3052ec9eaaefb488758de4055f1bd515~tplv-tiktokx-cropcenter:100:100.jpg?dr=9640&refresh_token=b800bf88&x-expires=1756285200&x-signature=PhPMF%2Ff13SOBJduhmFu%2B6iX36pY%3D&t=4d5b0474&ps=13740610&shp=30310797&shcp=ff37627b&idc=useast5",
            "_total_reply": 0,
            "_replies": []
        },
        {
            "_comment_id": "7463215285847065346",
            "_username": "dagmara_xx384",
            "_nickname": "🤷🏼‍♀️",
            "_comment": "4ths slide is Olivia's fav",
            "_create_time": "2025-01-23T21:47:52",
            "_avatar": "https://p16-common-sign-va.tiktokcdn-us.com/tos-maliva-avt-0068/6bb8042ab84535905bf1fc3700d123d4~tplv-tiktokx-cropcenter:100:100.jpg?dr=9640&refresh_token=fd472df2&x-expires=1756285200&x-signature=DElqFcNzP1iCF8A63E%2FBcI5AP8Y%3D&t=4d5b0474&ps=13740610&shp=30310797&shcp=ff37627b&idc=useast5",
            "_total_reply": 0,
            "_replies": []
        },
        {
            "_comment_id": "7455175255827350318",
            "_username": "manonskatt",
            "_nickname": "willow !!",
            "_comment": "OBSESSED WITH ROSEMANIA OML",
            "_create_time": "2025-01-02T05:47:49",
            "_avatar": "https://p19-sign.tiktokcdn-us.com/tos-useast5-avt-0068-tx/741e4a4957724f6513b664ceec5cd78f~tplv-tiktokx-cropcenter:100:100.jpg?dr=9640&refresh_token=13a67189&x-expires=1756285200&x-signature=ISGk9rSgmx2fQ%2FyLYPgn8otaPY4%3D&t=4d5b0474&ps=13740610&shp=30310797&shcp=ff37627b&idc=useast5",
            "_total_reply": 0,
            "_replies": []
        },
        {
            "_comment_id": "7454552835385541409",
            "_username": "m_spppppp14",
            "_nickname": "🧞‍♀️",
            "_comment": "sampleee!",
            "_create_time": "2024-12-31T13:32:36",
            "_avatar": "https://p16-common-sign-useast2a.tiktokcdn-us.com/tos-useast2a-avt-0068-euttp/91bedd052ed90c2bbf3be663089afbcb~tplv-tiktokx-cropcenter:100:100.jpg?dr=9640&refresh_token=21a99981&x-expires=1756285200&x-signature=wnUZT6LZJZ0n8EfLNtsUE6k4E84%3D&t=4d5b0474&ps=13740610&shp=30310797&shcp=ff37627b&idc=useast5",
            "_total_reply": 0,
            "_replies": []
        },
        {
            "_comment_id": "7455087299250324266",
            "_username": "altynbostonova",
            "_nickname": "Altyn | UGC creator",
            "_comment": "💖💖💖",
            "_create_time": "2025-01-02T00:06:36",
            "_avatar": "https://p16-sign.tiktokcdn-us.com/tos-useast5-avt-0068-tx/145bad9f90205d0d493143f8dc469980~tplv-tiktokx-cropcenter:100:100.jpg?dr=9640&refresh_token=391ff905&x-expires=1756285200&x-signature=t4JuYmsbHTeabCrKCieRJTgKVdo%3D&t=4d5b0474&ps=13740610&shp=30310797&shcp=ff37627b&idc=useast5",
            "_total_reply": 0,
            "_replies": []
        },
        {
            "_comment_id": "7454819133088826143",
            "_username": "user174977202",
            "_nickname": "Alex Perez",
            "_comment": "❤️❤️❤️",
            "_create_time": "2025-01-01T06:45:46",
            "_avatar": "https://p16-common-sign-va.tiktokcdn-us.com/tos-maliva-avt-0068/7325060332464439301~tplv-tiktokx-cropcenter:100:100.jpg?dr=9640&refresh_token=9f59b942&x-expires=1756285200&x-signature=3Rk%2BSNxXG5yhVE0oob%2BSr4CV2iA%3D&t=4d5b0474&ps=13740610&shp=30310797&shcp=ff37627b&idc=useast5",
            "_total_reply": 0,
            "_replies": []
        },
        {
            "_comment_id": "7457254450370249502",
            "_username": "flower.lol01",
            "_nickname": "Chloe water",
            "_comment": "✨😂🥰❤️💜🎄",
            "_create_time": "2025-01-07T20:16:06",
            "_avatar": "https://p19-pu-sign-useast8.tiktokcdn-us.com/tos-useast5-avt-0068-tx/dd23dfcf0eadb3442c906050faf85859~tplv-tiktokx-cropcenter:100:100.jpg?dr=9640&refresh_token=0586b832&x-expires=1756285200&x-signature=tB6SLbLN4OtRdEz%2BorBuMNAUqbk%3D&t=4d5b0474&ps=13740610&shp=30310797&shcp=ff37627b&idc=useast5",
            "_total_reply": 0,
            "_replies": []
        },
        {
            "_comment_id": "7478391285239677718",
            "_username": "annabalsa",
            "_nickname": "ANNA B",
            "_comment": "🥰",
            "_create_time": "2025-03-05T18:17:53",
            "_avatar": "https://p16-common-sign-va.tiktokcdn-us.com/tos-maliva-avt-0068/7332089378732244998~tplv-tiktokx-cropcenter:100:100.jpg?dr=9640&refresh_token=f929cf9d&x-expires=1756285200&x-signature=oekNSdMzIpLf7i0iFXWfV5lO4iw%3D&t=4d5b0474&ps=13740610&shp=30310797&shcp=ff37627b&idc=useast5",
            "_total_reply": 0,
            "_replies": []
        },
        {
            "_comment_id": "7465752734408737569",
            "_username": "bobo_optimistic",
            "_nickname": "Bobo_Optimistic 🇬🇧",
            "_comment": "😍😍",
            "_create_time": "2025-01-30T17:54:02",
            "_avatar": "https://p19-common-sign-va.tiktokcdn-us.com/tos-maliva-avt-0068/1bac99dbd0c3abc774b91153590d1810~tplv-tiktokx-cropcenter:100:100.jpg?dr=9640&refresh_token=1bcb6edc&x-expires=1756285200&x-signature=C186mXFCcPAiJO4Lg2N0gWtsMQI%3D&t=4d5b0474&ps=13740610&shp=30310797&shcp=ff37627b&idc=useast5",
            "_total_reply": 0,
            "_replies": []
        },
        {
            "_comment_id": "7455858451987383086",
            "_username": "vaccarivane",
            "_nickname": "VaneVaccari🎀",
            "_comment": "🥺🥺🥺😍😍😍😍😍",
            "_create_time": "2025-01-04T01:58:57",
            "_avatar": "https://p16-common-sign-va.tiktokcdn-us.com/tos-maliva-avt-0068/7321746470198083589~tplv-tiktokx-cropcenter:100:100.jpg?dr=9640&refresh_token=eea79d1e&x-expires=1756285200&x-signature=TxfciB6oHoFlqR4qMPaPuH%2BSMrw%3D&t=4d5b0474&ps=13740610&shp=30310797&shcp=ff37627b&idc=useast5",
            "_total_reply": 0,
            "_replies": []
        },
        {
            "_comment_id": "7454528277106328352",
            "_username": "queeniesss5789",
            "_nickname": "tasha",
            "_comment": "❤️",
            "_create_time": "2024-12-31T11:57:20",
            "_avatar": "https://p16-common-sign-useast2a.tiktokcdn-us.com/tos-useast2a-avt-0068-euttp/b050c287b2caa6d79e833351538d3e02~tplv-tiktokx-cropcenter:100:100.jpg?dr=9640&refresh_token=08627e61&x-expires=1756285200&x-signature=OrdZu8jntM8L%2FCLOA4%2F2qXs%2FMN0%3D&t=4d5b0474&ps=13740610&shp=30310797&shcp=ff37627b&idc=useast5",
            "_total_reply": 0,
            "_replies": []
        },
        {
            "_comment_id": "7463194744443093803",
            "_username": "cclaire12348",
            "_nickname": "CCLAIRE1234",
            "_comment": "😍",
            "_create_time": "2025-01-23T20:28:00",
            "_avatar": "https://p19-pu-sign-useast8.tiktokcdn-us.com/tos-useast5-avt-0068-tx/0fa2cab8424fc9a523cd9d9b08281748~tplv-tiktokx-cropcenter:100:100.jpg?dr=9640&refresh_token=77152fc3&x-expires=1756285200&x-signature=N8KeYE%2BApMMApHrfBKgHmFXuFnA%3D&t=4d5b0474&ps=13740610&shp=30310797&shcp=ff37627b&idc=useast5",
            "_total_reply": 0,
            "_replies": []
        },
        {
            "_comment_id": "7454528277106328352",
            "_username": "queeniesss5789",
            "_nickname": "tasha",
            "_comment": "❤️",
            "_create_time": "2024-12-31T11:57:20",
            "_avatar": "https://p16-common-sign-useast2a.tiktokcdn-us.com/tos-useast2a-avt-0068-euttp/b050c287b2caa6d79e833351538d3e02~tplv-tiktokx-cropcenter:100:100.jpg?dr=9640&refresh_token=08627e61&x-expires=1756285200&x-signature=OrdZu8jntM8L%2FCLOA4%2F2qXs%2FMN0%3D&t=4d5b0474&ps=13740610&shp=30310797&shcp=ff37627b&idc=useast5",
            "_total_reply": 0,
            "_replies": []
        },
        {
            "_comment_id": "7465920811724669702",
            "_username": "jazminregilfan",
            "_nickname": "Jazᶻ 𝗓 𐰁 .ᐟ",
            "_comment": "❤️",
            "_create_time": "2025-01-31T04:46:26",
            "_avatar": "https://p16-common-sign-va.tiktokcdn-us.com/tos-maliva-avt-0068/599f2aedbeedb2572979c2e0f8977031~tplv-tiktokx-cropcenter:100:100.jpg?dr=9640&refresh_token=60fc7c85&x-expires=1756285200&x-signature=NsLDb4dJHmwjZyqyB8Jb%2FH6%2F0ws%3D&t=4d5b0474&ps=13740610&shp=30310797&shcp=ff37627b&idc=useast5",
            "_total_reply": 0,
            "_replies": []
        },
        {
            "_comment_id": "7455296952500372245",
            "_username": "sabinesinno_",
            "_nickname": "Sabine Sinno",
            "_comment": "i want them sll 👄🫦💄💄",
            "_create_time": "2025-01-02T13:40:01",
            "_avatar": "https://p16-common-sign-sg.tiktokcdn-us.com/tos-alisg-avt-0068/7e32a842b6e918859b3445595bbbbf7e~tplv-tiktokx-cropcenter:100:100.jpg?dr=9640&refresh_token=f63fec24&x-expires=1756285200&x-signature=zZs8tHtGKbSZAkOshJ3x1dWGAGw%3D&t=4d5b0474&ps=13740610&shp=30310797&shcp=ff37627b&idc=useast5",
            "_total_reply": 0,
            "_replies": []
        },
        {
            "_comment_id": "7462769515261330181",
            "_username": "stressedoutbrowngirl",
            "_nickname": "Ash",
            "_comment": "HOW MANY LIKES FOR YOU TO SEND ME OLIVIA’S PERFUME?😍",
            "_create_time": "2025-01-22T16:57:34",
            "_avatar": "https://p16-common-sign-sg.tiktokcdn-us.com/tos-alisg-avt-0068/c62902aae69ee55f013179090a1ec17b~tplv-tiktokx-cropcenter:100:100.jpg?dr=9640&refresh_token=f2736108&x-expires=1756285200&x-signature=xY5gS4vTTJey8CtO6wu47ohBvQ0%3D&t=4d5b0474&ps=13740610&shp=30310797&shcp=ff37627b&idc=useast5",
            "_total_reply": 0,
            "_replies": []
        },
        {
            "_comment_id": "7454589244242199314",
            "_username": "tharvin260",
            "_nickname": "tharvin",
            "_comment": "which is Olivia ????",
            "_create_time": "2024-12-31T15:53:36",
            "_avatar": "https://p16-common-sign-sg.tiktokcdn-us.com/tos-alisg-avt-0068/75307646550e6b592a45cfc6935ae792~tplv-tiktokx-cropcenter:100:100.jpg?dr=9640&refresh_token=b20e3623&x-expires=1756285200&x-signature=bU18PQR%2B6mqeH25lACYg%2BBeWm9o%3D&t=4d5b0474&ps=13740610&shp=30310797&shcp=ff37627b&idc=useast5",
            "_total_reply": 0,
            "_replies": []
        },
        {
            "_comment_id": "7465155753827943173",
            "_username": "andreatapia45",
            "_nickname": "Andy",
            "_comment": "podria reconocer la boca de olivia a kilometros",
            "_create_time": "2025-01-29T03:17:49",
            "_avatar": "https://p16-common-sign-va.tiktokcdn-us.com/tos-maliva-avt-0068/c64629e6a32bcec26a19824e3a73f9a6~tplv-tiktokx-cropcenter:100:100.jpg?dr=9640&refresh_token=82cf6b17&x-expires=1756285200&x-signature=vwgYUmTDBZCie5qnhj3hXK7yP84%3D&t=4d5b0474&ps=13740610&shp=30310797&shcp=ff37627b&idc=useast5",
            "_total_reply": 0,
            "_replies": []
        },
        {
            "_comment_id": "7456468432042607406",
            "_username": "birdsofafeather57",
            "_nickname": "birdsofafeather57",
            "_comment": "OLIVIA IS DEF SLIDE NO 3",
            "_create_time": "2025-01-05T17:26:00",
            "_avatar": "https://p19-pu-sign-useast8.tiktokcdn-us.com/tos-useast5-avt-0068-tx/41067921fcbba40ea8df2943e557d598~tplv-tiktokx-cropcenter:100:100.jpg?dr=9640&refresh_token=b7685e60&x-expires=1756285200&x-signature=4tF77sunbqtnpDwOZ4dnm05zg6A%3D&t=4d5b0474&ps=13740610&shp=30310797&shcp=ff37627b&idc=useast5",
            "_total_reply": 0,
            "_replies": []
        },
        {
            "_comment_id": "7454526775013475079",
            "_username": "irmiewormiee",
            "_nickname": "Irmie😝",
            "_comment": "First",
            "_create_time": "2024-12-31T11:51:16",
            "_avatar": "https://p16-common-sign-sg.tiktokcdn-us.com/tos-alisg-avt-0068/b41c987a59ee2b263d11cc5172772738~tplv-tiktokx-cropcenter:100:100.jpg?dr=9640&refresh_token=affa8a08&x-expires=1756285200&x-signature=uMK8n%2BaoCzTvYs24S4QY4ZNh1AQ%3D&t=4d5b0474&ps=13740610&shp=30310797&shcp=ff37627b&idc=useast5",
            "_total_reply": 0,
            "_replies": []
        },
        {
            "_comment_id": "7467218382129300242",
            "_username": "harpter3",
            "_nickname": "MLL_R❦",
            "_comment": "WHERES OLIVIA BC SHES MINE",
            "_create_time": "2025-02-03T16:41:21",
            "_avatar": "https://p16-common-sign-sg.tiktokcdn-us.com/tos-alisg-avt-0068/a676035c713fe8c56292b15d4abf8022~tplv-tiktokx-cropcenter:100:100.jpg?dr=9640&refresh_token=06c545b4&x-expires=1756285200&x-signature=3%2FeMMKo48bwnUU7pn1960uMSJfA%3D&t=4d5b0474&ps=13740610&shp=30310797&shcp=ff37627b&idc=useast5",
            "_total_reply": 0,
            "_replies": []
        },
        {
            "_comment_id": "7454854760451310369",
            "_username": "veroat87",
            "_nickname": "VeroAt",
            "_comment": "Feliz 2025 ✨🥳❤️",
            "_create_time": "2025-01-01T09:06:03",
            "_avatar": "https://p16-common-sign-va.tiktokcdn-us.com/tos-maliva-avt-0068/ac0da8fdf1e1f20add92437e4895e5ee~tplv-tiktokx-cropcenter:100:100.jpg?dr=9640&refresh_token=fc657b82&x-expires=1756285200&x-signature=slGdM%2BjzJ5sNlpt9JmELlvV2daU%3D&t=4d5b0474&ps=13740610&shp=30310797&shcp=ff37627b&idc=useast5",
            "_total_reply": 0,
            "_replies": []
        },
        {
            "_comment_id": "7457549199673066272",
            "_username": "silviajaramillo178silvi",
            "_nickname": "silviajaramillo178silvi",
            "_comment": "😂",
            "_create_time": "2025-01-08T15:20:05",
            "_avatar": "https://p16-common-sign-va.tiktokcdn-us.com/tos-maliva-avt-0068/7324034853195022342~tplv-tiktokx-cropcenter:100:100.jpg?dr=9640&refresh_token=b7e884da&x-expires=1756285200&x-signature=TrjBOLqSjWi3ZOuXH7qCQO3%2FtCM%3D&t=4d5b0474&ps=13740610&shp=30310797&shcp=ff37627b&idc=useast5",
            "_total_reply": 0,
            "_replies": []
        }
    ],
    "total_comments": 62
}