{
    "original_url": "https://www.tiktok.com/@lancome.official/video/7455623893265517846",
    "video_id": "7455623893265517846",
    "description": "Explore icons for the Spring, decorated with \"Paris Rose\", an exclusive gunpowder painting by cAI™, the custom-built AI model by Cai Guo-Qiang. Enhance your beauty routine with this one-of-a-kind collaboration.   #Lancome #LancomexCaiGuoQiang #CaiGuoQiang #LancomeNewYear #NewYear25 #LancomexcAI™ ",
    "video_url": "https://m.tiktok.com/v/7455623893265517846.html?_d=0&comment_author_id=7275572702114317317&preview_pb=0&share_comment_id=7455625500766569234&share_item_id=7455623893265517846&sharer_language=en&source=h5_m&u_code=0",
    "tags": [
        "#Lancome",
        "#LancomexCaiGuoQiang",
        "#CaiGuoQiang",
        "#LancomeNewYear",
        "#NewYear25",
        "#LancomexcAI™"
    ],
    "comments": [
        {
            "_comment_id": "7455625500766569234",
            "_username": "tharvin260",
            "_nickname": "tharvin",
            "_comment": "i wanted to see Olivia with this",
            "_create_time": "2025-01-03T10:54:50",
            "_avatar": "https://p19-common-sign-sg.tiktokcdn-us.com/tos-alisg-avt-0068/75307646550e6b592a45cfc6935ae792~tplv-tiktokx-cropcenter:100:100.jpg?dr=9640&refresh_token=db1b0560&x-expires=1756285200&x-signature=4Lckaqk6XZx49srBNTLBd65scM8%3D&t=4d5b0474&ps=13740610&shp=30310797&shcp=ff37627b&idc=useast5",
            "_total_reply": 6,
            "_replies": [
                {
                    "_comment_id": "7455802625989133089",
                    "_username": "livvshq",
                    "_nickname": "livies hq 💜",
                    "_comment": "hii, so idk if u know but lancôme isn’t only abt olivia ( not tryna be mean ) but it’s a individual brand and doesn’t mean olivia is gonna try everything",
                    "_create_time": "2025-01-03T22:22:15",
                    "_avatar": "https://p16-common-sign-useast2a.tiktokcdn-us.com/tos-useast2a-avt-0068-euttp/7d2a4c76d8b993b80a38182b20f9203e~tplv-tiktokx-cropcenter:100:100.jpg?dr=9640&refresh_token=e8f4421d&x-expires=1756285200&x-signature=6DSeojTiGRvSZrGGcCTG8YkW6cw%3D&t=4d5b0474&ps=13740610&shp=30310797&shcp=ff37627b&idc=useast5",
                    "_total_reply": null,
                    "_replies": []
                },
                {
                    "_comment_id": "7455992755740803873",
                    "_username": "livvshq",
                    "_nickname": "livies hq 💜",
                    "_comment": "k but pls be respectful bc lancôme do a lot of work for their products",
                    "_create_time": "2025-01-04T10:40:39",
                    "_avatar": "https://p16-common-sign-useast2a.tiktokcdn-us.com/tos-useast2a-avt-0068-euttp/7d2a4c76d8b993b80a38182b20f9203e~tplv-tiktokx-cropcenter:100:100.jpg?dr=9640&refresh_token=e8f4421d&x-expires=1756285200&x-signature=6DSeojTiGRvSZrGGcCTG8YkW6cw%3D&t=4d5b0474&ps=13740610&shp=30310797&shcp=ff37627b&idc=useast5",
                    "_total_reply": null,
                    "_replies": []
                },
                {
                    "_comment_id": "7455992601134236423",
                    "_username": "tharvin260",
                    "_nickname": "tharvin",
                    "_comment": "ik I just wanted to see Olivia",
                    "_create_time": "2025-01-04T10:39:24",
                    "_avatar": "https://p16-common-sign-sg.tiktokcdn-us.com/tos-alisg-avt-0068/75307646550e6b592a45cfc6935ae792~tplv-tiktokx-cropcenter:100:100.jpg?dr=9640&refresh_token=b20e3623&x-expires=1756285200&x-signature=bU18PQR%2B6mqeH25lACYg%2BBeWm9o%3D&t=4d5b0474&ps=13740610&shp=30310797&shcp=ff37627b&idc=useast5",
                    "_total_reply": null,
                    "_replies": []
                },
                {
                    "_comment_id": "7455992689784816392",
                    "_username": "tharvin260",
                    "_nickname": "tharvin",
                    "_comment": "yh",
                    "_create_time": "2025-01-04T10:39:43",
                    "_avatar": "https://p16-common-sign-sg.tiktokcdn-us.com/tos-alisg-avt-0068/75307646550e6b592a45cfc6935ae792~tplv-tiktokx-cropcenter:100:100.jpg?dr=9640&refresh_token=b20e3623&x-expires=1756285200&x-signature=bU18PQR%2B6mqeH25lACYg%2BBeWm9o%3D&t=4d5b0474&ps=13740610&shp=30310797&shcp=ff37627b&idc=useast5",
                    "_total_reply": null,
                    "_replies": []
                },
                {
                    "_comment_id": "7455993000624325394",
                    "_username": "tharvin260",
                    "_nickname": "tharvin",
                    "_comment": "kk",
                    "_create_time": "2025-01-04T10:40:56",
                    "_avatar": "https://p16-common-sign-sg.tiktokcdn-us.com/tos-alisg-avt-0068/75307646550e6b592a45cfc6935ae792~tplv-tiktokx-cropcenter:100:100.jpg?dr=9640&refresh_token=b20e3623&x-expires=1756285200&x-signature=bU18PQR%2B6mqeH25lACYg%2BBeWm9o%3D&t=4d5b0474&ps=13740610&shp=30310797&shcp=ff37627b&idc=useast5",
                    "_total_reply": null,
                    "_replies": []
                },
                {
                    "_comment_id": "7455993725353820936",
                    "_username": "tharvin260",
                    "_nickname": "tharvin",
                    "_comment": "y y use lancome ?",
                    "_create_time": "2025-01-04T10:43:45",
                    "_avatar": "https://p16-common-sign-sg.tiktokcdn-us.com/tos-alisg-avt-0068/75307646550e6b592a45cfc6935ae792~tplv-tiktokx-cropcenter:100:100.jpg?dr=9640&refresh_token=b20e3623&x-expires=1756285200&x-signature=bU18PQR%2B6mqeH25lACYg%2BBeWm9o%3D&t=4d5b0474&ps=13740610&shp=30310797&shcp=ff37627b&idc=useast5",
                    "_total_reply": null,
                    "_replies": []
                }
            ]
        },
        {
            "_comment_id": "7458105911375364895",
            "_username": "juliannegarciaa",
            "_nickname": "☆ J U L I E ☆",
            "_comment": "I need 🙏🙏",
            "_create_time": "2025-01-10T03:20:10",
            "_avatar": "https://p16-pu-sign-useast8.tiktokcdn-us.com/tos-useast8-avt-0068-tx2/02ffb916c823c4a574201cd4fe0fb6e1~tplv-tiktokx-cropcenter:100:100.jpg?dr=9640&refresh_token=f0ab528d&x-expires=1756285200&x-signature=%2Fx4GVy%2BavGco%2Bd71QPUrYeJqizA%3D&t=4d5b0474&ps=13740610&shp=30310797&shcp=ff37627b&idc=useast5",
            "_total_reply": 0,
            "_replies": []
        },
        {
            "_comment_id": "7456607172328522504",
            "_username": "spicy.pisces.liv",
            "_nickname": "𝙊𝙡𝙞𝙫𝙞𝙖𝙡𝙪𝙫𝙫_𝙧",
            "_comment": "love this product looks rlly nice!!",
            "_create_time": "2025-01-06T02:24:23",
            "_avatar": "https://p16-common-sign-sg.tiktokcdn-us.com/tos-alisg-avt-0068/f2ae793d2e8a80c06c4e21fcf1b04606~tplv-tiktokx-cropcenter:100:100.jpg?dr=9640&refresh_token=45518602&x-expires=1756285200&x-signature=MW3Lv3TljgULH4s0oPt%2BFUrfHrs%3D&t=4d5b0474&ps=13740610&shp=30310797&shcp=ff37627b&idc=useast5",
            "_total_reply": 0,
            "_replies": []
        },
        {
            "_comment_id": "7466696754432574215",
            "_username": "mollstterr",
            "_nickname": "💙⚓️🩵molz✨🪐🩷",
            "_comment": "Where’s Liv??",
            "_create_time": "2025-02-02T06:57:07",
            "_avatar": "https://p16-common-sign-sg.tiktokcdn-us.com/tos-alisg-avt-0068/19a950cf638be426e3354c13f51ab9e8~tplv-tiktokx-cropcenter:100:100.jpg?dr=9640&refresh_token=4190ff95&x-expires=1756285200&x-signature=PLbpjQan37vAMH%2FXKF%2FnmqVIJqE%3D&t=4d5b0474&ps=13740610&shp=30310797&shcp=ff37627b&idc=useast5",
            "_total_reply": 0,
            "_replies": []
        },
        {
            "_comment_id": "7456436816284484359",
            "_username": "abdulhanan36827",
            "_nickname": "Hanan Butt  from  langay",
            "_comment": "want to order?",
            "_create_time": "2025-01-05T15:23:08",
            "_avatar": "https://p16-common-sign-sg.tiktokcdn-us.com/tos-alisg-avt-0068/ffadfee7ae680603fa1b070001824cbb~tplv-tiktokx-cropcenter:100:100.jpg?dr=9640&refresh_token=b0cb5e23&x-expires=1756285200&x-signature=qy7RYfspxKh6DxuKM7HOAChGFyY%3D&t=4d5b0474&ps=13740610&shp=30310797&shcp=ff37627b&idc=useast5",
            "_total_reply": 0,
            "_replies": []
        },
        {
            "_comment_id": "7455639920993796872",
            "_username": "y4ngs3l",
            "_nickname": "𝔂𝓪𝓷𝓰𝓼𝓮𝓵 ༆",
            "_comment": "EARLY!!!!!! CAN I PLS GET A HI!!! OLIVIA IS SUCH A SLAY AND WE NEED HER IN THIS TOO!",
            "_create_time": "2025-01-03T11:50:50",
            "_avatar": "https://p16-common-sign-sg.tiktokcdn-us.com/tos-alisg-avt-0068/363155b7e514c080148e3fa5200d2c6c~tplv-tiktokx-cropcenter:100:100.jpg?dr=9640&refresh_token=8bc77196&x-expires=1756285200&x-signature=vh%2B2BJJn7GcCHON7EAl7272%2FffQ%3D&t=4d5b0474&ps=13740610&shp=30310797&shcp=ff37627b&idc=useast5",
            "_total_reply": 1,
            "_replies": [
                {
                    "_comment_id": "7455524041152348960",
                    "_username": "lancome.official",
                    "_nickname": "Lancôme",
                    "_comment": "hiiiii 💕",
                    "_create_time": "2025-01-05T20:41:33",
                    "_avatar": "https://p16-common-sign-va.tiktokcdn-us.com/tos-maliva-avt-0068/9424f6caa6a8781766ccf45ddf0a0a0d~tplv-tiktokx-cropcenter:100:100.jpg?dr=9640&refresh_token=3b5db7e6&x-expires=1756285200&x-signature=e%2F9wLN2Xb5w40k7tbO%2FkvD8%2BllM%3D&t=4d5b0474&ps=13740610&shp=30310797&shcp=ff37627b&idc=useast5",
                    "_total_reply": null,
                    "_replies": []
                }
            ]
        },
        {
            "_comment_id": "7455802421760361248",
            "_username": "livvshq",
            "_nickname": "livies hq 💜",
            "_comment": "EXCUSE ME. YALL ATE",
            "_create_time": "2025-01-03T22:21:27",
            "_avatar": "https://p16-common-sign-useast2a.tiktokcdn-us.com/tos-useast2a-avt-0068-euttp/7d2a4c76d8b993b80a38182b20f9203e~tplv-tiktokx-cropcenter:100:100.jpg?dr=9640&refresh_token=e8f4421d&x-expires=1756285200&x-signature=6DSeojTiGRvSZrGGcCTG8YkW6cw%3D&t=4d5b0474&ps=13740610&shp=30310797&shcp=ff37627b&idc=useast5",
            "_total_reply": 3,
            "_replies": [
                {
                    "_comment_id": "7463412016776102674",
                    "_username": "jaberkhan33456",
                    "_nickname": "Jaberkhan33456",
                    "_comment": "Absolutely 💯👏",
                    "_create_time": "2025-01-24T10:30:46",
                    "_avatar": "https://p16-common-sign-useast2a.tiktokcdn-us.com/tos-useast2a-avt-0068-giso/de7c30f440850fcf2b87398f1fe88ca3~tplv-tiktokx-cropcenter:100:100.jpg?dr=9640&refresh_token=c5ff7e89&x-expires=1756285200&x-signature=vm2aAoTxB0loleDYbDkeqpH2Wxo%3D&t=4d5b0474&ps=13740610&shp=30310797&shcp=ff37627b&idc=useast5",
                    "_total_reply": null,
                    "_replies": []
                },
                {
                    "_comment_id": "7455659640215896865",
                    "_username": "lancome.official",
                    "_nickname": "Lancôme",
                    "_comment": "literally always 💅",
                    "_create_time": "2025-01-05T21:04:24",
                    "_avatar": "https://p16-common-sign-va.tiktokcdn-us.com/tos-maliva-avt-0068/9424f6caa6a8781766ccf45ddf0a0a0d~tplv-tiktokx-cropcenter:100:100.jpg?dr=9640&refresh_token=3b5db7e6&x-expires=1756285200&x-signature=e%2F9wLN2Xb5w40k7tbO%2FkvD8%2BllM%3D&t=4d5b0474&ps=13740610&shp=30310797&shcp=ff37627b&idc=useast5",
                    "_total_reply": null,
                    "_replies": []
                },
                {
                    "_comment_id": "7457207885640467233",
                    "_username": "livvshq",
                    "_nickname": "livies hq 💜",
                    "_comment": "realllll 💜",
                    "_create_time": "2025-01-07T17:15:41",
                    "_avatar": "https://p16-common-sign-useast2a.tiktokcdn-us.com/tos-useast2a-avt-0068-euttp/7d2a4c76d8b993b80a38182b20f9203e~tplv-tiktokx-cropcenter:100:100.jpg?dr=9640&refresh_token=e8f4421d&x-expires=1756285200&x-signature=6DSeojTiGRvSZrGGcCTG8YkW6cw%3D&t=4d5b0474&ps=13740610&shp=30310797&shcp=ff37627b&idc=useast5",
                    "_total_reply": null,
                    "_replies": []
                }
            ]
        },
        {
            "_comment_id": "7455825274610287365",
            "_username": "velastef7",
            "_nickname": "VelaStef",
            "_comment": "Dream campaign😍",
            "_create_time": "2025-01-03T23:50:15",
            "_avatar": "https://p16-common-sign-sg.tiktokcdn-us.com/tos-alisg-avt-0068/e95a977bd525bf078a39f384f629ca28~tplv-tiktokx-cropcenter:100:100.jpg?dr=9640&refresh_token=555265d8&x-expires=1756285200&x-signature=hbUvcdoirecgkY1OIJ3yMxPbRB4%3D&t=4d5b0474&ps=13740610&shp=30310797&shcp=ff37627b&idc=useast5",
            "_total_reply": 0,
            "_replies": []
        },
        {
            "_comment_id": "7472441125426529046",
            "_username": "leah_x0x",
            "_nickname": "ᥫ᭡.",
            "_comment": "SLAYED.",
            "_create_time": "2025-02-17T18:28:32",
            "_avatar": "https://p16-common-sign-va.tiktokcdn-us.com/tos-maliva-avt-0068/2967fa18ebb03db4a710e6775abba709~tplv-tiktokx-cropcenter:100:100.jpg?dr=9640&refresh_token=01314bcd&x-expires=1756285200&x-signature=4lp7SnBQ2cVtXhmzGJrmRrnvZXs%3D&t=4d5b0474&ps=13740610&shp=30310797&shcp=ff37627b&idc=useast5",
            "_total_reply": 0,
            "_replies": []
        },
        {
            "_comment_id": "7462913557979349790",
            "_username": "katiedunn68",
            "_nickname": "katiedunn68",
            "_comment": "Neeed",
            "_create_time": "2025-01-23T02:16:41",
            "_avatar": "https://p16-pu-sign-useast8.tiktokcdn-us.com/tos-useast8-avt-0068-tx2/56d4faa8bdacc2650cbcf6bf954dcc4b~tplv-tiktokx-cropcenter:100:100.jpg?dr=9640&refresh_token=224dcde0&x-expires=1756285200&x-signature=g%2FW0iYvU66R3V1DYZXoc3g%2FVDTM%3D&t=4d5b0474&ps=13740610&shp=30310797&shcp=ff37627b&idc=useast5",
            "_total_reply": 0,
            "_replies": []
        },
        {
            "_comment_id": "7457973278670439199",
            "_username": "karisma_ray",
            "_nickname": "karisma_ray, ATL & SAV Creator",
            "_comment": "I’m so obsessed 😍😭with",
            "_create_time": "2025-01-09T18:45:30",
            "_avatar": "https://p16-pu-sign-useast8.tiktokcdn-us.com/tos-useast8-avt-0068-tx2/9d911e00106e5ff915db6cd45d29b907~tplv-tiktokx-cropcenter:100:100.jpg?dr=9640&refresh_token=76392f61&x-expires=1756285200&x-signature=Jvhj5BV7bKZR0MOyAIuNrkjRbMg%3D&t=4d5b0474&ps=13740610&shp=30310797&shcp=ff37627b&idc=useast5",
            "_total_reply": 0,
            "_replies": []
        },
        {
            "_comment_id": "7455625279685460742",
            "_username": "jana_saurus",
            "_nickname": "Јана?",
            "_comment": "😍😍😍 hoppee u reply 💜",
            "_create_time": "2025-01-03T10:54:27",
            "_avatar": "https://p16-common-sign-va.tiktokcdn-us.com/tos-maliva-avt-0068/d0b70185c9cafee4ddca23e1f3a5009c~tplv-tiktokx-cropcenter:100:100.jpg?dr=9640&refresh_token=3cd436b7&x-expires=1756285200&x-signature=3djdV9ARBVa1Tucg2AiyShnwcgA%3D&t=4d5b0474&ps=13740610&shp=30310797&shcp=ff37627b&idc=useast5",
            "_total_reply": 1,
            "_replies": [
                {
                    "_comment_id": "7455731130890027808",
                    "_username": "lancome.official",
                    "_nickname": "Lancôme",
                    "_comment": "hiii",
                    "_create_time": "2025-01-05T00:14:51",
                    "_avatar": "https://p16-common-sign-va.tiktokcdn-us.com/tos-maliva-avt-0068/9424f6caa6a8781766ccf45ddf0a0a0d~tplv-tiktokx-cropcenter:100:100.jpg?dr=9640&refresh_token=3b5db7e6&x-expires=1756285200&x-signature=e%2F9wLN2Xb5w40k7tbO%2FkvD8%2BllM%3D&t=4d5b0474&ps=13740610&shp=30310797&shcp=ff37627b&idc=useast5",
                    "_total_reply": null,
                    "_replies": []
                }
            ]
        },
        {
            "_comment_id": "7456475070904222496",
            "_username": "coco_thatgirl0",
            "_nickname": "𝚌𝚘𝚌𝚘 ✞☆♪",
            "_comment": "the vibess 😍😍",
            "_create_time": "2025-01-05T17:51:41",
            "_avatar": "https://p16-common-sign-va.tiktokcdn-us.com/tos-maliva-avt-0068/c42721490d3b3f062210db64148f1804~tplv-tiktokx-cropcenter:100:100.jpg?dr=9640&refresh_token=67701f68&x-expires=1756285200&x-signature=exrDtB67kd2E9PkgWi5WCog%2FfCU%3D&t=4d5b0474&ps=13740610&shp=30310797&shcp=ff37627b&idc=useast5",
            "_total_reply": 0,
            "_replies": []
        },
        {
            "_comment_id": "7455838058802316064",
            "_username": "maisie.1507",
            "_nickname": "Maisiee",
            "_comment": "Hello bestie",
            "_create_time": "2025-01-04T00:39:48",
            "_avatar": "https://p16-common-sign-va.tiktokcdn-us.com/tos-maliva-avt-0068/f24faaa39631d4db170f71d7ecd8ac89~tplv-tiktokx-cropcenter:100:100.jpg?dr=9640&refresh_token=412d9c82&x-expires=1756285200&x-signature=lNN3CPvimS64shoo006BbGqgATA%3D&t=4d5b0474&ps=13740610&shp=30310797&shcp=ff37627b&idc=useast5",
            "_total_reply": 2,
            "_replies": [
                {
                    "_comment_id": "7455267175000654624",
                    "_username": "lancome.official",
                    "_nickname": "Lancôme",
                    "_comment": "heyyy ❤️",
                    "_create_time": "2025-01-05T00:22:18",
                    "_avatar": "https://p16-common-sign-va.tiktokcdn-us.com/tos-maliva-avt-0068/9424f6caa6a8781766ccf45ddf0a0a0d~tplv-tiktokx-cropcenter:100:100.jpg?dr=9640&refresh_token=3b5db7e6&x-expires=1756285200&x-signature=e%2F9wLN2Xb5w40k7tbO%2FkvD8%2BllM%3D&t=4d5b0474&ps=13740610&shp=30310797&shcp=ff37627b&idc=useast5",
                    "_total_reply": null,
                    "_replies": []
                },
                {
                    "_comment_id": "7456204765555753761",
                    "_username": "maisie.1507",
                    "_nickname": "Maisiee",
                    "_comment": "Omg heyyyy🥰💗",
                    "_create_time": "2025-01-05T00:22:49",
                    "_avatar": "https://p16-common-sign-va.tiktokcdn-us.com/tos-maliva-avt-0068/f24faaa39631d4db170f71d7ecd8ac89~tplv-tiktokx-cropcenter:100:100.jpg?dr=9640&refresh_token=412d9c82&x-expires=1756285200&x-signature=lNN3CPvimS64shoo006BbGqgATA%3D&t=4d5b0474&ps=13740610&shp=30310797&shcp=ff37627b&idc=useast5",
                    "_total_reply": null,
                    "_replies": []
                }
            ]
        },
        {
            "_comment_id": "7455625397784380167",
            "_username": "tharvin260",
            "_nickname": "tharvin",
            "_comment": "first",
            "_create_time": "2025-01-03T10:54:28",
            "_avatar": "https://p19-common-sign-sg.tiktokcdn-us.com/tos-alisg-avt-0068/75307646550e6b592a45cfc6935ae792~tplv-tiktokx-cropcenter:100:100.jpg?dr=9640&refresh_token=db1b0560&x-expires=1756285200&x-signature=4Lckaqk6XZx49srBNTLBd65scM8%3D&t=4d5b0474&ps=13740610&shp=30310797&shcp=ff37627b&idc=useast5",
            "_total_reply": 0,
            "_replies": []
        },
        {
            "_comment_id": "7455653659864728353",
            "_username": "ginte1990",
            "_nickname": "Gintare2004 🍓",
            "_comment": "💕💕💕💕",
            "_create_time": "2025-01-03T12:44:25",
            "_avatar": "https://p16-common-sign-useast2a.tiktokcdn-us.com/tos-useast2a-avt-0068-euttp/033f760a6798505855d5f7bc59afc238~tplv-tiktokx-cropcenter:100:100.jpg?dr=9640&refresh_token=53bc68ae&x-expires=1756285200&x-signature=P95eB%2BhRGBQJCRqCWRVYcvmJ7hM%3D&t=4d5b0474&ps=13740610&shp=30310797&shcp=ff37627b&idc=useast5",
            "_total_reply": 0,
            "_replies": []
        },
        {
            "_comment_id": "7465330022006571809",
            "_username": "amzeekayy",
            "_nickname": "Ay Kay",
            "_comment": "💕",
            "_create_time": "2025-01-29T14:33:41",
            "_avatar": "https://p16-common-sign-useast2a.tiktokcdn-us.com/tos-useast2a-avt-0068-euttp/55dbec040bdcb89352cab8c66df18329~tplv-tiktokx-cropcenter:100:100.jpg?dr=9640&refresh_token=187a4352&x-expires=1756285200&x-signature=kjbkUmoTup9Rft%2FZIc4QIUGf8%2B0%3D&t=4d5b0474&ps=13740610&shp=30310797&shcp=ff37627b&idc=useast5",
            "_total_reply": 0,
            "_replies": []
        },
        {
            "_comment_id": "7463194681662669614",
            "_username": "cclaire12348",
            "_nickname": "CCLAIRE1234",
            "_comment": "❤️❤️",
            "_create_time": "2025-01-23T20:27:35",
            "_avatar": "https://p19-pu-sign-useast8.tiktokcdn-us.com/tos-useast5-avt-0068-tx/0fa2cab8424fc9a523cd9d9b08281748~tplv-tiktokx-cropcenter:100:100.jpg?dr=9640&refresh_token=77152fc3&x-expires=1756285200&x-signature=N8KeYE%2BApMMApHrfBKgHmFXuFnA%3D&t=4d5b0474&ps=13740610&shp=30310797&shcp=ff37627b&idc=useast5",
            "_total_reply": 0,
            "_replies": []
        },
        {
            "_comment_id": "7466560313149014816",
            "_username": "tammyaw",
            "_nickname": "Taw",
            "_comment": "❤️❤️❤️",
            "_create_time": "2025-02-01T22:07:37",
            "_avatar": "https://p16-common-sign-useast2a.tiktokcdn-us.com/tos-useast2a-avt-0068-giso/daa814469aa82a2a7d5fe7ed05350095~tplv-tiktokx-cropcenter:100:100.jpg?dr=9640&refresh_token=c6c833b1&x-expires=1756285200&x-signature=y%2B3rshseMhsLa4xerDrgha6SXNo%3D&t=4d5b0474&ps=13740610&shp=30310797&shcp=ff37627b&idc=useast5",
            "_total_reply": 0,
            "_replies": []
        },
        {
            "_comment_id": "7466834260445020935",
            "_username": "mj95826",
            "_nickname": "Majo🪻",
            "_comment": "💋",
            "_create_time": "2025-02-02T15:50:42",
            "_avatar": "https://p16-common-sign-va.tiktokcdn-us.com/tos-maliva-avt-0068/ff4a599db2b6e819969ec7c65b2d9a98~tplv-tiktokx-cropcenter:100:100.jpg?dr=9640&refresh_token=9b1275bf&x-expires=1756285200&x-signature=iQXp2RB8WrEriFnJPcIwwOn12HA%3D&t=4d5b0474&ps=13740610&shp=30310797&shcp=ff37627b&idc=useast5",
            "_total_reply": 0,
            "_replies": []
        },
        {
            "_comment_id": "7477240370616763158",
            "_username": "sandy32807",
            "_nickname": "sandy",
            "_comment": "❤️",
            "_create_time": "2025-03-02T15:51:44",
            "_avatar": "https://p16-common-sign-useast2a.tiktokcdn-us.com/tos-useast2a-avt-0068-euttp/d462794418f4f00ac3680023dbda4788~tplv-tiktokx-cropcenter:100:100.jpg?dr=9640&refresh_token=2552975c&x-expires=1756285200&x-signature=5g2bnBKX1C%2F7HF86BnAh%2BE1L2iQ%3D&t=4d5b0474&ps=13740610&shp=30310797&shcp=ff37627b&idc=useast5",
            "_total_reply": 0,
            "_replies": []
        },
        {
            "_comment_id": "7456887793228055342",
            "_username": "ijustcomeinhere",
            "_nickname": "Linh đan",
            "_comment": "😊😊😊",
            "_create_time": "2025-01-06T20:33:33",
            "_avatar": "https://p16-pu-sign-useast8.tiktokcdn-us.com/tos-useast5-avt-0068-tx/ec6c9339400271b8bae74fa62425d33d~tplv-tiktokx-cropcenter:100:100.jpg?dr=9640&refresh_token=f8e2ae91&x-expires=1756285200&x-signature=vaYVLcb2JBJYmj%2BT8aWcFjQFz%2BY%3D&t=4d5b0474&ps=13740610&shp=30310797&shcp=ff37627b&idc=useast5",
            "_total_reply": 0,
            "_replies": []
        },
        {
            "_comment_id": "7456159242707501857",
            "_username": "queeniesss5789",
            "_nickname": "tasha",
            "_comment": "♥️",
            "_create_time": "2025-01-04T21:26:19",
            "_avatar": "https://p16-common-sign-useast2a.tiktokcdn-us.com/tos-useast2a-avt-0068-euttp/b050c287b2caa6d79e833351538d3e02~tplv-tiktokx-cropcenter:100:100.jpg?dr=9640&refresh_token=08627e61&x-expires=1756285200&x-signature=OrdZu8jntM8L%2FCLOA4%2F2qXs%2FMN0%3D&t=4d5b0474&ps=13740610&shp=30310797&shcp=ff37627b&idc=useast5",
            "_total_reply": 0,
            "_replies": []
        },
        {
            "_comment_id": "7455859530104308511",
            "_username": "popbrownskin_7",
            "_nickname": "Pop Brownskin",
            "_comment": "🥰🥰🥰",
            "_create_time": "2025-01-04T02:03:11",
            "_avatar": "https://p16-sign.tiktokcdn-us.com/tos-useast5-avt-0068-tx/47047086c7b8d918558e7f521f155396~tplv-tiktokx-cropcenter:100:100.jpg?dr=9640&refresh_token=d2c3e607&x-expires=1756285200&x-signature=uCZ7vqMkK5kn%2Bhk498bU6ICZK04%3D&t=4d5b0474&ps=13740610&shp=30310797&shcp=ff37627b&idc=useast5",
            "_total_reply": 0,
            "_replies": []
        },
        {
            "_comment_id": "7462901938482037536",
            "_username": "anitawilliams677",
            "_nickname": "anitawilliams677",
            "_comment": "❤️❤️",
            "_create_time": "2025-01-23T01:33:38",
            "_avatar": "https://p16-common-sign-va.tiktokcdn-us.com/tos-maliva-avt-0068/efa7c0807320bf605f5b5482c25ae903~tplv-tiktokx-cropcenter:100:100.jpg?dr=9640&refresh_token=f3e9b1b3&x-expires=1756285200&x-signature=uiSMrCsds2KWOKdi7aI0j2ufSfk%3D&t=4d5b0474&ps=13740610&shp=30310797&shcp=ff37627b&idc=useast5",
            "_total_reply": 0,
            "_replies": []
        },
        {
            "_comment_id": "7455698112905773846",
            "_username": "annang042",
            "_nickname": "anna",
            "_comment": "🥰",
            "_create_time": "2025-01-03T15:36:51",
            "_avatar": "https://p16-common-sign-va.tiktokcdn-us.com/tos-maliva-avt-0068/7c3e761751fa337405fde2251afc615e~tplv-tiktokx-cropcenter:100:100.jpg?dr=9640&refresh_token=f4805879&x-expires=1756285200&x-signature=yErcYdhIEnsCN853%2FaXqvzyhQ34%3D&t=4d5b0474&ps=13740610&shp=30310797&shcp=ff37627b&idc=useast5",
            "_total_reply": 0,
            "_replies": []
        },
        {
            "_comment_id": "7457930733471924993",
            "_username": "vitamincyuu91",
            "_nickname": "Virgo",
            "_comment": "🤣🤣🤣",
            "_create_time": "2025-01-09T16:00:28",
            "_avatar": "https://p16-common-sign-va.tiktokcdn-us.com/tos-maliva-avt-0068/9e05d9ce1b571699ce810b0d682bd448~tplv-tiktokx-cropcenter:100:100.jpg?dr=9640&refresh_token=1625e03d&x-expires=1756285200&x-signature=j9C0wgcqUuTjR4dS%2BmDCJ4DhZsY%3D&t=4d5b0474&ps=13740610&shp=30310797&shcp=ff37627b&idc=useast5",
            "_total_reply": 0,
            "_replies": []
        },
        {
            "_comment_id": "7457715863056204574",
            "_username": "madisonmitchell1782",
            "_nickname": "madisonmitchell♥️",
            "_comment": "Just made a video using a Lancôme discontinued product. & we need Mauvette back.😭💓🤍",
            "_create_time": "2025-01-09T02:06:35",
            "_avatar": "https://p16-pu-sign-useast8.tiktokcdn-us.com/tos-useast8-avt-0068-tx2/8201d906528a0ca94b428229a0a050f8~tplv-tiktokx-cropcenter:100:100.jpg?dr=9640&refresh_token=cd7e47fd&x-expires=1756285200&x-signature=ibrgY1aucl5ukATDUiTqSGdQ88s%3D&t=4d5b0474&ps=13740610&shp=30310797&shcp=ff37627b&idc=useast5",
            "_total_reply": 0,
            "_replies": []
        },
        {
            "_comment_id": "7455778293117223702",
            "_username": "all_american.livie",
            "_nickname": "Lara twice :)",
            "_comment": "next time put olivia rodrigo in this",
            "_create_time": "2025-01-03T20:47:58",
            "_avatar": "https://p16-common-sign-useast2a.tiktokcdn-us.com/tos-useast2a-avt-0068-euttp/918253354d8f881420b2a6a95148205b~tplv-tiktokx-cropcenter:100:100.jpg?dr=9640&refresh_token=98cd057b&x-expires=1756285200&x-signature=URlE7ORpNiYOQCcgQFqmMtcav0Y%3D&t=4d5b0474&ps=13740610&shp=30310797&shcp=ff37627b&idc=useast5",
            "_total_reply": 1,
            "_replies": [
                {
                    "_comment_id": "7455802656960906017",
                    "_username": "livvshq",
                    "_nickname": "livies hq 💜",
                    "_comment": "hii, so idk if u know but lancôme isn’t only abt olivia ( not tryna be mean ) but it’s a individual brand and doesn’t mean olivia is gonna try everything",
                    "_create_time": "2025-01-03T22:22:30",
                    "_avatar": "https://p16-common-sign-useast2a.tiktokcdn-us.com/tos-useast2a-avt-0068-euttp/7d2a4c76d8b993b80a38182b20f9203e~tplv-tiktokx-cropcenter:100:100.jpg?dr=9640&refresh_token=e8f4421d&x-expires=1756285200&x-signature=6DSeojTiGRvSZrGGcCTG8YkW6cw%3D&t=4d5b0474&ps=13740610&shp=30310797&shcp=ff37627b&idc=useast5",
                    "_total_reply": null,
                    "_replies": []
                }
            ]
        }
    ],
    "total_comments": 29
}