{
    "original_url": "https://www.tiktok.com/@lancome.official/video/7456005941138410774",
    "video_id": "7456005941138410774",
    "description": "Sleek, smooth, AND refillable design. It’s THE serum to include in your #skincareroutine. 🥰 #Lancome #GenifiqueUltimate #Serum #Refill #Skincare #Skincaretiktok #Skintok #Beauty #BeautyTok #Satsfying ",
    "video_url": "https://m.tiktok.com/v/7456005941138410774.html?_d=0&comment_author_id=7078068489563817006&preview_pb=0&share_comment_id=7457335450245694251&share_item_id=7456005941138410774&sharer_language=en&source=h5_m&u_code=0",
    "tags": [
        "#skincareroutine.",
        "#Lancome",
        "#GenifiqueUltimate",
        "#Serum",
        "#Refill",
        "#Skincare",
        "#Skincaretiktok",
        "#Skintok",
        "#Beauty",
        "#BeautyTok",
        "#Satsfying"
    ],
    "comments": [
        {
            "_comment_id": "7457335450245694251",
            "_username": "natalimedranor",
            "_nickname": "natalimedranor",
            "_comment": "These products look amazing 🤭",
            "_create_time": "2025-01-08T01:30:32",
            "_avatar": "https://p16-pu-sign-useast8.tiktokcdn-us.com/tos-useast8-avt-0068-tx2/b042146145f39fc4fdb2f12181fb2d82~tplv-tiktokx-cropcenter:100:100.jpg?dr=9640&refresh_token=898b3877&x-expires=1756285200&x-signature=2c7tUUjp2gTCt06skn7HQrzc7KQ%3D&t=4d5b0474&ps=13740610&shp=30310797&shcp=ff37627b&idc=useast5",
            "_total_reply": 1,
            "_replies": [
                {
                    "_comment_id": "7456851182414512929",
                    "_username": "lancome.official",
                    "_nickname": "Lancôme",
                    "_comment": "Even better on 🤭✨",
                    "_create_time": "2025-01-08T10:00:08",
                    "_avatar": "https://p16-common-sign-va.tiktokcdn-us.com/tos-maliva-avt-0068/9424f6caa6a8781766ccf45ddf0a0a0d~tplv-tiktokx-cropcenter:100:100.jpg?dr=9640&refresh_token=3b5db7e6&x-expires=1756285200&x-signature=e%2F9wLN2Xb5w40k7tbO%2FkvD8%2BllM%3D&t=4d5b0474&ps=13740610&shp=30310797&shcp=ff37627b&idc=useast5",
                    "_total_reply": null,
                    "_replies": []
                }
            ]
        },
        {
            "_comment_id": "7458772172420088578",
            "_username": "enn1002",
            "_nickname": "✶｡  🦊  𝕰𝓃𝓃  🦊  ｡✶",
            "_comment": "The genifique serum was the first thing I tried from you, and since then I've replaced my entire routine and makeup with Lancome products ☺💜",
            "_create_time": "2025-01-11T22:26:33",
            "_avatar": "https://p16-common-sign-useast2a.tiktokcdn-us.com/tos-useast2a-avt-0068-euttp/7156720d59ab1b833e1c5b9e044960a0~tplv-tiktokx-cropcenter:100:100.jpg?dr=9640&refresh_token=a0df1b3b&x-expires=1756285200&x-signature=8BO7irPFFkiFuOkbSNORtU6BHlk%3D&t=4d5b0474&ps=13740610&shp=30310797&shcp=ff37627b&idc=useast5",
            "_total_reply": 3,
            "_replies": [
                {
                    "_comment_id": "7459462254431503126",
                    "_username": "lancome.official",
                    "_nickname": "Lancôme",
                    "_comment": "Comments like this warms our hearts 🥹🩷",
                    "_create_time": "2025-01-13T19:03:43",
                    "_avatar": "https://p16-common-sign-va.tiktokcdn-us.com/tos-maliva-avt-0068/9424f6caa6a8781766ccf45ddf0a0a0d~tplv-tiktokx-cropcenter:100:100.jpg?dr=9640&refresh_token=3b5db7e6&x-expires=1756285200&x-signature=e%2F9wLN2Xb5w40k7tbO%2FkvD8%2BllM%3D&t=4d5b0474&ps=13740610&shp=30310797&shcp=ff37627b&idc=useast5",
                    "_total_reply": null,
                    "_replies": []
                },
                {
                    "_comment_id": "7459467690764878614",
                    "_username": "enn1002",
                    "_nickname": "✶｡  🦊  𝕰𝓃𝓃  🦊  ｡✶",
                    "_comment": "my mom also started applying makeup again after I showed her the products.☺💜 unfortunately, the primer is not available in Hungary at the moment, I'm sad about that. 😢",
                    "_create_time": "2025-01-13T19:24:44",
                    "_avatar": "https://p16-common-sign-useast2a.tiktokcdn-us.com/tos-useast2a-avt-0068-euttp/7156720d59ab1b833e1c5b9e044960a0~tplv-tiktokx-cropcenter:100:100.jpg?dr=9640&refresh_token=a0df1b3b&x-expires=1756285200&x-signature=8BO7irPFFkiFuOkbSNORtU6BHlk%3D&t=4d5b0474&ps=13740610&shp=30310797&shcp=ff37627b&idc=useast5",
                    "_total_reply": null,
                    "_replies": []
                },
                {
                    "_comment_id": "7457836719942484768",
                    "_username": "lancome.official",
                    "_nickname": "Lancôme",
                    "_comment": "aww, thank you for being a part of our Lancôme family ❤️",
                    "_create_time": "2025-01-11T23:23:39",
                    "_avatar": "https://p16-common-sign-va.tiktokcdn-us.com/tos-maliva-avt-0068/9424f6caa6a8781766ccf45ddf0a0a0d~tplv-tiktokx-cropcenter:100:100.jpg?dr=9640&refresh_token=3b5db7e6&x-expires=1756285200&x-signature=e%2F9wLN2Xb5w40k7tbO%2FkvD8%2BllM%3D&t=4d5b0474&ps=13740610&shp=30310797&shcp=ff37627b&idc=useast5",
                    "_total_reply": null,
                    "_replies": []
                }
            ]
        },
        {
            "_comment_id": "7457750551260611374",
            "_username": "lynda_satx",
            "_nickname": "lynda_satx",
            "_comment": "Lancome is my go to. I have so many",
            "_create_time": "2025-01-09T04:21:14",
            "_avatar": "https://p16-sign.tiktokcdn-us.com/tos-useast5-avt-0068-tx/2576cac6632da3c37aff4204b6a8df02~tplv-tiktokx-cropcenter:100:100.jpg?dr=9640&refresh_token=87075a8c&x-expires=1756285200&x-signature=gSEi1Q5G8%2BILfObIrv8hgayc3iQ%3D&t=4d5b0474&ps=13740610&shp=30310797&shcp=ff37627b&idc=useast5",
            "_total_reply": 0,
            "_replies": []
        },
        {
            "_comment_id": "7457715838566810398",
            "_username": "madisonmitchell1782",
            "_nickname": "madisonmitchell♥️",
            "_comment": "Just made a video using a Lancôme discontinued product. & we need Mauvette back.😭💓🤍",
            "_create_time": "2025-01-09T02:06:30",
            "_avatar": "https://p19-pu-sign-useast8.tiktokcdn-us.com/tos-useast8-avt-0068-tx2/8201d906528a0ca94b428229a0a050f8~tplv-tiktokx-cropcenter:100:100.jpg?dr=9640&refresh_token=c38a0f00&x-expires=1756285200&x-signature=FySkskuTIpzOKORcQZjuEpfXKQs%3D&t=4d5b0474&ps=13740610&shp=30310797&shcp=ff37627b&idc=useast5",
            "_total_reply": 0,
            "_replies": []
        },
        {
            "_comment_id": "7456008205140362002",
            "_username": "spicy.pisces.liv",
            "_nickname": "𝙊𝙡𝙞𝙫𝙞𝙖𝙡𝙪𝙫𝙫_𝙧",
            "_comment": "such a cool product!!",
            "_create_time": "2025-01-04T11:39:57",
            "_avatar": "https://p16-common-sign-sg.tiktokcdn-us.com/tos-alisg-avt-0068/f2ae793d2e8a80c06c4e21fcf1b04606~tplv-tiktokx-cropcenter:100:100.jpg?dr=9640&refresh_token=45518602&x-expires=1756285200&x-signature=MW3Lv3TljgULH4s0oPt%2BFUrfHrs%3D&t=4d5b0474&ps=13740610&shp=30310797&shcp=ff37627b&idc=useast5",
            "_total_reply": 1,
            "_replies": [
                {
                    "_comment_id": "7455598590761812768",
                    "_username": "lancome.official",
                    "_nickname": "Lancôme",
                    "_comment": "we think so too 🥰 ❤️",
                    "_create_time": "2025-01-05T00:24:38",
                    "_avatar": "https://p16-common-sign-va.tiktokcdn-us.com/tos-maliva-avt-0068/9424f6caa6a8781766ccf45ddf0a0a0d~tplv-tiktokx-cropcenter:100:100.jpg?dr=9640&refresh_token=3b5db7e6&x-expires=1756285200&x-signature=e%2F9wLN2Xb5w40k7tbO%2FkvD8%2BllM%3D&t=4d5b0474&ps=13740610&shp=30310797&shcp=ff37627b&idc=useast5",
                    "_total_reply": null,
                    "_replies": []
                }
            ]
        },
        {
            "_comment_id": "7459207523213525790",
            "_username": "yvette_rodriguez78",
            "_nickname": "yvette_rodriguez78",
            "_comment": "Can’t wait to try it!",
            "_create_time": "2025-01-13T02:35:00",
            "_avatar": "https://p16-pu-sign-useast8.tiktokcdn-us.com/tos-useast8-avt-0068-tx2/4fcb69c1eac5f68d978bf34a40fe2fa5~tplv-tiktokx-cropcenter:100:100.jpg?dr=9640&refresh_token=b2dc5273&x-expires=1756285200&x-signature=ndacXgH%2B4SeHM8hkXPg80I5YJYY%3D&t=4d5b0474&ps=13740610&shp=30310797&shcp=ff37627b&idc=useast5",
            "_total_reply": 0,
            "_replies": []
        },
        {
            "_comment_id": "7459237545265988360",
            "_username": "tin_moe_overthinker",
            "_nickname": "Timo",
            "_comment": "where can it be bought in myanmar?",
            "_create_time": "2025-01-13T04:31:53",
            "_avatar": "https://p16-common-sign-useast2a.tiktokcdn-us.com/tos-useast2a-avt-0068-giso/2a89fec563c360c665fef06b7066f033~tplv-tiktokx-cropcenter:100:100.jpg?dr=9640&refresh_token=96f2ad5d&x-expires=1756285200&x-signature=7GSaalm2dv2k3L%2BkgRDtmHqllrY%3D&t=4d5b0474&ps=13740610&shp=30310797&shcp=ff37627b&idc=useast5",
            "_total_reply": 0,
            "_replies": []
        },
        {
            "_comment_id": "7465481117892166422",
            "_username": "caro121991",
            "_nickname": "CaroEndo💕",
            "_comment": "Quand ma gamme Guerlain sera terminée c’est celle ci que je veux essayer et je pourrais comparer mais je la veux tellement ❤️",
            "_create_time": "2025-01-30T00:21:05",
            "_avatar": "https://p16-common-sign-useast2a.tiktokcdn-us.com/tos-useast2a-avt-0068-euttp/54d0cf0885f6ae2fcec13e2b02110663~tplv-tiktokx-cropcenter:100:100.jpg?dr=9640&refresh_token=e0634bc6&x-expires=1756285200&x-signature=vq4EeazvyETvcutP45XLeEJtLYo%3D&t=4d5b0474&ps=13740610&shp=30310797&shcp=ff37627b&idc=useast5",
            "_total_reply": 1,
            "_replies": [
                {
                    "_comment_id": "7490271603050169110",
                    "_username": "oberlin.anastasia",
                    "_nickname": "Anastasia Oberlin |Drag&Makeup",
                    "_comment": "Franchement fonce elle est super bien perso j’adore ❤️❤️❤️❤️❤️❤️",
                    "_create_time": "2025-04-06T19:39:23",
                    "_avatar": "https://p16-common-sign-va.tiktokcdn-us.com/tos-maliva-avt-0068/12621a712ff5c83a0b1cfff75d9067d7~tplv-tiktokx-cropcenter:100:100.jpg?dr=9640&refresh_token=079575d1&x-expires=1756285200&x-signature=Bx%2F3hTqcqM%2Bi7uraXG6IMx0IlY4%3D&t=4d5b0474&ps=13740610&shp=30310797&shcp=ff37627b&idc=useast5",
                    "_total_reply": null,
                    "_replies": []
                }
            ]
        },
        {
            "_comment_id": "7457805732885463839",
            "_username": "reneetrosper7",
            "_nickname": "Renee",
            "_comment": "use it EVERDAY!",
            "_create_time": "2025-01-09T07:55:30",
            "_avatar": "https://p16-sign.tiktokcdn-us.com/tos-useast5-avt-0068-tx/22832ac9ca2686b07e4b3788b62d314f~tplv-tiktokx-cropcenter:100:100.jpg?dr=9640&refresh_token=03e79893&x-expires=1756285200&x-signature=QVx6SsHJW08bFL534CeurRyhAs0%3D&t=4d5b0474&ps=13740610&shp=30310797&shcp=ff37627b&idc=useast5",
            "_total_reply": 0,
            "_replies": []
        },
        {
            "_comment_id": "7456574717097984814",
            "_username": "falonen28",
            "_nickname": "Falone | Motherhood Creator",
            "_comment": "Gorgeous😍😍",
            "_create_time": "2025-01-06T00:18:20",
            "_avatar": "https://p16-sign.tiktokcdn-us.com/tos-useast5-avt-0068-tx/35bf3dbda7b543caac943ec75ffa4eea~tplv-tiktokx-cropcenter:100:100.jpg?dr=9640&refresh_token=8f9a34ec&x-expires=1756285200&x-signature=jMgHelzdaPMXQBTVz4jBqpCVNJw%3D&t=4d5b0474&ps=13740610&shp=30310797&shcp=ff37627b&idc=useast5",
            "_total_reply": 0,
            "_replies": []
        },
        {
            "_comment_id": "7465249060292821792",
            "_username": "tammyaw",
            "_nickname": "Taw",
            "_comment": "Fantastic",
            "_create_time": "2025-01-29T09:19:35",
            "_avatar": "https://p16-common-sign-useast2a.tiktokcdn-us.com/tos-useast2a-avt-0068-giso/daa814469aa82a2a7d5fe7ed05350095~tplv-tiktokx-cropcenter:100:100.jpg?dr=9640&refresh_token=c6c833b1&x-expires=1756285200&x-signature=y%2B3rshseMhsLa4xerDrgha6SXNo%3D&t=4d5b0474&ps=13740610&shp=30310797&shcp=ff37627b&idc=useast5",
            "_total_reply": 0,
            "_replies": []
        },
        {
            "_comment_id": "7459113627858240278",
            "_username": "or_sa_19",
            "_nickname": "or_sa_19",
            "_comment": "What do you recommend for sagging dry skin 40 years old ??? Thank u 🙏",
            "_create_time": "2025-01-12T20:30:44",
            "_avatar": "https://p16-common-sign-va.tiktokcdn-us.com/tos-maliva-avt-0068/7f455a6edb8c011bf7a617af1f276760~tplv-tiktokx-cropcenter:100:100.jpg?dr=9640&refresh_token=fa1c6e96&x-expires=1756285200&x-signature=%2Fm6BuMIcU6S0JZNHYv4inMrs%2FN4%3D&t=4d5b0474&ps=13740610&shp=30310797&shcp=ff37627b&idc=useast5",
            "_total_reply": 0,
            "_replies": []
        },
        {
            "_comment_id": "7459601411673768747",
            "_username": "fergiesbeauty411",
            "_nickname": "Fergie'sBeauty411",
            "_comment": "I would so love a sample ❤️",
            "_create_time": "2025-01-14T04:03:34",
            "_avatar": "https://p19-sign.tiktokcdn-us.com/tos-useast5-avt-0068-tx/7353109215902171182~tplv-tiktokx-cropcenter:100:100.jpg?dr=9640&refresh_token=3c095dc6&x-expires=1756285200&x-signature=0PP95uetlj%2F8zvfBzjuAxDn5NrA%3D&t=4d5b0474&ps=13740610&shp=30310797&shcp=ff37627b&idc=useast5",
            "_total_reply": 0,
            "_replies": []
        },
        {
            "_comment_id": "7484150802517459730",
            "_username": "peheo447",
            "_nickname": "Pe Heo916",
            "_comment": "ib",
            "_create_time": "2025-03-21T06:47:42",
            "_avatar": "https://p19-common-sign-va.tiktokcdn-us.com/tos-maliva-avt-0068/7328582419236257797~tplv-tiktokx-cropcenter:100:100.jpg?dr=9640&refresh_token=0adc829e&x-expires=1756285200&x-signature=OQxPRl%2B%2F45f6Ofz6thll31xZUYE%3D&t=4d5b0474&ps=13740610&shp=30310797&shcp=ff37627b&idc=useast5",
            "_total_reply": 0,
            "_replies": []
        },
        {
            "_comment_id": "7457584695262855969",
            "_username": "coco_thatgirl0",
            "_nickname": "𝚌𝚘𝚌𝚘 ✞☆♪",
            "_comment": "Looks beautiful and hydrating 🩷💅",
            "_create_time": "2025-01-08T17:37:33",
            "_avatar": "https://p16-common-sign-va.tiktokcdn-us.com/tos-maliva-avt-0068/c42721490d3b3f062210db64148f1804~tplv-tiktokx-cropcenter:100:100.jpg?dr=9640&refresh_token=67701f68&x-expires=1756285200&x-signature=exrDtB67kd2E9PkgWi5WCog%2FfCU%3D&t=4d5b0474&ps=13740610&shp=30310797&shcp=ff37627b&idc=useast5",
            "_total_reply": 2,
            "_replies": [
                {
                    "_comment_id": "7457832296922874657",
                    "_username": "lancome.official",
                    "_nickname": "Lancôme",
                    "_comment": "Trust us, your skin will thank you later 🤭❤️",
                    "_create_time": "2025-01-09T14:54:31",
                    "_avatar": "https://p16-common-sign-va.tiktokcdn-us.com/tos-maliva-avt-0068/9424f6caa6a8781766ccf45ddf0a0a0d~tplv-tiktokx-cropcenter:100:100.jpg?dr=9640&refresh_token=3b5db7e6&x-expires=1756285200&x-signature=e%2F9wLN2Xb5w40k7tbO%2FkvD8%2BllM%3D&t=4d5b0474&ps=13740610&shp=30310797&shcp=ff37627b&idc=useast5",
                    "_total_reply": null,
                    "_replies": []
                },
                {
                    "_comment_id": "7457959288696767264",
                    "_username": "coco_thatgirl0",
                    "_nickname": "𝚌𝚘𝚌𝚘 ✞☆♪",
                    "_comment": "❤️❤️Xx",
                    "_create_time": "2025-01-09T17:51:36",
                    "_avatar": "https://p16-common-sign-va.tiktokcdn-us.com/tos-maliva-avt-0068/c42721490d3b3f062210db64148f1804~tplv-tiktokx-cropcenter:100:100.jpg?dr=9640&refresh_token=67701f68&x-expires=1756285200&x-signature=exrDtB67kd2E9PkgWi5WCog%2FfCU%3D&t=4d5b0474&ps=13740610&shp=30310797&shcp=ff37627b&idc=useast5",
                    "_total_reply": null,
                    "_replies": []
                }
            ]
        },
        {
            "_comment_id": "7460119226432291615",
            "_username": "soulsophiamua",
            "_nickname": "Sophia Maria",
            "_comment": "MY FAVVVVV GÉNIFIQUE OWNNSSS MY HEART",
            "_create_time": "2025-01-15T13:33:08",
            "_avatar": "https://p19-pu-sign-useast8.tiktokcdn-us.com/tos-useast8-avt-0068-tx2/4220d0b305519d1ed47b189dfcb18cb7~tplv-tiktokx-cropcenter:100:100.jpg?dr=9640&refresh_token=34670ca5&x-expires=1756285200&x-signature=lnsnmZ%2BDyHd6JstQJeAXM7T26J8%3D&t=4d5b0474&ps=13740610&shp=30310797&shcp=ff37627b&idc=useast5",
            "_total_reply": 2,
            "_replies": [
                {
                    "_comment_id": "7460952635673314070",
                    "_username": "lancome.official",
                    "_nickname": "Lancôme",
                    "_comment": "Génifique Ultimate Recovery Serum stands out in a crowd of skincare 🙌🩷",
                    "_create_time": "2025-01-17T19:27:41",
                    "_avatar": "https://p16-common-sign-va.tiktokcdn-us.com/tos-maliva-avt-0068/9424f6caa6a8781766ccf45ddf0a0a0d~tplv-tiktokx-cropcenter:100:100.jpg?dr=9640&refresh_token=3b5db7e6&x-expires=1756285200&x-signature=e%2F9wLN2Xb5w40k7tbO%2FkvD8%2BllM%3D&t=4d5b0474&ps=13740610&shp=30310797&shcp=ff37627b&idc=useast5",
                    "_total_reply": null,
                    "_replies": []
                },
                {
                    "_comment_id": "7460955557701813022",
                    "_username": "soulsophiamua",
                    "_nickname": "Sophia Maria",
                    "_comment": "STANDS OUTTT🤩🤩🤩",
                    "_create_time": "2025-01-17T19:38:21",
                    "_avatar": "https://p19-pu-sign-useast8.tiktokcdn-us.com/tos-useast8-avt-0068-tx2/4220d0b305519d1ed47b189dfcb18cb7~tplv-tiktokx-cropcenter:100:100.jpg?dr=9640&refresh_token=34670ca5&x-expires=1756285200&x-signature=lnsnmZ%2BDyHd6JstQJeAXM7T26J8%3D&t=4d5b0474&ps=13740610&shp=30310797&shcp=ff37627b&idc=useast5",
                    "_total_reply": null,
                    "_replies": []
                }
            ]
        },
        {
            "_comment_id": "7457581468464071446",
            "_username": "user7337761154320",
            "_nickname": "user7337761154320",
            "_comment": "Does it contain an Alkohol?🥺",
            "_create_time": "2025-01-08T17:25:15",
            "_avatar": "https://p16-common-sign-va.tiktokcdn-us.com/musically-maliva-obj/1594805258216454~tplv-tiktokx-cropcenter:100:100.jpg?dr=9640&refresh_token=1eddef81&x-expires=1756285200&x-signature=3Uod4G5YDdtM6ftq0hIfHEgbZpI%3D&t=4d5b0474&ps=13740610&shp=30310797&shcp=ff37627b&idc=useast5",
            "_total_reply": 0,
            "_replies": []
        },
        {
            "_comment_id": "7462030393236275973",
            "_username": "ninatar1",
            "_nickname": "Ninatar",
            "_comment": "dmn beli nya?",
            "_create_time": "2025-01-20T17:09:22",
            "_avatar": "https://p16-common-sign-va.tiktokcdn-us.com/musically-maliva-obj/1594805258216454~tplv-tiktokx-cropcenter:100:100.jpg?dr=9640&refresh_token=1eddef81&x-expires=1756285200&x-signature=3Uod4G5YDdtM6ftq0hIfHEgbZpI%3D&t=4d5b0474&ps=13740610&shp=30310797&shcp=ff37627b&idc=useast5",
            "_total_reply": 0,
            "_replies": []
        },
        {
            "_comment_id": "7459415413514109718",
            "_username": "oceanicetea7",
            "_nickname": "Livi4life🇺🇸",
            "_comment": "Perfekt",
            "_create_time": "2025-01-13T16:02:08",
            "_avatar": "https://p16-common-sign-useast2a.tiktokcdn-us.com/tos-useast2a-avt-0068-euttp/2e7552cd3b99aeecec8d8c294ca0fb33~tplv-tiktokx-cropcenter:100:100.jpg?dr=9640&refresh_token=67d48dbc&x-expires=1756285200&x-signature=FmDrIH3GT86BAxl%2FFjCD6z%2B8cJ8%3D&t=4d5b0474&ps=13740610&shp=30310797&shcp=ff37627b&idc=useast5",
            "_total_reply": 0,
            "_replies": []
        },
        {
            "_comment_id": "7459009104217768709",
            "_username": "rosidamos",
            "_nickname": "rosidamos",
            "_comment": "Meu sonho 🤩",
            "_create_time": "2025-01-12T13:45:24",
            "_avatar": "https://p19-common-sign-va.tiktokcdn-us.com/tos-maliva-avt-0068/9f34d035ca701952f2b95ffd69a2a767~tplv-tiktokx-cropcenter:100:100.jpg?dr=9640&refresh_token=5fcfcb8d&x-expires=1756285200&x-signature=K8QMx%2BXBgvv%2F7hc0wzJR5SHEPQs%3D&t=4d5b0474&ps=13740610&shp=30310797&shcp=ff37627b&idc=useast5",
            "_total_reply": 0,
            "_replies": []
        },
        {
            "_comment_id": "7456187447014474501",
            "_username": "vals_580",
            "_nickname": "🎀valuuu🎀",
            "_comment": "A i loveee💗",
            "_create_time": "2025-01-04T23:15:40",
            "_avatar": "https://p16-common-sign-va.tiktokcdn-us.com/tos-maliva-avt-0068/eb09fc8da845b65313e5e4eaa52bcadf~tplv-tiktokx-cropcenter:100:100.jpg?dr=9640&refresh_token=1b128556&x-expires=1756285200&x-signature=2vK6Aphuo5aWBiIAphpKPqomo24%3D&t=4d5b0474&ps=13740610&shp=30310797&shcp=ff37627b&idc=useast5",
            "_total_reply": 0,
            "_replies": []
        },
        {
            "_comment_id": "7467357932360254213",
            "_username": "atlantic_beauty11",
            "_nickname": "Atlantic_beauty11",
            "_comment": "Looks so good 🥰",
            "_create_time": "2025-02-04T01:43:00",
            "_avatar": "https://p16-common-sign-va.tiktokcdn-us.com/tos-maliva-avt-0068/cf7dee63fe61b7b1a06108a8e6a10846~tplv-tiktokx-cropcenter:100:100.jpg?dr=9640&refresh_token=91a485d8&x-expires=1756285200&x-signature=GuODm4sDvX0dVvo3SCECWKek7Tk%3D&t=4d5b0474&ps=13740610&shp=30310797&shcp=ff37627b&idc=useast5",
            "_total_reply": 0,
            "_replies": []
        },
        {
            "_comment_id": "7456479146819273490",
            "_username": "yasemindemir8377",
            "_nickname": "Yasemin DEMİR",
            "_comment": "bende istiyorum 😍😍",
            "_create_time": "2025-01-05T18:07:24",
            "_avatar": "https://p19-common-sign-sg.tiktokcdn-us.com/tos-alisg-avt-0068/43d8e52f9aaa95984884601c7985d7d0~tplv-tiktokx-cropcenter:100:100.jpg?dr=9640&refresh_token=adc70484&x-expires=1756285200&x-signature=9QO6NjBJxtJoB4Wyc0CGCgl%2Fmyc%3D&t=4d5b0474&ps=13740610&shp=30310797&shcp=ff37627b&idc=useast5",
            "_total_reply": 0,
            "_replies": []
        },
        {
            "_comment_id": "7456366929596891926",
            "_username": "eszter.cs",
            "_nickname": "Eszter 𐙚",
            "_comment": "it looks so elegant!! so pretty!!",
            "_create_time": "2025-01-05T10:52:19",
            "_avatar": "https://p16-common-sign-va.tiktokcdn-us.com/tos-maliva-avt-0068/3690aca1bbab5a2dd4ca07b598adee4a~tplv-tiktokx-cropcenter:100:100.jpg?dr=9640&refresh_token=b8c6eed2&x-expires=1756285200&x-signature=VA6xeOAhBMZe3QmKonfmHPJCD9E%3D&t=4d5b0474&ps=13740610&shp=30310797&shcp=ff37627b&idc=useast5",
            "_total_reply": 2,
            "_replies": [
                {
                    "_comment_id": "7456517747850543894",
                    "_username": "eszter.cs",
                    "_nickname": "Eszter 𐙚",
                    "_comment": "love you guys sm ❤️❤️",
                    "_create_time": "2025-01-05T20:37:19",
                    "_avatar": "https://p16-common-sign-va.tiktokcdn-us.com/tos-maliva-avt-0068/3690aca1bbab5a2dd4ca07b598adee4a~tplv-tiktokx-cropcenter:100:100.jpg?dr=9640&refresh_token=b8c6eed2&x-expires=1756285200&x-signature=VA6xeOAhBMZe3QmKonfmHPJCD9E%3D&t=4d5b0474&ps=13740610&shp=30310797&shcp=ff37627b&idc=useast5",
                    "_total_reply": null,
                    "_replies": []
                },
                {
                    "_comment_id": "7456023865052349216",
                    "_username": "lancome.official",
                    "_nickname": "Lancôme",
                    "_comment": "awe ❤️",
                    "_create_time": "2025-01-05T20:36:44",
                    "_avatar": "https://p16-common-sign-va.tiktokcdn-us.com/tos-maliva-avt-0068/9424f6caa6a8781766ccf45ddf0a0a0d~tplv-tiktokx-cropcenter:100:100.jpg?dr=9640&refresh_token=3b5db7e6&x-expires=1756285200&x-signature=e%2F9wLN2Xb5w40k7tbO%2FkvD8%2BllM%3D&t=4d5b0474&ps=13740610&shp=30310797&shcp=ff37627b&idc=useast5",
                    "_total_reply": null,
                    "_replies": []
                }
            ]
        },
        {
            "_comment_id": "7502580813470303006",
            "_username": "lancom18",
            "_nickname": "Lancôme",
            "_comment": "I have just bought it but I had failed to know how to pull out the refill",
            "_create_time": "2025-05-09T23:45:42",
            "_avatar": "https://p19-pu-sign-useast8.tiktokcdn-us.com/tos-useast8-avt-0068-tx2/05faa9170f752aa1d2dd6976fb8498f9~tplv-tiktokx-cropcenter:100:100.jpg?dr=9640&refresh_token=39f21dd6&x-expires=1756285200&x-signature=yeA9KtdsDnulTqdYStAG375vp3M%3D&t=4d5b0474&ps=13740610&shp=30310797&shcp=ff37627b&idc=useast5",
            "_total_reply": 1,
            "_replies": [
                {
                    "_comment_id": "7501611724139823904",
                    "_username": "lancome.official",
                    "_nickname": "Lancôme",
                    "_comment": "We’re sorry to hear that. Would you mind reaching out to your Lancôme local website, our team will help ❤️",
                    "_create_time": "2025-05-10T10:55:30",
                    "_avatar": "https://p16-common-sign-va.tiktokcdn-us.com/tos-maliva-avt-0068/9424f6caa6a8781766ccf45ddf0a0a0d~tplv-tiktokx-cropcenter:100:100.jpg?dr=9640&refresh_token=3b5db7e6&x-expires=1756285200&x-signature=e%2F9wLN2Xb5w40k7tbO%2FkvD8%2BllM%3D&t=4d5b0474&ps=13740610&shp=30310797&shcp=ff37627b&idc=useast5",
                    "_total_reply": null,
                    "_replies": []
                }
            ]
        },
        {
            "_comment_id": "7459604813317128966",
            "_username": "euquepaguei",
            "_nickname": "euquepaguei",
            "_comment": "😍😍😍😍",
            "_create_time": "2025-01-14T04:17:15",
            "_avatar": "https://p16-common-sign-va.tiktokcdn-us.com/tos-maliva-avt-0068/8eb650d02b0da983a38867a51beadaf2~tplv-tiktokx-cropcenter:100:100.jpg?dr=9640&refresh_token=8512caa6&x-expires=1756285200&x-signature=xvjVKGHpUlZoswkhjoBdZfb9kdg%3D&t=4d5b0474&ps=13740610&shp=30310797&shcp=ff37627b&idc=useast5",
            "_total_reply": 0,
            "_replies": []
        },
        {
            "_comment_id": "7459601344560268074",
            "_username": "fergiesbeauty411",
            "_nickname": "Fergie'sBeauty411",
            "_comment": "🥰",
            "_create_time": "2025-01-14T04:03:19",
            "_avatar": "https://p19-sign.tiktokcdn-us.com/tos-useast5-avt-0068-tx/7353109215902171182~tplv-tiktokx-cropcenter:100:100.jpg?dr=9640&refresh_token=3c095dc6&x-expires=1756285200&x-signature=0PP95uetlj%2F8zvfBzjuAxDn5NrA%3D&t=4d5b0474&ps=13740610&shp=30310797&shcp=ff37627b&idc=useast5",
            "_total_reply": 0,
            "_replies": []
        },
        {
            "_comment_id": "7459601344546030382",
            "_username": "fergiesbeauty411",
            "_nickname": "Fergie'sBeauty411",
            "_comment": "😍",
            "_create_time": "2025-01-14T04:03:19",
            "_avatar": "https://p19-sign.tiktokcdn-us.com/tos-useast5-avt-0068-tx/7353109215902171182~tplv-tiktokx-cropcenter:100:100.jpg?dr=9640&refresh_token=3c095dc6&x-expires=1756285200&x-signature=0PP95uetlj%2F8zvfBzjuAxDn5NrA%3D&t=4d5b0474&ps=13740610&shp=30310797&shcp=ff37627b&idc=useast5",
            "_total_reply": 0,
            "_replies": []
        },
        {
            "_comment_id": "7459368691831407403",
            "_username": "fergiesbeauty411",
            "_nickname": "Fergie'sBeauty411",
            "_comment": "🥰",
            "_create_time": "2025-01-13T13:01:00",
            "_avatar": "https://p19-sign.tiktokcdn-us.com/tos-useast5-avt-0068-tx/7353109215902171182~tplv-tiktokx-cropcenter:100:100.jpg?dr=9640&refresh_token=3c095dc6&x-expires=1756285200&x-signature=0PP95uetlj%2F8zvfBzjuAxDn5NrA%3D&t=4d5b0474&ps=13740610&shp=30310797&shcp=ff37627b&idc=useast5",
            "_total_reply": 0,
            "_replies": []
        },
        {
            "_comment_id": "7459601364500284206",
            "_username": "fergiesbeauty411",
            "_nickname": "Fergie'sBeauty411",
            "_comment": "💞",
            "_create_time": "2025-01-14T04:03:19",
            "_avatar": "https://p19-sign.tiktokcdn-us.com/tos-useast5-avt-0068-tx/7353109215902171182~tplv-tiktokx-cropcenter:100:100.jpg?dr=9640&refresh_token=3c095dc6&x-expires=1756285200&x-signature=0PP95uetlj%2F8zvfBzjuAxDn5NrA%3D&t=4d5b0474&ps=13740610&shp=30310797&shcp=ff37627b&idc=useast5",
            "_total_reply": 0,
            "_replies": []
        },
        {
            "_comment_id": "7459368577931789098",
            "_username": "fergiesbeauty411",
            "_nickname": "Fergie'sBeauty411",
            "_comment": "💞",
            "_create_time": "2025-01-13T13:01:01",
            "_avatar": "https://p19-sign.tiktokcdn-us.com/tos-useast5-avt-0068-tx/7353109215902171182~tplv-tiktokx-cropcenter:100:100.jpg?dr=9640&refresh_token=3c095dc6&x-expires=1756285200&x-signature=0PP95uetlj%2F8zvfBzjuAxDn5NrA%3D&t=4d5b0474&ps=13740610&shp=30310797&shcp=ff37627b&idc=useast5",
            "_total_reply": 0,
            "_replies": []
        },
        {
            "_comment_id": "7457256175575941931",
            "_username": "catdog6759",
            "_nickname": "catdog",
            "_comment": "😁😁",
            "_create_time": "2025-01-07T20:22:57",
            "_avatar": "https://p16-common-sign-va.tiktokcdn-us.com/musically-maliva-obj/1594805258216454~tplv-tiktokx-cropcenter:100:100.jpg?dr=9640&refresh_token=1eddef81&x-expires=1756285200&x-signature=3Uod4G5YDdtM6ftq0hIfHEgbZpI%3D&t=4d5b0474&ps=13740610&shp=30310797&shcp=ff37627b&idc=useast5",
            "_total_reply": 0,
            "_replies": []
        },
        {
            "_comment_id": "7456033410835694358",
            "_username": "annang042",
            "_nickname": "anna",
            "_comment": "🥰",
            "_create_time": "2025-01-04T13:17:57",
            "_avatar": "https://p19-common-sign-va.tiktokcdn-us.com/tos-maliva-avt-0068/7c3e761751fa337405fde2251afc615e~tplv-tiktokx-cropcenter:100:100.jpg?dr=9640&refresh_token=775e6723&x-expires=1756285200&x-signature=DkMpfj98eJCK9u1MLrxqWVvgX2Q%3D&t=4d5b0474&ps=13740610&shp=30310797&shcp=ff37627b&idc=useast5",
            "_total_reply": 0,
            "_replies": []
        },
        {
            "_comment_id": "7489660210970231570",
            "_username": "omma.belanja",
            "_nickname": "Omma Belanja",
            "_comment": "🥰",
            "_create_time": "2025-04-05T03:07:02",
            "_avatar": "https://p16-common-sign-sg.tiktokcdn-us.com/tos-alisg-avt-0068/7330534683911913492~tplv-tiktokx-cropcenter:100:100.jpg?dr=9640&refresh_token=a6cd4e37&x-expires=1756285200&x-signature=X2013Rjp5TnlZJFLqgTsSyw6oKI%3D&t=4d5b0474&ps=13740610&shp=30310797&shcp=ff37627b&idc=useast5",
            "_total_reply": 0,
            "_replies": []
        },
        {
            "_comment_id": "7456118874800161568",
            "_username": "queeniesss5789",
            "_nickname": "tasha",
            "_comment": "❤️",
            "_create_time": "2025-01-04T18:49:31",
            "_avatar": "https://p16-common-sign-useast2a.tiktokcdn-us.com/tos-useast2a-avt-0068-euttp/b050c287b2caa6d79e833351538d3e02~tplv-tiktokx-cropcenter:100:100.jpg?dr=9640&refresh_token=08627e61&x-expires=1756285200&x-signature=OrdZu8jntM8L%2FCLOA4%2F2qXs%2FMN0%3D&t=4d5b0474&ps=13740610&shp=30310797&shcp=ff37627b&idc=useast5",
            "_total_reply": 0,
            "_replies": []
        },
        {
            "_comment_id": "7477465445227758344",
            "_username": "bvisieuxinkk",
            "_nickname": "Bảo Vy౨ৎ",
            "_comment": "😌",
            "_create_time": "2025-03-03T06:25:10",
            "_avatar": "https://p19-common-sign-sg.tiktokcdn-us.com/tos-alisg-avt-0068/37f94300dc39eb97069d2971f8c6b797~tplv-tiktokx-cropcenter:100:100.jpg?dr=9640&refresh_token=b5a7172b&x-expires=1756285200&x-signature=IvgBsKvFeJJMoeXCIuHQmXVMClA%3D&t=4d5b0474&ps=13740610&shp=30310797&shcp=ff37627b&idc=useast5",
            "_total_reply": 0,
            "_replies": []
        },
        {
            "_comment_id": "7463074045521822494",
            "_username": "lissamarie821",
            "_nickname": "Allissa",
            "_comment": "♥️",
            "_create_time": "2025-01-23T12:40:21",
            "_avatar": "https://p19-pu-sign-useast8.tiktokcdn-us.com/tos-useast8-avt-0068-tx2/3036f5f0598bec875cf32d173364ccb1~tplv-tiktokx-cropcenter:100:100.jpg?dr=9640&refresh_token=64f1c332&x-expires=1756285200&x-signature=6dO2prctBzqoNRa5tLbRdIOB%2FF8%3D&t=4d5b0474&ps=13740610&shp=30310797&shcp=ff37627b&idc=useast5",
            "_total_reply": 0,
            "_replies": []
        },
        {
            "_comment_id": "7487848436134413111",
            "_username": "lancome_veracruz",
            "_nickname": "Lancome_Liverpool",
            "_comment": "❤",
            "_create_time": "2025-03-31T05:56:55",
            "_avatar": "https://p16-common-sign-va.tiktokcdn-us.com/tos-maliva-avt-0068/8b59449a992ce093d01ad489271568ff~tplv-tiktokx-cropcenter:100:100.jpg?dr=9640&refresh_token=7e85469d&x-expires=1756285200&x-signature=A1Q3vvCbeGKmt%2FnYJvF1s2gc1Gc%3D&t=4d5b0474&ps=13740610&shp=30310797&shcp=ff37627b&idc=useast5",
            "_total_reply": 0,
            "_replies": []
        },
        {
            "_comment_id": "7477427966407885576",
            "_username": "dr.knowra",
            "_nickname": "Dr.KnowRA",
            "_comment": "😏😏😏",
            "_create_time": "2025-03-03T03:59:46",
            "_avatar": "https://p16-common-sign-sg.tiktokcdn-us.com/tos-alisg-avt-0068/002607df8140bb67f76cb107e45da8a3~tplv-tiktokx-cropcenter:100:100.jpg?dr=9640&refresh_token=a93b4272&x-expires=1756285200&x-signature=ZiBljNFAVOyjUStR3TDNRibOAFk%3D&t=4d5b0474&ps=13740610&shp=30310797&shcp=ff37627b&idc=useast5",
            "_total_reply": 0,
            "_replies": []
        },
        {
            "_comment_id": "7499941888415679237",
            "_username": "barbiegurl437",
            "_nickname": "𝕨𝕖 𝕝𝕠𝕧𝕖 𝕙𝕖𝕣 💜",
            "_comment": "💙💙💙",
            "_create_time": "2025-05-02T21:05:33",
            "_avatar": "https://p16-common-sign-va.tiktokcdn-us.com/tos-maliva-avt-0068/8eeef25792f871790046ca4c351c1891~tplv-tiktokx-cropcenter:100:100.jpg?dr=9640&refresh_token=33cd7519&x-expires=1756285200&x-signature=a5UQxXbwOPNwazP8Qe4UnV7Wf6Y%3D&t=4d5b0474&ps=13740610&shp=30310797&shcp=ff37627b&idc=useast5",
            "_total_reply": 0,
            "_replies": []
        },
        {
            "_comment_id": "7529066097020207890",
            "_username": "jadesy46",
            "_nickname": "jadesy46",
            "_comment": "🥰",
            "_create_time": "2025-07-20T08:41:54",
            "_avatar": "https://p16-common-sign-useast2a.tiktokcdn-us.com/tos-useast2a-avt-0068-giso/7143071798518054938~tplv-tiktokx-cropcenter:100:100.jpg?dr=9640&refresh_token=7f17d8b5&x-expires=1756285200&x-signature=BBuSaBbuO7XMNgQKEymjjvEW8a0%3D&t=4d5b0474&ps=13740610&shp=30310797&shcp=ff37627b&idc=useast5",
            "_total_reply": 0,
            "_replies": []
        },
        {
            "_comment_id": "7462913573376819998",
            "_username": "katiedunn68",
            "_nickname": "katiedunn68",
            "_comment": "❤️",
            "_create_time": "2025-01-23T02:16:46",
            "_avatar": "https://p19-pu-sign-useast8.tiktokcdn-us.com/tos-useast8-avt-0068-tx2/56d4faa8bdacc2650cbcf6bf954dcc4b~tplv-tiktokx-cropcenter:100:100.jpg?dr=9640&refresh_token=d7c34637&x-expires=1756285200&x-signature=V%2BevA8qETCExsbBzVoKANyN%2Bn%2B4%3D&t=4d5b0474&ps=13740610&shp=30310797&shcp=ff37627b&idc=useast5",
            "_total_reply": 0,
            "_replies": []
        },
        {
            "_comment_id": "7520720206222885650",
            "_username": "wtf.cqin_xh",
            "_nickname": "️",
            "_comment": "🥰",
            "_create_time": "2025-06-27T20:55:36",
            "_avatar": "https://p16-common-sign-sg.tiktokcdn-us.com/tos-alisg-avt-0068/7640e7c20a43b1dfd643a2ea242bb520~tplv-tiktokx-cropcenter:100:100.jpg?dr=9640&refresh_token=41740442&x-expires=1756285200&x-signature=J9pvRIbHnQ4bSkiFq4g5f1hx31Y%3D&t=4d5b0474&ps=13740610&shp=30310797&shcp=ff37627b&idc=useast5",
            "_total_reply": 0,
            "_replies": []
        },
        {
            "_comment_id": "7477241105369547542",
            "_username": "sandy32807",
            "_nickname": "sandy",
            "_comment": "😍❤️😍❤️😍❤️😍❤️😍",
            "_create_time": "2025-03-02T15:54:31",
            "_avatar": "https://p16-common-sign-useast2a.tiktokcdn-us.com/tos-useast2a-avt-0068-euttp/d462794418f4f00ac3680023dbda4788~tplv-tiktokx-cropcenter:100:100.jpg?dr=9640&refresh_token=2552975c&x-expires=1756285200&x-signature=5g2bnBKX1C%2F7HF86BnAh%2BE1L2iQ%3D&t=4d5b0474&ps=13740610&shp=30310797&shcp=ff37627b&idc=useast5",
            "_total_reply": 0,
            "_replies": []
        },
        {
            "_comment_id": "7463194478445183790",
            "_username": "cclaire12348",
            "_nickname": "CCLAIRE1234",
            "_comment": "❤️",
            "_create_time": "2025-01-23T20:26:58",
            "_avatar": "https://p16-pu-sign-useast8.tiktokcdn-us.com/tos-useast5-avt-0068-tx/0fa2cab8424fc9a523cd9d9b08281748~tplv-tiktokx-cropcenter:100:100.jpg?dr=9640&refresh_token=ec06fd78&x-expires=1756285200&x-signature=o%2F9pvzkyDVkC3rQwgGk8X8kSlyc%3D&t=4d5b0474&ps=13740610&shp=30310797&shcp=ff37627b&idc=useast5",
            "_total_reply": 0,
            "_replies": []
        },
        {
            "_comment_id": "7458947241241150230",
            "_username": "refillable.beauty",
            "_nickname": "Refillable.beauty",
            "_comment": "love It @Refillable.beauty 💋❤️💋❤️💋",
            "_create_time": "2025-01-12T09:46:12",
            "_avatar": "https://p16-common-sign-va.tiktokcdn-us.com/tos-maliva-avt-0068/9edaebb7cc18dc7e6e668f93de80d385~tplv-tiktokx-cropcenter:100:100.jpg?dr=9640&refresh_token=15b9dcca&x-expires=1756285200&x-signature=tm4cGGAbW9OH9UaYjROglbZZXdo%3D&t=4d5b0474&ps=13740610&shp=30310797&shcp=ff37627b&idc=useast5",
            "_total_reply": 0,
            "_replies": []
        },
        {
            "_comment_id": "7456162715825734422",
            "_username": "vaso.vasokain",
            "_nickname": "vaso vasokain",
            "_comment": "🥰🥰🥰🥰🥰",
            "_create_time": "2025-01-04T21:39:41",
            "_avatar": "https://p16-common-sign-va.tiktokcdn-us.com/musically-maliva-obj/1594805258216454~tplv-tiktokx-cropcenter:100:100.jpg?dr=9640&refresh_token=1eddef81&x-expires=1756285200&x-signature=3Uod4G5YDdtM6ftq0hIfHEgbZpI%3D&t=4d5b0474&ps=13740610&shp=30310797&shcp=ff37627b&idc=useast5",
            "_total_reply": 0,
            "_replies": []
        },
        {
            "_comment_id": "7457254322306106142",
            "_username": "flower.lol01",
            "_nickname": "Chloe water",
            "_comment": "🥰❤️",
            "_create_time": "2025-01-07T20:15:39",
            "_avatar": "https://p16-pu-sign-useast8.tiktokcdn-us.com/tos-useast5-avt-0068-tx/dd23dfcf0eadb3442c906050faf85859~tplv-tiktokx-cropcenter:100:100.jpg?dr=9640&refresh_token=6cd1f334&x-expires=1756285200&x-signature=GYux%2FRiZNGHNA848WAVlQgwYrqY%3D&t=4d5b0474&ps=13740610&shp=30310797&shcp=ff37627b&idc=useast5",
            "_total_reply": 0,
            "_replies": []
        },
        {
            "_comment_id": "7465693598769627937",
            "_username": "shellwiddowson",
            "_nickname": "Shell",
            "_comment": "🔥",
            "_create_time": "2025-01-30T14:05:19",
            "_avatar": "https://p16-common-sign-va.tiktokcdn-us.com/tos-maliva-avt-0068/cdb71fbb86eb8d3b02148fb03842859b~tplv-tiktokx-cropcenter:100:100.jpg?dr=9640&refresh_token=a2f551f5&x-expires=1756285200&x-signature=M4ZYphUxOqSEIracBFtAsKSfpOU%3D&t=4d5b0474&ps=13740610&shp=30310797&shcp=ff37627b&idc=useast5",
            "_total_reply": 0,
            "_replies": []
        },
        {
            "_comment_id": "7456162990292206366",
            "_username": "popbrownskin_7",
            "_nickname": "Pop Brownskin",
            "_comment": "❤️❤️❤️",
            "_create_time": "2025-01-04T21:40:37",
            "_avatar": "https://p16-sign.tiktokcdn-us.com/tos-useast5-avt-0068-tx/47047086c7b8d918558e7f521f155396~tplv-tiktokx-cropcenter:100:100.jpg?dr=9640&refresh_token=d2c3e607&x-expires=1756285200&x-signature=uCZ7vqMkK5kn%2Bhk498bU6ICZK04%3D&t=4d5b0474&ps=13740610&shp=30310797&shcp=ff37627b&idc=useast5",
            "_total_reply": 0,
            "_replies": []
        },
        {
            "_comment_id": "7456162715825734422",
            "_username": "vaso.vasokain",
            "_nickname": "vaso vasokain",
            "_comment": "🥰🥰🥰🥰🥰",
            "_create_time": "2025-01-04T21:39:41",
            "_avatar": "https://p16-common-sign-va.tiktokcdn-us.com/musically-maliva-obj/1594805258216454~tplv-tiktokx-cropcenter:100:100.jpg?dr=9640&refresh_token=1eddef81&x-expires=1756285200&x-signature=3Uod4G5YDdtM6ftq0hIfHEgbZpI%3D&t=4d5b0474&ps=13740610&shp=30310797&shcp=ff37627b&idc=useast5",
            "_total_reply": 0,
            "_replies": []
        },
        {
            "_comment_id": "7481872794893665046",
            "_username": "user2901536990581",
            "_nickname": "Emmie",
            "_comment": "😍😍",
            "_create_time": "2025-03-15T03:29:16",
            "_avatar": "https://p16-common-sign-useast2a.tiktokcdn-us.com/tos-useast2a-avt-0068-euttp/b6b2485cda36813fbff7bcc06285b279~tplv-tiktokx-cropcenter:100:100.jpg?dr=9640&refresh_token=71e00192&x-expires=1756285200&x-signature=xiM658pQvwbL5ooUPdvivRpC8X8%3D&t=4d5b0474&ps=13740610&shp=30310797&shcp=ff37627b&idc=useast5",
            "_total_reply": 0,
            "_replies": []
        },
        {
            "_comment_id": "7463495107683140358",
            "_username": "luc15583",
            "_nickname": "Lucí",
            "_comment": "😳😳😳",
            "_create_time": "2025-01-24T15:53:25",
            "_avatar": "https://p16-common-sign-va.tiktokcdn-us.com/tos-maliva-avt-0068/0c6d80d1b087428891260e055c1d8280~tplv-tiktokx-cropcenter:100:100.jpg?dr=9640&refresh_token=00c36a78&x-expires=1756285200&x-signature=bFeoR41ZCWwSt9J9zQE5kilZcuo%3D&t=4d5b0474&ps=13740610&shp=30310797&shcp=ff37627b&idc=useast5",
            "_total_reply": 0,
            "_replies": []
        },
        {
            "_comment_id": "7456162990292206366",
            "_username": "popbrownskin_7",
            "_nickname": "Pop Brownskin",
            "_comment": "❤️❤️❤️",
            "_create_time": "2025-01-04T21:40:37",
            "_avatar": "https://p19-sign.tiktokcdn-us.com/tos-useast5-avt-0068-tx/47047086c7b8d918558e7f521f155396~tplv-tiktokx-cropcenter:100:100.jpg?dr=9640&refresh_token=28e11647&x-expires=1756285200&x-signature=pcOF%2Be3dq962zXMBBfhzuo1Ol%2Fc%3D&t=4d5b0474&ps=13740610&shp=30310797&shcp=ff37627b&idc=useast5",
            "_total_reply": 0,
            "_replies": []
        },
        {
            "_comment_id": "7503049347791356692",
            "_username": "nonlaneechaiaukka",
            "_nickname": "nonlaneechaiaukka",
            "_comment": "🥰",
            "_create_time": "2025-05-11T06:03:51",
            "_avatar": "https://p16-common-sign-sg.tiktokcdn-us.com/tos-alisg-avt-0068/59916a3cc1e82218e415ee99eee60515~tplv-tiktokx-cropcenter:100:100.jpg?dr=9640&refresh_token=64e5a710&x-expires=1756285200&x-signature=EBarrMGvVbM%2Fnzr0GJ3xkJLfMu0%3D&t=4d5b0474&ps=13740610&shp=30310797&shcp=ff37627b&idc=useast5",
            "_total_reply": 0,
            "_replies": []
        },
        {
            "_comment_id": "7462769397225112326",
            "_username": "stressedoutbrowngirl",
            "_nickname": "Ash",
            "_comment": "HOW MANY LIKES FOR YOU TO SEND ME OLIVIA’S PERFUME?",
            "_create_time": "2025-01-22T16:57:03",
            "_avatar": "https://p16-common-sign-sg.tiktokcdn-us.com/tos-alisg-avt-0068/c62902aae69ee55f013179090a1ec17b~tplv-tiktokx-cropcenter:100:100.jpg?dr=9640&refresh_token=f2736108&x-expires=1756285200&x-signature=xY5gS4vTTJey8CtO6wu47ohBvQ0%3D&t=4d5b0474&ps=13740610&shp=30310797&shcp=ff37627b&idc=useast5",
            "_total_reply": 0,
            "_replies": []
        },
        {
            "_comment_id": "7466456263238271752",
            "_username": "tmvthaoxinh_offical",
            "_nickname": "Thảo Xinh",
            "_comment": "Tv",
            "_create_time": "2025-02-01T15:23:53",
            "_avatar": "https://p16-common-sign-sg.tiktokcdn-us.com/tos-alisg-avt-0068/7321314513393975297~tplv-tiktokx-cropcenter:100:100.jpg?dr=9640&refresh_token=868369ed&x-expires=1756285200&x-signature=lwnyQkm1MNl%2BzYt%2F1ZS5BOH6LSY%3D&t=4d5b0474&ps=13740610&shp=30310797&shcp=ff37627b&idc=useast5",
            "_total_reply": 0,
            "_replies": []
        },
        {
            "_comment_id": "7456516804092609326",
            "_username": "evelyngajc",
            "_nickname": "Evelyn | 🇺🇸 in 🇨🇭",
            "_comment": "😍😍😍😍",
            "_create_time": "2025-01-05T20:34:08",
            "_avatar": "https://p16-pu-sign-useast8.tiktokcdn-us.com/tos-useast5-avt-0068-tx/7347718025065267242~tplv-tiktokx-cropcenter:100:100.jpg?dr=9640&refresh_token=0a9020b6&x-expires=1756285200&x-signature=J4gMX4cXNnjoezD3XMwo9HLQKFM%3D&t=4d5b0474&ps=13740610&shp=30310797&shcp=ff37627b&idc=useast5",
            "_total_reply": 0,
            "_replies": []
        },
        {
            "_comment_id": "7456008118444098311",
            "_username": "spicy.pisces.liv",
            "_nickname": "𝙊𝙡𝙞𝙫𝙞𝙖𝙡𝙪𝙫𝙫_𝙧",
            "_comment": "Firstt",
            "_create_time": "2025-01-04T11:39:36",
            "_avatar": "https://p19-common-sign-sg.tiktokcdn-us.com/tos-alisg-avt-0068/f2ae793d2e8a80c06c4e21fcf1b04606~tplv-tiktokx-cropcenter:100:100.jpg?dr=9640&refresh_token=18a3e2bc&x-expires=1756285200&x-signature=iZqOSz2RwdbTpeBb0P%2BPB2RpT%2FM%3D&t=4d5b0474&ps=13740610&shp=30310797&shcp=ff37627b&idc=useast5",
            "_total_reply": 0,
            "_replies": []
        },
        {
            "_comment_id": "7456042866894160662",
            "_username": "parcia045",
            "_nickname": "ana maria",
            "_comment": "🥰🥰🥰🥰🥰🥰🎁",
            "_create_time": "2025-01-04T13:54:39",
            "_avatar": "https://p16-common-sign-va.tiktokcdn-us.com/tos-maliva-avt-0068/5e452f3e40aab19c1c0dffc05d9e0436~tplv-tiktokx-cropcenter:100:100.jpg?dr=9640&refresh_token=0cd2b787&x-expires=1756285200&x-signature=m%2F%2F2EcZHHWKbDiuix1DTN4RmZkE%3D&t=4d5b0474&ps=13740610&shp=30310797&shcp=ff37627b&idc=useast5",
            "_total_reply": 0,
            "_replies": []
        },
        {
            "_comment_id": "7461194858909664006",
            "_username": "direnre",
            "_nickname": "𝓭𝓲𝓵𝔂𝓪",
            "_comment": "💋",
            "_create_time": "2025-01-18T11:07:19",
            "_avatar": "https://p16-common-sign-va.tiktokcdn-us.com/tos-maliva-avt-0068/5151a666d50933ffddadb87df1b850f5~tplv-tiktokx-cropcenter:100:100.jpg?dr=9640&refresh_token=ef3535f4&x-expires=1756285200&x-signature=2UG%2BJXJB4zy0miBDAg3CaSUWdLU%3D&t=4d5b0474&ps=13740610&shp=30310797&shcp=ff37627b&idc=useast5",
            "_total_reply": 0,
            "_replies": []
        },
        {
            "_comment_id": "7474429657996804907",
            "_username": "karinat.2",
            "_nickname": "Kary",
            "_comment": "Chemicals 100%",
            "_create_time": "2025-02-23T02:04:49",
            "_avatar": "https://p16-pu-sign-useast8.tiktokcdn-us.com/tos-useast5-avt-0068-tx/cfb483a7fe4748d70832ffbd5b91a4ff~tplv-tiktokx-cropcenter:100:100.jpg?dr=9640&refresh_token=b6cbf5d3&x-expires=1756285200&x-signature=B132B1G0L4R5sn8TIsziB0v7abM%3D&t=4d5b0474&ps=13740610&shp=30310797&shcp=ff37627b&idc=useast5",
            "_total_reply": 0,
            "_replies": []
        }
    ],
    "total_comments": 62
}