{
    "original_url": "https://www.tiktok.com/@lancome.official/video/7462448648287309078",
    "video_id": "7462448648287309078",
    "description": "Genifique Ultimate: reduce visible signs of damage in 1 week* 😉 #Essential #TiktokBan   *Based on an 8 week clinical study #Lancome #Genifique #StepIntoTheFuture #LancomeSkincare #BanTiktok #Serum ",
    "video_url": "https://m.tiktok.com/v/7462448648287309078.html?_d=0&comment_author_id=7437262991190230062&preview_pb=0&share_comment_id=7463260856144610091&share_item_id=7462448648287309078&sharer_language=en&source=h5_m&u_code=0",
    "tags": [
        "#Essential",
        "#TiktokBan",
        "#Lancome",
        "#Genifique",
        "#StepIntoTheFuture",
        "#LancomeSkincare",
        "#BanTiktok",
        "#Serum"
    ],
    "comments": [
        {
            "_comment_id": "7463260856144610091",
            "_username": "serina.mousy",
            "_nickname": "🍧 ˢᵉʳⁱⁿᵃ｡✳",
            "_comment": "i have that but it made my skin break out, is there something else that u could recommend for my sensitive skin?",
            "_create_time": "2025-01-24T00:44:23",
            "_avatar": "https://p16-sign.tiktokcdn-us.com/tos-useast5-avt-0068-tx/e8179fcf5c072a7ccaf4686ef8d89d1c~tplv-tiktokx-cropcenter:100:100.jpg?dr=9640&refresh_token=65c4f6cb&x-expires=1756285200&x-signature=ne98FcRqqTHGrD4AHShisr%2BIyjw%3D&t=4d5b0474&ps=13740610&shp=30310797&shcp=ff37627b&idc=useast5",
            "_total_reply": 0,
            "_replies": []
        },
        {
            "_comment_id": "7484249013178893078",
            "_username": "amarachi.celestin",
            "_nickname": "Amarachi Celestina",
            "_comment": "Lovely 😍",
            "_create_time": "2025-03-21T13:08:52",
            "_avatar": "https://p16-common-sign-useast2a.tiktokcdn-us.com/tos-useast2a-avt-0068-euttp/7266832678194774049~tplv-tiktokx-cropcenter:100:100.jpg?dr=9640&refresh_token=62a5558c&x-expires=1756285200&x-signature=jGH2kV7iMkx%2FACmd7UZm%2BSRAueA%3D&t=4d5b0474&ps=13740610&shp=30310797&shcp=ff37627b&idc=useast5",
            "_total_reply": 0,
            "_replies": []
        },
        {
            "_comment_id": "7465507310589838085",
            "_username": "istrawu",
            "_nickname": "User2030",
            "_comment": "Love this serum! Been using for many years.. expensive but definitely worth the price! Obsessed!",
            "_create_time": "2025-01-30T02:01:49",
            "_avatar": "https://p16-common-sign-va.tiktokcdn-us.com/tos-maliva-avt-0068/ee391ee1a1d81a5aaa085662cee29231~tplv-tiktokx-cropcenter:100:100.jpg?dr=9640&refresh_token=702d55bf&x-expires=1756285200&x-signature=N7tWZbV3AdD%2FTJeNccy7ezuYrDM%3D&t=4d5b0474&ps=13740610&shp=30310797&shcp=ff37627b&idc=useast5",
            "_total_reply": 1,
            "_replies": [
                {
                    "_comment_id": "7464149206979789600",
                    "_username": "lancome.official",
                    "_nickname": "Lancôme",
                    "_comment": "We're equally obsessed ❤️",
                    "_create_time": "2025-01-30T11:36:42",
                    "_avatar": "https://p16-common-sign-va.tiktokcdn-us.com/tos-maliva-avt-0068/9424f6caa6a8781766ccf45ddf0a0a0d~tplv-tiktokx-cropcenter:100:100.jpg?dr=9640&refresh_token=3b5db7e6&x-expires=1756285200&x-signature=e%2F9wLN2Xb5w40k7tbO%2FkvD8%2BllM%3D&t=4d5b0474&ps=13740610&shp=30310797&shcp=ff37627b&idc=useast5",
                    "_total_reply": null,
                    "_replies": []
                }
            ]
        },
        {
            "_comment_id": "7463263372890456874",
            "_username": "ninitadelvalle",
            "_nickname": "Nina / UGC",
            "_comment": "I love this product",
            "_create_time": "2025-01-24T00:54:10",
            "_avatar": "https://p16-sign.tiktokcdn-us.com/tos-useast5-avt-0068-tx/9ef1a3137c821dc4ba25974debb677cc~tplv-tiktokx-cropcenter:100:100.jpg?dr=9640&refresh_token=cf44f872&x-expires=1756285200&x-signature=jJdDXVB1TsDHJcFQjXV0LuJmFE8%3D&t=4d5b0474&ps=13740610&shp=30310797&shcp=ff37627b&idc=useast5",
            "_total_reply": 0,
            "_replies": []
        },
        {
            "_comment_id": "7464759306864050990",
            "_username": "firstnamelastname_1234",
            "_nickname": "First Name Last Name",
            "_comment": "Great product",
            "_create_time": "2025-01-28T01:39:07",
            "_avatar": "https://p16-common-sign-va.tiktokcdn-us.com/tos-maliva-avt-0068/91f0eaaa3859cea5348c0b56ef5dfe29~tplv-tiktokx-cropcenter:100:100.jpg?dr=9640&refresh_token=81ba3f38&x-expires=1756285200&x-signature=MG9%2FwNrqf8Sbv9ZQ96b%2B10nNKcQ%3D&t=4d5b0474&ps=13740610&shp=30310797&shcp=ff37627b&idc=useast5",
            "_total_reply": 0,
            "_replies": []
        },
        {
            "_comment_id": "7473358970208797471",
            "_username": "skylarcollins37",
            "_nickname": "Hope",
            "_comment": "Looooved my sample. Definitely going to be saving to buy the full size and the perfume oh my goshhh😍 smells incredible",
            "_create_time": "2025-02-20T05:50:06",
            "_avatar": "https://p16-sign.tiktokcdn-us.com/tos-useast5-avt-0068-tx/7339926308111155243~tplv-tiktokx-cropcenter:100:100.jpg?dr=9640&refresh_token=c9a9a707&x-expires=1756285200&x-signature=WH4l3viLqRLeI0RbDzKBpr0hkMc%3D&t=4d5b0474&ps=13740610&shp=30310797&shcp=ff37627b&idc=useast5",
            "_total_reply": 1,
            "_replies": [
                {
                    "_comment_id": "7473044526329348896",
                    "_username": "lancome.official",
                    "_nickname": "Lancôme",
                    "_comment": "Hehehe 🤭",
                    "_create_time": "2025-02-20T11:39:09",
                    "_avatar": "https://p16-common-sign-va.tiktokcdn-us.com/tos-maliva-avt-0068/9424f6caa6a8781766ccf45ddf0a0a0d~tplv-tiktokx-cropcenter:100:100.jpg?dr=9640&refresh_token=3b5db7e6&x-expires=1756285200&x-signature=e%2F9wLN2Xb5w40k7tbO%2FkvD8%2BllM%3D&t=4d5b0474&ps=13740610&shp=30310797&shcp=ff37627b&idc=useast5",
                    "_total_reply": null,
                    "_replies": []
                }
            ]
        },
        {
            "_comment_id": "7465480427491787522",
            "_username": "caro121991",
            "_nickname": "CaroEndo💕",
            "_comment": "Alors celui je l’ai il est parfait 👍 je valide et je rachèterai ❤️",
            "_create_time": "2025-01-30T00:18:05",
            "_avatar": "https://p16-common-sign-useast2a.tiktokcdn-us.com/tos-useast2a-avt-0068-euttp/54d0cf0885f6ae2fcec13e2b02110663~tplv-tiktokx-cropcenter:100:100.jpg?dr=9640&refresh_token=e0634bc6&x-expires=1756285200&x-signature=vq4EeazvyETvcutP45XLeEJtLYo%3D&t=4d5b0474&ps=13740610&shp=30310797&shcp=ff37627b&idc=useast5",
            "_total_reply": 0,
            "_replies": []
        },
        {
            "_comment_id": "7465730196621296417",
            "_username": "tizzytai1",
            "_nickname": "Tai",
            "_comment": "love this product 🥰",
            "_create_time": "2025-01-30T16:26:23",
            "_avatar": "https://p16-common-sign-useast2a.tiktokcdn-us.com/tos-useast2a-avt-0068-euttp/1b7bc9205a238b5902582505b8de8ded~tplv-tiktokx-cropcenter:100:100.jpg?dr=9640&refresh_token=a3f6dfdf&x-expires=1756285200&x-signature=u3lk7G4wE517gB3JjkF07QAziPs%3D&t=4d5b0474&ps=13740610&shp=30310797&shcp=ff37627b&idc=useast5",
            "_total_reply": 0,
            "_replies": []
        },
        {
            "_comment_id": "7465088937100444422",
            "_username": "umacanada11",
            "_nickname": "canada",
            "_comment": "omg cuteeee",
            "_create_time": "2025-01-28T22:58:18",
            "_avatar": "https://p16-common-sign-va.tiktokcdn-us.com/tos-maliva-avt-0068/7216536451277094918~tplv-tiktokx-cropcenter:100:100.jpg?dr=9640&refresh_token=0d253ffe&x-expires=1756285200&x-signature=vTfV54AQ11Oz%2BUjhFoqKf7QZWjE%3D&t=4d5b0474&ps=13740610&shp=30310797&shcp=ff37627b&idc=useast5",
            "_total_reply": 0,
            "_replies": []
        },
        {
            "_comment_id": "7462451016064746262",
            "_username": "eclipwze.n5",
            "_nickname": "alexis",
            "_comment": "EALRYY OMG??",
            "_create_time": "2025-01-21T20:21:50",
            "_avatar": "https://p19-common-sign-useast2a.tiktokcdn-us.com/tos-useast2a-avt-0068-euttp/5c4e29b315b77e4f5e2367105ef62914~tplv-tiktokx-cropcenter:100:100.jpg?dr=9640&refresh_token=4275f0fc&x-expires=1756285200&x-signature=egP1IAqvUA9k1u1yX4w%2FEaN6F8w%3D&t=4d5b0474&ps=13740610&shp=30310797&shcp=ff37627b&idc=useast5",
            "_total_reply": 0,
            "_replies": []
        },
        {
            "_comment_id": "7462836500721435435",
            "_username": "evelyngajc",
            "_nickname": "Evelyn | 🇺🇸 in 🇨🇭",
            "_comment": "So cute! ❤️",
            "_create_time": "2025-01-22T21:17:40",
            "_avatar": "https://p19-pu-sign-useast8.tiktokcdn-us.com/tos-useast5-avt-0068-tx/7347718025065267242~tplv-tiktokx-cropcenter:100:100.jpg?dr=9640&refresh_token=1d41ce3e&x-expires=1756285200&x-signature=HHvsXrGetfshr20QsHd6x%2B%2Fs2ac%3D&t=4d5b0474&ps=13740610&shp=30310797&shcp=ff37627b&idc=useast5",
            "_total_reply": 0,
            "_replies": []
        },
        {
            "_comment_id": "7463175387691991841",
            "_username": "maisie.1507",
            "_nickname": "Maisiee",
            "_comment": "Slayyyyy🥰",
            "_create_time": "2025-01-23T19:12:32",
            "_avatar": "https://p16-common-sign-va.tiktokcdn-us.com/tos-maliva-avt-0068/f24faaa39631d4db170f71d7ecd8ac89~tplv-tiktokx-cropcenter:100:100.jpg?dr=9640&refresh_token=412d9c82&x-expires=1756285200&x-signature=lNN3CPvimS64shoo006BbGqgATA%3D&t=4d5b0474&ps=13740610&shp=30310797&shcp=ff37627b&idc=useast5",
            "_total_reply": 0,
            "_replies": []
        },
        {
            "_comment_id": "7462449389569098502",
            "_username": "petarpetrov_p",
            "_nickname": "petarpetrov_p",
            "_comment": "Omgg😱😱😱",
            "_create_time": "2025-01-21T20:15:32",
            "_avatar": "https://p16-common-sign-va.tiktokcdn-us.com/tos-maliva-avt-0068/7325033630177820678~tplv-tiktokx-cropcenter:100:100.jpg?dr=9640&refresh_token=20d7e759&x-expires=1756285200&x-signature=bK79pVzIGQsT6rfuBkE8%2ByR%2FoAI%3D&t=4d5b0474&ps=13740610&shp=30310797&shcp=ff37627b&idc=useast5",
            "_total_reply": 0,
            "_replies": []
        },
        {
            "_comment_id": "7462462430485447430",
            "_username": "lucyamadooficial",
            "_nickname": "Lucy Amado",
            "_comment": "I Love @lancome🥰🥰",
            "_create_time": "2025-01-21T21:05:57",
            "_avatar": "https://p16-common-sign-va.tiktokcdn-us.com/tos-maliva-avt-0068/17ca5171f396c8bddc31bbf3256608af~tplv-tiktokx-cropcenter:100:100.jpg?dr=9640&refresh_token=85571283&x-expires=1756285200&x-signature=hoYUNzFOQ%2BW27ibkBHBBi%2Fx3uCU%3D&t=4d5b0474&ps=13740610&shp=30310797&shcp=ff37627b&idc=useast5",
            "_total_reply": 0,
            "_replies": []
        },
        {
            "_comment_id": "7462600922524713746",
            "_username": "mirushiroma202",
            "_nickname": "Nth2001",
            "_comment": "Love",
            "_create_time": "2025-01-22T06:03:25",
            "_avatar": "https://p16-common-sign-sg.tiktokcdn-us.com/tos-alisg-avt-0068/0b019a92b4c06be883843db228f9d4ce~tplv-tiktokx-cropcenter:100:100.jpg?dr=9640&refresh_token=eceb4a28&x-expires=1756285200&x-signature=Go2L5Ycuar9O2TD1LFr6nX4sADI%3D&t=4d5b0474&ps=13740610&shp=30310797&shcp=ff37627b&idc=useast5",
            "_total_reply": 0,
            "_replies": []
        },
        {
            "_comment_id": "7462743342184399649",
            "_username": "amyc3333",
            "_nickname": "amy",
            "_comment": "Love it",
            "_create_time": "2025-01-22T15:16:11",
            "_avatar": "https://p16-common-sign-useast2a.tiktokcdn-us.com/tos-useast2a-avt-0068-euttp/373c2741cc83811383913b9ee25c01d5~tplv-tiktokx-cropcenter:100:100.jpg?dr=9640&refresh_token=1f6627ef&x-expires=1756285200&x-signature=p25NGssskVY9L9OdkZbJ9ezDF4Y%3D&t=4d5b0474&ps=13740610&shp=30310797&shcp=ff37627b&idc=useast5",
            "_total_reply": 0,
            "_replies": []
        },
        {
            "_comment_id": "7462913738518414111",
            "_username": "katiedunn68",
            "_nickname": "katiedunn68",
            "_comment": "❤️❤️",
            "_create_time": "2025-01-23T02:17:19",
            "_avatar": "https://p16-pu-sign-useast8.tiktokcdn-us.com/tos-useast8-avt-0068-tx2/56d4faa8bdacc2650cbcf6bf954dcc4b~tplv-tiktokx-cropcenter:100:100.jpg?dr=9640&refresh_token=224dcde0&x-expires=1756285200&x-signature=g%2FW0iYvU66R3V1DYZXoc3g%2FVDTM%3D&t=4d5b0474&ps=13740610&shp=30310797&shcp=ff37627b&idc=useast5",
            "_total_reply": 0,
            "_replies": []
        },
        {
            "_comment_id": "7462466956793905953",
            "_username": "nicoleaamelia278",
            "_nickname": "nicoleaameliarose",
            "_comment": "😍",
            "_create_time": "2025-01-21T21:23:20",
            "_avatar": "https://p16-common-sign-useast2a.tiktokcdn-us.com/tos-useast2a-avt-0068-euttp/f95b7615d80fc28193465feedc9d774b~tplv-tiktokx-cropcenter:100:100.jpg?dr=9640&refresh_token=3fc56e9c&x-expires=1756285200&x-signature=7awn%2BXzAmS2LMp5hYH5tlBAzEsQ%3D&t=4d5b0474&ps=13740610&shp=30310797&shcp=ff37627b&idc=useast5",
            "_total_reply": 0,
            "_replies": []
        },
        {
            "_comment_id": "7463146616490230574",
            "_username": "mama_bear_232",
            "_nickname": "♡Sina♡_♡Mama_Wife♡",
            "_comment": "💙💙",
            "_create_time": "2025-01-23T17:21:00",
            "_avatar": "https://p16-pu-sign-useast8.tiktokcdn-us.com/tos-useast5-avt-0068-tx/c35319f3ff16755f4c6d3c90e649222e~tplv-tiktokx-cropcenter:100:100.jpg?dr=9640&refresh_token=474253e8&x-expires=1756285200&x-signature=8wRXP5JBM84vj5sIsx1qS%2FvMtG0%3D&t=4d5b0474&ps=13740610&shp=30310797&shcp=ff37627b&idc=useast5",
            "_total_reply": 0,
            "_replies": []
        },
        {
            "_comment_id": "7463194300078031662",
            "_username": "cclaire12348",
            "_nickname": "CCLAIRE1234",
            "_comment": "😘❤️",
            "_create_time": "2025-01-23T20:26:12",
            "_avatar": "https://p16-pu-sign-useast8.tiktokcdn-us.com/tos-useast5-avt-0068-tx/0fa2cab8424fc9a523cd9d9b08281748~tplv-tiktokx-cropcenter:100:100.jpg?dr=9640&refresh_token=ec06fd78&x-expires=1756285200&x-signature=o%2F9pvzkyDVkC3rQwgGk8X8kSlyc%3D&t=4d5b0474&ps=13740610&shp=30310797&shcp=ff37627b&idc=useast5",
            "_total_reply": 0,
            "_replies": []
        },
        {
            "_comment_id": "7462618418311676694",
            "_username": "annang042",
            "_nickname": "anna",
            "_comment": "🥰",
            "_create_time": "2025-01-22T07:12:00",
            "_avatar": "https://p16-common-sign-va.tiktokcdn-us.com/tos-maliva-avt-0068/7c3e761751fa337405fde2251afc615e~tplv-tiktokx-cropcenter:100:100.jpg?dr=9640&refresh_token=f4805879&x-expires=1756285200&x-signature=yErcYdhIEnsCN853%2FaXqvzyhQ34%3D&t=4d5b0474&ps=13740610&shp=30310797&shcp=ff37627b&idc=useast5",
            "_total_reply": 0,
            "_replies": []
        },
        {
            "_comment_id": "7503713544199160596",
            "_username": "jesus_sjx7",
            "_nickname": "jesus_sjx7",
            "_comment": "🥰",
            "_create_time": "2025-05-13T01:01:36",
            "_avatar": "https://p19-common-sign-va.tiktokcdn-us.com/tos-maliva-avt-0068/7ba585ca8b19217a7640a7beb7afbf81~tplv-tiktokx-cropcenter:100:100.jpg?dr=9640&refresh_token=c76319c0&x-expires=1756285200&x-signature=pS1BVuGLjciSaSQyqcStFEwUZic%3D&t=4d5b0474&ps=13740610&shp=30310797&shcp=ff37627b&idc=useast5",
            "_total_reply": 0,
            "_replies": []
        },
        {
            "_comment_id": "7467928964934615830",
            "_username": "margaretholland123456",
            "_nickname": "PRwith margaretholland123456",
            "_comment": "👏",
            "_create_time": "2025-02-05T14:39:08",
            "_avatar": "https://p19-common-sign-va.tiktokcdn-us.com/tos-maliva-avt-0068/2d5b47c3e806a3677773bfed0806d5bc~tplv-tiktokx-cropcenter:100:100.jpg?dr=9640&refresh_token=ba04e79f&x-expires=1756285200&x-signature=fFJ1BJjX1S%2BwrQ7r9EKliIf2cS4%3D&t=4d5b0474&ps=13740610&shp=30310797&shcp=ff37627b&idc=useast5",
            "_total_reply": 0,
            "_replies": []
        },
        {
            "_comment_id": "7463889349516903200",
            "_username": "user7225188695290",
            "_nickname": "maria urrestarazu",
            "_comment": "😁",
            "_create_time": "2025-01-25T17:22:58",
            "_avatar": "https://p16-common-sign-sg.tiktokcdn-us.com/tos-alisg-avt-0068/7326401012481294338~tplv-tiktokx-cropcenter:100:100.jpg?dr=9640&refresh_token=337ff37c&x-expires=1756285200&x-signature=92ycZ7aFcxHp8Gv0t2WSdCEsWys%3D&t=4d5b0474&ps=13740610&shp=30310797&shcp=ff37627b&idc=useast5",
            "_total_reply": 0,
            "_replies": []
        },
        {
            "_comment_id": "7477240248507597590",
            "_username": "sandy32807",
            "_nickname": "sandy",
            "_comment": "❤️",
            "_create_time": "2025-03-02T15:51:16",
            "_avatar": "https://p16-common-sign-useast2a.tiktokcdn-us.com/tos-useast2a-avt-0068-euttp/d462794418f4f00ac3680023dbda4788~tplv-tiktokx-cropcenter:100:100.jpg?dr=9640&refresh_token=2552975c&x-expires=1756285200&x-signature=5g2bnBKX1C%2F7HF86BnAh%2BE1L2iQ%3D&t=4d5b0474&ps=13740610&shp=30310797&shcp=ff37627b&idc=useast5",
            "_total_reply": 0,
            "_replies": []
        },
        {
            "_comment_id": "7462854783355929349",
            "_username": "bruandbiz",
            "_nickname": "Bruna and Bizzy",
            "_comment": "🤩🤩",
            "_create_time": "2025-01-22T22:28:26",
            "_avatar": "https://p16-common-sign-va.tiktokcdn-us.com/tos-maliva-avt-0068/47bc39fdf273d27ba9e01828314f65ae~tplv-tiktokx-cropcenter:100:100.jpg?dr=9640&refresh_token=35194f35&x-expires=1756285200&x-signature=3xQOohVIA5eKdftQyGhMv9NjSS4%3D&t=4d5b0474&ps=13740610&shp=30310797&shcp=ff37627b&idc=useast5",
            "_total_reply": 0,
            "_replies": []
        },
        {
            "_comment_id": "7466592198672433952",
            "_username": "mollieismehaha",
            "_nickname": "𝐦𝐨𝐥𝐥𝐢𝐞 ୨ৎ",
            "_comment": "💓💓💓",
            "_create_time": "2025-02-02T00:11:33",
            "_avatar": "https://p16-common-sign-va.tiktokcdn-us.com/tos-maliva-avt-0068/e149f37b3f1396d1b72aad3364d7d9dc~tplv-tiktokx-cropcenter:100:100.jpg?dr=9640&refresh_token=940bf4e2&x-expires=1756285200&x-signature=2zXhHqjAPimqNPjs7hU5Out%2F5h4%3D&t=4d5b0474&ps=13740610&shp=30310797&shcp=ff37627b&idc=useast5",
            "_total_reply": 0,
            "_replies": []
        },
        {
            "_comment_id": "7464100443804746529",
            "_username": "bobo_optimistic",
            "_nickname": "Bobo_Optimistic 🇬🇧",
            "_comment": "😍😍😍",
            "_create_time": "2025-01-26T07:05:05",
            "_avatar": "https://p16-common-sign-va.tiktokcdn-us.com/tos-maliva-avt-0068/1bac99dbd0c3abc774b91153590d1810~tplv-tiktokx-cropcenter:100:100.jpg?dr=9640&refresh_token=5577bcde&x-expires=1756285200&x-signature=hnxTPRkVEwm2BtPDI%2F0tlf0eKfg%3D&t=4d5b0474&ps=13740610&shp=30310797&shcp=ff37627b&idc=useast5",
            "_total_reply": 0,
            "_replies": []
        },
        {
            "_comment_id": "7485907498148823830",
            "_username": "user2901536990581",
            "_nickname": "Emmie",
            "_comment": "😍😍",
            "_create_time": "2025-03-26T00:25:00",
            "_avatar": "https://p16-common-sign-useast2a.tiktokcdn-us.com/tos-useast2a-avt-0068-euttp/b6b2485cda36813fbff7bcc06285b279~tplv-tiktokx-cropcenter:100:100.jpg?dr=9640&refresh_token=71e00192&x-expires=1756285200&x-signature=xiM658pQvwbL5ooUPdvivRpC8X8%3D&t=4d5b0474&ps=13740610&shp=30310797&shcp=ff37627b&idc=useast5",
            "_total_reply": 0,
            "_replies": []
        },
        {
            "_comment_id": "7462768840369275653",
            "_username": "stressedoutbrowngirl",
            "_nickname": "Ash",
            "_comment": "HOW MANY LIKES FOR YOU TO SEND ME OLIVIA’S PERFUME???",
            "_create_time": "2025-01-22T16:55:05",
            "_avatar": "https://p16-common-sign-sg.tiktokcdn-us.com/tos-alisg-avt-0068/c62902aae69ee55f013179090a1ec17b~tplv-tiktokx-cropcenter:100:100.jpg?dr=9640&refresh_token=f2736108&x-expires=1756285200&x-signature=xY5gS4vTTJey8CtO6wu47ohBvQ0%3D&t=4d5b0474&ps=13740610&shp=30310797&shcp=ff37627b&idc=useast5",
            "_total_reply": 0,
            "_replies": []
        },
        {
            "_comment_id": "7462645864781398789",
            "_username": "soph_techh",
            "_nickname": "SOPH_TECH",
            "_comment": "MESSAGE Me For Help°°°°",
            "_create_time": "2025-01-22T08:58:27",
            "_avatar": "https://p16-common-sign-va.tiktokcdn-us.com/tos-maliva-avt-0068/5a29241eec6dd072c1bed2b16161c499~tplv-tiktokx-cropcenter:100:100.jpg?dr=9640&refresh_token=de0e3202&x-expires=1756285200&x-signature=AbWCpSyxJh9ewNeOuZm1eRO9nrI%3D&t=4d5b0474&ps=13740610&shp=30310797&shcp=ff37627b&idc=useast5",
            "_total_reply": 0,
            "_replies": []
        },
        {
            "_comment_id": "7462512360075854614",
            "_username": "77usehgyp4j",
            "_nickname": "77usehgyp4j",
            "_comment": "For how many likes you send me olivia rodrigo pr?",
            "_create_time": "2025-01-22T00:20:49",
            "_avatar": "https://p16-common-sign-va.tiktokcdn-us.com/tos-maliva-avt-0068/e50f32c2695edcf8030fc1ff78f7c5b8~tplv-tiktokx-cropcenter:100:100.jpg?dr=9640&refresh_token=98bea45f&x-expires=1756285200&x-signature=aPFv6J2NEhngcGfZkGQo4rQgAUc%3D&t=4d5b0474&ps=13740610&shp=30310797&shcp=ff37627b&idc=useast5",
            "_total_reply": 0,
            "_replies": []
        },
        {
            "_comment_id": "7462769042924389125",
            "_username": "stressedoutbrowngirl",
            "_nickname": "Ash",
            "_comment": "HOW MANY LIKES FOR YOU TO SEND ME OLIVIA’S PERFUME?",
            "_create_time": "2025-01-22T16:55:46",
            "_avatar": "https://p16-common-sign-sg.tiktokcdn-us.com/tos-alisg-avt-0068/c62902aae69ee55f013179090a1ec17b~tplv-tiktokx-cropcenter:100:100.jpg?dr=9640&refresh_token=f2736108&x-expires=1756285200&x-signature=xY5gS4vTTJey8CtO6wu47ohBvQ0%3D&t=4d5b0474&ps=13740610&shp=30310797&shcp=ff37627b&idc=useast5",
            "_total_reply": 0,
            "_replies": []
        },
        {
            "_comment_id": "7462451099774419734",
            "_username": "eclipwze.n5",
            "_nickname": "alexis",
            "_comment": "IS IT TRUE THERES GOING TO BE AN OLIVIA RODRIGO PERFUME??? BECAUSE IF YES IM RUNNING",
            "_create_time": "2025-01-21T20:22:09",
            "_avatar": "https://p19-common-sign-useast2a.tiktokcdn-us.com/tos-useast2a-avt-0068-euttp/5c4e29b315b77e4f5e2367105ef62914~tplv-tiktokx-cropcenter:100:100.jpg?dr=9640&refresh_token=4275f0fc&x-expires=1756285200&x-signature=egP1IAqvUA9k1u1yX4w%2FEaN6F8w%3D&t=4d5b0474&ps=13740610&shp=30310797&shcp=ff37627b&idc=useast5",
            "_total_reply": 0,
            "_replies": []
        },
        {
            "_comment_id": "7473806709774238486",
            "_username": "praisexoxo02",
            "_nickname": "praisexoxo02",
            "_comment": "Sample tok",
            "_create_time": "2025-02-21T10:47:55",
            "_avatar": "https://p19-common-sign-va.tiktokcdn-us.com/tos-maliva-avt-0068/ff05df80d1dea4cb15a9be72c8c489d6~tplv-tiktokx-cropcenter:100:100.jpg?dr=9640&refresh_token=976d050f&x-expires=1756285200&x-signature=1rRS5LdctnYZ6jHyQHd%2FHybjQcA%3D&t=4d5b0474&ps=13740610&shp=30310797&shcp=ff37627b&idc=useast5",
            "_total_reply": 0,
            "_replies": []
        },
        {
            "_comment_id": "7462553487684829970",
            "_username": "spicypiscesnyc13",
            "_nickname": "lara ⸆⸉  ོ",
            "_comment": "IS OLIVIA GETTING A PERFUME?!?!!",
            "_create_time": "2025-01-22T02:59:38",
            "_avatar": "https://p16-common-sign-sg.tiktokcdn-us.com/tos-alisg-avt-0068/a1bb8f7a6cfeb6fba63ce643bba386d3~tplv-tiktokx-cropcenter:100:100.jpg?dr=9640&refresh_token=8f013fc9&x-expires=1756285200&x-signature=BM7zOOaVlV7sSGRu8Drn1tRhGKY%3D&t=4d5b0474&ps=13740610&shp=30310797&shcp=ff37627b&idc=useast5",
            "_total_reply": 0,
            "_replies": []
        }
    ],
    "total_comments": 36
}