{
    "original_url": "https://www.tiktok.com/@lancome.official/video/7467507888311766294",
    "video_id": "7467507888311766294",
    "description": "",
    "video_url": "",
    "tags": [],
    "comments": [
        {
            "_comment_id": "7467510958107558687",
            "_username": "erika_navi",
            "_nickname": "Erika Navi",
            "_comment": "Lancôme, can you send me one 🫣✨️",
            "_create_time": "2025-02-04T11:39:37",
            "_avatar": "https://p19-sign.tiktokcdn-us.com/tos-useast5-avt-0068-tx/9aec08188c2df557c7f669eeca9990ba~tplv-tiktokx-cropcenter:100:100.jpg?dr=9640&refresh_token=a5c7b570&x-expires=1756281600&x-signature=97e7LEUuFcdQZ5%2FvzZ6MbHuVtQw%3D&t=4d5b0474&ps=13740610&shp=30310797&shcp=ff37627b&idc=useast5",
            "_total_reply": 0,
            "_replies": []
        },
        {
            "_comment_id": "7468483801832915742",
            "_username": "darthairpod",
            "_nickname": "olivia",
            "_comment": "Omg",
            "_create_time": "2025-02-07T02:31:57",
            "_avatar": "https://p16-pu-sign-useast8.tiktokcdn-us.com/tos-useast8-avt-0068-tx2/daa2da3447460c77ceeaa80fe254117c~tplv-tiktokx-cropcenter:100:100.jpg?dr=9640&refresh_token=19f84c18&x-expires=1756281600&x-signature=FJa7AUrO6473rbG%2Bul2PplFfOF4%3D&t=4d5b0474&ps=13740610&shp=30310797&shcp=ff37627b&idc=useast5",
            "_total_reply": 0,
            "_replies": []
        },
        {
            "_comment_id": "7468055171352838917",
            "_username": "pamacozumel",
            "_nickname": "Pama Cozumel",
            "_comment": "¡So cute! ✨",
            "_create_time": "2025-02-05T22:48:32",
            "_avatar": "https://p16-common-sign-va.tiktokcdn-us.com/tos-maliva-avt-0068/42dfc419b193ac4c5fe535b78d9a567d~tplv-tiktokx-cropcenter:100:100.jpg?dr=9640&refresh_token=0253391b&x-expires=1756281600&x-signature=ddn0kaVANxkmqTPBz9SxX4dqgT8%3D&t=4d5b0474&ps=13740610&shp=30310797&shcp=ff37627b&idc=useast5",
            "_total_reply": 0,
            "_replies": []
        },
        {
            "_comment_id": "7467532101803737886",
            "_username": "kinzieahahah",
            "_nickname": "☆Kinzie☆",
            "_comment": "Im so early yayyy",
            "_create_time": "2025-02-04T13:00:26",
            "_avatar": "https://p16-pu-sign-useast8.tiktokcdn-us.com/tos-useast8-avt-0068-tx2/e83895d3172dd07948f36156945971bf~tplv-tiktokx-cropcenter:100:100.jpg?dr=9640&refresh_token=02a9417b&x-expires=1756281600&x-signature=X05JxlK9fD%2FCpqkcbhrzO4jidR4%3D&t=4d5b0474&ps=13740610&shp=30310797&shcp=ff37627b&idc=useast5",
            "_total_reply": 0,
            "_replies": []
        },
        {
            "_comment_id": "7467799686638174994",
            "_username": "jaylah.naumovski",
            "_nickname": "✨💜jaylah naumovski💜✨",
            "_comment": "omggg yesss love Lancome sm",
            "_create_time": "2025-02-05T06:17:20",
            "_avatar": "https://p16-common-sign-sg.tiktokcdn-us.com/tos-alisg-avt-0068/d74874ebfd3278473c1bd9f6f8d00c8c~tplv-tiktokx-cropcenter:100:100.jpg?dr=9640&refresh_token=27726f40&x-expires=1756281600&x-signature=uI3C9VW%2BiU7mI8ZVJYoJb0J3BGM%3D&t=4d5b0474&ps=13740610&shp=30310797&shcp=ff37627b&idc=useast5",
            "_total_reply": 0,
            "_replies": []
        },
        {
            "_comment_id": "7467509071261877010",
            "_username": "sarssss_.lol",
            "_nickname": "ѕαяsss",
            "_comment": "Why am I early",
            "_create_time": "2025-02-04T11:29:25",
            "_avatar": "https://p16-common-sign-sg.tiktokcdn-us.com/tos-alisg-avt-0068/aade20b76d0d21a84792d7b26fdc2da3~tplv-tiktokx-cropcenter:100:100.jpg?dr=9640&refresh_token=30c24d11&x-expires=1756281600&x-signature=FcvxUVgX9aDHw5EZahRAwg2ca9Q%3D&t=4d5b0474&ps=13740610&shp=30310797&shcp=ff37627b&idc=useast5",
            "_total_reply": 0,
            "_replies": []
        },
        {
            "_comment_id": "7467994643301991190",
            "_username": "socialbyandrea",
            "_nickname": "Andrea l UGC Creator",
            "_comment": "Need this is my life ASAP 🖤🖤🖤🖤",
            "_create_time": "2025-02-05T18:53:49",
            "_avatar": "https://p16-common-sign-va.tiktokcdn-us.com/tos-maliva-avt-0068/360320ee37d134bb3ed539090fde717e~tplv-tiktokx-cropcenter:100:100.jpg?dr=9640&refresh_token=e64e6069&x-expires=1756281600&x-signature=i56Snbk4U6KVeR619hJVFi6uecU%3D&t=4d5b0474&ps=13740610&shp=30310797&shcp=ff37627b&idc=useast5",
            "_total_reply": 0,
            "_replies": []
        },
        {
            "_comment_id": "7467777136868737808",
            "_username": "mm_grrargh",
            "_nickname": "*ੈ꩜‧₊.ೃ࿔:⭑",
            "_comment": "day 4 of asking you to bring back juicy tubes shade cerise",
            "_create_time": "2025-02-05T04:49:48",
            "_avatar": "https://p16-common-sign-sg.tiktokcdn-us.com/tos-alisg-avt-0068/bfc542a6e23e80d860e6fef306032c91~tplv-tiktokx-cropcenter:100:100.jpg?dr=9640&refresh_token=66da145f&x-expires=1756281600&x-signature=%2Brx%2F4ExTUyZ9dSxjxaVelrWR0V0%3D&t=4d5b0474&ps=13740610&shp=30310797&shcp=ff37627b&idc=useast5",
            "_total_reply": 0,
            "_replies": []
        },
        {
            "_comment_id": "7467567447883055877",
            "_username": "lado3361",
            "_nickname": "Lado",
            "_comment": "Love ❤️",
            "_create_time": "2025-02-04T15:16:13",
            "_avatar": "https://p16-common-sign-va.tiktokcdn-us.com/tos-maliva-avt-0068/6e2e15f468929d9ae60c1a71db1929d0~tplv-tiktokx-cropcenter:100:100.jpg?dr=9640&refresh_token=9b1c635c&x-expires=1756281600&x-signature=uXznKNFOjPl7LXAqnWRH1RBfhBg%3D&t=4d5b0474&ps=13740610&shp=30310797&shcp=ff37627b&idc=useast5",
            "_total_reply": 0,
            "_replies": []
        },
        {
            "_comment_id": "7467508347002012438",
            "_username": "sorenzaaaaaa",
            "_nickname": "Sorenza 🏎️✨",
            "_comment": "I need it so badly 😍",
            "_create_time": "2025-02-04T11:27:41",
            "_avatar": "https://p16-common-sign-useast2a.tiktokcdn-us.com/tos-useast2a-avt-0068-euttp/da3f553b73b866b7b75460d52bc63978~tplv-tiktokx-cropcenter:100:100.jpg?dr=9640&refresh_token=80613294&x-expires=1756281600&x-signature=2T6J2U8xxA8qLhgwpqmRy1hSbdQ%3D&t=4d5b0474&ps=13740610&shp=30310797&shcp=ff37627b&idc=useast5",
            "_total_reply": 0,
            "_replies": []
        },
        {
            "_comment_id": "7479395557363958550",
            "_username": "xxx._.daisy._xxx",
            "_nickname": "xxx._.daisy._xxx",
            "_comment": "It looks like a really great product!",
            "_create_time": "2025-03-08T11:15:00",
            "_avatar": "https://p16-common-sign-va.tiktokcdn-us.com/tos-maliva-avt-0068/0108e474ff09bd3ca6400ba3afdbf1b0~tplv-tiktokx-cropcenter:100:100.jpg?dr=9640&refresh_token=f3d15b85&x-expires=1756281600&x-signature=nlY1XHvl9hw94KFXMGHKdMCHbzg%3D&t=4d5b0474&ps=13740610&shp=30310797&shcp=ff37627b&idc=useast5",
            "_total_reply": 0,
            "_replies": []
        },
        {
            "_comment_id": "7467523075739960096",
            "_username": "ginte1990",
            "_nickname": "Gintare2004 🍓",
            "_comment": "Love it 💓",
            "_create_time": "2025-02-04T12:24:02",
            "_avatar": "https://p19-common-sign-useast2a.tiktokcdn-us.com/tos-useast2a-avt-0068-euttp/033f760a6798505855d5f7bc59afc238~tplv-tiktokx-cropcenter:100:100.jpg?dr=9640&refresh_token=885e2959&x-expires=1756281600&x-signature=WdQL560%2BrtKWaok8O2TgK6dJEHg%3D&t=4d5b0474&ps=13740610&shp=30310797&shcp=ff37627b&idc=useast5",
            "_total_reply": 0,
            "_replies": []
        },
        {
            "_comment_id": "7467675415038116630",
            "_username": "_iwanna1948",
            "_nickname": "ioanna",
            "_comment": "Hiiii can you reply ?💜 I LOVE YOU GUYS 💜💜💜💜THE BEST BRAND 🙏💜",
            "_create_time": "2025-02-04T22:15:04",
            "_avatar": "https://p16-common-sign-va.tiktokcdn-us.com/tos-maliva-avt-0068/9ecf25f6802d969b18f59e2ef0e1ca17~tplv-tiktokx-cropcenter:100:100.jpg?dr=9640&refresh_token=11c1f1a3&x-expires=1756281600&x-signature=W63VdjVeTwcg5laOuD9bOyd1B3g%3D&t=4d5b0474&ps=13740610&shp=30310797&shcp=ff37627b&idc=useast5",
            "_total_reply": 2,
            "_replies": [
                {
                    "_comment_id": "7467976080587621142",
                    "_username": "lancome.official",
                    "_nickname": "Lancôme",
                    "_comment": "Hii!👋",
                    "_create_time": "2025-02-05T17:41:55",
                    "_avatar": "https://p16-common-sign-va.tiktokcdn-us.com/tos-maliva-avt-0068/9424f6caa6a8781766ccf45ddf0a0a0d~tplv-tiktokx-cropcenter:100:100.jpg?dr=9640&refresh_token=2d0d7041&x-expires=1756281600&x-signature=6RRh0sV%2BMiFopbDnto6in1a21L8%3D&t=4d5b0474&ps=13740610&shp=30310797&shcp=ff37627b&idc=useast5",
                    "_total_reply": null,
                    "_replies": []
                },
                {
                    "_comment_id": "7467982401135461142",
                    "_username": "_iwanna1948",
                    "_nickname": "ioanna",
                    "_comment": "OMGGG💜💜💜👑👑👑 hiiiiii",
                    "_create_time": "2025-02-05T18:06:27",
                    "_avatar": "https://p16-common-sign-va.tiktokcdn-us.com/tos-maliva-avt-0068/9ecf25f6802d969b18f59e2ef0e1ca17~tplv-tiktokx-cropcenter:100:100.jpg?dr=9640&refresh_token=11c1f1a3&x-expires=1756281600&x-signature=W63VdjVeTwcg5laOuD9bOyd1B3g%3D&t=4d5b0474&ps=13740610&shp=30310797&shcp=ff37627b&idc=useast5",
                    "_total_reply": null,
                    "_replies": []
                }
            ]
        },
        {
            "_comment_id": "7467585023555568385",
            "_username": "travelwithsana9",
            "_nickname": "Travel with Sana 🇹🇷",
            "_comment": "yes I already have lancome mascara serum,lipstick and tint my experience is really great 👍",
            "_create_time": "2025-02-04T16:24:01",
            "_avatar": "https://p16-common-sign-sg.tiktokcdn-us.com/tos-alisg-avt-0068/55396ddfa5b4871a66c67b1a1ee0e708~tplv-tiktokx-cropcenter:100:100.jpg?dr=9640&refresh_token=3e1346fc&x-expires=1756281600&x-signature=fT3SrnJEp%2B6X3BmLC21szIcZGNg%3D&t=4d5b0474&ps=13740610&shp=30310797&shcp=ff37627b&idc=useast5",
            "_total_reply": 0,
            "_replies": []
        },
        {
            "_comment_id": "7467820094476288769",
            "_username": "letmetaliasomething21111",
            "_nickname": "˚˖𓍢ִ໋💋🛍️ ᴛᴀʟɪᴀ✧˚.🛍️💋⋆",
            "_comment": "Never skip a Lancôme video",
            "_create_time": "2025-02-05T07:36:19",
            "_avatar": "https://p16-common-sign-sg.tiktokcdn-us.com/tos-alisg-avt-0068/9f50bf89e65ea33b062df361beeacf56~tplv-tiktokx-cropcenter:100:100.jpg?dr=9640&refresh_token=3b74fb35&x-expires=1756281600&x-signature=ajcs83l2JJKKrEA1Gse1IKjtg9c%3D&t=4d5b0474&ps=13740610&shp=30310797&shcp=ff37627b&idc=useast5",
            "_total_reply": 2,
            "_replies": [
                {
                    "_comment_id": "7466896044123947808",
                    "_username": "lancome.official",
                    "_nickname": "Lancôme",
                    "_comment": "🫶",
                    "_create_time": "2025-02-05T12:10:25",
                    "_avatar": "https://p16-common-sign-va.tiktokcdn-us.com/tos-maliva-avt-0068/9424f6caa6a8781766ccf45ddf0a0a0d~tplv-tiktokx-cropcenter:100:100.jpg?dr=9640&refresh_token=2d0d7041&x-expires=1756281600&x-signature=6RRh0sV%2BMiFopbDnto6in1a21L8%3D&t=4d5b0474&ps=13740610&shp=30310797&shcp=ff37627b&idc=useast5",
                    "_total_reply": null,
                    "_replies": []
                },
                {
                    "_comment_id": "7468041206166012688",
                    "_username": "letmetaliasomething21111",
                    "_nickname": "˚˖𓍢ִ໋💋🛍️ ᴛᴀʟɪᴀ✧˚.🛍️💋⋆",
                    "_comment": "OMG YAY THATS OFF MY 2025 BUCKET LIST ILL BUY SMTH FROM YOUS NOW",
                    "_create_time": "2025-02-05T21:54:43",
                    "_avatar": "https://p16-common-sign-sg.tiktokcdn-us.com/tos-alisg-avt-0068/9f50bf89e65ea33b062df361beeacf56~tplv-tiktokx-cropcenter:100:100.jpg?dr=9640&refresh_token=3b74fb35&x-expires=1756281600&x-signature=ajcs83l2JJKKrEA1Gse1IKjtg9c%3D&t=4d5b0474&ps=13740610&shp=30310797&shcp=ff37627b&idc=useast5",
                    "_total_reply": null,
                    "_replies": []
                }
            ]
        },
        {
            "_comment_id": "7467632393525166854",
            "_username": "fae.bg",
            "_nickname": "fae.bg🇨🇦",
            "_comment": "I neeeed",
            "_create_time": "2025-02-04T19:27:57",
            "_avatar": "https://p16-common-sign-va.tiktokcdn-us.com/tos-maliva-avt-0068/bcbab5d9d3fe2d9a867a1a18957a968b~tplv-tiktokx-cropcenter:100:100.jpg?dr=9640&refresh_token=ca50888a&x-expires=1756281600&x-signature=w9ipBJ%2FpW8TH%2B4pQVhnhgvLu%2FBY%3D&t=4d5b0474&ps=13740610&shp=30310797&shcp=ff37627b&idc=useast5",
            "_total_reply": 0,
            "_replies": []
        },
        {
            "_comment_id": "7467536141744571167",
            "_username": "tagyoureit456",
            "_nickname": "Theresa",
            "_comment": "In love with the packaging and that formula? 🤩😍",
            "_create_time": "2025-02-04T13:15:12",
            "_avatar": "https://p16-common-sign-va.tiktokcdn-us.com/tos-maliva-avt-0068/ea7865d99f8410c0012e24364e1e9bb9~tplv-tiktokx-cropcenter:100:100.jpg?dr=9640&refresh_token=5a77d188&x-expires=1756281600&x-signature=%2BDa2g0pLJFIyvndQg7Futzxqq9o%3D&t=4d5b0474&ps=13740610&shp=30310797&shcp=ff37627b&idc=useast5",
            "_total_reply": 0,
            "_replies": []
        },
        {
            "_comment_id": "7467556460966019872",
            "_username": "amyc3333",
            "_nickname": "amy",
            "_comment": "So pretty",
            "_create_time": "2025-02-04T14:34:14",
            "_avatar": "https://p16-common-sign-useast2a.tiktokcdn-us.com/tos-useast2a-avt-0068-euttp/373c2741cc83811383913b9ee25c01d5~tplv-tiktokx-cropcenter:100:100.jpg?dr=9640&refresh_token=62ea7c95&x-expires=1756281600&x-signature=pHYUarwJiB6FavzYtsFGKJr0WhU%3D&t=4d5b0474&ps=13740610&shp=30310797&shcp=ff37627b&idc=useast5",
            "_total_reply": 0,
            "_replies": []
        },
        {
            "_comment_id": "7482336073433383702",
            "_username": "ln907158",
            "_nickname": "🐙",
            "_comment": "🤩🤩",
            "_create_time": "2025-03-16T09:25:45",
            "_avatar": "https://p16-common-sign-useast2a.tiktokcdn-us.com/tos-useast2a-avt-0068-euttp/3979da3a897be029ecbf1b9ef27f8767~tplv-tiktokx-cropcenter:100:100.jpg?dr=9640&refresh_token=c8beacb7&x-expires=1756281600&x-signature=U08xJZwNPLLkXkWTepCFFKbdv%2FQ%3D&t=4d5b0474&ps=13740610&shp=30310797&shcp=ff37627b&idc=useast5",
            "_total_reply": 0,
            "_replies": []
        },
        {
            "_comment_id": "7483665137884529430",
            "_username": "user2901536990581",
            "_nickname": "Emmie",
            "_comment": "😍",
            "_create_time": "2025-03-19T23:23:27",
            "_avatar": "https://p16-common-sign-useast2a.tiktokcdn-us.com/tos-useast2a-avt-0068-euttp/b6b2485cda36813fbff7bcc06285b279~tplv-tiktokx-cropcenter:100:100.jpg?dr=9640&refresh_token=c5bb0bda&x-expires=1756281600&x-signature=ocihSRDrhn16mC5Puyyo312OODM%3D&t=4d5b0474&ps=13740610&shp=30310797&shcp=ff37627b&idc=useast5",
            "_total_reply": 0,
            "_replies": []
        },
        {
            "_comment_id": "7467645997171426066",
            "_username": "sabinesinno_",
            "_nickname": "Sabine Sinno",
            "_comment": "🤩🤩🤩",
            "_create_time": "2025-02-04T20:20:57",
            "_avatar": "https://p16-common-sign-sg.tiktokcdn-us.com/tos-alisg-avt-0068/7e32a842b6e918859b3445595bbbbf7e~tplv-tiktokx-cropcenter:100:100.jpg?dr=9640&refresh_token=223bc812&x-expires=1756281600&x-signature=Q5Lcrq0OgSHzKcKGhbiOM0oM5MQ%3D&t=4d5b0474&ps=13740610&shp=30310797&shcp=ff37627b&idc=useast5",
            "_total_reply": 0,
            "_replies": []
        },
        {
            "_comment_id": "7467551114452943638",
            "_username": "annang042",
            "_nickname": "anna",
            "_comment": "🥰",
            "_create_time": "2025-02-04T14:13:03",
            "_avatar": "https://p16-common-sign-va.tiktokcdn-us.com/tos-maliva-avt-0068/7c3e761751fa337405fde2251afc615e~tplv-tiktokx-cropcenter:100:100.jpg?dr=9640&refresh_token=befccaa7&x-expires=1756281600&x-signature=OH9WjLfCva35OuknflOFPmIJqms%3D&t=4d5b0474&ps=13740610&shp=30310797&shcp=ff37627b&idc=useast5",
            "_total_reply": 0,
            "_replies": []
        },
        {
            "_comment_id": "7494501436140995333",
            "_username": "angel_eyes2222",
            "_nickname": "Felicia",
            "_comment": "💜",
            "_create_time": "2025-04-18T05:14:15",
            "_avatar": "https://p16-common-sign-va.tiktokcdn-us.com/tos-maliva-avt-0068/9eed54ee852326937df89538975f21e5~tplv-tiktokx-cropcenter:100:100.jpg?dr=9640&refresh_token=aa04ce13&x-expires=1756281600&x-signature=h63oKkU3%2B2qKlHkSbGy2KtvG9Uc%3D&t=4d5b0474&ps=13740610&shp=30310797&shcp=ff37627b&idc=useast5",
            "_total_reply": 0,
            "_replies": []
        },
        {
            "_comment_id": "7467545421927138091",
            "_username": "charlottelivingguide",
            "_nickname": "charlottelivingguide",
            "_comment": "Would love to collab! Is there an email I can contact for more info? ♥️",
            "_create_time": "2025-02-04T13:51:04",
            "_avatar": "https://p16-pu-sign-useast8.tiktokcdn-us.com/tos-useast5-avt-0068-tx/bfce867179889911251f1553f9832e74~tplv-tiktokx-cropcenter:100:100.jpg?dr=9640&refresh_token=8cb78955&x-expires=1756281600&x-signature=J1ipONazrlQqY4JaxQEh%2Fj5fEXM%3D&t=4d5b0474&ps=13740610&shp=30310797&shcp=ff37627b&idc=useast5",
            "_total_reply": 0,
            "_replies": []
        },
        {
            "_comment_id": "7474661447169393430",
            "_username": "milja_moisio",
            "_nickname": "M💥",
            "_comment": "😭",
            "_create_time": "2025-02-23T17:04:42",
            "_avatar": "https://p16-common-sign-va.tiktokcdn-us.com/tos-maliva-avt-0068/6d1b8ba00be6464a7fc9ac6f35f24f21~tplv-tiktokx-cropcenter:100:100.jpg?dr=9640&refresh_token=e9557ffb&x-expires=1756281600&x-signature=wE25vq9UPEmqNpr%2FuUh1Y5vVz2A%3D&t=4d5b0474&ps=13740610&shp=30310797&shcp=ff37627b&idc=useast5",
            "_total_reply": 0,
            "_replies": []
        }
    ],
    "total_comments": 25
}