{
    "original_url": "https://www.tiktok.com/@lancome.official/video/7467966283657514262",
    "video_id": "7467966283657514262",
    "description": "Paris, here we come!🇫🇷 Idôle House is coming to France! Rendez-vous there to dive into the world of #LancomeIdole and discover the brand-new Lash Idôle Flutter Extension mascara.🤭 February 6th: 12PM – 5PM February 7th: 10AM - 5PM February 8th & 9th: 10AM - 8PM 📍 18 Rue de Turenne, 75004, Paris #Lancome #IdoleHouse #LancomeFR #France #Paris #Popup #Makeup #FlutterExtension #Mascara #NewLaunch #Event #Beauty ",
    "video_url": "https://m.tiktok.com/v/7467966283657514262.html?_d=0&comment_author_id=7114047310753285126&preview_pb=0&share_comment_id=7471634563594142486&share_item_id=7467966283657514262&sharer_language=en&source=h5_m&u_code=0",
    "tags": [
        "#LancomeIdole",
        "#Lancome",
        "#IdoleHouse",
        "#LancomeFR",
        "#France",
        "#Paris",
        "#Popup",
        "#Makeup",
        "#FlutterExtension",
        "#Mascara",
        "#NewLaunch",
        "#Event",
        "#Beauty"
    ],
    "comments": [
        {
            "_comment_id": "7471634563594142486",
            "_username": "tara.maryx",
            "_nickname": "tara.maryx",
            "_comment": "NEED 🤩🤩🤩",
            "_create_time": "2025-02-15T14:18:45",
            "_avatar": "https://p16-common-sign-useast2a.tiktokcdn-us.com/tos-useast2a-avt-0068-euttp/075637803c1c848e69bb7c6768a6f326~tplv-tiktokx-cropcenter:100:100.jpg?dr=9640&refresh_token=6de7c0de&x-expires=1756281600&x-signature=IyEhTNMrO18ukmXoc35RBOKdCvk%3D&t=4d5b0474&ps=13740610&shp=30310797&shcp=ff37627b&idc=useast5",
            "_total_reply": 0,
            "_replies": []
        },
        {
            "_comment_id": "7467980046453506838",
            "_username": "carlotta4751",
            "_nickname": "carlotta",
            "_comment": "will Olivia be there?",
            "_create_time": "2025-02-05T17:57:25",
            "_avatar": "https://p16-common-sign-useast2a.tiktokcdn-us.com/tos-useast2a-avt-0068-euttp/7331008636440346657~tplv-tiktokx-cropcenter:100:100.jpg?dr=9640&refresh_token=3dc976a3&x-expires=1756281600&x-signature=xqlR0frxER374o77xXYf2TItxRI%3D&t=4d5b0474&ps=13740610&shp=30310797&shcp=ff37627b&idc=useast5",
            "_total_reply": 0,
            "_replies": []
        },
        {
            "_comment_id": "7468152567013360427",
            "_username": "mama_bear_232",
            "_nickname": "♡Sina♡_♡Mama_Wife♡",
            "_comment": "I wish 😍 Have the best time 🩷🩷",
            "_create_time": "2025-02-06T05:06:33",
            "_avatar": "https://p19-pu-sign-useast8.tiktokcdn-us.com/tos-useast5-avt-0068-tx/c35319f3ff16755f4c6d3c90e649222e~tplv-tiktokx-cropcenter:100:100.jpg?dr=9640&refresh_token=c47f2a9b&x-expires=1756281600&x-signature=gr%2F58%2BpSdFc24gjyDL9LeKXx1kc%3D&t=4d5b0474&ps=13740610&shp=30310797&shcp=ff37627b&idc=useast5",
            "_total_reply": 1,
            "_replies": [
                {
                    "_comment_id": "7467130544967861024",
                    "_username": "lancome.official",
                    "_nickname": "Lancôme",
                    "_comment": "Maybe next time! 🥹🫶",
                    "_create_time": "2025-02-06T10:49:46",
                    "_avatar": "https://p16-common-sign-va.tiktokcdn-us.com/tos-maliva-avt-0068/9424f6caa6a8781766ccf45ddf0a0a0d~tplv-tiktokx-cropcenter:100:100.jpg?dr=9640&refresh_token=2d0d7041&x-expires=1756281600&x-signature=6RRh0sV%2BMiFopbDnto6in1a21L8%3D&t=4d5b0474&ps=13740610&shp=30310797&shcp=ff37627b&idc=useast5",
                    "_total_reply": null,
                    "_replies": []
                }
            ]
        },
        {
            "_comment_id": "7471381522769363734",
            "_username": "lifeofmrstlm2013",
            "_nickname": "lifeofmrstlm2013",
            "_comment": "so wish I could visit",
            "_create_time": "2025-02-14T21:56:52",
            "_avatar": "https://p16-common-sign-va.tiktokcdn-us.com/musically-maliva-obj/1594805258216454~tplv-tiktokx-cropcenter:100:100.jpg?dr=9640&refresh_token=e95abb24&x-expires=1756281600&x-signature=3sj6OaLiS8USBUJlFKzdpJPzweM%3D&t=4d5b0474&ps=13740610&shp=30310797&shcp=ff37627b&idc=useast5",
            "_total_reply": 0,
            "_replies": []
        },
        {
            "_comment_id": "7468183659217994518",
            "_username": "melirkl",
            "_nickname": "Meli 🌷",
            "_comment": "Ig this is my sign to book a flight to Paris🤪",
            "_create_time": "2025-02-06T07:08:34",
            "_avatar": "https://p16-common-sign-va.tiktokcdn-us.com/tos-maliva-avt-0068/c64710761e6adfc460922725f68d2f2c~tplv-tiktokx-cropcenter:100:100.jpg?dr=9640&refresh_token=6f2da50b&x-expires=1756281600&x-signature=abF4fwS%2FA28YBw2X%2FCOv2Efx%2F3c%3D&t=4d5b0474&ps=13740610&shp=30310797&shcp=ff37627b&idc=useast5",
            "_total_reply": 1,
            "_replies": [
                {
                    "_comment_id": "7467119040373818144",
                    "_username": "lancome.official",
                    "_nickname": "Lancôme",
                    "_comment": "hehehe Paris is always a good idea 🤭🩷",
                    "_create_time": "2025-02-06T12:13:20",
                    "_avatar": "https://p16-common-sign-va.tiktokcdn-us.com/tos-maliva-avt-0068/9424f6caa6a8781766ccf45ddf0a0a0d~tplv-tiktokx-cropcenter:100:100.jpg?dr=9640&refresh_token=2d0d7041&x-expires=1756281600&x-signature=6RRh0sV%2BMiFopbDnto6in1a21L8%3D&t=4d5b0474&ps=13740610&shp=30310797&shcp=ff37627b&idc=useast5",
                    "_total_reply": null,
                    "_replies": []
                }
            ]
        },
        {
            "_comment_id": "7474411560984199958",
            "_username": "h1290j",
            "_nickname": "h",
            "_comment": "FREE SAMPLE PPLSSSSS🥰",
            "_create_time": "2025-02-23T01:55:40",
            "_avatar": "https://p16-common-sign-va.tiktokcdn-us.com/musically-maliva-obj/1594805258216454~tplv-tiktokx-cropcenter:100:100.jpg?dr=9640&refresh_token=e95abb24&x-expires=1756281600&x-signature=3sj6OaLiS8USBUJlFKzdpJPzweM%3D&t=4d5b0474&ps=13740610&shp=30310797&shcp=ff37627b&idc=useast5",
            "_total_reply": 0,
            "_replies": []
        },
        {
            "_comment_id": "7468280013864862486",
            "_username": "dannadinca",
            "_nickname": "Danny|UGC",
            "_comment": "Whish I would still be in Paris to attend this. 🤩",
            "_create_time": "2025-02-06T13:21:52",
            "_avatar": "https://p16-common-sign-va.tiktokcdn-us.com/tos-maliva-avt-0068/eaa4f52346a23a960190f377b7df116d~tplv-tiktokx-cropcenter:100:100.jpg?dr=9640&refresh_token=1ceea138&x-expires=1756281600&x-signature=8pEo%2FNkP4iYPukowgTo%2BowaMT5Y%3D&t=4d5b0474&ps=13740610&shp=30310797&shcp=ff37627b&idc=useast5",
            "_total_reply": 0,
            "_replies": []
        },
        {
            "_comment_id": "7470210388828947246",
            "_username": "briianna.santos",
            "_nickname": "briianna. Santos",
            "_comment": "Omg I’m still not over this",
            "_create_time": "2025-02-11T18:12:09",
            "_avatar": "https://p16-sign.tiktokcdn-us.com/tos-useast5-avt-0068-tx/ed308b61dd65dd7de48864dfaae9c615~tplv-tiktokx-cropcenter:100:100.jpg?dr=9640&refresh_token=7eda5f6e&x-expires=1756281600&x-signature=xS97zNMbkCAYv7uNyddLzFr7yAA%3D&t=4d5b0474&ps=13740610&shp=30310797&shcp=ff37627b&idc=useast5",
            "_total_reply": 0,
            "_replies": []
        },
        {
            "_comment_id": "7467994606929167126",
            "_username": "oliviaaa.kpl",
            "_nickname": "Olivia 🪩",
            "_comment": "omg",
            "_create_time": "2025-02-05T18:53:47",
            "_avatar": "https://p16-common-sign-va.tiktokcdn-us.com/tos-maliva-avt-0068/4cd380a2194f2666fc94afbf0db93458~tplv-tiktokx-cropcenter:100:100.jpg?dr=9640&refresh_token=e12fbd7f&x-expires=1756281600&x-signature=XRq1foiXgontQDhCCZ9PJCifMm8%3D&t=4d5b0474&ps=13740610&shp=30310797&shcp=ff37627b&idc=useast5",
            "_total_reply": 0,
            "_replies": []
        },
        {
            "_comment_id": "7467974979238822676",
            "_username": "murphy.has.a.gun",
            "_nickname": "murphy.has.a.gun",
            "_comment": "Where is Olivia",
            "_create_time": "2025-02-05T17:37:20",
            "_avatar": "https://p16-common-sign-va.tiktokcdn-us.com/musically-maliva-obj/1594805258216454~tplv-tiktokx-cropcenter:100:100.jpg?dr=9640&refresh_token=e95abb24&x-expires=1756281600&x-signature=3sj6OaLiS8USBUJlFKzdpJPzweM%3D&t=4d5b0474&ps=13740610&shp=30310797&shcp=ff37627b&idc=useast5",
            "_total_reply": 1,
            "_replies": [
                {
                    "_comment_id": "7467994662285656854",
                    "_username": "oliviaaa.kpl",
                    "_nickname": "Olivia 🪩",
                    "_comment": "here 😗",
                    "_create_time": "2025-02-05T18:53:56",
                    "_avatar": "https://p19-common-sign-va.tiktokcdn-us.com/tos-maliva-avt-0068/4cd380a2194f2666fc94afbf0db93458~tplv-tiktokx-cropcenter:100:100.jpg?dr=9640&refresh_token=1768b5b8&x-expires=1756281600&x-signature=SQcC8UzzvFs2Ko7NDC1N9KuTg3o%3D&t=4d5b0474&ps=13740610&shp=30310797&shcp=ff37627b&idc=useast5",
                    "_total_reply": null,
                    "_replies": []
                }
            ]
        },
        {
            "_comment_id": "7467969693389193989",
            "_username": "alexandrq34_8",
            "_nickname": "￶",
            "_comment": "EARLYY",
            "_create_time": "2025-02-05T17:17:07",
            "_avatar": "https://p16-common-sign-va.tiktokcdn-us.com/tos-maliva-avt-0068/0b1ff142a6045fe821a9d489672a2b6f~tplv-tiktokx-cropcenter:100:100.jpg?dr=9640&refresh_token=3c8c0c5f&x-expires=1756281600&x-signature=2Cj0H25uGOaI7mAzDrkbkQvDyKo%3D&t=4d5b0474&ps=13740610&shp=30310797&shcp=ff37627b&idc=useast5",
            "_total_reply": 0,
            "_replies": []
        },
        {
            "_comment_id": "7468078961378313002",
            "_username": "itskaileyanna",
            "_nickname": "KAILEY ANNA",
            "_comment": "SO FUN",
            "_create_time": "2025-02-06T00:20:54",
            "_avatar": "https://p16-sign.tiktokcdn-us.com/tos-useast5-avt-0068-tx/ece48ff351873e2d7fca783393cbfec3~tplv-tiktokx-cropcenter:100:100.jpg?dr=9640&refresh_token=3bfa2f96&x-expires=1756281600&x-signature=ahLeRI0c3pfEbKwBKBTU%2BrTshxg%3D&t=4d5b0474&ps=13740610&shp=30310797&shcp=ff37627b&idc=useast5",
            "_total_reply": 0,
            "_replies": []
        },
        {
            "_comment_id": "7467984113921983254",
            "_username": "_iwanna1948",
            "_nickname": "ioanna",
            "_comment": "HIII👑LOVEE ITT👑💜💜💜💜",
            "_create_time": "2025-02-05T18:13:12",
            "_avatar": "https://p19-common-sign-va.tiktokcdn-us.com/tos-maliva-avt-0068/9ecf25f6802d969b18f59e2ef0e1ca17~tplv-tiktokx-cropcenter:100:100.jpg?dr=9640&refresh_token=5e412896&x-expires=1756281600&x-signature=TLHQWAv4mU0GOFh0AM3oRMFaA%2B0%3D&t=4d5b0474&ps=13740610&shp=30310797&shcp=ff37627b&idc=useast5",
            "_total_reply": 0,
            "_replies": []
        },
        {
            "_comment_id": "7467970936524997383",
            "_username": "tala.reslan",
            "_nickname": "𝓣𝒶ل𝒶",
            "_comment": "FIRSTTT",
            "_create_time": "2025-02-05T17:21:35",
            "_avatar": "https://p16-common-sign-sg.tiktokcdn-us.com/tos-alisg-avt-0068/279b9e5a15eec67fc981499bcc485e73~tplv-tiktokx-cropcenter:100:100.jpg?dr=9640&refresh_token=89f6c431&x-expires=1756281600&x-signature=tPG%2FQaJWVGRw27Enb7pbo%2FplxR8%3D&t=4d5b0474&ps=13740610&shp=30310797&shcp=ff37627b&idc=useast5",
            "_total_reply": 0,
            "_replies": []
        },
        {
            "_comment_id": "7468019379072172806",
            "_username": "stressedoutbrowngirl",
            "_nickname": "Ash",
            "_comment": "Waiting for my PR package 👀",
            "_create_time": "2025-02-05T20:29:51",
            "_avatar": "https://p16-common-sign-sg.tiktokcdn-us.com/tos-alisg-avt-0068/c62902aae69ee55f013179090a1ec17b~tplv-tiktokx-cropcenter:100:100.jpg?dr=9640&refresh_token=98153c8f&x-expires=1756281600&x-signature=oiO%2FWa7KOf7B7m4t4P%2Bs1xIIRq0%3D&t=4d5b0474&ps=13740610&shp=30310797&shcp=ff37627b&idc=useast5",
            "_total_reply": 0,
            "_replies": []
        },
        {
            "_comment_id": "7468064315939193622",
            "_username": "annang042",
            "_nickname": "anna",
            "_comment": "🥰",
            "_create_time": "2025-02-05T23:24:55",
            "_avatar": "https://p16-common-sign-va.tiktokcdn-us.com/tos-maliva-avt-0068/7c3e761751fa337405fde2251afc615e~tplv-tiktokx-cropcenter:100:100.jpg?dr=9640&refresh_token=befccaa7&x-expires=1756281600&x-signature=OH9WjLfCva35OuknflOFPmIJqms%3D&t=4d5b0474&ps=13740610&shp=30310797&shcp=ff37627b&idc=useast5",
            "_total_reply": 0,
            "_replies": []
        },
        {
            "_comment_id": "7467994372467458838",
            "_username": "theartofnika",
            "_nickname": "Nika xoxo",
            "_comment": "i have few drops left of my Idole Le parfum , i would love to try the new version 💜 @Lancôme",
            "_create_time": "2025-02-05T18:52:49",
            "_avatar": "https://p16-common-sign-va.tiktokcdn-us.com/tos-maliva-avt-0068/ed117992ca9a2aba343047e01dc8edc2~tplv-tiktokx-cropcenter:100:100.jpg?dr=9640&refresh_token=feead653&x-expires=1756281600&x-signature=NYfiB0rNgkhAcuWVsqxgTfiF1bE%3D&t=4d5b0474&ps=13740610&shp=30310797&shcp=ff37627b&idc=useast5",
            "_total_reply": 0,
            "_replies": []
        },
        {
            "_comment_id": "7468975045596087058",
            "_username": "how20050",
            "_nickname": "❤️🪄",
            "_comment": "😁",
            "_create_time": "2025-02-08T10:18:03",
            "_avatar": "https://p16-common-sign-sg.tiktokcdn-us.com/tos-alisg-avt-0068/537ec005672bb3504f99d6c7026c7df2~tplv-tiktokx-cropcenter:100:100.jpg?dr=9640&refresh_token=ef7606f4&x-expires=1756281600&x-signature=DeoFqbe3vofpenvg42nGbFcis6Q%3D&t=4d5b0474&ps=13740610&shp=30310797&shcp=ff37627b&idc=useast5",
            "_total_reply": 0,
            "_replies": []
        },
        {
            "_comment_id": "7468043553562788609",
            "_username": "larisa.sarchisean",
            "_nickname": "larisa.sarchisean",
            "_comment": "🤗💯",
            "_create_time": "2025-02-05T22:03:47",
            "_avatar": "https://p16-common-sign-sg.tiktokcdn-us.com/tos-alisg-avt-0068/594b494f7426e239c7bad93e4dcfcde2~tplv-tiktokx-cropcenter:100:100.jpg?dr=9640&refresh_token=95ee82a3&x-expires=1756281600&x-signature=IlhlPkOJ1YbVm%2Bg3z3YAA5duqd0%3D&t=4d5b0474&ps=13740610&shp=30310797&shcp=ff37627b&idc=useast5",
            "_total_reply": 0,
            "_replies": []
        },
        {
            "_comment_id": "7468036502019228434",
            "_username": "sabinesinno_",
            "_nickname": "Sabine Sinno",
            "_comment": "🤩🤩🤩",
            "_create_time": "2025-02-05T21:36:25",
            "_avatar": "https://p16-common-sign-sg.tiktokcdn-us.com/tos-alisg-avt-0068/7e32a842b6e918859b3445595bbbbf7e~tplv-tiktokx-cropcenter:100:100.jpg?dr=9640&refresh_token=223bc812&x-expires=1756281600&x-signature=Q5Lcrq0OgSHzKcKGhbiOM0oM5MQ%3D&t=4d5b0474&ps=13740610&shp=30310797&shcp=ff37627b&idc=useast5",
            "_total_reply": 0,
            "_replies": []
        },
        {
            "_comment_id": "7468010345211446038",
            "_username": "brittanyhauata",
            "_nickname": "Brittany Hauata",
            "_comment": "🥰",
            "_create_time": "2025-02-05T19:54:43",
            "_avatar": "https://p16-common-sign-useast2a.tiktokcdn-us.com/tos-useast2a-avt-0068-euttp/59b2c929640faca4f88a8067a88453b4~tplv-tiktokx-cropcenter:100:100.jpg?dr=9640&refresh_token=278ba432&x-expires=1756281600&x-signature=0LupBdTvJ9r30IwXo%2B7HxMWWoPk%3D&t=4d5b0474&ps=13740610&shp=30310797&shcp=ff37627b&idc=useast5",
            "_total_reply": 0,
            "_replies": []
        },
        {
            "_comment_id": "7468078847058854674",
            "_username": "coco03255",
            "_nickname": "coco",
            "_comment": "🥰🥰🥰",
            "_create_time": "2025-02-06T00:21:18",
            "_avatar": "https://p16-common-sign-sg.tiktokcdn-us.com/tos-alisg-avt-0068/18a136e0f0af2ca47ff43bd0c413dd6f~tplv-tiktokx-cropcenter:100:100.jpg?dr=9640&refresh_token=7be61a78&x-expires=1756281600&x-signature=nq3zkAXPL971EhD2yX%2FPhWnVoNg%3D&t=4d5b0474&ps=13740610&shp=30310797&shcp=ff37627b&idc=useast5",
            "_total_reply": 0,
            "_replies": []
        },
        {
            "_comment_id": "7468028825781764886",
            "_username": "bdbeautyalias",
            "_nickname": "Béatrice",
            "_comment": "🥰",
            "_create_time": "2025-02-05T21:07:05",
            "_avatar": "https://p16-common-sign-va.tiktokcdn-us.com/tos-maliva-avt-0068/d7868b683a1aa994f3295448968fb324~tplv-tiktokx-cropcenter:100:100.jpg?dr=9640&refresh_token=6627babb&x-expires=1756281600&x-signature=ySzgKRS58I%2BXaERI6dxBx2MiGuQ%3D&t=4d5b0474&ps=13740610&shp=30310797&shcp=ff37627b&idc=useast5",
            "_total_reply": 0,
            "_replies": []
        },
        {
            "_comment_id": "7472496309196620566",
            "_username": "martaczx7",
            "_nickname": "Marta🤍",
            "_comment": "😍😍😍",
            "_create_time": "2025-02-17T22:02:45",
            "_avatar": "https://p16-common-sign-va.tiktokcdn-us.com/tos-maliva-avt-0068/7693e0d54fea996a5de00743aec9950d~tplv-tiktokx-cropcenter:100:100.jpg?dr=9640&refresh_token=677cefb3&x-expires=1756281600&x-signature=OXvpK2p5ZNXmq9kmunVZguBsYrI%3D&t=4d5b0474&ps=13740610&shp=30310797&shcp=ff37627b&idc=useast5",
            "_total_reply": 0,
            "_replies": []
        },
        {
            "_comment_id": "7485566387264619286",
            "_username": "ansje.thagai",
            "_nickname": "An",
            "_comment": "🥰🥰",
            "_create_time": "2025-03-25T02:21:17",
            "_avatar": "https://p16-common-sign-va.tiktokcdn-us.com/tos-maliva-avt-0068/8bdc8618f45b481bea64b755cb9fdb50~tplv-tiktokx-cropcenter:100:100.jpg?dr=9640&refresh_token=6448c93f&x-expires=1756281600&x-signature=YlQmrf6SaX%2FmZZs0k8pg5AO2GGY%3D&t=4d5b0474&ps=13740610&shp=30310797&shcp=ff37627b&idc=useast5",
            "_total_reply": 0,
            "_replies": []
        },
        {
            "_comment_id": "7467967930613957398",
            "_username": "queeniesss5789",
            "_nickname": "tasha",
            "_comment": "♥️",
            "_create_time": "2025-02-05T17:10:07",
            "_avatar": "https://p16-common-sign-useast2a.tiktokcdn-us.com/tos-useast2a-avt-0068-euttp/b050c287b2caa6d79e833351538d3e02~tplv-tiktokx-cropcenter:100:100.jpg?dr=9640&refresh_token=c7834557&x-expires=1756281600&x-signature=pr8dXrxMhwEUBehYqILK6mo3Z7I%3D&t=4d5b0474&ps=13740610&shp=30310797&shcp=ff37627b&idc=useast5",
            "_total_reply": 0,
            "_replies": []
        }
    ],
    "total_comments": 26
}