{
    "original_url": "https://www.tiktok.com/@lancome.official/video/7468263853868977430",
    "video_id": "7468263853868977430",
    "description": "Free popcorns at the Idôle House 🍿 Don’t miss the Lancôme pop up store: February 6th: 12PM – 5PM February 7th: 10AM - 5PM February 8th & 9th: 10AM - 8PM  📍 18 Rue de Turenne, 75004, Paris #Lancome #IdoleHouse #LancomeFR #France #Paris #Popup #Makeup #FlutterExtension #Mascara #NewLaunch #Event #Beauty ",
    "video_url": "https://m.tiktok.com/v/7468263853868977430.html?_d=0&comment_author_id=6863845268652213253&preview_pb=0&share_comment_id=7468389142563570454&share_item_id=7468263853868977430&sharer_language=en&source=h5_m&u_code=0",
    "tags": [
        "#Lancome",
        "#IdoleHouse",
        "#LancomeFR",
        "#France",
        "#Paris",
        "#Popup",
        "#Makeup",
        "#FlutterExtension",
        "#Mascara",
        "#NewLaunch",
        "#Event",
        "#Beauty"
    ],
    "comments": [
        {
            "_comment_id": "7468389142563570454",
            "_username": "finebyme94",
            "_nickname": "Fine",
            "_comment": "Mais le pauvre il fait froid 😩",
            "_create_time": "2025-02-06T20:24:57",
            "_avatar": "https://p16-common-sign-va.tiktokcdn-us.com/tos-maliva-avt-0068/e9fb8de395ae6822c99583d4b1ffe2c4~tplv-tiktokx-cropcenter:100:100.jpg?dr=9640&refresh_token=fd94e7fe&x-expires=1756281600&x-signature=xPAH6K67Wj51A3TxPbrrYqt0Q9c%3D&t=4d5b0474&ps=13740610&shp=30310797&shcp=ff37627b&idc=useast5",
            "_total_reply": 1,
            "_replies": []
        },
        {
            "_comment_id": "7539229792147882807",
            "_username": "khansoofia3",
            "_nickname": "Khan Soofia",
            "_comment": "Wo",
            "_create_time": "2025-08-16T18:02:24",
            "_avatar": "https://p16-common-sign-sg.tiktokcdn-us.com/tos-alisg-avt-0068/7324786754194505730~tplv-tiktokx-cropcenter:100:100.jpg?dr=9640&refresh_token=ea3319d7&x-expires=1756281600&x-signature=Z%2F92DomesK7bAPShd0U0lBomkOw%3D&t=4d5b0474&ps=13740610&shp=30310797&shcp=ff37627b&idc=useast5",
            "_total_reply": 0,
            "_replies": []
        },
        {
            "_comment_id": "7468998150306661122",
            "_username": "8tney",
            "_nickname": "8tney",
            "_comment": "Il était adorable !! Gros cœur sur lui",
            "_create_time": "2025-02-08T11:48:15",
            "_avatar": "https://p16-common-sign-va.tiktokcdn-us.com/tos-maliva-avt-0068/e5f657b4b6b71ad7dd511fb7e05a3ba2~tplv-tiktokx-cropcenter:100:100.jpg?dr=9640&refresh_token=d2105ea8&x-expires=1756281600&x-signature=UzGJ2Z8bcHc72NRtmk8fENLFk5Q%3D&t=4d5b0474&ps=13740610&shp=30310797&shcp=ff37627b&idc=useast5",
            "_total_reply": 0,
            "_replies": []
        },
        {
            "_comment_id": "7468331969147880225",
            "_username": "sxgthegreat",
            "_nickname": "sxgthegreat",
            "_comment": "Think this calls for a weekend trip to Paris ✨💓",
            "_create_time": "2025-02-06T16:42:40",
            "_avatar": "https://p16-common-sign-useast2a.tiktokcdn-us.com/tos-useast2a-avt-0068-giso/6cbeadb2ad17c1e31f83f0ef524bd3bd~tplv-tiktokx-cropcenter:100:100.jpg?dr=9640&refresh_token=03b1a5a8&x-expires=1756281600&x-signature=WOq1U3lPl4C6g0QtMpVrUsCIOt4%3D&t=4d5b0474&ps=13740610&shp=30310797&shcp=ff37627b&idc=useast5",
            "_total_reply": 0,
            "_replies": []
        },
        {
            "_comment_id": "7468297463214048022",
            "_username": "melirkl",
            "_nickname": "Meli 🌷",
            "_comment": "AND ITS PINK😭",
            "_create_time": "2025-02-06T14:29:33",
            "_avatar": "https://p16-common-sign-va.tiktokcdn-us.com/tos-maliva-avt-0068/c64710761e6adfc460922725f68d2f2c~tplv-tiktokx-cropcenter:100:100.jpg?dr=9640&refresh_token=6f2da50b&x-expires=1756281600&x-signature=abF4fwS%2FA28YBw2X%2FCOv2Efx%2F3c%3D&t=4d5b0474&ps=13740610&shp=30310797&shcp=ff37627b&idc=useast5",
            "_total_reply": 0,
            "_replies": []
        },
        {
            "_comment_id": "7468267421460120342",
            "_username": "anabellajuranic",
            "_nickname": "anabella",
            "_comment": "I'm a BIG popcorn lover! Wish I was there!!😆",
            "_create_time": "2025-02-06T12:32:35",
            "_avatar": "https://p16-common-sign-va.tiktokcdn-us.com/tos-maliva-avt-0068/cdcb98f61331d0aa70fa131185230690~tplv-tiktokx-cropcenter:100:100.jpg?dr=9640&refresh_token=4e80b747&x-expires=1756281600&x-signature=FFySRwkDKqrAKda9pQKViPJAn9o%3D&t=4d5b0474&ps=13740610&shp=30310797&shcp=ff37627b&idc=useast5",
            "_total_reply": 0,
            "_replies": []
        },
        {
            "_comment_id": "7468270461869490966",
            "_username": "sania.2g",
            "_nickname": "sania.2g",
            "_comment": "You guys should come to Lisbon ❤️",
            "_create_time": "2025-02-06T12:44:31",
            "_avatar": "https://p16-common-sign-va.tiktokcdn-us.com/tos-maliva-avt-0068/d8ad58c902b2a3cf07d53d8b48fe084c~tplv-tiktokx-cropcenter:100:100.jpg?dr=9640&refresh_token=ec92336f&x-expires=1756281600&x-signature=jeJ8QY8JPb2zsRgnzYkuP3xJOAk%3D&t=4d5b0474&ps=13740610&shp=30310797&shcp=ff37627b&idc=useast5",
            "_total_reply": 0,
            "_replies": []
        },
        {
            "_comment_id": "7468375464932524822",
            "_username": "swedishfinds",
            "_nickname": "Swedish Finds|Content Creator",
            "_comment": "I want that pink bag",
            "_create_time": "2025-02-06T19:31:44",
            "_avatar": "https://p16-common-sign-va.tiktokcdn-us.com/tos-maliva-avt-0068/143866cfc556ee9c3154dbb3fd2ed04b~tplv-tiktokx-cropcenter:100:100.jpg?dr=9640&refresh_token=cf2f1b6d&x-expires=1756281600&x-signature=C%2Bd7G%2FxtEfzQppHEx23yr%2Bq4j9o%3D&t=4d5b0474&ps=13740610&shp=30310797&shcp=ff37627b&idc=useast5",
            "_total_reply": 0,
            "_replies": []
        },
        {
            "_comment_id": "7468598542011417366",
            "_username": "with_mygoodmood",
            "_nickname": "With_mygoodmood",
            "_comment": "Il est trop chou 🥺",
            "_create_time": "2025-02-07T09:58:37",
            "_avatar": "https://p16-common-sign-useast2a.tiktokcdn-us.com/tos-useast2a-avt-0068-euttp/aa15015fbf21923a1d6ebf1c0ca45899~tplv-tiktokx-cropcenter:100:100.jpg?dr=9640&refresh_token=e5a76efe&x-expires=1756281600&x-signature=VWo4qLqYNiw6ThEXBT8V8yXuqMk%3D&t=4d5b0474&ps=13740610&shp=30310797&shcp=ff37627b&idc=useast5",
            "_total_reply": 0,
            "_replies": []
        },
        {
            "_comment_id": "7477300373637694230",
            "_username": "victoriadodd0",
            "_nickname": "꧁☆☬vikki☬☆꧂",
            "_comment": "Hey Lancôme, today i have spend a lot of money on a few products, skincare, I hope the sort out my wrinkles!",
            "_create_time": "2025-03-02T19:44:34",
            "_avatar": "https://p16-common-sign-va.tiktokcdn-us.com/tos-maliva-avt-0068/e8a9033cfb49006bb7469bfa59b2ded3~tplv-tiktokx-cropcenter:100:100.jpg?dr=9640&refresh_token=8cfa5b9b&x-expires=1756281600&x-signature=MhwcMJwUXT96CX9Ek3CpVhd7Bcg%3D&t=4d5b0474&ps=13740610&shp=30310797&shcp=ff37627b&idc=useast5",
            "_total_reply": 0,
            "_replies": []
        },
        {
            "_comment_id": "7468341857174602529",
            "_username": "socialbyandrea",
            "_nickname": "Andrea l UGC Creator",
            "_comment": "Please come to London 😍😍",
            "_create_time": "2025-02-06T17:21:14",
            "_avatar": "https://p16-common-sign-va.tiktokcdn-us.com/tos-maliva-avt-0068/360320ee37d134bb3ed539090fde717e~tplv-tiktokx-cropcenter:100:100.jpg?dr=9640&refresh_token=e64e6069&x-expires=1756281600&x-signature=i56Snbk4U6KVeR619hJVFi6uecU%3D&t=4d5b0474&ps=13740610&shp=30310797&shcp=ff37627b&idc=useast5",
            "_total_reply": 0,
            "_replies": []
        },
        {
            "_comment_id": "7468459664771777326",
            "_username": "falonen28",
            "_nickname": "Falone | Motherhood Creator",
            "_comment": "I love popcorn 😍",
            "_create_time": "2025-02-07T00:58:12",
            "_avatar": "https://p16-sign.tiktokcdn-us.com/tos-useast5-avt-0068-tx/35bf3dbda7b543caac943ec75ffa4eea~tplv-tiktokx-cropcenter:100:100.jpg?dr=9640&refresh_token=3de8dae8&x-expires=1756281600&x-signature=KpKZlhwdaZSpi0wpyVymgo9au1U%3D&t=4d5b0474&ps=13740610&shp=30310797&shcp=ff37627b&idc=useast5",
            "_total_reply": 1,
            "_replies": [
                {
                    "_comment_id": "7467786146127954721",
                    "_username": "lancome.official",
                    "_nickname": "Lancôme",
                    "_comment": "🍿",
                    "_create_time": "2025-02-07T15:07:09",
                    "_avatar": "https://p16-common-sign-va.tiktokcdn-us.com/tos-maliva-avt-0068/9424f6caa6a8781766ccf45ddf0a0a0d~tplv-tiktokx-cropcenter:100:100.jpg?dr=9640&refresh_token=2d0d7041&x-expires=1756281600&x-signature=6RRh0sV%2BMiFopbDnto6in1a21L8%3D&t=4d5b0474&ps=13740610&shp=30310797&shcp=ff37627b&idc=useast5",
                    "_total_reply": null,
                    "_replies": []
                }
            ]
        },
        {
            "_comment_id": "7470111390151623446",
            "_username": "zhraa.vvdns",
            "_nickname": "爱",
            "_comment": "Alors déjà 4h de queue pour au final ne pas avoir de sac, beaucoup trop de queue , pas d’échantillons de parfum",
            "_create_time": "2025-02-11T11:48:56",
            "_avatar": "https://p16-common-sign-va.tiktokcdn-us.com/tos-maliva-avt-0068/1bdadf713c32b57029e6bcbdc51fa97e~tplv-tiktokx-cropcenter:100:100.jpg?dr=9640&refresh_token=3c5ef16c&x-expires=1756281600&x-signature=DGrU8%2F3mXm%2B0%2FJS%2BLnzxaE7PnOI%3D&t=4d5b0474&ps=13740610&shp=30310797&shcp=ff37627b&idc=useast5",
            "_total_reply": 0,
            "_replies": []
        },
        {
            "_comment_id": "7468278760400700182",
            "_username": "margaux__lgrd",
            "_nickname": "Margaux Lagarde",
            "_comment": "C’est génial !!!! 🔥",
            "_create_time": "2025-02-06T13:16:44",
            "_avatar": "https://p16-common-sign-sg.tiktokcdn-us.com/tos-alisg-avt-0068/ce1e3afcb71d37b8956eb7cf6ac1ddbd~tplv-tiktokx-cropcenter:100:100.jpg?dr=9640&refresh_token=654c4d11&x-expires=1756281600&x-signature=oB88ZUa6O7ohKPHAxU07E1nbR%2Bk%3D&t=4d5b0474&ps=13740610&shp=30310797&shcp=ff37627b&idc=useast5",
            "_total_reply": 0,
            "_replies": []
        },
        {
            "_comment_id": "7468749738000204566",
            "_username": "yaylad",
            "_nickname": "yaylad",
            "_comment": "Pourquoi on a pas ça à Genève 😭😭",
            "_create_time": "2025-02-07T19:44:08",
            "_avatar": "https://p19-common-sign-va.tiktokcdn-us.com/tos-maliva-avt-0068/7329648131980591109~tplv-tiktokx-cropcenter:100:100.jpg?dr=9640&refresh_token=b6e6d5ae&x-expires=1756281600&x-signature=%2BZ4tUGt%2B8%2BNiMYoqzqfldd7Opyo%3D&t=4d5b0474&ps=13740610&shp=30310797&shcp=ff37627b&idc=useast5",
            "_total_reply": 1,
            "_replies": [
                {
                    "_comment_id": "7469000876439454486",
                    "_username": "madamerencontre",
                    "_nickname": "madamerencontre",
                    "_comment": "Paris c’est Paris😉",
                    "_create_time": "2025-02-08T11:58:36",
                    "_avatar": "https://p16-common-sign-va.tiktokcdn-us.com/tos-maliva-avt-0068/8c7fecf2abbb2f9a4827cbd619f498e2~tplv-tiktokx-cropcenter:100:100.jpg?dr=9640&refresh_token=5f157686&x-expires=1756281600&x-signature=kYTYmQKEJQn5ME6fzXlXXe0yR7A%3D&t=4d5b0474&ps=13740610&shp=30310797&shcp=ff37627b&idc=useast5",
                    "_total_reply": null,
                    "_replies": []
                }
            ]
        },
        {
            "_comment_id": "7468271507623772950",
            "_username": "cece_rmz",
            "_nickname": "Cécé",
            "_comment": "Bonjour, y’a t’il beaucoup d’attente ?",
            "_create_time": "2025-02-06T12:49:05",
            "_avatar": "https://p19-common-sign-useast2a.tiktokcdn-us.com/tos-useast2a-avt-0068-euttp/ebd2fcdef16c9f1c91fb926b0b7ea5e9~tplv-tiktokx-cropcenter:100:100.jpg?dr=9640&refresh_token=97304a91&x-expires=1756281600&x-signature=LfyP9%2F2xUbIrWsJvg%2BMP0mKaL4A%3D&t=4d5b0474&ps=13740610&shp=30310797&shcp=ff37627b&idc=useast5",
            "_total_reply": 5,
            "_replies": [
                {
                    "_comment_id": "7469437203195151126",
                    "_username": "maee.sl2",
                    "_nickname": "𝐌𝐚𝐞̈𝐯𝐚💋",
                    "_comment": "C’est archi faux on a attendu 4h debout perso",
                    "_create_time": "2025-02-09T16:11:52",
                    "_avatar": "https://p16-common-sign-va.tiktokcdn-us.com/tos-maliva-avt-0068/0b3afd53f138ababb121c34557b7a9e9~tplv-tiktokx-cropcenter:100:100.jpg?dr=9640&refresh_token=2fbe1e94&x-expires=1756281600&x-signature=KL6A0yWad5gVrOITU5tsGISXmvk%3D&t=4d5b0474&ps=13740610&shp=30310797&shcp=ff37627b&idc=useast5",
                    "_total_reply": null,
                    "_replies": []
                }
            ]
        },
        {
            "_comment_id": "7468314004450411269",
            "_username": "justinefalconi",
            "_nickname": "Justine",
            "_comment": "A dream!!!",
            "_create_time": "2025-02-06T15:33:19",
            "_avatar": "https://p16-common-sign-va.tiktokcdn-us.com/tos-maliva-avt-0068/23026141fea94057c66d99e6e6c325b4~tplv-tiktokx-cropcenter:100:100.jpg?dr=9640&refresh_token=dfb505d5&x-expires=1756281600&x-signature=uoLJMRSddezg6xao1U7PWLqcFWw%3D&t=4d5b0474&ps=13740610&shp=30310797&shcp=ff37627b&idc=useast5",
            "_total_reply": 0,
            "_replies": []
        },
        {
            "_comment_id": "7468293102093697814",
            "_username": "madamefantastique",
            "_nickname": "Madamefantastique",
            "_comment": "coucou c est toute la journée, ils donnent le petit sachet de bonbons?",
            "_create_time": "2025-02-06T14:12:26",
            "_avatar": "https://p16-common-sign-va.tiktokcdn-us.com/tos-maliva-avt-0068/86bdc8c2bf8459e58653de6afa918c16~tplv-tiktokx-cropcenter:100:100.jpg?dr=9640&refresh_token=ad1b4a83&x-expires=1756281600&x-signature=GwtsjS2yxfMu0KzalOsqO9irA7o%3D&t=4d5b0474&ps=13740610&shp=30310797&shcp=ff37627b&idc=useast5",
            "_total_reply": 6,
            "_replies": [
                {
                    "_comment_id": "7468769611430970134",
                    "_username": "ayhother",
                    "_nickname": "★",
                    "_comment": "oui, c’est plutôt à l’intérieur car à l’extérieur il fait trop froid mdrr",
                    "_create_time": "2025-02-07T21:01:20",
                    "_avatar": "https://p16-common-sign-va.tiktokcdn-us.com/tos-maliva-avt-0068/b45f270acc29439813f221db09257e02~tplv-tiktokx-cropcenter:100:100.jpg?dr=9640&refresh_token=67702be4&x-expires=1756281600&x-signature=VoR%2B4tOmAgaLP%2BA1BD1nvly1N%2BU%3D&t=4d5b0474&ps=13740610&shp=30310797&shcp=ff37627b&idc=useast5",
                    "_total_reply": null,
                    "_replies": []
                },
                {
                    "_comment_id": "7469887115224990486",
                    "_username": "shyshou12",
                    "_nickname": "Shyrel ⚖️📚✨🫶🏻",
                    "_comment": "Ah ok moi ft dimanche",
                    "_create_time": "2025-02-10T21:17:28",
                    "_avatar": "https://p16-common-sign-useast2a.tiktokcdn-us.com/tos-useast2a-avt-0068-euttp/0806d88fe4a1fd872c1cf9799e4f5614~tplv-tiktokx-cropcenter:100:100.jpg?dr=9640&refresh_token=c105eb95&x-expires=1756281600&x-signature=UorBjv09ngFUmJTA2jUV3ciJthU%3D&t=4d5b0474&ps=13740610&shp=30310797&shcp=ff37627b&idc=useast5",
                    "_total_reply": null,
                    "_replies": []
                },
                {
                    "_comment_id": "7468312889326551830",
                    "_username": "shaanextdoor",
                    "_nickname": "shaaa🕸️",
                    "_comment": "oui",
                    "_create_time": "2025-02-06T15:29:04",
                    "_avatar": "https://p16-common-sign-useast2a.tiktokcdn-us.com/tos-useast2a-avt-0068-euttp/833266f97ee6ef0d6ea4bc9dd43676fa~tplv-tiktokx-cropcenter:100:100.jpg?dr=9640&refresh_token=7ed8c9cf&x-expires=1756281600&x-signature=Knp%2BwWnvdBpatClvL0XAyFj%2F8a8%3D&t=4d5b0474&ps=13740610&shp=30310797&shcp=ff37627b&idc=useast5",
                    "_total_reply": null,
                    "_replies": []
                },
                {
                    "_comment_id": "7469789111323624214",
                    "_username": "shyshou12",
                    "_nickname": "Shyrel ⚖️📚✨🫶🏻",
                    "_comment": "Non c’était que l’aprem",
                    "_create_time": "2025-02-10T14:57:27",
                    "_avatar": "https://p16-common-sign-useast2a.tiktokcdn-us.com/tos-useast2a-avt-0068-euttp/0806d88fe4a1fd872c1cf9799e4f5614~tplv-tiktokx-cropcenter:100:100.jpg?dr=9640&refresh_token=c105eb95&x-expires=1756281600&x-signature=UorBjv09ngFUmJTA2jUV3ciJthU%3D&t=4d5b0474&ps=13740610&shp=30310797&shcp=ff37627b&idc=useast5",
                    "_total_reply": null,
                    "_replies": []
                },
                {
                    "_comment_id": "7469789103103132438",
                    "_username": "shyshou12",
                    "_nickname": "Shyrel ⚖️📚✨🫶🏻",
                    "_comment": "Nn",
                    "_create_time": "2025-02-10T14:57:38",
                    "_avatar": "https://p16-common-sign-useast2a.tiktokcdn-us.com/tos-useast2a-avt-0068-euttp/0806d88fe4a1fd872c1cf9799e4f5614~tplv-tiktokx-cropcenter:100:100.jpg?dr=9640&refresh_token=c105eb95&x-expires=1756281600&x-signature=UorBjv09ngFUmJTA2jUV3ciJthU%3D&t=4d5b0474&ps=13740610&shp=30310797&shcp=ff37627b&idc=useast5",
                    "_total_reply": null,
                    "_replies": []
                },
                {
                    "_comment_id": "7469799216275505942",
                    "_username": "shaanextdoor",
                    "_nickname": "shaaa🕸️",
                    "_comment": "moi si ils ont donné après j’étais là bas le 1er jour",
                    "_create_time": "2025-02-10T15:37:05",
                    "_avatar": "https://p16-common-sign-useast2a.tiktokcdn-us.com/tos-useast2a-avt-0068-euttp/833266f97ee6ef0d6ea4bc9dd43676fa~tplv-tiktokx-cropcenter:100:100.jpg?dr=9640&refresh_token=7ed8c9cf&x-expires=1756281600&x-signature=Knp%2BwWnvdBpatClvL0XAyFj%2F8a8%3D&t=4d5b0474&ps=13740610&shp=30310797&shcp=ff37627b&idc=useast5",
                    "_total_reply": null,
                    "_replies": []
                }
            ]
        },
        {
            "_comment_id": "7468264175103066902",
            "_username": "its.tellukas",
            "_nickname": "tellu💕",
            "_comment": "1ST😻😻😻✨✨✨",
            "_create_time": "2025-02-06T12:20:22",
            "_avatar": "https://p16-common-sign-va.tiktokcdn-us.com/tos-maliva-avt-0068/1b0dedbc025b2ebd4780ccf1cfb6ee05~tplv-tiktokx-cropcenter:100:100.jpg?dr=9640&refresh_token=b36ca81d&x-expires=1756281600&x-signature=HJElOXdGjx4uqMBL9HqdQ8%2BN6Yo%3D&t=4d5b0474&ps=13740610&shp=30310797&shcp=ff37627b&idc=useast5",
            "_total_reply": 0,
            "_replies": []
        },
        {
            "_comment_id": "7468393998191985454",
            "_username": "glowandgloss10",
            "_nickname": "Lara Not Laura ✨",
            "_comment": "Love youuuuu Lancomeee",
            "_create_time": "2025-02-06T20:43:50",
            "_avatar": "https://p16-pu-sign-useast8.tiktokcdn-us.com/tos-useast5-avt-0068-tx/b15f2044f8cde60a71198c3275268ab0~tplv-tiktokx-cropcenter:100:100.jpg?dr=9640&refresh_token=a81f30b6&x-expires=1756281600&x-signature=n9dUJ2UyxzMOMd33QkPATFPZKz4%3D&t=4d5b0474&ps=13740610&shp=30310797&shcp=ff37627b&idc=useast5",
            "_total_reply": 0,
            "_replies": []
        },
        {
            "_comment_id": "7468405535299650326",
            "_username": "sarkazintheair",
            "_nickname": "Sarkazm in the air",
            "_comment": "Polska nadal zaprasza tylko pseudo influ przez agencje i bawią się w kręgu wzajemnej adoracji",
            "_create_time": "2025-02-06T21:28:36",
            "_avatar": "https://p16-common-sign-va.tiktokcdn-us.com/tos-maliva-avt-0068/7313296637756080134~tplv-tiktokx-cropcenter:100:100.jpg?dr=9640&refresh_token=80de0056&x-expires=1756281600&x-signature=5OXXRyAJ9%2F%2BIhM0Ao0jzwapUblk%3D&t=4d5b0474&ps=13740610&shp=30310797&shcp=ff37627b&idc=useast5",
            "_total_reply": 3,
            "_replies": [
                {
                    "_comment_id": "7469381814130443030",
                    "_username": "ra081677",
                    "_nickname": "Róża",
                    "_comment": "Nie, pop up Lancome będzie teraz w Arkadii dla wszystkich :)",
                    "_create_time": "2025-02-09T12:36:46",
                    "_avatar": "https://p16-common-sign-va.tiktokcdn-us.com/tos-maliva-avt-0068/24d86c95ed4a06528e07c8ad1ccbde4d~tplv-tiktokx-cropcenter:100:100.jpg?dr=9640&refresh_token=a41ddb1e&x-expires=1756281600&x-signature=vOxDdNH7wP1WCON%2FEv9RsJTy3KQ%3D&t=4d5b0474&ps=13740610&shp=30310797&shcp=ff37627b&idc=useast5",
                    "_total_reply": null,
                    "_replies": []
                },
                {
                    "_comment_id": "7469462967856759574",
                    "_username": "sarkazintheair",
                    "_nickname": "Sarkazm in the air",
                    "_comment": "od kiedy?",
                    "_create_time": "2025-02-09T17:51:49",
                    "_avatar": "https://p16-common-sign-va.tiktokcdn-us.com/tos-maliva-avt-0068/7313296637756080134~tplv-tiktokx-cropcenter:100:100.jpg?dr=9640&refresh_token=80de0056&x-expires=1756281600&x-signature=5OXXRyAJ9%2F%2BIhM0Ao0jzwapUblk%3D&t=4d5b0474&ps=13740610&shp=30310797&shcp=ff37627b&idc=useast5",
                    "_total_reply": null,
                    "_replies": []
                },
                {
                    "_comment_id": "7470118749850141462",
                    "_username": "ra081677",
                    "_nickname": "Róża",
                    "_comment": "Od dziś",
                    "_create_time": "2025-02-11T12:17:07",
                    "_avatar": "https://p16-common-sign-va.tiktokcdn-us.com/tos-maliva-avt-0068/24d86c95ed4a06528e07c8ad1ccbde4d~tplv-tiktokx-cropcenter:100:100.jpg?dr=9640&refresh_token=a41ddb1e&x-expires=1756281600&x-signature=vOxDdNH7wP1WCON%2FEv9RsJTy3KQ%3D&t=4d5b0474&ps=13740610&shp=30310797&shcp=ff37627b&idc=useast5",
                    "_total_reply": null,
                    "_replies": []
                }
            ]
        },
        {
            "_comment_id": "7468309470008378134",
            "_username": "brittanyhauata",
            "_nickname": "Brittany Hauata",
            "_comment": "🩷🩷🩷",
            "_create_time": "2025-02-06T15:15:45",
            "_avatar": "https://p16-common-sign-useast2a.tiktokcdn-us.com/tos-useast2a-avt-0068-euttp/59b2c929640faca4f88a8067a88453b4~tplv-tiktokx-cropcenter:100:100.jpg?dr=9640&refresh_token=278ba432&x-expires=1756281600&x-signature=0LupBdTvJ9r30IwXo%2B7HxMWWoPk%3D&t=4d5b0474&ps=13740610&shp=30310797&shcp=ff37627b&idc=useast5",
            "_total_reply": 0,
            "_replies": []
        },
        {
            "_comment_id": "7469237429879522094",
            "_username": "amandajanemarion",
            "_nickname": "amandajanemarion💗",
            "_comment": "Would love to get Lancôme swag!! 🙏❤️💗❤️💗",
            "_create_time": "2025-02-09T03:16:19",
            "_avatar": "https://p16-pu-sign-useast8.tiktokcdn-us.com/tos-useast5-avt-0068-tx/856a71be39a740f323566936a7080ae0~tplv-tiktokx-cropcenter:100:100.jpg?dr=9640&refresh_token=33089577&x-expires=1756281600&x-signature=aFpAldZq%2B5Ag2XyBOXiB6GKi0hg%3D&t=4d5b0474&ps=13740610&shp=30310797&shcp=ff37627b&idc=useast5",
            "_total_reply": 0,
            "_replies": []
        },
        {
            "_comment_id": "7468388881647420182",
            "_username": "sarah979575",
            "_nickname": "Sarah979575",
            "_comment": "On adore 😍",
            "_create_time": "2025-02-06T20:23:52",
            "_avatar": "https://p16-common-sign-va.tiktokcdn-us.com/tos-maliva-avt-0068/f7a6695a035a5f0486be4cbfa13455c4~tplv-tiktokx-cropcenter:100:100.jpg?dr=9640&refresh_token=d0df3284&x-expires=1756281600&x-signature=khNJWdDVw%2FP6HIemhrPO0tfjwr8%3D&t=4d5b0474&ps=13740610&shp=30310797&shcp=ff37627b&idc=useast5",
            "_total_reply": 0,
            "_replies": []
        },
        {
            "_comment_id": "7468330479235924758",
            "_username": "mlmhmtmmm",
            "_nickname": "MLM",
            "_comment": "Trop’chiiiiic trop chic 💕💕💕",
            "_create_time": "2025-02-06T16:37:31",
            "_avatar": "https://p16-common-sign-va.tiktokcdn-us.com/tos-maliva-avt-0068/7e946ae498164931600aefd6ab9cbf27~tplv-tiktokx-cropcenter:100:100.jpg?dr=9640&refresh_token=47597363&x-expires=1756281600&x-signature=DnbvvbTcD%2F6TXzhVC9tBifOU0S8%3D&t=4d5b0474&ps=13740610&shp=30310797&shcp=ff37627b&idc=useast5",
            "_total_reply": 0,
            "_replies": []
        },
        {
            "_comment_id": "7468370153534751520",
            "_username": "coco_thatgirl0",
            "_nickname": "𝚌𝚘𝚌𝚘 ✞☆♪",
            "_comment": "I NEEDD TO GO TOO PARISS RN X 💕",
            "_create_time": "2025-02-06T19:10:58",
            "_avatar": "https://p16-common-sign-va.tiktokcdn-us.com/tos-maliva-avt-0068/c42721490d3b3f062210db64148f1804~tplv-tiktokx-cropcenter:100:100.jpg?dr=9640&refresh_token=9cfa3d3d&x-expires=1756281600&x-signature=1CrURCzgKJihjRnm8boi3HeI%2F5E%3D&t=4d5b0474&ps=13740610&shp=30310797&shcp=ff37627b&idc=useast5",
            "_total_reply": 0,
            "_replies": []
        },
        {
            "_comment_id": "7468280591624995606",
            "_username": "sallyymindset",
            "_nickname": "Artsysally🎀",
            "_comment": "I love Lancome",
            "_create_time": "2025-02-06T13:23:45",
            "_avatar": "https://p16-common-sign-va.tiktokcdn-us.com/tos-maliva-avt-0068/81016ebb703e4f6953efa846ab8669f8~tplv-tiktokx-cropcenter:100:100.jpg?dr=9640&refresh_token=7b79d023&x-expires=1756281600&x-signature=vWLAf9kNNKeIwKnk6ngHdZmM2fg%3D&t=4d5b0474&ps=13740610&shp=30310797&shcp=ff37627b&idc=useast5",
            "_total_reply": 0,
            "_replies": []
        },
        {
            "_comment_id": "7468364165913510678",
            "_username": "magdaijoker",
            "_nickname": "JAiJOKER",
            "_comment": "Come to Iceland🥰🥰🥰",
            "_create_time": "2025-02-06T18:47:51",
            "_avatar": "https://p16-common-sign-va.tiktokcdn-us.com/tos-maliva-avt-0068/98e825221e8c292a28c696cf56400c90~tplv-tiktokx-cropcenter:100:100.jpg?dr=9640&refresh_token=5e8faf92&x-expires=1756281600&x-signature=9u%2FwcrycEANxznfN8foSu5Bcvfo%3D&t=4d5b0474&ps=13740610&shp=30310797&shcp=ff37627b&idc=useast5",
            "_total_reply": 0,
            "_replies": []
        },
        {
            "_comment_id": "7468287504660923158",
            "_username": "dannadinca",
            "_nickname": "Danny|UGC",
            "_comment": "Come to London 😍😍",
            "_create_time": "2025-02-06T13:50:49",
            "_avatar": "https://p19-common-sign-va.tiktokcdn-us.com/tos-maliva-avt-0068/eaa4f52346a23a960190f377b7df116d~tplv-tiktokx-cropcenter:100:100.jpg?dr=9640&refresh_token=b59eb4ba&x-expires=1756281600&x-signature=Bdoixyc%2BWed0gjzRQdm1vWFvVA0%3D&t=4d5b0474&ps=13740610&shp=30310797&shcp=ff37627b&idc=useast5",
            "_total_reply": 0,
            "_replies": []
        },
        {
            "_comment_id": "7468269960688714502",
            "_username": "oioioioioi298",
            "_nickname": "Oii",
            "_comment": "I JUST LOVE",
            "_create_time": "2025-02-06T12:42:23",
            "_avatar": "https://p16-common-sign-va.tiktokcdn-us.com/tos-maliva-avt-0068/cdf804eece1bdf057053b109c52792e5~tplv-tiktokx-cropcenter:100:100.jpg?dr=9640&refresh_token=a55b9d93&x-expires=1756281600&x-signature=z4xWDtS3rU6TgmXZxrs%2FuszpbsM%3D&t=4d5b0474&ps=13740610&shp=30310797&shcp=ff37627b&idc=useast5",
            "_total_reply": 0,
            "_replies": []
        },
        {
            "_comment_id": "7470009836698010390",
            "_username": "liina.shelly",
            "_nickname": "Lina♡",
            "_comment": "please come to the Netherlands 🥺💖🍀",
            "_create_time": "2025-02-11T05:18:17",
            "_avatar": "https://p16-common-sign-va.tiktokcdn-us.com/tos-maliva-avt-0068/b91e2254d0f508f7466636c9465687ef~tplv-tiktokx-cropcenter:100:100.jpg?dr=9640&refresh_token=06924a78&x-expires=1756281600&x-signature=j1P%2Fv73rHugeQdhcXvUcsNvgpik%3D&t=4d5b0474&ps=13740610&shp=30310797&shcp=ff37627b&idc=useast5",
            "_total_reply": 0,
            "_replies": []
        },
        {
            "_comment_id": "7478881255808631570",
            "_username": "roseeylang",
            "_nickname": "Roseey | UGC | Selenator 🇨🇦",
            "_comment": "Wow!!!!🥰",
            "_create_time": "2025-03-07T01:59:19",
            "_avatar": "https://p16-common-sign-sg.tiktokcdn-us.com/tos-alisg-avt-0068/e43614cab72597d87ccc7e345f8fb3b3~tplv-tiktokx-cropcenter:100:100.jpg?dr=9640&refresh_token=94f19ebf&x-expires=1756281600&x-signature=BQhPFkPZizbqkyYdujPb1JMpPp0%3D&t=4d5b0474&ps=13740610&shp=30310797&shcp=ff37627b&idc=useast5",
            "_total_reply": 0,
            "_replies": []
        },
        {
            "_comment_id": "7468804858949993218",
            "_username": "sofia.l0ve",
            "_nickname": "Sofia.loove",
            "_comment": "Avec ce froid 😳",
            "_create_time": "2025-02-07T23:18:26",
            "_avatar": "https://p16-common-sign-useast2a.tiktokcdn-us.com/tos-useast2a-avt-0068-euttp/ba22350080a2908ee245e3ecdfeb2809~tplv-tiktokx-cropcenter:100:100.jpg?dr=9640&refresh_token=e75c1cde&x-expires=1756281600&x-signature=7fDB4g84bZYTU26Jlo35iH3e8Xw%3D&t=4d5b0474&ps=13740610&shp=30310797&shcp=ff37627b&idc=useast5",
            "_total_reply": 0,
            "_replies": []
        },
        {
            "_comment_id": "7468280575259247377",
            "_username": "mm_grrargh",
            "_nickname": "*ੈ꩜‧₊.ೃ࿔:⭑",
            "_comment": "day 6 of asking to bring back juicy tubes shade cerise",
            "_create_time": "2025-02-06T13:23:08",
            "_avatar": "https://p16-common-sign-sg.tiktokcdn-us.com/tos-alisg-avt-0068/bfc542a6e23e80d860e6fef306032c91~tplv-tiktokx-cropcenter:100:100.jpg?dr=9640&refresh_token=66da145f&x-expires=1756281600&x-signature=%2Brx%2F4ExTUyZ9dSxjxaVelrWR0V0%3D&t=4d5b0474&ps=13740610&shp=30310797&shcp=ff37627b&idc=useast5",
            "_total_reply": 0,
            "_replies": []
        },
        {
            "_comment_id": "7475025493934179118",
            "_username": "authordenise43277",
            "_nickname": "AuthorDeniseGordon-",
            "_comment": "Nice",
            "_create_time": "2025-02-24T16:37:24",
            "_avatar": "https://p16-sign.tiktokcdn-us.com/tos-useast5-avt-0068-tx/b6c2fbaf6bf89a380a81363c5279ef9c~tplv-tiktokx-cropcenter:100:100.jpg?dr=9640&refresh_token=dea418f2&x-expires=1756281600&x-signature=FBG0r2bi9y7l3vW09PijvxtW2dQ%3D&t=4d5b0474&ps=13740610&shp=30310797&shcp=ff37627b&idc=useast5",
            "_total_reply": 0,
            "_replies": []
        },
        {
            "_comment_id": "7468324431547663147",
            "_username": "shainacontentcreator",
            "_nickname": "shaina °❀⋆.ೃ࿔*:･",
            "_comment": "I wish I could be there 💞",
            "_create_time": "2025-02-06T16:13:40",
            "_avatar": "https://p16-pu-sign-useast8.tiktokcdn-us.com/tos-useast5-avt-0068-tx/eb7bccd0c1f0fcebdfc76178b65d4a05~tplv-tiktokx-cropcenter:100:100.jpg?dr=9640&refresh_token=c02b691a&x-expires=1756281600&x-signature=v2Q7qJkgxnmpopSG%2BSlHK0tCLwU%3D&t=4d5b0474&ps=13740610&shp=30310797&shcp=ff37627b&idc=useast5",
            "_total_reply": 0,
            "_replies": []
        },
        {
            "_comment_id": "7468698194668733216",
            "_username": "parischanel665",
            "_nickname": "Parischanel66",
            "_comment": "can I have some ,please send me some ha ha 😂",
            "_create_time": "2025-02-07T16:24:01",
            "_avatar": "https://p16-common-sign-useast2a.tiktokcdn-us.com/tos-useast2a-avt-0068-euttp/7308516974491861024~tplv-tiktokx-cropcenter:100:100.jpg?dr=9640&refresh_token=56f0b5ef&x-expires=1756281600&x-signature=t1ya8vmSu%2FV4DjS5ndekiWpmxUA%3D&t=4d5b0474&ps=13740610&shp=30310797&shcp=ff37627b&idc=useast5",
            "_total_reply": 0,
            "_replies": []
        },
        {
            "_comment_id": "7474065199164080918",
            "_username": "h1290j",
            "_nickname": "h",
            "_comment": "Free sample plsss 🥰🥰",
            "_create_time": "2025-02-22T03:33:13",
            "_avatar": "https://p16-common-sign-va.tiktokcdn-us.com/musically-maliva-obj/1594805258216454~tplv-tiktokx-cropcenter:100:100.jpg?dr=9640&refresh_token=e95abb24&x-expires=1756281600&x-signature=3sj6OaLiS8USBUJlFKzdpJPzweM%3D&t=4d5b0474&ps=13740610&shp=30310797&shcp=ff37627b&idc=useast5",
            "_total_reply": 0,
            "_replies": []
        },
        {
            "_comment_id": "7516463858011800363",
            "_username": "lynda_satx",
            "_nickname": "lynda_satx",
            "_comment": "Oh my, I want some of that.",
            "_create_time": "2025-06-16T09:40:11",
            "_avatar": "https://p16-sign.tiktokcdn-us.com/tos-useast5-avt-0068-tx/2576cac6632da3c37aff4204b6a8df02~tplv-tiktokx-cropcenter:100:100.jpg?dr=9640&refresh_token=307bb257&x-expires=1756281600&x-signature=4ldCKvzlWz022%2Bca5iG8XUdk%2FEI%3D&t=4d5b0474&ps=13740610&shp=30310797&shcp=ff37627b&idc=useast5",
            "_total_reply": 0,
            "_replies": []
        },
        {
            "_comment_id": "7483868978128683799",
            "_username": "the.life.magazine",
            "_nickname": "THE LIFE MAGAZINE",
            "_comment": "I need this bag !!! 😂😍😍",
            "_create_time": "2025-03-20T12:34:10",
            "_avatar": "https://p16-common-sign-va.tiktokcdn-us.com/tos-maliva-avt-0068/ee03306edd1e5f569ce8e848be92e3d0~tplv-tiktokx-cropcenter:100:100.jpg?dr=9640&refresh_token=6d8172ae&x-expires=1756281600&x-signature=CmbA7IHBR4QQFfeBJEnOfcTdZp4%3D&t=4d5b0474&ps=13740610&shp=30310797&shcp=ff37627b&idc=useast5",
            "_total_reply": 0,
            "_replies": []
        },
        {
            "_comment_id": "7482796311629202231",
            "_username": "vilaravijojlamua",
            "_nickname": "vilaravijojlamua",
            "_comment": "woow😍😍",
            "_create_time": "2025-03-17T15:11:48",
            "_avatar": "https://p16-common-sign-va.tiktokcdn-us.com/tos-maliva-avt-0068/65e7ab828d7365dc910837cd3479a120~tplv-tiktokx-cropcenter:100:100.jpg?dr=9640&refresh_token=107f4ad8&x-expires=1756281600&x-signature=zvjwnZ%2BQbw%2FQQu%2BdVZi2JldUZwM%3D&t=4d5b0474&ps=13740610&shp=30310797&shcp=ff37627b&idc=useast5",
            "_total_reply": 0,
            "_replies": []
        },
        {
            "_comment_id": "7468705762924315438",
            "_username": "gosiabereza",
            "_nickname": "Gosia",
            "_comment": "Wait but the pink sock + a loafer is a moment 🎀🩰🩷",
            "_create_time": "2025-02-07T16:53:24",
            "_avatar": "https://p19-pu-sign-useast8.tiktokcdn-us.com/tos-useast5-avt-0068-tx/aea858f9b18a0ae34ea728314fc84151~tplv-tiktokx-cropcenter:100:100.jpg?dr=9640&refresh_token=47586eeb&x-expires=1756281600&x-signature=xlokjrvF9Nnxna2nTgG7w9HdXzc%3D&t=4d5b0474&ps=13740610&shp=30310797&shcp=ff37627b&idc=useast5",
            "_total_reply": 0,
            "_replies": []
        },
        {
            "_comment_id": "7470236064776848158",
            "_username": "findsandreviewsbyjewlz",
            "_nickname": "FindsAndReviews",
            "_comment": "this is everything",
            "_create_time": "2025-02-11T19:52:15",
            "_avatar": "https://p16-pu-sign-useast8.tiktokcdn-us.com/tos-useast5-avt-0068-tx/68143bd61ffa6bf2c573889fd4be4ccf~tplv-tiktokx-cropcenter:100:100.jpg?dr=9640&refresh_token=4f87f4a4&x-expires=1756281600&x-signature=7qrJ22s7%2BExpiSWedTii5Zv5AyY%3D&t=4d5b0474&ps=13740610&shp=30310797&shcp=ff37627b&idc=useast5",
            "_total_reply": 0,
            "_replies": []
        },
        {
            "_comment_id": "7498411890209506070",
            "_username": "me_rcia_",
            "_nickname": "La_mera.boire",
            "_comment": "Quelqu’un aurait la recette des pop corn svp, c’était tellement bon",
            "_create_time": "2025-04-28T18:07:52",
            "_avatar": "https://p19-common-sign-va.tiktokcdn-us.com/tos-maliva-avt-0068/e30884bfa376090f3f2409504509c477~tplv-tiktokx-cropcenter:100:100.jpg?dr=9640&refresh_token=8e0cbf12&x-expires=1756281600&x-signature=H3CAd%2BW%2FiVTNxp9PKX9XtAERdA4%3D&t=4d5b0474&ps=13740610&shp=30310797&shcp=ff37627b&idc=useast5",
            "_total_reply": 0,
            "_replies": []
        },
        {
            "_comment_id": "7468649061991514902",
            "_username": "cocoroxic",
            "_nickname": "cocoroxic",
            "_comment": "I’ll be back in March 💖",
            "_create_time": "2025-02-07T13:13:54",
            "_avatar": "https://p16-common-sign-va.tiktokcdn-us.com/tos-maliva-avt-0068/a6159173d76658ea8dbd1aa8e3018954~tplv-tiktokx-cropcenter:100:100.jpg?dr=9640&refresh_token=c6ef21b2&x-expires=1756281600&x-signature=1lRGz6iDsZB%2BdcoyK%2BGrHFBLIdA%3D&t=4d5b0474&ps=13740610&shp=30310797&shcp=ff37627b&idc=useast5",
            "_total_reply": 0,
            "_replies": []
        },
        {
            "_comment_id": "7468633384082244395",
            "_username": "ugcjennyarmas",
            "_nickname": "Jenny l Mama in her 30s",
            "_comment": "In my mind , Im in Paris 😭💕",
            "_create_time": "2025-02-07T12:14:05",
            "_avatar": "https://p19-pu-sign-useast8.tiktokcdn-us.com/tos-useast5-avt-0068-tx/809d4f4acfe54c4f8c956c25e52b8093~tplv-tiktokx-cropcenter:100:100.jpg?dr=9640&refresh_token=59ad12e6&x-expires=1756281600&x-signature=UN3i1UDx7IBvuOhCc80Op1mEca4%3D&t=4d5b0474&ps=13740610&shp=30310797&shcp=ff37627b&idc=useast5",
            "_total_reply": 0,
            "_replies": []
        },
        {
            "_comment_id": "7469960298402775830",
            "_username": "liud_ugc",
            "_nickname": "liud_ugc",
            "_comment": "Best 😍😍😍😍",
            "_create_time": "2025-02-11T02:05:06",
            "_avatar": "https://p16-common-sign-va.tiktokcdn-us.com/tos-maliva-avt-0068/873be478d59fd0c77b9f8bcdd8a85ea2~tplv-tiktokx-cropcenter:100:100.jpg?dr=9640&refresh_token=6523b0c0&x-expires=1756281600&x-signature=CNWm6yH42qO1%2BmyjCgZf21vq88Y%3D&t=4d5b0474&ps=13740610&shp=30310797&shcp=ff37627b&idc=useast5",
            "_total_reply": 0,
            "_replies": []
        },
        {
            "_comment_id": "7468557338511049494",
            "_username": "100drine1111",
            "_nickname": "100drine1111",
            "_comment": "🩷c était incroyable 🩷",
            "_create_time": "2025-02-07T07:18:46",
            "_avatar": "https://p16-common-sign-va.tiktokcdn-us.com/tos-maliva-avt-0068/547834e38e371c7bd39b9a7f72dad036~tplv-tiktokx-cropcenter:100:100.jpg?dr=9640&refresh_token=766757d7&x-expires=1756281600&x-signature=X%2B38fEXyfiAtodaa0eBUkb%2FU%2FRc%3D&t=4d5b0474&ps=13740610&shp=30310797&shcp=ff37627b&idc=useast5",
            "_total_reply": 1,
            "_replies": [
                {
                    "_comment_id": "7467192291993043745",
                    "_username": "lancome.official",
                    "_nickname": "Lancôme",
                    "_comment": "Awe 🫶",
                    "_create_time": "2025-02-07T15:09:05",
                    "_avatar": "https://p16-common-sign-va.tiktokcdn-us.com/tos-maliva-avt-0068/9424f6caa6a8781766ccf45ddf0a0a0d~tplv-tiktokx-cropcenter:100:100.jpg?dr=9640&refresh_token=2d0d7041&x-expires=1756281600&x-signature=6RRh0sV%2BMiFopbDnto6in1a21L8%3D&t=4d5b0474&ps=13740610&shp=30310797&shcp=ff37627b&idc=useast5",
                    "_total_reply": null,
                    "_replies": []
                }
            ]
        },
        {
            "_comment_id": "7468418240972129046",
            "_username": "fandelecture",
            "_nickname": "fandelecture",
            "_comment": "bonjour quelle chance🥰🥰🥰🥰 vous m'en envoyez un?",
            "_create_time": "2025-02-06T22:18:01",
            "_avatar": "https://p16-common-sign-va.tiktokcdn-us.com/musically-maliva-obj/1594805258216454~tplv-tiktokx-cropcenter:100:100.jpg?dr=9640&refresh_token=e95abb24&x-expires=1756281600&x-signature=3sj6OaLiS8USBUJlFKzdpJPzweM%3D&t=4d5b0474&ps=13740610&shp=30310797&shcp=ff37627b&idc=useast5",
            "_total_reply": 0,
            "_replies": []
        },
        {
            "_comment_id": "7489352459257807623",
            "_username": "skin_luvv",
            "_nickname": "ugc||skin luvv🌸",
            "_comment": "can I have lancôm🥰",
            "_create_time": "2025-04-04T07:12:44",
            "_avatar": "https://p16-common-sign-sg.tiktokcdn-us.com/tos-alisg-avt-0068/427619c2fe953478ef7e275a027a9203~tplv-tiktokx-cropcenter:100:100.jpg?dr=9640&refresh_token=d16583d3&x-expires=1756281600&x-signature=xex0bi%2F76TEkGjhC91CkUg5NEio%3D&t=4d5b0474&ps=13740610&shp=30310797&shcp=ff37627b&idc=useast5",
            "_total_reply": 0,
            "_replies": []
        },
        {
            "_comment_id": "7468418240972129046",
            "_username": "fandelecture",
            "_nickname": "fandelecture",
            "_comment": "bonjour quelle chance🥰🥰🥰🥰 vous m'en envoyez un?",
            "_create_time": "2025-02-06T22:18:01",
            "_avatar": "https://p16-common-sign-va.tiktokcdn-us.com/musically-maliva-obj/1594805258216454~tplv-tiktokx-cropcenter:100:100.jpg?dr=9640&refresh_token=e95abb24&x-expires=1756281600&x-signature=3sj6OaLiS8USBUJlFKzdpJPzweM%3D&t=4d5b0474&ps=13740610&shp=30310797&shcp=ff37627b&idc=useast5",
            "_total_reply": 0,
            "_replies": []
        },
        {
            "_comment_id": "7468370153534751520",
            "_username": "coco_thatgirl0",
            "_nickname": "𝚌𝚘𝚌𝚘 ✞☆♪",
            "_comment": "I NEEDD TO GO TOO PARISS RN X 💕",
            "_create_time": "2025-02-06T19:10:58",
            "_avatar": "https://p19-common-sign-va.tiktokcdn-us.com/tos-maliva-avt-0068/c42721490d3b3f062210db64148f1804~tplv-tiktokx-cropcenter:100:100.jpg?dr=9640&refresh_token=6f37f151&x-expires=1756281600&x-signature=1xzpg7ZV8oO8aJqn1kXqMbOI8dY%3D&t=4d5b0474&ps=13740610&shp=30310797&shcp=ff37627b&idc=useast5",
            "_total_reply": 0,
            "_replies": []
        },
        {
            "_comment_id": "7469318310712001302",
            "_username": "alya.pm7",
            "_nickname": "Alya",
            "_comment": "@Lancôme trop bien !!! J’y étais l’équipe est incroyable, souriants et au petits soins ✨✨ merci pour l’expérience incroyable",
            "_create_time": "2025-02-09T08:31:13",
            "_avatar": "https://p16-common-sign-useast2a.tiktokcdn-us.com/tos-useast2a-avt-0068-euttp/3b32aefa0463a6e6848f954cc42c415b~tplv-tiktokx-cropcenter:100:100.jpg?dr=9640&refresh_token=386c1de8&x-expires=1756281600&x-signature=y1%2BlvaOD%2FWXSiR%2B0mowGmHU8Uow%3D&t=4d5b0474&ps=13740610&shp=30310797&shcp=ff37627b&idc=useast5",
            "_total_reply": 0,
            "_replies": []
        },
        {
            "_comment_id": "7468986394461225750",
            "_username": "camillepleissier",
            "_nickname": "Camille",
            "_comment": "🥰🥰🥰🥰🥰🥰🥰🥰🥰",
            "_create_time": "2025-02-08T11:02:55",
            "_avatar": "https://p16-common-sign-va.tiktokcdn-us.com/tos-maliva-avt-0068/3bdaa61b0d4d36b07f2337b4c4ef0b7d~tplv-tiktokx-cropcenter:100:100.jpg?dr=9640&refresh_token=5518ec51&x-expires=1756281600&x-signature=gZGkm7cdSzH2GSWDzjrAOSq7vbg%3D&t=4d5b0474&ps=13740610&shp=30310797&shcp=ff37627b&idc=useast5",
            "_total_reply": 0,
            "_replies": []
        },
        {
            "_comment_id": "7468608224997622534",
            "_username": "ceeltayeh",
            "_nickname": "CT",
            "_comment": "🤩",
            "_create_time": "2025-02-07T10:35:07",
            "_avatar": "https://p16-common-sign-va.tiktokcdn-us.com/tos-maliva-avt-0068/d8a7030d790fae97181e4aad533b1b47~tplv-tiktokx-cropcenter:100:100.jpg?dr=9640&refresh_token=fadc4d0d&x-expires=1756281600&x-signature=5tRbIu%2Bnv8uZ8Xg3pyo23OokSF8%3D&t=4d5b0474&ps=13740610&shp=30310797&shcp=ff37627b&idc=useast5",
            "_total_reply": 0,
            "_replies": []
        },
        {
            "_comment_id": "7468439927442932502",
            "_username": "joaocv1",
            "_nickname": "Joao CV",
            "_comment": "👌🏾☺️",
            "_create_time": "2025-02-06T23:42:51",
            "_avatar": "https://p16-common-sign-va.tiktokcdn-us.com/tos-maliva-avt-0068/7332128320417038341~tplv-tiktokx-cropcenter:100:100.jpg?dr=9640&refresh_token=a5850ced&x-expires=1756281600&x-signature=f6tavp1fjAdyDhJPOzzhzDhL3iE%3D&t=4d5b0474&ps=13740610&shp=30310797&shcp=ff37627b&idc=useast5",
            "_total_reply": 0,
            "_replies": []
        },
        {
            "_comment_id": "7468409804853281558",
            "_username": "nadine_elaa",
            "_nickname": "nadine_elaa🌸",
            "_comment": "😍🥺🥺",
            "_create_time": "2025-02-06T21:45:07",
            "_avatar": "https://p19-common-sign-va.tiktokcdn-us.com/tos-maliva-avt-0068/c3d347dfa8a3af91616670e85471136a~tplv-tiktokx-cropcenter:100:100.jpg?dr=9640&refresh_token=d85be094&x-expires=1756281600&x-signature=HbbPfyoCBfyxZxFrKeHUxIVjc1U%3D&t=4d5b0474&ps=13740610&shp=30310797&shcp=ff37627b&idc=useast5",
            "_total_reply": 0,
            "_replies": []
        },
        {
            "_comment_id": "7469686735551742725",
            "_username": "maria_kacou",
            "_nickname": "ᗰᗩᖇᎥᗩ🌺",
            "_comment": "❤️❤️❤️",
            "_create_time": "2025-02-10T08:20:11",
            "_avatar": "https://p16-common-sign-va.tiktokcdn-us.com/tos-maliva-avt-0068/db622feed92d6379d5fd0572ceb3bb12~tplv-tiktokx-cropcenter:100:100.jpg?dr=9640&refresh_token=c709c9e2&x-expires=1756281600&x-signature=KNpevUTwcwjWUqA8ONmowysSJcw%3D&t=4d5b0474&ps=13740610&shp=30310797&shcp=ff37627b&idc=useast5",
            "_total_reply": 0,
            "_replies": []
        },
        {
            "_comment_id": "7468388956016247572",
            "_username": "sabinesinno_",
            "_nickname": "Sabine Sinno",
            "_comment": "💋💋💋",
            "_create_time": "2025-02-06T20:24:01",
            "_avatar": "https://p16-common-sign-sg.tiktokcdn-us.com/tos-alisg-avt-0068/7e32a842b6e918859b3445595bbbbf7e~tplv-tiktokx-cropcenter:100:100.jpg?dr=9640&refresh_token=223bc812&x-expires=1756281600&x-signature=Q5Lcrq0OgSHzKcKGhbiOM0oM5MQ%3D&t=4d5b0474&ps=13740610&shp=30310797&shcp=ff37627b&idc=useast5",
            "_total_reply": 0,
            "_replies": []
        },
        {
            "_comment_id": "7468379305203827463",
            "_username": "liife_with_sabatini",
            "_nickname": "Life_with_sabatini",
            "_comment": "😍😍😍",
            "_create_time": "2025-02-06T19:46:26",
            "_avatar": "https://p16-common-sign-sg.tiktokcdn-us.com/tos-alisg-avt-0068/8b026c33c7a7a91e8a48258f3b3bb03a~tplv-tiktokx-cropcenter:100:100.jpg?dr=9640&refresh_token=5323e669&x-expires=1756281600&x-signature=gqG9gK5VWEES%2BtGtE%2BdGA6zfDw8%3D&t=4d5b0474&ps=13740610&shp=30310797&shcp=ff37627b&idc=useast5",
            "_total_reply": 0,
            "_replies": []
        },
        {
            "_comment_id": "7469000880424157974",
            "_username": "madamerencontre",
            "_nickname": "madamerencontre",
            "_comment": "🥰🥰🥰❤️❤️",
            "_create_time": "2025-02-08T11:58:40",
            "_avatar": "https://p16-common-sign-va.tiktokcdn-us.com/tos-maliva-avt-0068/8c7fecf2abbb2f9a4827cbd619f498e2~tplv-tiktokx-cropcenter:100:100.jpg?dr=9640&refresh_token=5f157686&x-expires=1756281600&x-signature=kYTYmQKEJQn5ME6fzXlXXe0yR7A%3D&t=4d5b0474&ps=13740610&shp=30310797&shcp=ff37627b&idc=useast5",
            "_total_reply": 0,
            "_replies": []
        },
        {
            "_comment_id": "7472480461080642326",
            "_username": "bdbeautyalias",
            "_nickname": "Béatrice",
            "_comment": "🥰",
            "_create_time": "2025-02-17T21:01:00",
            "_avatar": "https://p16-common-sign-va.tiktokcdn-us.com/tos-maliva-avt-0068/d7868b683a1aa994f3295448968fb324~tplv-tiktokx-cropcenter:100:100.jpg?dr=9640&refresh_token=6627babb&x-expires=1756281600&x-signature=ySzgKRS58I%2BXaERI6dxBx2MiGuQ%3D&t=4d5b0474&ps=13740610&shp=30310797&shcp=ff37627b&idc=useast5",
            "_total_reply": 0,
            "_replies": []
        },
        {
            "_comment_id": "7530760773615338296",
            "_username": "javiera_rodri",
            "_nickname": "Javi Rodríguez",
            "_comment": "🥰🥰🥰",
            "_create_time": "2025-07-24T22:18:08",
            "_avatar": "https://p16-common-sign-va.tiktokcdn-us.com/tos-maliva-avt-0068/b3757a4f070686a090d551909b465192~tplv-tiktokx-cropcenter:100:100.jpg?dr=9640&refresh_token=2ed4b0ef&x-expires=1756281600&x-signature=qbYzsEBEwIub0NXn%2FD%2FnnJ%2F8EJ0%3D&t=4d5b0474&ps=13740610&shp=30310797&shcp=ff37627b&idc=useast5",
            "_total_reply": 0,
            "_replies": []
        },
        {
            "_comment_id": "7471383236604592898",
            "_username": "lifeofmrstlm2013",
            "_nickname": "lifeofmrstlm2013",
            "_comment": "💕",
            "_create_time": "2025-02-14T22:03:27",
            "_avatar": "https://p16-common-sign-va.tiktokcdn-us.com/musically-maliva-obj/1594805258216454~tplv-tiktokx-cropcenter:100:100.jpg?dr=9640&refresh_token=e95abb24&x-expires=1756281600&x-signature=3sj6OaLiS8USBUJlFKzdpJPzweM%3D&t=4d5b0474&ps=13740610&shp=30310797&shcp=ff37627b&idc=useast5",
            "_total_reply": 0,
            "_replies": []
        },
        {
            "_comment_id": "7468547395455370006",
            "_username": "tamilabegoidze",
            "_nickname": "tata1",
            "_comment": "💕",
            "_create_time": "2025-02-07T06:40:13",
            "_avatar": "https://p16-common-sign-useast2a.tiktokcdn-us.com/tos-useast2a-avt-0068-euttp/7355183390741495840~tplv-tiktokx-cropcenter:100:100.jpg?dr=9640&refresh_token=f25f3e68&x-expires=1756281600&x-signature=0GI4ASZ2SWSjdw4jGQFAa%2F4NHck%3D&t=4d5b0474&ps=13740610&shp=30310797&shcp=ff37627b&idc=useast5",
            "_total_reply": 0,
            "_replies": []
        },
        {
            "_comment_id": "7468669282336031531",
            "_username": "beckyisrebecca",
            "_nickname": "Rebecca Wu (Aurelia)",
            "_comment": "🥰🥰🥰🥰",
            "_create_time": "2025-02-07T14:31:58",
            "_avatar": "https://p19-sign.tiktokcdn-us.com/tos-useast5-avt-0068-tx/52e86acf6355b667d4f43365fb0cd748~tplv-tiktokx-cropcenter:100:100.jpg?dr=9640&refresh_token=d1ec4f42&x-expires=1756281600&x-signature=NuVNkPsgL%2FBWXLqQbwcKGCD8sZA%3D&t=4d5b0474&ps=13740610&shp=30310797&shcp=ff37627b&idc=useast5",
            "_total_reply": 0,
            "_replies": []
        },
        {
            "_comment_id": "7469732623478506262",
            "_username": "venussbeauty",
            "_nickname": "venussbeauty",
            "_comment": "MAGNIFIQUE 💞",
            "_create_time": "2025-02-10T11:19:09",
            "_avatar": "https://p16-common-sign-useast2a.tiktokcdn-us.com/tos-useast2a-avt-0068-euttp/95a826f82a516432e9386385cdb1edd5~tplv-tiktokx-cropcenter:100:100.jpg?dr=9640&refresh_token=e1739c6b&x-expires=1756281600&x-signature=OR3miGHYleRoSQgcnxCybvTG6XU%3D&t=4d5b0474&ps=13740610&shp=30310797&shcp=ff37627b&idc=useast5",
            "_total_reply": 0,
            "_replies": []
        },
        {
            "_comment_id": "7468276845143360278",
            "_username": "aekergall",
            "_nickname": "Anéma",
            "_comment": "Magnifique 💓💓💓",
            "_create_time": "2025-02-06T13:09:26",
            "_avatar": "https://p19-common-sign-useast2a.tiktokcdn-us.com/tos-useast2a-avt-0068-euttp/c1e036f2918011418b6f9c44a6d01c7a~tplv-tiktokx-cropcenter:100:100.jpg?dr=9640&refresh_token=7c7ff1dc&x-expires=1756281600&x-signature=rdiZwTBHEpSh6doMYF8aisUOrjM%3D&t=4d5b0474&ps=13740610&shp=30310797&shcp=ff37627b&idc=useast5",
            "_total_reply": 0,
            "_replies": []
        },
        {
            "_comment_id": "7469156678778454806",
            "_username": "hanazade_tiktok",
            "_nickname": "hanazade_tiktok",
            "_comment": "J'y étais et votre équipe est adorable. les hôtes et hôtesses. les maquilleurs également ! Satia m'a sublimé, c'était comme un massage tout doux. Adorable. plein de cadeaux",
            "_create_time": "2025-02-08T22:03:26",
            "_avatar": "https://p16-common-sign-va.tiktokcdn-us.com/tos-maliva-avt-0068/7dc09f0ec4c1d7b3d8122304432b1e47~tplv-tiktokx-cropcenter:100:100.jpg?dr=9640&refresh_token=f81468ec&x-expires=1756281600&x-signature=uQHzDI0DAFJogJ9nAY9FV6j7N%2FA%3D&t=4d5b0474&ps=13740610&shp=30310797&shcp=ff37627b&idc=useast5",
            "_total_reply": 0,
            "_replies": []
        },
        {
            "_comment_id": "7468360064483754754",
            "_username": "tyh368",
            "_nickname": "tyh",
            "_comment": "super il dois avoir froid en short mais les gens sont contents il y a des trucs gratuits",
            "_create_time": "2025-02-06T18:31:51",
            "_avatar": "https://p16-common-sign-va.tiktokcdn-us.com/tos-maliva-avt-0068/93f4c85e56a03741f7e74cd5443f3323~tplv-tiktokx-cropcenter:100:100.jpg?dr=9640&refresh_token=780c6760&x-expires=1756281600&x-signature=CW5mBz01w81sqCQ11VU7S35u8OA%3D&t=4d5b0474&ps=13740610&shp=30310797&shcp=ff37627b&idc=useast5",
            "_total_reply": 0,
            "_replies": []
        },
        {
            "_comment_id": "7468346334263083799",
            "_username": "eva.pariis",
            "_nickname": "Eva 🇲🇫",
            "_comment": "Il a une classe folle !",
            "_create_time": "2025-02-06T17:38:47",
            "_avatar": "https://p16-common-sign-va.tiktokcdn-us.com/tos-maliva-avt-0068/78973efad10c0ad250eec413eabfeb6f~tplv-tiktokx-cropcenter:100:100.jpg?dr=9640&refresh_token=045a3320&x-expires=1756281600&x-signature=scox3gm5pCNCfN%2Fvdk8CzTAnPz4%3D&t=4d5b0474&ps=13740610&shp=30310797&shcp=ff37627b&idc=useast5",
            "_total_reply": 0,
            "_replies": []
        },
        {
            "_comment_id": "7468293250010088214",
            "_username": "saints_key",
            "_nickname": "Saint_key",
            "_comment": "For waiting that long",
            "_create_time": "2025-02-06T14:13:03",
            "_avatar": "https://p16-common-sign-useast2a.tiktokcdn-us.com/tos-useast2a-avt-0068-euttp/17eac5973227f5e0ed4d69ea650f1b26~tplv-tiktokx-cropcenter:100:100.jpg?dr=9640&refresh_token=6577e0de&x-expires=1756281600&x-signature=8g4csVM3lefcKcMLv6rLkhL4otc%3D&t=4d5b0474&ps=13740610&shp=30310797&shcp=ff37627b&idc=useast5",
            "_total_reply": 0,
            "_replies": []
        }
    ],
    "total_comments": 72
}