{
    "original_url": "https://www.tiktok.com/@lancome.official/video/7469357598056189206",
    "video_id": "7469357598056189206",
    "description": "Get a quick lash review and personalize the new Flutter Extension Mascara at our Idôle House popup in Paris 🙌 February 9th: 10AM - 8PM  📍 18 Rue de Turenne, 75004, Paris #Lancome #IdoleHouse #LancomeFR #France #Paris #Popup #Makeup #FlutterExtension #Mascara #NewLaunch #Event #Beauty ",
    "video_url": "https://m.tiktok.com/v/7469357598056189206.html?_d=0&comment_author_id=7045738395427767301&preview_pb=0&share_comment_id=7471945498624295702&share_item_id=7469357598056189206&sharer_language=en&source=h5_m&u_code=0",
    "tags": [
        "#Lancome",
        "#IdoleHouse",
        "#LancomeFR",
        "#France",
        "#Paris",
        "#Popup",
        "#Makeup",
        "#FlutterExtension",
        "#Mascara",
        "#NewLaunch",
        "#Event",
        "#Beauty"
    ],
    "comments": [
        {
            "_comment_id": "7471945498624295702",
            "_username": "libbyflanagan18",
            "_nickname": "StatueofLIBBYt⸆⸉⭐️🎸🫶🥂",
            "_comment": "sample xx ❤",
            "_create_time": "2025-02-16T10:25:31",
            "_avatar": "https://p19-common-sign-va.tiktokcdn-us.com/tos-maliva-avt-0068/4a06fd59e018b634c7f9ba30d1239823~tplv-tiktokx-cropcenter:100:100.jpg?dr=9640&refresh_token=0c469494&x-expires=1756281600&x-signature=OFCKxHM2s2jf7i8oNoXSM%2BC1P2Q%3D&t=4d5b0474&ps=13740610&shp=30310797&shcp=ff37627b&idc=useast5",
            "_total_reply": 0,
            "_replies": []
        },
        {
            "_comment_id": "7482636660589953814",
            "_username": ".kkk_67",
            "_nickname": "k",
            "_comment": "samplee",
            "_create_time": "2025-03-17T04:52:42",
            "_avatar": "https://p16-common-sign-va.tiktokcdn-us.com/tos-maliva-avt-0068/2b3ca7ac68b27d3b775d1306a938105d~tplv-tiktokx-cropcenter:100:100.jpg?dr=9640&refresh_token=4a08ebdd&x-expires=1756281600&x-signature=tVZBuBff0fMceirBD9y96HEcv9I%3D&t=4d5b0474&ps=13740610&shp=30310797&shcp=ff37627b&idc=useast5",
            "_total_reply": 0,
            "_replies": []
        },
        {
            "_comment_id": "7482175446873277206",
            "_username": "claudiagiurlanda_",
            "_nickname": "Cla",
            "_comment": "i want sample tokkkk",
            "_create_time": "2025-03-15T23:02:20",
            "_avatar": "https://p16-common-sign-useast2a.tiktokcdn-us.com/tos-useast2a-avt-0068-euttp/ae854c95b72cfd17d6ffc62f5f442182~tplv-tiktokx-cropcenter:100:100.jpg?dr=9640&refresh_token=51e20432&x-expires=1756281600&x-signature=6MhPw3dHUNKgJtmhTnfoKosg7SA%3D&t=4d5b0474&ps=13740610&shp=30310797&shcp=ff37627b&idc=useast5",
            "_total_reply": 0,
            "_replies": []
        },
        {
            "_comment_id": "7482854726532367126",
            "_username": "luvforvampires",
            "_nickname": "Edits🧛",
            "_comment": "Sample",
            "_create_time": "2025-03-17T18:58:14",
            "_avatar": "https://p16-common-sign-va.tiktokcdn-us.com/tos-maliva-avt-0068/ae6fb89e7fb0d1d44d5637e937279c57~tplv-tiktokx-cropcenter:100:100.jpg?dr=9640&refresh_token=40565f81&x-expires=1756281600&x-signature=GH9NrVwbTSE8bRr%2FyzSM%2FTvo6rg%3D&t=4d5b0474&ps=13740610&shp=30310797&shcp=ff37627b&idc=useast5",
            "_total_reply": 0,
            "_replies": []
        },
        {
            "_comment_id": "7469522198177366805",
            "_username": "sabinesinno_",
            "_nickname": "Sabine Sinno",
            "_comment": "how can i get one asap😩😩😩",
            "_create_time": "2025-02-09T21:41:46",
            "_avatar": "https://p19-common-sign-sg.tiktokcdn-us.com/tos-alisg-avt-0068/7e32a842b6e918859b3445595bbbbf7e~tplv-tiktokx-cropcenter:100:100.jpg?dr=9640&refresh_token=4eb442e6&x-expires=1756281600&x-signature=6iQ0rKZ8V5RafYUJLIX2%2BJ4NAvA%3D&t=4d5b0474&ps=13740610&shp=30310797&shcp=ff37627b&idc=useast5",
            "_total_reply": 0,
            "_replies": []
        },
        {
            "_comment_id": "7475369543699792662",
            "_username": "a.frydkovaa",
            "_nickname": "Anne",
            "_comment": "i would love a sample!!",
            "_create_time": "2025-02-25T14:52:14",
            "_avatar": "https://p16-common-sign-va.tiktokcdn-us.com/tos-maliva-avt-0068/5f0fe8e8abfdba107d5c617c76b5858e~tplv-tiktokx-cropcenter:100:100.jpg?dr=9640&refresh_token=cdaa9608&x-expires=1756281600&x-signature=S4S3XkrILDsWpw9jJZNEeUZR5gk%3D&t=4d5b0474&ps=13740610&shp=30310797&shcp=ff37627b&idc=useast5",
            "_total_reply": 0,
            "_replies": []
        },
        {
            "_comment_id": "7479424569276203798",
            "_username": "xxx._.daisy._xxx",
            "_nickname": "xxx._.daisy._xxx",
            "_comment": "It looks like a fantastic",
            "_create_time": "2025-03-08T13:07:35",
            "_avatar": "https://p16-common-sign-va.tiktokcdn-us.com/tos-maliva-avt-0068/0108e474ff09bd3ca6400ba3afdbf1b0~tplv-tiktokx-cropcenter:100:100.jpg?dr=9640&refresh_token=f3d15b85&x-expires=1756281600&x-signature=nlY1XHvl9hw94KFXMGHKdMCHbzg%3D&t=4d5b0474&ps=13740610&shp=30310797&shcp=ff37627b&idc=useast5",
            "_total_reply": 0,
            "_replies": []
        },
        {
            "_comment_id": "7469695820884656928",
            "_username": "yourfavsummer_xoxo",
            "_nickname": "S 💕",
            "_comment": "Sample tok",
            "_create_time": "2025-02-10T08:55:29",
            "_avatar": "https://p16-common-sign-va.tiktokcdn-us.com/tos-maliva-avt-0068/2ee1d7a91ab1a95a720e45e7327b9a36~tplv-tiktokx-cropcenter:100:100.jpg?dr=9640&refresh_token=e72d9db1&x-expires=1756281600&x-signature=8pXrrvlAY1HPaC8qyTxy7%2BdVuxM%3D&t=4d5b0474&ps=13740610&shp=30310797&shcp=ff37627b&idc=useast5",
            "_total_reply": 0,
            "_replies": []
        },
        {
            "_comment_id": "7482963879983858454",
            "_username": "literally.just..a",
            "_nickname": "Benjamin Taylor",
            "_comment": "Got to be next on my list to try 🥰🥰🥰",
            "_create_time": "2025-03-18T02:02:42",
            "_avatar": "https://p19-common-sign-va.tiktokcdn-us.com/tos-maliva-avt-0068/95206a7c61fea2ef0789f46e4d4143fa~tplv-tiktokx-cropcenter:100:100.jpg?dr=9640&refresh_token=ffa1a718&x-expires=1756281600&x-signature=IXcWry5tUkemr2AOfKHVoXXWLPk%3D&t=4d5b0474&ps=13740610&shp=30310797&shcp=ff37627b&idc=useast5",
            "_total_reply": 0,
            "_replies": []
        },
        {
            "_comment_id": "7469801326927938326",
            "_username": "find_peace_of_mind",
            "_nickname": "find_peace",
            "_comment": "Wow 🥰✨",
            "_create_time": "2025-02-10T15:44:54",
            "_avatar": "https://p16-common-sign-va.tiktokcdn-us.com/tos-maliva-avt-0068/0231e58d827b858a61f72b616c8f2a05~tplv-tiktokx-cropcenter:100:100.jpg?dr=9640&refresh_token=d902d858&x-expires=1756281600&x-signature=bNI%2F%2FqRy6maQwiQaQm2h0taTPT0%3D&t=4d5b0474&ps=13740610&shp=30310797&shcp=ff37627b&idc=useast5",
            "_total_reply": 0,
            "_replies": []
        },
        {
            "_comment_id": "7469925322711073591",
            "_username": "shirlswithlove",
            "_nickname": "Shirls",
            "_comment": "Ohhhhh instantly added to my growing collection 😍😍",
            "_create_time": "2025-02-10T23:45:56",
            "_avatar": "https://p16-common-sign-va.tiktokcdn-us.com/tos-maliva-avt-0068/d341973b43abe66f1499d7e1cbfc1230~tplv-tiktokx-cropcenter:100:100.jpg?dr=9640&refresh_token=8ccc0422&x-expires=1756281600&x-signature=5hH%2B583FuRdv%2BZXRqokA1hdxRiY%3D&t=4d5b0474&ps=13740610&shp=30310797&shcp=ff37627b&idc=useast5",
            "_total_reply": 1,
            "_replies": [
                {
                    "_comment_id": "7469701876305789729",
                    "_username": "lancome.official",
                    "_nickname": "Lancôme",
                    "_comment": "hehe 🤭❤️",
                    "_create_time": "2025-02-11T12:09:47",
                    "_avatar": "https://p16-common-sign-va.tiktokcdn-us.com/tos-maliva-avt-0068/9424f6caa6a8781766ccf45ddf0a0a0d~tplv-tiktokx-cropcenter:100:100.jpg?dr=9640&refresh_token=2d0d7041&x-expires=1756281600&x-signature=6RRh0sV%2BMiFopbDnto6in1a21L8%3D&t=4d5b0474&ps=13740610&shp=30310797&shcp=ff37627b&idc=useast5",
                    "_total_reply": null,
                    "_replies": []
                }
            ]
        },
        {
            "_comment_id": "7469783629054083872",
            "_username": "amyc3333",
            "_nickname": "amy",
            "_comment": "want this mascara",
            "_create_time": "2025-02-10T14:36:11",
            "_avatar": "https://p16-common-sign-useast2a.tiktokcdn-us.com/tos-useast2a-avt-0068-euttp/373c2741cc83811383913b9ee25c01d5~tplv-tiktokx-cropcenter:100:100.jpg?dr=9640&refresh_token=62ea7c95&x-expires=1756281600&x-signature=pHYUarwJiB6FavzYtsFGKJr0WhU%3D&t=4d5b0474&ps=13740610&shp=30310797&shcp=ff37627b&idc=useast5",
            "_total_reply": 0,
            "_replies": []
        },
        {
            "_comment_id": "7472388142311703318",
            "_username": "lolalatham1",
            "_nickname": "lola",
            "_comment": "Sample",
            "_create_time": "2025-02-17T15:03:15",
            "_avatar": "https://p16-common-sign-va.tiktokcdn-us.com/tos-maliva-avt-0068/40b4ce07965388686bea359b5140fcff~tplv-tiktokx-cropcenter:100:100.jpg?dr=9640&refresh_token=0f578d26&x-expires=1756281600&x-signature=YhmM0v%2Fk%2BR8HMWecrEIsn9s0zH0%3D&t=4d5b0474&ps=13740610&shp=30310797&shcp=ff37627b&idc=useast5",
            "_total_reply": 0,
            "_replies": []
        },
        {
            "_comment_id": "7469427385479250710",
            "_username": "melirkl",
            "_nickname": "Meli 🌷",
            "_comment": "Gonna go on a hunt for this next pay check🤩",
            "_create_time": "2025-02-09T15:33:57",
            "_avatar": "https://p16-common-sign-va.tiktokcdn-us.com/tos-maliva-avt-0068/c64710761e6adfc460922725f68d2f2c~tplv-tiktokx-cropcenter:100:100.jpg?dr=9640&refresh_token=6f2da50b&x-expires=1756281600&x-signature=abF4fwS%2FA28YBw2X%2FCOv2Efx%2F3c%3D&t=4d5b0474&ps=13740610&shp=30310797&shcp=ff37627b&idc=useast5",
            "_total_reply": 1,
            "_replies": [
                {
                    "_comment_id": "7468709787900363552",
                    "_username": "lancome.official",
                    "_nickname": "Lancôme",
                    "_comment": "🤭 💕",
                    "_create_time": "2025-02-09T19:07:48",
                    "_avatar": "https://p16-common-sign-va.tiktokcdn-us.com/tos-maliva-avt-0068/9424f6caa6a8781766ccf45ddf0a0a0d~tplv-tiktokx-cropcenter:100:100.jpg?dr=9640&refresh_token=2d0d7041&x-expires=1756281600&x-signature=6RRh0sV%2BMiFopbDnto6in1a21L8%3D&t=4d5b0474&ps=13740610&shp=30310797&shcp=ff37627b&idc=useast5",
                    "_total_reply": null,
                    "_replies": []
                }
            ]
        },
        {
            "_comment_id": "7469625440155501358",
            "_username": "nyanna.f",
            "_nickname": "Nyanna",
            "_comment": "Ok, but I need to try this immediately 😍",
            "_create_time": "2025-02-10T04:22:20",
            "_avatar": "https://p16-sign.tiktokcdn-us.com/tos-useast5-avt-0068-tx/2bbdadb731aaae19ae0459bb27964a48~tplv-tiktokx-cropcenter:100:100.jpg?dr=9640&refresh_token=84ed38e7&x-expires=1756281600&x-signature=Os4QhxmYAPpDgWHFiajibWhACIE%3D&t=4d5b0474&ps=13740610&shp=30310797&shcp=ff37627b&idc=useast5",
            "_total_reply": 2,
            "_replies": [
                {
                    "_comment_id": "7469697538233615136",
                    "_username": "lancome.official",
                    "_nickname": "Lancôme",
                    "_comment": "You'll be obsessed from the first try! 🤭",
                    "_create_time": "2025-02-10T13:43:58",
                    "_avatar": "https://p16-common-sign-va.tiktokcdn-us.com/tos-maliva-avt-0068/9424f6caa6a8781766ccf45ddf0a0a0d~tplv-tiktokx-cropcenter:100:100.jpg?dr=9640&refresh_token=2d0d7041&x-expires=1756281600&x-signature=6RRh0sV%2BMiFopbDnto6in1a21L8%3D&t=4d5b0474&ps=13740610&shp=30310797&shcp=ff37627b&idc=useast5",
                    "_total_reply": null,
                    "_replies": []
                },
                {
                    "_comment_id": "7469787861899592490",
                    "_username": "nyanna.f",
                    "_nickname": "Nyanna",
                    "_comment": "I’m sure I will 🥰",
                    "_create_time": "2025-02-10T14:52:54",
                    "_avatar": "https://p19-sign.tiktokcdn-us.com/tos-useast5-avt-0068-tx/2bbdadb731aaae19ae0459bb27964a48~tplv-tiktokx-cropcenter:100:100.jpg?dr=9640&refresh_token=14cdf706&x-expires=1756281600&x-signature=awUcu2Gm%2BOTJsvFI5Ck0aC6LBhw%3D&t=4d5b0474&ps=13740610&shp=30310797&shcp=ff37627b&idc=useast5",
                    "_total_reply": null,
                    "_replies": []
                }
            ]
        },
        {
            "_comment_id": "7469358188195709718",
            "_username": "robloxspielengirl4",
            "_nickname": "Sabrinnnn",
            "_comment": "Omg hi 🤩",
            "_create_time": "2025-02-09T11:05:22",
            "_avatar": "https://p16-common-sign-va.tiktokcdn-us.com/tos-maliva-avt-0068/e296c99382c533032fcd96edadf1b827~tplv-tiktokx-cropcenter:100:100.jpg?dr=9640&refresh_token=701e70d3&x-expires=1756281600&x-signature=%2F8FWbsEQbz0PQToxwdIp9MjRUn4%3D&t=4d5b0474&ps=13740610&shp=30310797&shcp=ff37627b&idc=useast5",
            "_total_reply": 1,
            "_replies": [
                {
                    "_comment_id": "7468226910985143073",
                    "_username": "lancome.official",
                    "_nickname": "Lancôme",
                    "_comment": "hiii 💕",
                    "_create_time": "2025-02-09T11:16:13",
                    "_avatar": "https://p16-common-sign-va.tiktokcdn-us.com/tos-maliva-avt-0068/9424f6caa6a8781766ccf45ddf0a0a0d~tplv-tiktokx-cropcenter:100:100.jpg?dr=9640&refresh_token=2d0d7041&x-expires=1756281600&x-signature=6RRh0sV%2BMiFopbDnto6in1a21L8%3D&t=4d5b0474&ps=13740610&shp=30310797&shcp=ff37627b&idc=useast5",
                    "_total_reply": null,
                    "_replies": []
                }
            ]
        },
        {
            "_comment_id": "7469424493233324801",
            "_username": "nikkifashionbeauty",
            "_nickname": "Nikki | UGC creatorI Syd AU",
            "_comment": "wait what? so wanna try💕",
            "_create_time": "2025-02-09T15:22:06",
            "_avatar": "https://p16-common-sign-sg.tiktokcdn-us.com/tos-alisg-avt-0068/7d8eda95f15e7b65c700e2dcf87f0690~tplv-tiktokx-cropcenter:100:100.jpg?dr=9640&refresh_token=93d7ca0b&x-expires=1756281600&x-signature=1CdjC5WNHi4SEgThHF2XHM8zpD8%3D&t=4d5b0474&ps=13740610&shp=30310797&shcp=ff37627b&idc=useast5",
            "_total_reply": 0,
            "_replies": []
        },
        {
            "_comment_id": "7495928825143067447",
            "_username": "emi_faithugc",
            "_nickname": "Emi | UGC Creator 🇨🇦",
            "_comment": "OMG yesss I need large size of that asap",
            "_create_time": "2025-04-22T01:32:40",
            "_avatar": "https://p16-common-sign-va.tiktokcdn-us.com/tos-maliva-avt-0068/d99b04ec6a49aa631fb6623a5fa97434~tplv-tiktokx-cropcenter:100:100.jpg?dr=9640&refresh_token=d9296593&x-expires=1756281600&x-signature=qfCcQtijKOme9Od8ZAjB9FEL6%2Bw%3D&t=4d5b0474&ps=13740610&shp=30310797&shcp=ff37627b&idc=useast5",
            "_total_reply": 1,
            "_replies": [
                {
                    "_comment_id": "7493478011887960864",
                    "_username": "lancome.official",
                    "_nickname": "Lancôme",
                    "_comment": "Heheh ❤️",
                    "_create_time": "2025-04-22T09:42:20",
                    "_avatar": "https://p16-common-sign-va.tiktokcdn-us.com/tos-maliva-avt-0068/9424f6caa6a8781766ccf45ddf0a0a0d~tplv-tiktokx-cropcenter:100:100.jpg?dr=9640&refresh_token=2d0d7041&x-expires=1756281600&x-signature=6RRh0sV%2BMiFopbDnto6in1a21L8%3D&t=4d5b0474&ps=13740610&shp=30310797&shcp=ff37627b&idc=useast5",
                    "_total_reply": null,
                    "_replies": []
                }
            ]
        },
        {
            "_comment_id": "7469725352723350302",
            "_username": "sepibeauty",
            "_nickname": "SEPIBEAUTY",
            "_comment": "I wish I was there ♥️♥️♥️♥️♥️",
            "_create_time": "2025-02-10T10:52:42",
            "_avatar": "https://p16-pu-sign-useast8.tiktokcdn-us.com/tos-useast8-avt-0068-tx2/9c9a53310c27848214db668f7df8fa31~tplv-tiktokx-cropcenter:100:100.jpg?dr=9640&refresh_token=1fbd1ac4&x-expires=1756281600&x-signature=QjsB0S0hEiot70cjsfoT8IX44Ac%3D&t=4d5b0474&ps=13740610&shp=30310797&shcp=ff37627b&idc=useast5",
            "_total_reply": 2,
            "_replies": [
                {
                    "_comment_id": "7469700770523595552",
                    "_username": "lancome.official",
                    "_nickname": "Lancôme",
                    "_comment": "Aweee, maybe next time!! 🩷",
                    "_create_time": "2025-02-10T13:21:55",
                    "_avatar": "https://p16-common-sign-va.tiktokcdn-us.com/tos-maliva-avt-0068/9424f6caa6a8781766ccf45ddf0a0a0d~tplv-tiktokx-cropcenter:100:100.jpg?dr=9640&refresh_token=2d0d7041&x-expires=1756281600&x-signature=6RRh0sV%2BMiFopbDnto6in1a21L8%3D&t=4d5b0474&ps=13740610&shp=30310797&shcp=ff37627b&idc=useast5",
                    "_total_reply": null,
                    "_replies": []
                },
                {
                    "_comment_id": "7469892954317931294",
                    "_username": "sepibeauty",
                    "_nickname": "SEPIBEAUTY",
                    "_comment": "Yes ,definitely 🫶🏻♥️♥️♥️♥️",
                    "_create_time": "2025-02-10T21:40:20",
                    "_avatar": "https://p19-pu-sign-useast8.tiktokcdn-us.com/tos-useast8-avt-0068-tx2/9c9a53310c27848214db668f7df8fa31~tplv-tiktokx-cropcenter:100:100.jpg?dr=9640&refresh_token=2773f74f&x-expires=1756281600&x-signature=U2vJua0AcJvB3VNgjFwFUfEsQuY%3D&t=4d5b0474&ps=13740610&shp=30310797&shcp=ff37627b&idc=useast5",
                    "_total_reply": null,
                    "_replies": []
                }
            ]
        },
        {
            "_comment_id": "7469359471786017558",
            "_username": "amyfranklin_12",
            "_nickname": "amy💘",
            "_comment": "they're perfect 💜",
            "_create_time": "2025-02-09T11:10:02",
            "_avatar": "https://p16-common-sign-va.tiktokcdn-us.com/tos-maliva-avt-0068/2456a610be4b83d2dc6af7e16486f89c~tplv-tiktokx-cropcenter:100:100.jpg?dr=9640&refresh_token=4b0c33fc&x-expires=1756281600&x-signature=BlVT8nDYTT5Kh8q%2FzI7TL%2FuSVc0%3D&t=4d5b0474&ps=13740610&shp=30310797&shcp=ff37627b&idc=useast5",
            "_total_reply": 1,
            "_replies": [
                {
                    "_comment_id": "7468139672758567713",
                    "_username": "lancome.official",
                    "_nickname": "Lancôme",
                    "_comment": "couldn't agree more 😍",
                    "_create_time": "2025-02-09T11:17:20",
                    "_avatar": "https://p19-common-sign-va.tiktokcdn-us.com/tos-maliva-avt-0068/9424f6caa6a8781766ccf45ddf0a0a0d~tplv-tiktokx-cropcenter:100:100.jpg?dr=9640&refresh_token=4e732867&x-expires=1756281600&x-signature=5PN4EHVgtRvUll6IF2OIT9lcCWk%3D&t=4d5b0474&ps=13740610&shp=30310797&shcp=ff37627b&idc=useast5",
                    "_total_reply": null,
                    "_replies": []
                }
            ]
        },
        {
            "_comment_id": "7499848174773797654",
            "_username": "anna_gie.reviewer",
            "_nickname": "anna_gie.reviewer",
            "_comment": "I want a room like this 😂",
            "_create_time": "2025-05-02T15:01:24",
            "_avatar": "https://p16-common-sign-va.tiktokcdn-us.com/tos-maliva-avt-0068/f02db1608fdac59294f86c6826120789~tplv-tiktokx-cropcenter:100:100.jpg?dr=9640&refresh_token=595221d4&x-expires=1756281600&x-signature=wxe6I%2F5vZAPtZNOgnyjON58q6ts%3D&t=4d5b0474&ps=13740610&shp=30310797&shcp=ff37627b&idc=useast5",
            "_total_reply": 0,
            "_replies": []
        },
        {
            "_comment_id": "7469360976870146833",
            "_username": "letmetaliasomething21111",
            "_nickname": "˚˖𓍢ִ໋💋🛍️ ᴛᴀʟɪᴀ✧˚.🛍️💋⋆",
            "_comment": "Can I get a hi from Lancôme",
            "_create_time": "2025-02-09T11:15:32",
            "_avatar": "https://p16-common-sign-sg.tiktokcdn-us.com/tos-alisg-avt-0068/9f50bf89e65ea33b062df361beeacf56~tplv-tiktokx-cropcenter:100:100.jpg?dr=9640&refresh_token=3b74fb35&x-expires=1756281600&x-signature=ajcs83l2JJKKrEA1Gse1IKjtg9c%3D&t=4d5b0474&ps=13740610&shp=30310797&shcp=ff37627b&idc=useast5",
            "_total_reply": 2,
            "_replies": [
                {
                    "_comment_id": "7469698837956117281",
                    "_username": "lancome.official",
                    "_nickname": "Lancôme",
                    "_comment": "hehe hi 🤭",
                    "_create_time": "2025-02-10T14:02:28",
                    "_avatar": "https://p16-common-sign-va.tiktokcdn-us.com/tos-maliva-avt-0068/9424f6caa6a8781766ccf45ddf0a0a0d~tplv-tiktokx-cropcenter:100:100.jpg?dr=9640&refresh_token=2d0d7041&x-expires=1756281600&x-signature=6RRh0sV%2BMiFopbDnto6in1a21L8%3D&t=4d5b0474&ps=13740610&shp=30310797&shcp=ff37627b&idc=useast5",
                    "_total_reply": null,
                    "_replies": []
                },
                {
                    "_comment_id": "7469901922834973441",
                    "_username": "letmetaliasomething21111",
                    "_nickname": "˚˖𓍢ִ໋💋🛍️ ᴛᴀʟɪᴀ✧˚.🛍️💋⋆",
                    "_comment": "Heyy😍",
                    "_create_time": "2025-02-10T22:15:16",
                    "_avatar": "https://p16-common-sign-sg.tiktokcdn-us.com/tos-alisg-avt-0068/9f50bf89e65ea33b062df361beeacf56~tplv-tiktokx-cropcenter:100:100.jpg?dr=9640&refresh_token=3b74fb35&x-expires=1756281600&x-signature=ajcs83l2JJKKrEA1Gse1IKjtg9c%3D&t=4d5b0474&ps=13740610&shp=30310797&shcp=ff37627b&idc=useast5",
                    "_total_reply": null,
                    "_replies": []
                }
            ]
        },
        {
            "_comment_id": "7469405204451918598",
            "_username": "valentinalocontea",
            "_nickname": "Valentina| liquiliquiclub",
            "_comment": "YA LA QUIERO PARA MIIII🫰🏻🫡❣️",
            "_create_time": "2025-02-09T14:07:37",
            "_avatar": "https://p16-common-sign-va.tiktokcdn-us.com/tos-maliva-avt-0068/2898d6d18b8790910140d9647bb48311~tplv-tiktokx-cropcenter:100:100.jpg?dr=9640&refresh_token=a8e08e75&x-expires=1756281600&x-signature=hZ7NmIjS7Qn4GyFEsR9%2FwwzaMuo%3D&t=4d5b0474&ps=13740610&shp=30310797&shcp=ff37627b&idc=useast5",
            "_total_reply": 0,
            "_replies": []
        },
        {
            "_comment_id": "7469377222211191585",
            "_username": "sofia2023arianna",
            "_nickname": "sofia ❤ Arianna",
            "_comment": "love lancome",
            "_create_time": "2025-02-09T12:18:51",
            "_avatar": "https://p16-common-sign-useast2a.tiktokcdn-us.com/tos-useast2a-avt-0068-euttp/23a69de7a81dd194dd6dfd8b843d9d1c~tplv-tiktokx-cropcenter:100:100.jpg?dr=9640&refresh_token=dd708052&x-expires=1756281600&x-signature=lDslMq6IuihHqQUMqk1iwnA69%2BI%3D&t=4d5b0474&ps=13740610&shp=30310797&shcp=ff37627b&idc=useast5",
            "_total_reply": 0,
            "_replies": []
        },
        {
            "_comment_id": "7482954948281402134",
            "_username": "adelita4196",
            "_nickname": "Adelita 🌺💫",
            "_comment": "😳",
            "_create_time": "2025-03-18T01:28:18",
            "_avatar": "https://p16-common-sign-useast2a.tiktokcdn-us.com/tos-useast2a-avt-0068-euttp/99149ef625c08aca06f0cc49551312d7~tplv-tiktokx-cropcenter:100:100.jpg?dr=9640&refresh_token=3b80e171&x-expires=1756281600&x-signature=mbM3zC%2B7siIE%2BXr%2Fz6Ni0uBrgxc%3D&t=4d5b0474&ps=13740610&shp=30310797&shcp=ff37627b&idc=useast5",
            "_total_reply": 0,
            "_replies": []
        },
        {
            "_comment_id": "7469933162065298208",
            "_username": "unathi_ndam",
            "_nickname": "˖˚𖦹 °.•unathi•.° 𖦹.⋆˖",
            "_comment": "😍😍😍😍😍",
            "_create_time": "2025-02-11T00:16:16",
            "_avatar": "https://p16-common-sign-va.tiktokcdn-us.com/tos-maliva-avt-0068/149beecf5d57522e14964ac7f8e7c77e~tplv-tiktokx-cropcenter:100:100.jpg?dr=9640&refresh_token=4fcd959c&x-expires=1756281600&x-signature=guHroqKKXO8rzd19KP9TJvDrivI%3D&t=4d5b0474&ps=13740610&shp=30310797&shcp=ff37627b&idc=useast5",
            "_total_reply": 0,
            "_replies": []
        },
        {
            "_comment_id": "7469359561616409366",
            "_username": "annang042",
            "_nickname": "anna",
            "_comment": "🥰",
            "_create_time": "2025-02-09T11:10:47",
            "_avatar": "https://p19-common-sign-va.tiktokcdn-us.com/tos-maliva-avt-0068/7c3e761751fa337405fde2251afc615e~tplv-tiktokx-cropcenter:100:100.jpg?dr=9640&refresh_token=3fc516d5&x-expires=1756281600&x-signature=S%2FIfxJcpWXJywUDbvEia6RdKrF4%3D&t=4d5b0474&ps=13740610&shp=30310797&shcp=ff37627b&idc=useast5",
            "_total_reply": 0,
            "_replies": []
        },
        {
            "_comment_id": "7484392371959988994",
            "_username": "niaworth10",
            "_nickname": "Nia Worth",
            "_comment": "❤️❤️❤️❤️",
            "_create_time": "2025-03-21T22:25:03",
            "_avatar": "https://p16-common-sign-va.tiktokcdn-us.com/tos-maliva-avt-0068/7322170587002519557~tplv-tiktokx-cropcenter:100:100.jpg?dr=9640&refresh_token=3a6fe647&x-expires=1756281600&x-signature=B5VDZrWL0IZAG%2FHCd0AzA8nDHpU%3D&t=4d5b0474&ps=13740610&shp=30310797&shcp=ff37627b&idc=useast5",
            "_total_reply": 0,
            "_replies": []
        },
        {
            "_comment_id": "7472361769749136150",
            "_username": "mazrash53",
            "_nickname": "mazrash53",
            "_comment": "🥰❤️",
            "_create_time": "2025-02-17T13:20:53",
            "_avatar": "https://p16-common-sign-va.tiktokcdn-us.com/tos-maliva-avt-0068/fcce19f0a0ddc222b4a45b6e0aa5c1b3~tplv-tiktokx-cropcenter:100:100.jpg?dr=9640&refresh_token=f79118c3&x-expires=1756281600&x-signature=st8HGCgGZE56ZHhjUINndwAj6VA%3D&t=4d5b0474&ps=13740610&shp=30310797&shcp=ff37627b&idc=useast5",
            "_total_reply": 0,
            "_replies": []
        },
        {
            "_comment_id": "7499818799052800790",
            "_username": "sea2108",
            "_nickname": "SEA💙",
            "_comment": "❤️",
            "_create_time": "2025-05-02T13:07:30",
            "_avatar": "https://p16-common-sign-va.tiktokcdn-us.com/tos-maliva-avt-0068/6c71247e7bcad0691e887682a51ca050~tplv-tiktokx-cropcenter:100:100.jpg?dr=9640&refresh_token=4e7f8602&x-expires=1756281600&x-signature=WM35W%2FMsfih2WU9%2FziHhPMXipe4%3D&t=4d5b0474&ps=13740610&shp=30310797&shcp=ff37627b&idc=useast5",
            "_total_reply": 0,
            "_replies": []
        },
        {
            "_comment_id": "7469810901856994103",
            "_username": "ceeltayeh",
            "_nickname": "CT",
            "_comment": "🤩",
            "_create_time": "2025-02-10T16:21:44",
            "_avatar": "https://p16-common-sign-va.tiktokcdn-us.com/tos-maliva-avt-0068/d8a7030d790fae97181e4aad533b1b47~tplv-tiktokx-cropcenter:100:100.jpg?dr=9640&refresh_token=fadc4d0d&x-expires=1756281600&x-signature=5tRbIu%2Bnv8uZ8Xg3pyo23OokSF8%3D&t=4d5b0474&ps=13740610&shp=30310797&shcp=ff37627b&idc=useast5",
            "_total_reply": 0,
            "_replies": []
        },
        {
            "_comment_id": "7482336643266052886",
            "_username": "ln907158",
            "_nickname": "🐙",
            "_comment": "💕💕",
            "_create_time": "2025-03-16T09:27:48",
            "_avatar": "https://p16-common-sign-useast2a.tiktokcdn-us.com/tos-useast2a-avt-0068-euttp/3979da3a897be029ecbf1b9ef27f8767~tplv-tiktokx-cropcenter:100:100.jpg?dr=9640&refresh_token=c8beacb7&x-expires=1756281600&x-signature=U08xJZwNPLLkXkWTepCFFKbdv%2FQ%3D&t=4d5b0474&ps=13740610&shp=30310797&shcp=ff37627b&idc=useast5",
            "_total_reply": 0,
            "_replies": []
        },
        {
            "_comment_id": "7479414943705170710",
            "_username": "daisy.0413x",
            "_nickname": "Daisy💗",
            "_comment": "😍",
            "_create_time": "2025-03-08T12:30:11",
            "_avatar": "https://p16-common-sign-useast2a.tiktokcdn-us.com/tos-useast2a-avt-0068-euttp/b08c9169db0b98060108afd07a21123b~tplv-tiktokx-cropcenter:100:100.jpg?dr=9640&refresh_token=f65cceb6&x-expires=1756281600&x-signature=%2FQchgJ4UjNsCP9qMoym1TRZRZRI%3D&t=4d5b0474&ps=13740610&shp=30310797&shcp=ff37627b&idc=useast5",
            "_total_reply": 0,
            "_replies": []
        },
        {
            "_comment_id": "7469527552163103534",
            "_username": "whosjasmineatl",
            "_nickname": "Jasmine",
            "_comment": "Will you all have any pop ups in LA? I love lash idôle! @Lancôme",
            "_create_time": "2025-02-09T22:02:27",
            "_avatar": "https://p19-pu-sign-useast8.tiktokcdn-us.com/tos-useast5-avt-0068-tx/5edf724482b48076777b8d9c3f44f865~tplv-tiktokx-cropcenter:100:100.jpg?dr=9640&refresh_token=fd1a114d&x-expires=1756281600&x-signature=0EkZPGhsINKgDSoOaT0SN%2BMNFyo%3D&t=4d5b0474&ps=13740610&shp=30310797&shcp=ff37627b&idc=useast5",
            "_total_reply": 1,
            "_replies": [
                {
                    "_comment_id": "7469698906306528033",
                    "_username": "lancome.official",
                    "_nickname": "Lancôme",
                    "_comment": "Hehe maybeeee! Stay tuned 🩷",
                    "_create_time": "2025-02-10T13:46:58",
                    "_avatar": "https://p16-common-sign-va.tiktokcdn-us.com/tos-maliva-avt-0068/9424f6caa6a8781766ccf45ddf0a0a0d~tplv-tiktokx-cropcenter:100:100.jpg?dr=9640&refresh_token=2d0d7041&x-expires=1756281600&x-signature=6RRh0sV%2BMiFopbDnto6in1a21L8%3D&t=4d5b0474&ps=13740610&shp=30310797&shcp=ff37627b&idc=useast5",
                    "_total_reply": null,
                    "_replies": []
                }
            ]
        },
        {
            "_comment_id": "7469364515861381910",
            "_username": "tamilabegoidze",
            "_nickname": "tata1",
            "_comment": "💕✨",
            "_create_time": "2025-02-09T11:30:03",
            "_avatar": "https://p16-common-sign-useast2a.tiktokcdn-us.com/tos-useast2a-avt-0068-euttp/7355183390741495840~tplv-tiktokx-cropcenter:100:100.jpg?dr=9640&refresh_token=f25f3e68&x-expires=1756281600&x-signature=0GI4ASZ2SWSjdw4jGQFAa%2F4NHck%3D&t=4d5b0474&ps=13740610&shp=30310797&shcp=ff37627b&idc=useast5",
            "_total_reply": 0,
            "_replies": []
        },
        {
            "_comment_id": "7486616682175202070",
            "_username": "urmomsahoe100",
            "_nickname": "UrmomsDilf",
            "_comment": "❤️❤️❤️",
            "_create_time": "2025-03-27T22:16:33",
            "_avatar": "https://p16-common-sign-va.tiktokcdn-us.com/tos-maliva-avt-0068/63984cc4fcbd45b0fedab7bd74efe5e7~tplv-tiktokx-cropcenter:100:100.jpg?dr=9640&refresh_token=c8fa2bb7&x-expires=1756281600&x-signature=W%2FALqqBIeWJ7TXzXl4qXFPIw23Q%3D&t=4d5b0474&ps=13740610&shp=30310797&shcp=ff37627b&idc=useast5",
            "_total_reply": 0,
            "_replies": []
        },
        {
            "_comment_id": "7493641847572988694",
            "_username": "strep_and",
            "_nickname": "Strep_and",
            "_comment": "💕",
            "_create_time": "2025-04-15T21:37:44",
            "_avatar": "https://p19-common-sign-useast2a.tiktokcdn-us.com/tos-useast2a-avt-0068-euttp/8f120708c2ba5d1b42accd1e62b95518~tplv-tiktokx-cropcenter:100:100.jpg?dr=9640&refresh_token=b5efc431&x-expires=1756281600&x-signature=sMz%2BsBb%2F%2Fku7QOl3Jr2ISFf8wXY%3D&t=4d5b0474&ps=13740610&shp=30310797&shcp=ff37627b&idc=useast5",
            "_total_reply": 0,
            "_replies": []
        },
        {
            "_comment_id": "7469361579684463361",
            "_username": "letmetaliasomething21111",
            "_nickname": "˚˖𓍢ִ໋💋🛍️ ᴛᴀʟɪᴀ✧˚.🛍️💋⋆",
            "_comment": "Lancôme can you say hi to Olivia for me-I’ve been a fan since 2019 and can she reply mb idm if no!!",
            "_create_time": "2025-02-09T11:18:03",
            "_avatar": "https://p16-common-sign-sg.tiktokcdn-us.com/tos-alisg-avt-0068/9f50bf89e65ea33b062df361beeacf56~tplv-tiktokx-cropcenter:100:100.jpg?dr=9640&refresh_token=3b74fb35&x-expires=1756281600&x-signature=ajcs83l2JJKKrEA1Gse1IKjtg9c%3D&t=4d5b0474&ps=13740610&shp=30310797&shcp=ff37627b&idc=useast5",
            "_total_reply": 0,
            "_replies": []
        },
        {
            "_comment_id": "7471771497225831190",
            "_username": "tara.maryx",
            "_nickname": "tara.maryx",
            "_comment": "Omggg!!! I’m a small creator I would love if you could send me out some to try!!! 🫶🫶",
            "_create_time": "2025-02-15T23:10:01",
            "_avatar": "https://p16-common-sign-useast2a.tiktokcdn-us.com/tos-useast2a-avt-0068-euttp/075637803c1c848e69bb7c6768a6f326~tplv-tiktokx-cropcenter:100:100.jpg?dr=9640&refresh_token=6de7c0de&x-expires=1756281600&x-signature=IyEhTNMrO18ukmXoc35RBOKdCvk%3D&t=4d5b0474&ps=13740610&shp=30310797&shcp=ff37627b&idc=useast5",
            "_total_reply": 0,
            "_replies": []
        },
        {
            "_comment_id": "7470150245754684192",
            "_username": "zoecrumb2",
            "_nickname": "zoecrumb2",
            "_comment": "sampltok",
            "_create_time": "2025-02-11T14:18:36",
            "_avatar": "https://p16-common-sign-useast2a.tiktokcdn-us.com/tos-useast2a-avt-0068-euttp/7322749653760344096~tplv-tiktokx-cropcenter:100:100.jpg?dr=9640&refresh_token=81b4d542&x-expires=1756281600&x-signature=b1N4bEECZXHI0rks5uNl3SYL4nA%3D&t=4d5b0474&ps=13740610&shp=30310797&shcp=ff37627b&idc=useast5",
            "_total_reply": 0,
            "_replies": []
        },
        {
            "_comment_id": "7469684934291800848",
            "_username": "juicytubescerise",
            "_nickname": "juicy tubes cerise",
            "_comment": "BRING BACK CERISE!!!!!!!!!!!!!",
            "_create_time": "2025-02-10T08:12:54",
            "_avatar": "https://p19-common-sign-sg.tiktokcdn-us.com/tos-alisg-avt-0068/b5e56025eae2dfe166be19a0af17e6a3~tplv-tiktokx-cropcenter:100:100.jpg?dr=9640&refresh_token=9e956a58&x-expires=1756281600&x-signature=fmqhWlVHRlZLbdeHs%2F9%2BfuerjC8%3D&t=4d5b0474&ps=13740610&shp=30310797&shcp=ff37627b&idc=useast5",
            "_total_reply": 0,
            "_replies": []
        }
    ],
    "total_comments": 41
}