{
    "original_url": "https://www.tiktok.com/@lancome.official/video/7469371633543761174",
    "video_id": "7469371633543761174",
    "description": "The Marais has never been so pink ! 🩷 Last call to discover our iconic location for Idôle House in Paris.  Until 9th: 10AM - 8PM 📍 18 Rue de Turenne, 75004, Paris #Lancome #IdoleHouse #LancomeFR #France #Paris #Popup #Makeup #FlutterExtension #Mascara #NewLaunch #Event #Beauty  #FrisianFlagENERGOplus ",
    "video_url": "https://m.tiktok.com/v/7469371633543761174.html?_d=0&comment_author_id=7327930777118196738&preview_pb=0&share_comment_id=7469671812978721553&share_item_id=7469371633543761174&sharer_language=en&source=h5_m&u_code=0",
    "tags": [
        "#Lancome",
        "#IdoleHouse",
        "#LancomeFR",
        "#France",
        "#Paris",
        "#Popup",
        "#Makeup",
        "#FlutterExtension",
        "#Mascara",
        "#NewLaunch",
        "#Event",
        "#Beauty",
        "#FrisianFlagENERGOplus"
    ],
    "comments": [
        {
            "_comment_id": "7469671812978721553",
            "_username": "mm_grrargh",
            "_nickname": "*ੈ꩜‧₊.ೃ࿔:⭑",
            "_comment": "day 9 of asking to bring back juicy tubes shade cerise",
            "_create_time": "2025-02-10T07:22:07",
            "_avatar": "https://p16-common-sign-sg.tiktokcdn-us.com/tos-alisg-avt-0068/bfc542a6e23e80d860e6fef306032c91~tplv-tiktokx-cropcenter:100:100.jpg?dr=9640&refresh_token=66da145f&x-expires=1756281600&x-signature=%2Brx%2F4ExTUyZ9dSxjxaVelrWR0V0%3D&t=4d5b0474&ps=13740610&shp=30310797&shcp=ff37627b&idc=useast5",
            "_total_reply": 0,
            "_replies": []
        },
        {
            "_comment_id": "7469423182421558038",
            "_username": "hanazade_tiktok",
            "_nickname": "hanazade_tiktok",
            "_comment": "Des personnes avec des coupes files (école et entreprise) sont rentrés plusieurs fois et ont ramassé les cadeaux plusieurs fois. vous devriez limiter leur passe droit quand des gens font la queue",
            "_create_time": "2025-02-09T15:17:29",
            "_avatar": "https://p16-common-sign-va.tiktokcdn-us.com/tos-maliva-avt-0068/7dc09f0ec4c1d7b3d8122304432b1e47~tplv-tiktokx-cropcenter:100:100.jpg?dr=9640&refresh_token=f81468ec&x-expires=1756281600&x-signature=uQHzDI0DAFJogJ9nAY9FV6j7N%2FA%3D&t=4d5b0474&ps=13740610&shp=30310797&shcp=ff37627b&idc=useast5",
            "_total_reply": 0,
            "_replies": []
        },
        {
            "_comment_id": "7470104713146843926",
            "_username": "mi_nikol",
            "_nickname": "Mi_Ni",
            "_comment": "The most perfect shopping bag ❣️😃",
            "_create_time": "2025-02-11T11:23:08",
            "_avatar": "https://p16-common-sign-va.tiktokcdn-us.com/tos-maliva-avt-0068/ee8889cd9eafa05f93df41126117553c~tplv-tiktokx-cropcenter:100:100.jpg?dr=9640&refresh_token=57939135&x-expires=1756281600&x-signature=MJ9NpZMeQk0KIDdmXWCrijwx%2FKo%3D&t=4d5b0474&ps=13740610&shp=30310797&shcp=ff37627b&idc=useast5",
            "_total_reply": 0,
            "_replies": []
        },
        {
            "_comment_id": "7476703881540567824",
            "_username": "laaavender_5",
            "_nickname": "💤🎧🎀",
            "_comment": "Early girlie✨",
            "_create_time": "2025-03-01T05:09:47",
            "_avatar": "https://p16-common-sign-sg.tiktokcdn-us.com/tos-alisg-avt-0068/6c6c3d8bf4ac101394e449efbd4bf7da~tplv-tiktokx-cropcenter:100:100.jpg?dr=9640&refresh_token=9ae9743b&x-expires=1756281600&x-signature=pJxsG1W%2Fl0acvLuryHikUKWd8aI%3D&t=4d5b0474&ps=13740610&shp=30310797&shcp=ff37627b&idc=useast5",
            "_total_reply": 0,
            "_replies": []
        },
        {
            "_comment_id": "7470587934313136918",
            "_username": "michele_m4",
            "_nickname": "Michele",
            "_comment": "oh my god this is my dream to visit here🥰❤️❤️❤️I absolutely love this",
            "_create_time": "2025-02-12T18:37:12",
            "_avatar": "https://p19-common-sign-useast2a.tiktokcdn-us.com/tos-useast2a-avt-0068-euttp/1a7711cbdff2d27c283c634b7991a019~tplv-tiktokx-cropcenter:100:100.jpg?dr=9640&refresh_token=c141cea3&x-expires=1756281600&x-signature=g5MEOvY4bIx0qXOkyYuYR7%2BW66E%3D&t=4d5b0474&ps=13740610&shp=30310797&shcp=ff37627b&idc=useast5",
            "_total_reply": 0,
            "_replies": []
        },
        {
            "_comment_id": "7469373770441163522",
            "_username": "100drine1111",
            "_nickname": "100drine1111",
            "_comment": "💖c était incroyable 💖",
            "_create_time": "2025-02-09T12:05:34",
            "_avatar": "https://p16-common-sign-va.tiktokcdn-us.com/tos-maliva-avt-0068/547834e38e371c7bd39b9a7f72dad036~tplv-tiktokx-cropcenter:100:100.jpg?dr=9640&refresh_token=766757d7&x-expires=1756281600&x-signature=X%2B38fEXyfiAtodaa0eBUkb%2FU%2FRc%3D&t=4d5b0474&ps=13740610&shp=30310797&shcp=ff37627b&idc=useast5",
            "_total_reply": 0,
            "_replies": []
        },
        {
            "_comment_id": "7469424411994702608",
            "_username": "nikkifashionbeauty",
            "_nickname": "Nikki | UGC creatorI Syd AU",
            "_comment": "woww💕",
            "_create_time": "2025-02-09T15:21:50",
            "_avatar": "https://p16-common-sign-sg.tiktokcdn-us.com/tos-alisg-avt-0068/7d8eda95f15e7b65c700e2dcf87f0690~tplv-tiktokx-cropcenter:100:100.jpg?dr=9640&refresh_token=93d7ca0b&x-expires=1756281600&x-signature=1CdjC5WNHi4SEgThHF2XHM8zpD8%3D&t=4d5b0474&ps=13740610&shp=30310797&shcp=ff37627b&idc=useast5",
            "_total_reply": 0,
            "_replies": []
        },
        {
            "_comment_id": "7469372273733305110",
            "_username": "amyfranklin_12",
            "_nickname": "amy💘",
            "_comment": "just amazing💜",
            "_create_time": "2025-02-09T11:59:49",
            "_avatar": "https://p16-common-sign-va.tiktokcdn-us.com/tos-maliva-avt-0068/2456a610be4b83d2dc6af7e16486f89c~tplv-tiktokx-cropcenter:100:100.jpg?dr=9640&refresh_token=4b0c33fc&x-expires=1756281600&x-signature=BlVT8nDYTT5Kh8q%2FzI7TL%2FuSVc0%3D&t=4d5b0474&ps=13740610&shp=30310797&shcp=ff37627b&idc=useast5",
            "_total_reply": 0,
            "_replies": []
        },
        {
            "_comment_id": "7469372521612313366",
            "_username": "jara69177",
            "_nickname": "Ruby",
            "_comment": "early ❤️❤️",
            "_create_time": "2025-02-09T12:00:45",
            "_avatar": "https://p16-common-sign-va.tiktokcdn-us.com/tos-maliva-avt-0068/28ed9b90945a1d549ae0b3499f4383da~tplv-tiktokx-cropcenter:100:100.jpg?dr=9640&refresh_token=c4808f13&x-expires=1756281600&x-signature=r4iouLQJsy6YKJ7OM%2FnZDJXtGa8%3D&t=4d5b0474&ps=13740610&shp=30310797&shcp=ff37627b&idc=useast5",
            "_total_reply": 0,
            "_replies": []
        },
        {
            "_comment_id": "7469631493905892127",
            "_username": "pamperglamz50",
            "_nickname": "Pamperglamz by Pam LLC-BEAUTY",
            "_comment": "This would be a dream come true for me! I love your products!",
            "_create_time": "2025-02-10T04:45:53",
            "_avatar": "https://p16-pu-sign-useast8.tiktokcdn-us.com/tos-useast5-avt-0068-tx/dce0e834344860c1ea9966e0ecaf9f5a~tplv-tiktokx-cropcenter:100:100.jpg?dr=9640&refresh_token=d47b81d9&x-expires=1756281600&x-signature=OOt6BWC%2BVdqo7vIVvge20S8xleA%3D&t=4d5b0474&ps=13740610&shp=30310797&shcp=ff37627b&idc=useast5",
            "_total_reply": 1,
            "_replies": [
                {
                    "_comment_id": "7469699559666008864",
                    "_username": "lancome.official",
                    "_nickname": "Lancôme",
                    "_comment": "CRYING 😭🩷",
                    "_create_time": "2025-02-10T13:42:55",
                    "_avatar": "https://p16-common-sign-va.tiktokcdn-us.com/tos-maliva-avt-0068/9424f6caa6a8781766ccf45ddf0a0a0d~tplv-tiktokx-cropcenter:100:100.jpg?dr=9640&refresh_token=2d0d7041&x-expires=1756281600&x-signature=6RRh0sV%2BMiFopbDnto6in1a21L8%3D&t=4d5b0474&ps=13740610&shp=30310797&shcp=ff37627b&idc=useast5",
                    "_total_reply": null,
                    "_replies": []
                }
            ]
        },
        {
            "_comment_id": "7469424968523875094",
            "_username": "melirkl",
            "_nickname": "Meli 🌷",
            "_comment": "This is so adorable, look at how giant the bags are😍",
            "_create_time": "2025-02-09T15:24:28",
            "_avatar": "https://p16-common-sign-va.tiktokcdn-us.com/tos-maliva-avt-0068/c64710761e6adfc460922725f68d2f2c~tplv-tiktokx-cropcenter:100:100.jpg?dr=9640&refresh_token=6f2da50b&x-expires=1756281600&x-signature=abF4fwS%2FA28YBw2X%2FCOv2Efx%2F3c%3D&t=4d5b0474&ps=13740610&shp=30310797&shcp=ff37627b&idc=useast5",
            "_total_reply": 1,
            "_replies": [
                {
                    "_comment_id": "7468228769208484641",
                    "_username": "lancome.official",
                    "_nickname": "Lancôme",
                    "_comment": "the cutest 🥹 💕",
                    "_create_time": "2025-02-09T19:08:29",
                    "_avatar": "https://p19-common-sign-va.tiktokcdn-us.com/tos-maliva-avt-0068/9424f6caa6a8781766ccf45ddf0a0a0d~tplv-tiktokx-cropcenter:100:100.jpg?dr=9640&refresh_token=4e732867&x-expires=1756281600&x-signature=5PN4EHVgtRvUll6IF2OIT9lcCWk%3D&t=4d5b0474&ps=13740610&shp=30310797&shcp=ff37627b&idc=useast5",
                    "_total_reply": null,
                    "_replies": []
                }
            ]
        },
        {
            "_comment_id": "7469374853873042198",
            "_username": "anabellajuranic",
            "_nickname": "anabella",
            "_comment": "earlyy,im obsessed😍😍",
            "_create_time": "2025-02-09T12:10:13",
            "_avatar": "https://p16-common-sign-va.tiktokcdn-us.com/tos-maliva-avt-0068/cdcb98f61331d0aa70fa131185230690~tplv-tiktokx-cropcenter:100:100.jpg?dr=9640&refresh_token=4e80b747&x-expires=1756281600&x-signature=FFySRwkDKqrAKda9pQKViPJAn9o%3D&t=4d5b0474&ps=13740610&shp=30310797&shcp=ff37627b&idc=useast5",
            "_total_reply": 0,
            "_replies": []
        },
        {
            "_comment_id": "7481756067443163926",
            "_username": "madrepolux",
            "_nickname": "BOMBITA",
            "_comment": "💜💜💜💜",
            "_create_time": "2025-03-14T19:54:56",
            "_avatar": "https://p16-common-sign-useast2a.tiktokcdn-us.com/tos-useast2a-avt-0068-euttp/4916ebec0a7fbbf4adc23fddf0036ff3~tplv-tiktokx-cropcenter:100:100.jpg?dr=9640&refresh_token=68d34ed4&x-expires=1756281600&x-signature=zab8XaT2QqWyuGh4BbLelifwDAA%3D&t=4d5b0474&ps=13740610&shp=30310797&shcp=ff37627b&idc=useast5",
            "_total_reply": 0,
            "_replies": []
        },
        {
            "_comment_id": "7469805116067414814",
            "_username": "pam.dsouza",
            "_nickname": "Pam Dsouza",
            "_comment": "❤️♥️♥️",
            "_create_time": "2025-02-10T16:00:18",
            "_avatar": "https://p19-pu-sign-useast8.tiktokcdn-us.com/tos-useast8-avt-0068-tx2/8ac3115bd7fca0c17ae532b50a26a779~tplv-tiktokx-cropcenter:100:100.jpg?dr=9640&refresh_token=6821c919&x-expires=1756281600&x-signature=SLFoXT6JbZ3aWuklUEJwm4IfJGI%3D&t=4d5b0474&ps=13740610&shp=30310797&shcp=ff37627b&idc=useast5",
            "_total_reply": 0,
            "_replies": []
        },
        {
            "_comment_id": "7472496197145641750",
            "_username": "martaczx7",
            "_nickname": "Marta🤍",
            "_comment": "😍😍😍",
            "_create_time": "2025-02-17T22:02:18",
            "_avatar": "https://p16-common-sign-va.tiktokcdn-us.com/tos-maliva-avt-0068/7693e0d54fea996a5de00743aec9950d~tplv-tiktokx-cropcenter:100:100.jpg?dr=9640&refresh_token=677cefb3&x-expires=1756281600&x-signature=OXvpK2p5ZNXmq9kmunVZguBsYrI%3D&t=4d5b0474&ps=13740610&shp=30310797&shcp=ff37627b&idc=useast5",
            "_total_reply": 0,
            "_replies": []
        },
        {
            "_comment_id": "7469379711329174294",
            "_username": "mamyii_dbzzl",
            "_nickname": "mamyii",
            "_comment": "💕🌸🌷🩷",
            "_create_time": "2025-02-09T12:28:44",
            "_avatar": "https://p16-common-sign-useast2a.tiktokcdn-us.com/tos-useast2a-avt-0068-euttp/f2ac30bc8c34b0a17fae0478c99e76cb~tplv-tiktokx-cropcenter:100:100.jpg?dr=9640&refresh_token=d7dee364&x-expires=1756281600&x-signature=9emgjddbSEzY6B2rykoCSNSgk88%3D&t=4d5b0474&ps=13740610&shp=30310797&shcp=ff37627b&idc=useast5",
            "_total_reply": 0,
            "_replies": []
        },
        {
            "_comment_id": "7469407141700240150",
            "_username": "annang042",
            "_nickname": "anna",
            "_comment": "🥰",
            "_create_time": "2025-02-09T14:15:17",
            "_avatar": "https://p16-common-sign-va.tiktokcdn-us.com/tos-maliva-avt-0068/7c3e761751fa337405fde2251afc615e~tplv-tiktokx-cropcenter:100:100.jpg?dr=9640&refresh_token=befccaa7&x-expires=1756281600&x-signature=OH9WjLfCva35OuknflOFPmIJqms%3D&t=4d5b0474&ps=13740610&shp=30310797&shcp=ff37627b&idc=useast5",
            "_total_reply": 0,
            "_replies": []
        },
        {
            "_comment_id": "7479914107043775240",
            "_username": "sensesofargita",
            "_nickname": "Senses of argita",
            "_comment": "😍😍😍",
            "_create_time": "2025-03-09T20:47:23",
            "_avatar": "https://p16-common-sign-sg.tiktokcdn-us.com/tos-alisg-avt-0068/fdeae0be62a9be657856a6d3998c1065~tplv-tiktokx-cropcenter:100:100.jpg?dr=9640&refresh_token=9ddb5518&x-expires=1756281600&x-signature=%2B%2F6ma9BG3a2d0YAc9auK45Iv2Cw%3D&t=4d5b0474&ps=13740610&shp=30310797&shcp=ff37627b&idc=useast5",
            "_total_reply": 0,
            "_replies": []
        },
        {
            "_comment_id": "7500202546964890390",
            "_username": "sea2108",
            "_nickname": "SEA💙",
            "_comment": "❤️",
            "_create_time": "2025-05-03T13:56:37",
            "_avatar": "https://p19-common-sign-va.tiktokcdn-us.com/tos-maliva-avt-0068/6c71247e7bcad0691e887682a51ca050~tplv-tiktokx-cropcenter:100:100.jpg?dr=9640&refresh_token=0f7e1f17&x-expires=1756281600&x-signature=kyg%2FgsWm2KwyUEyvQLPC5RZFPjk%3D&t=4d5b0474&ps=13740610&shp=30310797&shcp=ff37627b&idc=useast5",
            "_total_reply": 0,
            "_replies": []
        },
        {
            "_comment_id": "7483496014864401174",
            "_username": "raulin4891",
            "_nickname": "Raulin",
            "_comment": "🥰🥰",
            "_create_time": "2025-03-19T12:26:53",
            "_avatar": "https://p16-common-sign-useast2a.tiktokcdn-us.com/tos-useast2a-avt-0068-euttp/7390748717861011489~tplv-tiktokx-cropcenter:100:100.jpg?dr=9640&refresh_token=dd860e0c&x-expires=1756281600&x-signature=Ps%2F%2BjPQRGLV2hmZhv4UdtCvnI%2Bc%3D&t=4d5b0474&ps=13740610&shp=30310797&shcp=ff37627b&idc=useast5",
            "_total_reply": 0,
            "_replies": []
        },
        {
            "_comment_id": "7469461689902580486",
            "_username": "lia_victoriav",
            "_nickname": "Lia Victoria 🤍✨🎀",
            "_comment": "@Lancôme I really want to try all your products please seee my videos and send me pr 🤍🤍",
            "_create_time": "2025-02-09T17:46:37",
            "_avatar": "https://p16-common-sign-va.tiktokcdn-us.com/tos-maliva-avt-0068/f5bd0848c42715655a7f0d0160326d4f~tplv-tiktokx-cropcenter:100:100.jpg?dr=9640&refresh_token=ab38c467&x-expires=1756281600&x-signature=fnCVoKMN5XpSBmfCearOFliYkOE%3D&t=4d5b0474&ps=13740610&shp=30310797&shcp=ff37627b&idc=useast5",
            "_total_reply": 0,
            "_replies": []
        },
        {
            "_comment_id": "7469518390319989526",
            "_username": "ladaronneaskip",
            "_nickname": "𝐋𝐃𝐀",
            "_comment": "J’ai oublié mon parapluie la bas aujourd’hui 😢",
            "_create_time": "2025-02-09T21:26:44",
            "_avatar": "https://p16-common-sign-va.tiktokcdn-us.com/tos-maliva-avt-0068/3cffe4497da19f460c495964ce23532c~tplv-tiktokx-cropcenter:100:100.jpg?dr=9640&refresh_token=68d4c85c&x-expires=1756281600&x-signature=Vtoh9%2FWyByiNtD2GzVLg9WtXNQI%3D&t=4d5b0474&ps=13740610&shp=30310797&shcp=ff37627b&idc=useast5",
            "_total_reply": 0,
            "_replies": []
        },
        {
            "_comment_id": "7473133846746825494",
            "_username": "_emaan209",
            "_nickname": "E",
            "_comment": "sample",
            "_create_time": "2025-02-19T15:16:43",
            "_avatar": "https://p19-common-sign-useast2a.tiktokcdn-us.com/tos-useast2a-avt-0068-euttp/05e1dba6800c956f744329fd867dbfc5~tplv-tiktokx-cropcenter:100:100.jpg?dr=9640&refresh_token=152024ce&x-expires=1756281600&x-signature=4mzstiVq%2BKJKtACn2oLIsi8lwPA%3D&t=4d5b0474&ps=13740610&shp=30310797&shcp=ff37627b&idc=useast5",
            "_total_reply": 0,
            "_replies": []
        }
    ],
    "total_comments": 23
}