{
    "original_url": "https://www.tiktok.com/@lancome.official/video/7471953499798932758",
    "video_id": "7471953499798932758",
    "description": "Showtime 💕 Isabella and Nico get ready for 25-year Lancôme x EE BAFTA Film Awards beauty partnership party held on Friday night in London 🙌 #Lancome #IsabellaRossellini #NicoParker #LancomexIsabella #LancomexNico #FlutterExtension #Mascara #LipIdole #EEBAFTAs",
    "video_url": "https://m.tiktok.com/v/7471953499798932758.html?_d=0&comment_author_id=7019347845775770629&preview_pb=0&share_comment_id=7471964428683592470&share_item_id=7471953499798932758&sharer_language=en&source=h5_m&u_code=0",
    "tags": [
        "#Lancome",
        "#IsabellaRossellini",
        "#NicoParker",
        "#LancomexIsabella",
        "#LancomexNico",
        "#FlutterExtension",
        "#Mascara",
        "#LipIdole",
        "#EEBAFTAs"
    ],
    "comments": [
        {
            "_comment_id": "7471964428683592470",
            "_username": "olcsitv",
            "_nickname": "Olivia🕳️",
            "_comment": "here before 100like",
            "_create_time": "2025-02-16T11:38:44",
            "_avatar": "https://p16-common-sign-va.tiktokcdn-us.com/tos-maliva-avt-0068/1937ed8007f0c9de62f15d6737426379~tplv-tiktokx-cropcenter:100:100.jpg?dr=9640&refresh_token=cce4f5b1&x-expires=1756281600&x-signature=MjVIdsQyf7uWqRTrHJuOynRJA4Q%3D&t=4d5b0474&ps=13740610&shp=30310797&shcp=ff37627b&idc=useast5",
            "_total_reply": 0,
            "_replies": []
        },
        {
            "_comment_id": "7471966306758624032",
            "_username": "naomisnews",
            "_nickname": "Naomi Sanders 🏴󠁧󠁢󠁷󠁬󠁳󠁿",
            "_comment": "Isabella still looks stunning now as she did in Death Becomes Her - what an icon!",
            "_create_time": "2025-02-16T11:47:37",
            "_avatar": "https://p16-common-sign-va.tiktokcdn-us.com/tos-maliva-avt-0068/452afda9e51c4fa5ea5d10e18b3c0f46~tplv-tiktokx-cropcenter:100:100.jpg?dr=9640&refresh_token=cc6a735d&x-expires=1756281600&x-signature=4Z5QsD2V9jQ2pFJx2Xk3v6DEV1o%3D&t=4d5b0474&ps=13740610&shp=30310797&shcp=ff37627b&idc=useast5",
            "_total_reply": 0,
            "_replies": []
        },
        {
            "_comment_id": "7472001956759339798",
            "_username": "ecrin_xo",
            "_nickname": "𝐄𝐂𝐑𝐈𝐍 💝",
            "_comment": "tell olivia that i’m a big fan of her!!💞",
            "_create_time": "2025-02-16T14:04:14",
            "_avatar": "https://p16-common-sign-va.tiktokcdn-us.com/tos-maliva-avt-0068/face0cd0a7737aa825827a396db3acd3~tplv-tiktokx-cropcenter:100:100.jpg?dr=9640&refresh_token=9f57714e&x-expires=1756281600&x-signature=piGp0fdT4HvqFt2Xwa6rTLdUIj0%3D&t=4d5b0474&ps=13740610&shp=30310797&shcp=ff37627b&idc=useast5",
            "_total_reply": 0,
            "_replies": []
        },
        {
            "_comment_id": "7472143022432453406",
            "_username": "genavievesusana",
            "_nickname": "𝑔𝑒𝓃𝒶𝓋𝒾𝑒𝓋𝑒",
            "_comment": "Beautiful",
            "_create_time": "2025-02-16T23:11:29",
            "_avatar": "https://p19-pu-sign-useast8.tiktokcdn-us.com/tos-useast8-avt-0068-tx2/96cd9b9908a8a031d602b88474fe6cbb~tplv-tiktokx-cropcenter:100:100.jpg?dr=9640&refresh_token=ac9db8ec&x-expires=1756281600&x-signature=oErbbrZ2cyGdduu5H%2Bh6jw2U83o%3D&t=4d5b0474&ps=13740610&shp=30310797&shcp=ff37627b&idc=useast5",
            "_total_reply": 0,
            "_replies": []
        },
        {
            "_comment_id": "7472378618619740950",
            "_username": "milena.deer",
            "_nickname": "milena 💋",
            "_comment": "when is this mascara released?",
            "_create_time": "2025-02-17T14:26:11",
            "_avatar": "https://p16-common-sign-useast2a.tiktokcdn-us.com/tos-useast2a-avt-0068-euttp/b5d098fd0951ba35b346894aeecfbabc~tplv-tiktokx-cropcenter:100:100.jpg?dr=9640&refresh_token=1d00cd6b&x-expires=1756281600&x-signature=8ExLjU4EyxHgFCkJfRtYNy9q9ko%3D&t=4d5b0474&ps=13740610&shp=30310797&shcp=ff37627b&idc=useast5",
            "_total_reply": 2,
            "_replies": [
                {
                    "_comment_id": "7469714388145423136",
                    "_username": "lancome.official",
                    "_nickname": "Lancôme",
                    "_comment": "It's already out! 🤭",
                    "_create_time": "2025-02-17T15:47:03",
                    "_avatar": "https://p16-common-sign-va.tiktokcdn-us.com/tos-maliva-avt-0068/9424f6caa6a8781766ccf45ddf0a0a0d~tplv-tiktokx-cropcenter:100:100.jpg?dr=9640&refresh_token=2d0d7041&x-expires=1756281600&x-signature=6RRh0sV%2BMiFopbDnto6in1a21L8%3D&t=4d5b0474&ps=13740610&shp=30310797&shcp=ff37627b&idc=useast5",
                    "_total_reply": null,
                    "_replies": []
                },
                {
                    "_comment_id": "7472407103207490326",
                    "_username": "milena.deer",
                    "_nickname": "milena 💋",
                    "_comment": "ooo are samples available?",
                    "_create_time": "2025-02-17T16:16:31",
                    "_avatar": "https://p16-common-sign-useast2a.tiktokcdn-us.com/tos-useast2a-avt-0068-euttp/b5d098fd0951ba35b346894aeecfbabc~tplv-tiktokx-cropcenter:100:100.jpg?dr=9640&refresh_token=1d00cd6b&x-expires=1756281600&x-signature=8ExLjU4EyxHgFCkJfRtYNy9q9ko%3D&t=4d5b0474&ps=13740610&shp=30310797&shcp=ff37627b&idc=useast5",
                    "_total_reply": null,
                    "_replies": []
                }
            ]
        },
        {
            "_comment_id": "7472025826008728351",
            "_username": "jessicalynlive",
            "_nickname": "Jessica Stevenson",
            "_comment": "Those lashes are stunning i",
            "_create_time": "2025-02-16T15:37:01",
            "_avatar": "https://p16-pu-sign-useast8.tiktokcdn-us.com/tos-useast5-avt-0068-tx/7319865140487143470~tplv-tiktokx-cropcenter:100:100.jpg?dr=9640&refresh_token=c10020bb&x-expires=1756281600&x-signature=qqawfK4qd6kHRxx3RDPIIHCtU68%3D&t=4d5b0474&ps=13740610&shp=30310797&shcp=ff37627b&idc=useast5",
            "_total_reply": 0,
            "_replies": []
        },
        {
            "_comment_id": "7471954704060318471",
            "_username": "noorbaghdadi57",
            "_nickname": "noorzii 🦋",
            "_comment": "SECOND , AMAZINGGGG , LOVE YOU OLIVIAAAA",
            "_create_time": "2025-02-16T11:00:41",
            "_avatar": "https://p16-common-sign-sg.tiktokcdn-us.com/tos-alisg-avt-0068/47cb785dc0791faa7f9eb18633733736~tplv-tiktokx-cropcenter:100:100.jpg?dr=9640&refresh_token=354301db&x-expires=1756281600&x-signature=k4u%2BAEb4bMgqGtucR676p%2F3LTOo%3D&t=4d5b0474&ps=13740610&shp=30310797&shcp=ff37627b&idc=useast5",
            "_total_reply": 0,
            "_replies": []
        },
        {
            "_comment_id": "7471990175305712417",
            "_username": "amyc3333",
            "_nickname": "amy",
            "_comment": "Love it",
            "_create_time": "2025-02-16T13:20:43",
            "_avatar": "https://p16-common-sign-useast2a.tiktokcdn-us.com/tos-useast2a-avt-0068-euttp/373c2741cc83811383913b9ee25c01d5~tplv-tiktokx-cropcenter:100:100.jpg?dr=9640&refresh_token=62ea7c95&x-expires=1756281600&x-signature=pHYUarwJiB6FavzYtsFGKJr0WhU%3D&t=4d5b0474&ps=13740610&shp=30310797&shcp=ff37627b&idc=useast5",
            "_total_reply": 0,
            "_replies": []
        },
        {
            "_comment_id": "7474301743451505430",
            "_username": "zara.x748",
            "_nickname": "𝘇ꨄ",
            "_comment": "😊",
            "_create_time": "2025-02-22T18:48:36",
            "_avatar": "https://p19-common-sign-useast2a.tiktokcdn-us.com/tos-useast2a-avt-0068-euttp/fb221d42118cbe1a06509fa00c255ee4~tplv-tiktokx-cropcenter:100:100.jpg?dr=9640&refresh_token=292492ab&x-expires=1756281600&x-signature=65B45n8XsA1IHNn0NBSTZ28RA20%3D&t=4d5b0474&ps=13740610&shp=30310797&shcp=ff37627b&idc=useast5",
            "_total_reply": 0,
            "_replies": []
        },
        {
            "_comment_id": "7472114744880399126",
            "_username": "melirkl",
            "_nickname": "Meli 🌷",
            "_comment": "😍😍😍😍",
            "_create_time": "2025-02-16T21:22:00",
            "_avatar": "https://p16-common-sign-va.tiktokcdn-us.com/tos-maliva-avt-0068/c64710761e6adfc460922725f68d2f2c~tplv-tiktokx-cropcenter:100:100.jpg?dr=9640&refresh_token=6f2da50b&x-expires=1756281600&x-signature=abF4fwS%2FA28YBw2X%2FCOv2Efx%2F3c%3D&t=4d5b0474&ps=13740610&shp=30310797&shcp=ff37627b&idc=useast5",
            "_total_reply": 0,
            "_replies": []
        },
        {
            "_comment_id": "7486062438166594327",
            "_username": "jessikaunfiltered",
            "_nickname": "JESSIKA",
            "_comment": "❤️❤️❤️",
            "_create_time": "2025-03-26T10:25:52",
            "_avatar": "https://p16-common-sign-va.tiktokcdn-us.com/tos-maliva-avt-0068/2f549947d209147fac246b02b2efe291~tplv-tiktokx-cropcenter:100:100.jpg?dr=9640&refresh_token=dd7baca8&x-expires=1756281600&x-signature=CKXuS2eTYQUq26hrDMTykfBL8hE%3D&t=4d5b0474&ps=13740610&shp=30310797&shcp=ff37627b&idc=useast5",
            "_total_reply": 0,
            "_replies": []
        },
        {
            "_comment_id": "7471958458889028374",
            "_username": "eylese",
            "_nickname": "🤍Oliwia🤍",
            "_comment": "❤️❤️❤️",
            "_create_time": "2025-02-16T11:15:39",
            "_avatar": "https://p16-common-sign-va.tiktokcdn-us.com/tos-maliva-avt-0068/5762bbbf4db388900af849ee6c7c8115~tplv-tiktokx-cropcenter:100:100.jpg?dr=9640&refresh_token=bf7686a2&x-expires=1756281600&x-signature=jwnlMCNhR93vk%2FhWIaKiKMcKUEA%3D&t=4d5b0474&ps=13740610&shp=30310797&shcp=ff37627b&idc=useast5",
            "_total_reply": 0,
            "_replies": []
        },
        {
            "_comment_id": "7472041080097620758",
            "_username": "annang042",
            "_nickname": "anna",
            "_comment": "🥰",
            "_create_time": "2025-02-16T16:36:26",
            "_avatar": "https://p16-common-sign-va.tiktokcdn-us.com/tos-maliva-avt-0068/7c3e761751fa337405fde2251afc615e~tplv-tiktokx-cropcenter:100:100.jpg?dr=9640&refresh_token=befccaa7&x-expires=1756281600&x-signature=OH9WjLfCva35OuknflOFPmIJqms%3D&t=4d5b0474&ps=13740610&shp=30310797&shcp=ff37627b&idc=useast5",
            "_total_reply": 0,
            "_replies": []
        },
        {
            "_comment_id": "7475161354438804257",
            "_username": "anitawilliams677",
            "_nickname": "anitawilliams677",
            "_comment": "❤️❤️",
            "_create_time": "2025-02-25T01:27:15",
            "_avatar": "https://p16-common-sign-va.tiktokcdn-us.com/tos-maliva-avt-0068/efa7c0807320bf605f5b5482c25ae903~tplv-tiktokx-cropcenter:100:100.jpg?dr=9640&refresh_token=cbaa779f&x-expires=1756281600&x-signature=cuzM6ycUOWLhH1%2F%2BgjoOQ%2Bf4P5Q%3D&t=4d5b0474&ps=13740610&shp=30310797&shcp=ff37627b&idc=useast5",
            "_total_reply": 0,
            "_replies": []
        },
        {
            "_comment_id": "7471979330664284950",
            "_username": "gab1.08x",
            "_nickname": "gabi 𖣂",
            "_comment": "@sophia🧘‍♀️ thid is cute sample tok",
            "_create_time": "2025-02-16T12:36:38",
            "_avatar": "https://p19-common-sign-va.tiktokcdn-us.com/tos-maliva-avt-0068/fe066d57a7dcb9e330ed3efa6c87c198~tplv-tiktokx-cropcenter:100:100.jpg?dr=9640&refresh_token=7a4782f6&x-expires=1756281600&x-signature=FBp9Y6W7NPcZddIXQ7kQvu9rEUg%3D&t=4d5b0474&ps=13740610&shp=30310797&shcp=ff37627b&idc=useast5",
            "_total_reply": 0,
            "_replies": []
        },
        {
            "_comment_id": "7472978721756349206",
            "_username": "isabelelectrabere",
            "_nickname": "Isabel Electra Beren",
            "_comment": "More Isabella please @Lancôme ❤️❤️❤️❤️",
            "_create_time": "2025-02-19T05:18:54",
            "_avatar": "https://p16-common-sign-va.tiktokcdn-us.com/tos-maliva-avt-0068/1579f4dbe897784b7c6726dc565d9795~tplv-tiktokx-cropcenter:100:100.jpg?dr=9640&refresh_token=d412b7d9&x-expires=1756281600&x-signature=j71UURGmRFNAbeobhemrxct%2B9qs%3D&t=4d5b0474&ps=13740610&shp=30310797&shcp=ff37627b&idc=useast5",
            "_total_reply": 0,
            "_replies": []
        },
        {
            "_comment_id": "7471959074587673366",
            "_username": "magnet.meup",
            "_nickname": "Magnet.meup",
            "_comment": "✨",
            "_create_time": "2025-02-16T11:18:02",
            "_avatar": "https://p16-common-sign-useast2a.tiktokcdn-us.com/tos-useast2a-avt-0068-euttp/776d54a2cc1c188989ab1eb5a1dfb1f8~tplv-tiktokx-cropcenter:100:100.jpg?dr=9640&refresh_token=fb4427aa&x-expires=1756281600&x-signature=GGi7oJaWqlsMIybS3WxYS%2B2w%2BVQ%3D&t=4d5b0474&ps=13740610&shp=30310797&shcp=ff37627b&idc=useast5",
            "_total_reply": 0,
            "_replies": []
        },
        {
            "_comment_id": "7486616725808923414",
            "_username": "urmomsahoe100",
            "_nickname": "UrmomsDilf",
            "_comment": "😍😍😍",
            "_create_time": "2025-03-27T22:16:45",
            "_avatar": "https://p16-common-sign-va.tiktokcdn-us.com/tos-maliva-avt-0068/63984cc4fcbd45b0fedab7bd74efe5e7~tplv-tiktokx-cropcenter:100:100.jpg?dr=9640&refresh_token=c8fa2bb7&x-expires=1756281600&x-signature=W%2FALqqBIeWJ7TXzXl4qXFPIw23Q%3D&t=4d5b0474&ps=13740610&shp=30310797&shcp=ff37627b&idc=useast5",
            "_total_reply": 0,
            "_replies": []
        },
        {
            "_comment_id": "7471953984267191058",
            "_username": "myraaa_133",
            "_nickname": "m",
            "_comment": "first cause I was stalking",
            "_create_time": "2025-02-16T10:57:49",
            "_avatar": "https://p16-common-sign-sg.tiktokcdn-us.com/tos-alisg-avt-0068/d581009964116b46d6801d4d3b2eaa84~tplv-tiktokx-cropcenter:100:100.jpg?dr=9640&refresh_token=63773c77&x-expires=1756281600&x-signature=nnsWIeRc2MZVAJIXDzvOa2PG%2Bek%3D&t=4d5b0474&ps=13740610&shp=30310797&shcp=ff37627b&idc=useast5",
            "_total_reply": 2,
            "_replies": [
                {
                    "_comment_id": "7470194550120891169",
                    "_username": "lancome.official",
                    "_nickname": "Lancôme",
                    "_comment": "🤭 💕",
                    "_create_time": "2025-02-16T11:10:56",
                    "_avatar": "https://p16-common-sign-va.tiktokcdn-us.com/tos-maliva-avt-0068/9424f6caa6a8781766ccf45ddf0a0a0d~tplv-tiktokx-cropcenter:100:100.jpg?dr=9640&refresh_token=2d0d7041&x-expires=1756281600&x-signature=6RRh0sV%2BMiFopbDnto6in1a21L8%3D&t=4d5b0474&ps=13740610&shp=30310797&shcp=ff37627b&idc=useast5",
                    "_total_reply": null,
                    "_replies": []
                },
                {
                    "_comment_id": "7471998664476377863",
                    "_username": "myraaa_133",
                    "_nickname": "m",
                    "_comment": "UHM HELLO??",
                    "_create_time": "2025-02-16T13:51:13",
                    "_avatar": "https://p16-common-sign-sg.tiktokcdn-us.com/tos-alisg-avt-0068/d581009964116b46d6801d4d3b2eaa84~tplv-tiktokx-cropcenter:100:100.jpg?dr=9640&refresh_token=63773c77&x-expires=1756281600&x-signature=nnsWIeRc2MZVAJIXDzvOa2PG%2Bek%3D&t=4d5b0474&ps=13740610&shp=30310797&shcp=ff37627b&idc=useast5",
                    "_total_reply": null,
                    "_replies": []
                }
            ]
        },
        {
            "_comment_id": "7471972693114716950",
            "_username": "selestine100",
            "_nickname": "🖤𝔖𝔢𝔩𝔢𝔰𝔱𝔦𝔫𝔢🖤",
            "_comment": "Gives us more Isabella please 🥰",
            "_create_time": "2025-02-16T12:10:42",
            "_avatar": "https://p16-common-sign-va.tiktokcdn-us.com/tos-maliva-avt-0068/9acd22ec6b279e5f78827f7416a0f17c~tplv-tiktokx-cropcenter:100:100.jpg?dr=9640&refresh_token=7f189d9b&x-expires=1756281600&x-signature=xnmk21HGXSHR1h2VHfPj61xDh30%3D&t=4d5b0474&ps=13740610&shp=30310797&shcp=ff37627b&idc=useast5",
            "_total_reply": 0,
            "_replies": []
        },
        {
            "_comment_id": "7472165916789981974",
            "_username": "morpheus_system_balance",
            "_nickname": "Morph",
            "_comment": "mumies",
            "_create_time": "2025-02-17T00:41:17",
            "_avatar": "https://p16-common-sign-va.tiktokcdn-us.com/tos-maliva-avt-0068/362514169755d64f2264288dcd1af818~tplv-tiktokx-cropcenter:100:100.jpg?dr=9640&refresh_token=fb64ec7a&x-expires=1756281600&x-signature=bn8VhT8YkFc7P5%2BEMKfV4YKSqyA%3D&t=4d5b0474&ps=13740610&shp=30310797&shcp=ff37627b&idc=useast5",
            "_total_reply": 0,
            "_replies": []
        },
        {
            "_comment_id": "7471955777735361298",
            "_username": "maya_ayam50",
            "_nickname": "maya_ayam",
            "_comment": "good product but expensive 🔥",
            "_create_time": "2025-02-16T11:04:55",
            "_avatar": "https://p16-common-sign-sg.tiktokcdn-us.com/tos-alisg-avt-0068/34c96f97b308e613df092502be07a6de~tplv-tiktokx-cropcenter:100:100.jpg?dr=9640&refresh_token=2521a090&x-expires=1756281600&x-signature=foGFbX4ZHwll2ABVebZ9505qo8U%3D&t=4d5b0474&ps=13740610&shp=30310797&shcp=ff37627b&idc=useast5",
            "_total_reply": 0,
            "_replies": []
        }
    ],
    "total_comments": 22
}