{
    "original_url": "https://www.tiktok.com/@lancome.official/video/7472699136257674518",
    "video_id": "7472699136257674518",
    "description": "",
    "video_url": "",
    "tags": [],
    "comments": [
        {
            "_comment_id": "7489279287592108846",
            "_username": "nataly__adeeva",
            "_nickname": "Nataly Adeeva",
            "_comment": "My fav mascara!! 😍🫶🏻💗",
            "_create_time": "2025-04-04T02:29:06",
            "_avatar": "https://p19-sign.tiktokcdn-us.com/tos-useast5-avt-0068-tx/cb8628d403cf5ea60d2adbdc66648719~tplv-tiktokx-cropcenter:100:100.jpg?dr=9640&refresh_token=26c666cc&x-expires=1756281600&x-signature=k5ULK5G60ZsDmAPcIDNawx3fh4I%3D&t=4d5b0474&ps=13740610&shp=30310797&shcp=ff37627b&idc=useast5",
            "_total_reply": 0,
            "_replies": []
        },
        {
            "_comment_id": "7480670558771495687",
            "_username": "raedaabdulmasih",
            "_nickname": "roro",
            "_comment": "Big like it ❣️",
            "_create_time": "2025-03-11T21:42:53",
            "_avatar": "https://p16-common-sign-sg.tiktokcdn-us.com/tos-alisg-avt-0068/ecdf0dc2ac479569403762d532ab6286~tplv-tiktokx-cropcenter:100:100.jpg?dr=9640&refresh_token=ff4a475b&x-expires=1756281600&x-signature=sjhgU5c%2BzQxfJC4XF7Ad1Kg8Woc%3D&t=4d5b0474&ps=13740610&shp=30310797&shcp=ff37627b&idc=useast5",
            "_total_reply": 0,
            "_replies": []
        },
        {
            "_comment_id": "7482012182641935126",
            "_username": "lifeofmrstlm2013",
            "_nickname": "lifeofmrstlm2013",
            "_comment": "beauty at it's best 🎀🌷🎀",
            "_create_time": "2025-03-15T12:28:46",
            "_avatar": "https://p16-common-sign-va.tiktokcdn-us.com/musically-maliva-obj/1594805258216454~tplv-tiktokx-cropcenter:100:100.jpg?dr=9640&refresh_token=e95abb24&x-expires=1756281600&x-signature=3sj6OaLiS8USBUJlFKzdpJPzweM%3D&t=4d5b0474&ps=13740610&shp=30310797&shcp=ff37627b&idc=useast5",
            "_total_reply": 0,
            "_replies": []
        },
        {
            "_comment_id": "7472875650953528097",
            "_username": "mitchthemommy",
            "_nickname": "Michelle Lynch",
            "_comment": "beautiful",
            "_create_time": "2025-02-18T22:35:22",
            "_avatar": "https://p16-common-sign-useast2a.tiktokcdn-us.com/tos-useast2a-avt-0068-euttp/6920f07878d573199beb7ecf33571583~tplv-tiktokx-cropcenter:100:100.jpg?dr=9640&refresh_token=f935d486&x-expires=1756281600&x-signature=MmR0vJ3LEheUoxoFQWPFNfpa29U%3D&t=4d5b0474&ps=13740610&shp=30310797&shcp=ff37627b&idc=useast5",
            "_total_reply": 1,
            "_replies": [
                {
                    "_comment_id": "7473020834890760993",
                    "_username": "lancome.official",
                    "_nickname": "Lancôme",
                    "_comment": "❤️",
                    "_create_time": "2025-02-19T10:56:29",
                    "_avatar": "https://p16-common-sign-va.tiktokcdn-us.com/tos-maliva-avt-0068/9424f6caa6a8781766ccf45ddf0a0a0d~tplv-tiktokx-cropcenter:100:100.jpg?dr=9640&refresh_token=2d0d7041&x-expires=1756281600&x-signature=6RRh0sV%2BMiFopbDnto6in1a21L8%3D&t=4d5b0474&ps=13740610&shp=30310797&shcp=ff37627b&idc=useast5",
                    "_total_reply": null,
                    "_replies": []
                }
            ]
        },
        {
            "_comment_id": "7472852612476797727",
            "_username": "sepibeauty",
            "_nickname": "SEPIBEAUTY",
            "_comment": "OHMG I LOVE to try it ♥️♥️♥️♥️♥️",
            "_create_time": "2025-02-18T21:05:13",
            "_avatar": "https://p16-pu-sign-useast8.tiktokcdn-us.com/tos-useast8-avt-0068-tx2/9c9a53310c27848214db668f7df8fa31~tplv-tiktokx-cropcenter:100:100.jpg?dr=9640&refresh_token=1fbd1ac4&x-expires=1756281600&x-signature=QjsB0S0hEiot70cjsfoT8IX44Ac%3D&t=4d5b0474&ps=13740610&shp=30310797&shcp=ff37627b&idc=useast5",
            "_total_reply": 0,
            "_replies": []
        },
        {
            "_comment_id": "7477137300935361302",
            "_username": "plaitanboy",
            "_nickname": "prahya",
            "_comment": "looks fabulous",
            "_create_time": "2025-03-02T09:11:51",
            "_avatar": "https://p16-common-sign-useast2a.tiktokcdn-us.com/tos-useast2a-avt-0068-euttp/aa1d6b996a2884cb957b0b976098fc51~tplv-tiktokx-cropcenter:100:100.jpg?dr=9640&refresh_token=6d229c8b&x-expires=1756281600&x-signature=TX6rLjRMIk1lVdpC3PvzOY3fFlU%3D&t=4d5b0474&ps=13740610&shp=30310797&shcp=ff37627b&idc=useast5",
            "_total_reply": 1,
            "_replies": [
                {
                    "_comment_id": "7475377057485603617",
                    "_username": "lancome.official",
                    "_nickname": "Lancôme",
                    "_comment": "So easy on the eyes 😍",
                    "_create_time": "2025-03-02T18:51:52",
                    "_avatar": "https://p19-common-sign-va.tiktokcdn-us.com/tos-maliva-avt-0068/9424f6caa6a8781766ccf45ddf0a0a0d~tplv-tiktokx-cropcenter:100:100.jpg?dr=9640&refresh_token=4e732867&x-expires=1756281600&x-signature=5PN4EHVgtRvUll6IF2OIT9lcCWk%3D&t=4d5b0474&ps=13740610&shp=30310797&shcp=ff37627b&idc=useast5",
                    "_total_reply": null,
                    "_replies": []
                }
            ]
        },
        {
            "_comment_id": "7476468279868179222",
            "_username": "f.hussx",
            "_nickname": "♡♡♡",
            "_comment": "sample plsmx",
            "_create_time": "2025-02-28T13:55:33",
            "_avatar": "https://p16-common-sign-va.tiktokcdn-us.com/tos-maliva-avt-0068/a79c38c8562c592adfc2c6660711cd00~tplv-tiktokx-cropcenter:100:100.jpg?dr=9640&refresh_token=a0b95f8f&x-expires=1756281600&x-signature=0sOOozYPHi2yBL28csWj0l1%2BfH0%3D&t=4d5b0474&ps=13740610&shp=30310797&shcp=ff37627b&idc=useast5",
            "_total_reply": 0,
            "_replies": []
        },
        {
            "_comment_id": "7473512966177637142",
            "_username": ".blueb3rryzx",
            "_nickname": ". ☁️ ✯",
            "_comment": "a needdd",
            "_create_time": "2025-02-20T15:47:55",
            "_avatar": "https://p16-common-sign-va.tiktokcdn-us.com/tos-maliva-avt-0068/e422a7b15eb3a8303a19fb84bf9e3fef~tplv-tiktokx-cropcenter:100:100.jpg?dr=9640&refresh_token=8cac2b61&x-expires=1756281600&x-signature=JYUvZuNzYsGek09nFIdViYF9QYc%3D&t=4d5b0474&ps=13740610&shp=30310797&shcp=ff37627b&idc=useast5",
            "_total_reply": 0,
            "_replies": []
        },
        {
            "_comment_id": "7472725135578678038",
            "_username": "sandrachavezs",
            "_nickname": "Sandra Chavez | Media Creator",
            "_comment": "Wooooow love it 🥰🥰🥰",
            "_create_time": "2025-02-18T12:50:51",
            "_avatar": "https://p16-common-sign-va.tiktokcdn-us.com/tos-maliva-avt-0068/c611270214ee1b6283b905277ff672d0~tplv-tiktokx-cropcenter:100:100.jpg?dr=9640&refresh_token=9050f803&x-expires=1756281600&x-signature=86qfIryxzeWDUONrUw8tOT9fBu4%3D&t=4d5b0474&ps=13740610&shp=30310797&shcp=ff37627b&idc=useast5",
            "_total_reply": 0,
            "_replies": []
        },
        {
            "_comment_id": "7478429822249042721",
            "_username": "flynn2beee",
            "_nickname": "Tory Flynn133",
            "_comment": "Need need need NOW! 😂😂😂",
            "_create_time": "2025-03-05T20:47:53",
            "_avatar": "https://p16-common-sign-useast2a.tiktokcdn-us.com/tos-useast2a-avt-0068-euttp/3306eb7d909aa11dfb2d7aa8e443cfe4~tplv-tiktokx-cropcenter:100:100.jpg?dr=9640&refresh_token=6349d8e6&x-expires=1756281600&x-signature=aihbHhAVcasHJACzS9edpPttqjI%3D&t=4d5b0474&ps=13740610&shp=30310797&shcp=ff37627b&idc=useast5",
            "_total_reply": 0,
            "_replies": []
        },
        {
            "_comment_id": "7472844924568797974",
            "_username": "beautyy.elii",
            "_nickname": "elisa ♡ makeup",
            "_comment": "i need everything😭💫",
            "_create_time": "2025-02-18T20:35:15",
            "_avatar": "https://p16-common-sign-va.tiktokcdn-us.com/tos-maliva-avt-0068/8a06dbd4cb1aed95d4f8fefd5f1f2c86~tplv-tiktokx-cropcenter:100:100.jpg?dr=9640&refresh_token=3bea5d28&x-expires=1756281600&x-signature=RZnZz4%2FhNYQCW9Lxo6aPxFQQwR8%3D&t=4d5b0474&ps=13740610&shp=30310797&shcp=ff37627b&idc=useast5",
            "_total_reply": 1,
            "_replies": [
                {
                    "_comment_id": "7473149634543895318",
                    "_username": "lancome.official",
                    "_nickname": "Lancôme",
                    "_comment": "*adds to cart* 🤭✨",
                    "_create_time": "2025-02-19T16:18:06",
                    "_avatar": "https://p16-common-sign-va.tiktokcdn-us.com/tos-maliva-avt-0068/9424f6caa6a8781766ccf45ddf0a0a0d~tplv-tiktokx-cropcenter:100:100.jpg?dr=9640&refresh_token=2d0d7041&x-expires=1756281600&x-signature=6RRh0sV%2BMiFopbDnto6in1a21L8%3D&t=4d5b0474&ps=13740610&shp=30310797&shcp=ff37627b&idc=useast5",
                    "_total_reply": null,
                    "_replies": []
                }
            ]
        },
        {
            "_comment_id": "7472925923807003414",
            "_username": "grumpcat8",
            "_nickname": "Grumpy cat",
            "_comment": "Neeeed",
            "_create_time": "2025-02-19T01:51:51",
            "_avatar": "https://p16-common-sign-va.tiktokcdn-us.com/tos-maliva-avt-0068/34149d63a8b28ffcef24f72c4a1d810e~tplv-tiktokx-cropcenter:100:100.jpg?dr=9640&refresh_token=af984d62&x-expires=1756281600&x-signature=0D3wnDkMiFlC7PLXHiWF8EpBnRI%3D&t=4d5b0474&ps=13740610&shp=30310797&shcp=ff37627b&idc=useast5",
            "_total_reply": 0,
            "_replies": []
        },
        {
            "_comment_id": "7473648298609083158",
            "_username": "noeminikita",
            "_nickname": "Noemi Nikita",
            "_comment": "Soo pretty ❤️",
            "_create_time": "2025-02-21T00:33:29",
            "_avatar": "https://p16-common-sign-va.tiktokcdn-us.com/tos-maliva-avt-0068/8f102dcc26f50e807fb7ff1f31ce4e84~tplv-tiktokx-cropcenter:100:100.jpg?dr=9640&refresh_token=09b70e8f&x-expires=1756281600&x-signature=LUKK6spksLlrNG%2FCwCti5Wo5p28%3D&t=4d5b0474&ps=13740610&shp=30310797&shcp=ff37627b&idc=useast5",
            "_total_reply": 0,
            "_replies": []
        },
        {
            "_comment_id": "7472700113988780822",
            "_username": "lauras_pen",
            "_nickname": "lauras_pen",
            "_comment": "she looks beautiful",
            "_create_time": "2025-02-18T11:14:02",
            "_avatar": "https://p16-common-sign-va.tiktokcdn-us.com/tos-maliva-avt-0068/366839d90362aa3ada3ef4dc807c895f~tplv-tiktokx-cropcenter:100:100.jpg?dr=9640&refresh_token=db3cffec&x-expires=1756281600&x-signature=pJ8nafg31RI2PKCvMJe62PCToKc%3D&t=4d5b0474&ps=13740610&shp=30310797&shcp=ff37627b&idc=useast5",
            "_total_reply": 0,
            "_replies": []
        },
        {
            "_comment_id": "7472717879269442326",
            "_username": "melirkl",
            "_nickname": "Meli 🌷",
            "_comment": "The packaging of the powder is so stunning🤩🤩",
            "_create_time": "2025-02-18T12:22:50",
            "_avatar": "https://p16-common-sign-va.tiktokcdn-us.com/tos-maliva-avt-0068/c64710761e6adfc460922725f68d2f2c~tplv-tiktokx-cropcenter:100:100.jpg?dr=9640&refresh_token=6f2da50b&x-expires=1756281600&x-signature=abF4fwS%2FA28YBw2X%2FCOv2Efx%2F3c%3D&t=4d5b0474&ps=13740610&shp=30310797&shcp=ff37627b&idc=useast5",
            "_total_reply": 1,
            "_replies": [
                {
                    "_comment_id": "7473149624187192086",
                    "_username": "lancome.official",
                    "_nickname": "Lancôme",
                    "_comment": "We’re swoon also 🥰",
                    "_create_time": "2025-02-19T16:17:51",
                    "_avatar": "https://p16-common-sign-va.tiktokcdn-us.com/tos-maliva-avt-0068/9424f6caa6a8781766ccf45ddf0a0a0d~tplv-tiktokx-cropcenter:100:100.jpg?dr=9640&refresh_token=2d0d7041&x-expires=1756281600&x-signature=6RRh0sV%2BMiFopbDnto6in1a21L8%3D&t=4d5b0474&ps=13740610&shp=30310797&shcp=ff37627b&idc=useast5",
                    "_total_reply": null,
                    "_replies": []
                }
            ]
        },
        {
            "_comment_id": "7472827991119643438",
            "_username": "nidia.de.leon8",
            "_nickname": "Nidia De leon",
            "_comment": "Beautiful 🥰🥰🥰🌹",
            "_create_time": "2025-02-18T19:29:34",
            "_avatar": "https://p19-pu-sign-useast8.tiktokcdn-us.com/tos-useast5-avt-0068-tx/816b72f2ace8ce43013954f0835af521~tplv-tiktokx-cropcenter:100:100.jpg?dr=9640&refresh_token=cb8ad2e7&x-expires=1756281600&x-signature=8CCJm1IRkMUcLUbAMzmcDFshqwM%3D&t=4d5b0474&ps=13740610&shp=30310797&shcp=ff37627b&idc=useast5",
            "_total_reply": 0,
            "_replies": []
        },
        {
            "_comment_id": "7472718846678123296",
            "_username": "amyc3333",
            "_nickname": "amy",
            "_comment": "Want this mascara",
            "_create_time": "2025-02-18T12:28:57",
            "_avatar": "https://p16-common-sign-useast2a.tiktokcdn-us.com/tos-useast2a-avt-0068-euttp/373c2741cc83811383913b9ee25c01d5~tplv-tiktokx-cropcenter:100:100.jpg?dr=9640&refresh_token=62ea7c95&x-expires=1756281600&x-signature=pHYUarwJiB6FavzYtsFGKJr0WhU%3D&t=4d5b0474&ps=13740610&shp=30310797&shcp=ff37627b&idc=useast5",
            "_total_reply": 1,
            "_replies": [
                {
                    "_comment_id": "7473149774519567126",
                    "_username": "lancome.official",
                    "_nickname": "Lancôme",
                    "_comment": "You’ll be obsessed after first application 🥰",
                    "_create_time": "2025-02-19T16:18:26",
                    "_avatar": "https://p16-common-sign-va.tiktokcdn-us.com/tos-maliva-avt-0068/9424f6caa6a8781766ccf45ddf0a0a0d~tplv-tiktokx-cropcenter:100:100.jpg?dr=9640&refresh_token=2d0d7041&x-expires=1756281600&x-signature=6RRh0sV%2BMiFopbDnto6in1a21L8%3D&t=4d5b0474&ps=13740610&shp=30310797&shcp=ff37627b&idc=useast5",
                    "_total_reply": null,
                    "_replies": []
                }
            ]
        },
        {
            "_comment_id": "7486332141602767658",
            "_username": "punkinpowerhouse",
            "_nickname": "Punkin🧚‍♂️🎃🎁",
            "_comment": "💘",
            "_create_time": "2025-03-27T03:52:47",
            "_avatar": "https://p19-sign.tiktokcdn-us.com/tos-useast5-avt-0068-tx/8f8541897a70c4a90d384cf7840e2aef~tplv-tiktokx-cropcenter:100:100.jpg?dr=9640&refresh_token=0a29ef5d&x-expires=1756281600&x-signature=qdD74mWI6j8KnDgZK%2BTriQsufps%3D&t=4d5b0474&ps=13740610&shp=30310797&shcp=ff37627b&idc=useast5",
            "_total_reply": 0,
            "_replies": []
        },
        {
            "_comment_id": "7472713136493347606",
            "_username": "ines.ugcc",
            "_nickname": "ines.ugcc",
            "_comment": "😍😍",
            "_create_time": "2025-02-18T12:04:39",
            "_avatar": "https://p16-common-sign-va.tiktokcdn-us.com/tos-maliva-avt-0068/1fd681e26872d6e6070f8f34bfaeaf5b~tplv-tiktokx-cropcenter:100:100.jpg?dr=9640&refresh_token=a85bd503&x-expires=1756281600&x-signature=SEgRQgxFqxcEzbsYcpJFyDk07ms%3D&t=4d5b0474&ps=13740610&shp=30310797&shcp=ff37627b&idc=useast5",
            "_total_reply": 0,
            "_replies": []
        },
        {
            "_comment_id": "7472793335175103254",
            "_username": "keeley_b21",
            "_nickname": "𝑲𝒆𝒆𝒍𝒆𝒚🫶🏼🌺",
            "_comment": "😍",
            "_create_time": "2025-02-18T17:15:13",
            "_avatar": "https://p16-common-sign-va.tiktokcdn-us.com/tos-maliva-avt-0068/da72343c948bd40caba91432dee6f2d9~tplv-tiktokx-cropcenter:100:100.jpg?dr=9640&refresh_token=7bf09081&x-expires=1756281600&x-signature=x9QKeh%2BZBX1StBS0q2sx3odgwgo%3D&t=4d5b0474&ps=13740610&shp=30310797&shcp=ff37627b&idc=useast5",
            "_total_reply": 0,
            "_replies": []
        },
        {
            "_comment_id": "7472711468950979350",
            "_username": "annang042",
            "_nickname": "anna",
            "_comment": "🥰",
            "_create_time": "2025-02-18T11:57:56",
            "_avatar": "https://p16-common-sign-va.tiktokcdn-us.com/tos-maliva-avt-0068/7c3e761751fa337405fde2251afc615e~tplv-tiktokx-cropcenter:100:100.jpg?dr=9640&refresh_token=befccaa7&x-expires=1756281600&x-signature=OH9WjLfCva35OuknflOFPmIJqms%3D&t=4d5b0474&ps=13740610&shp=30310797&shcp=ff37627b&idc=useast5",
            "_total_reply": 0,
            "_replies": []
        },
        {
            "_comment_id": "7472813358455767830",
            "_username": "rosannaavella2",
            "_nickname": "rosannaavella2",
            "_comment": "🥰🥰🥰",
            "_create_time": "2025-02-18T18:33:03",
            "_avatar": "https://p16-common-sign-va.tiktokcdn-us.com/tos-maliva-avt-0068/7325176820979466246~tplv-tiktokx-cropcenter:100:100.jpg?dr=9640&refresh_token=bcf68de7&x-expires=1756281600&x-signature=V6QeZvXoDa5e78zgQ7Bumwha3Pc%3D&t=4d5b0474&ps=13740610&shp=30310797&shcp=ff37627b&idc=useast5",
            "_total_reply": 0,
            "_replies": []
        },
        {
            "_comment_id": "7472798205699818263",
            "_username": "iliaanag",
            "_nickname": "Ilia Anag(Ήλια)😇",
            "_comment": "💎✨️🤍",
            "_create_time": "2025-02-18T17:34:21",
            "_avatar": "https://p16-common-sign-sg.tiktokcdn-us.com/tos-alisg-avt-0068/b21f2a83c4b855484b96ee18b57f5167~tplv-tiktokx-cropcenter:100:100.jpg?dr=9640&refresh_token=aff0a201&x-expires=1756281600&x-signature=B4Jrok5W9qMH%2B5nBVev5SHFXHWY%3D&t=4d5b0474&ps=13740610&shp=30310797&shcp=ff37627b&idc=useast5",
            "_total_reply": 0,
            "_replies": []
        },
        {
            "_comment_id": "7472789266632999702",
            "_username": "queeniesss5789",
            "_nickname": "tasha",
            "_comment": "❤️",
            "_create_time": "2025-02-18T16:59:24",
            "_avatar": "https://p16-common-sign-useast2a.tiktokcdn-us.com/tos-useast2a-avt-0068-euttp/b050c287b2caa6d79e833351538d3e02~tplv-tiktokx-cropcenter:100:100.jpg?dr=9640&refresh_token=c7834557&x-expires=1756281600&x-signature=pr8dXrxMhwEUBehYqILK6mo3Z7I%3D&t=4d5b0474&ps=13740610&shp=30310797&shcp=ff37627b&idc=useast5",
            "_total_reply": 0,
            "_replies": []
        },
        {
            "_comment_id": "7472853717491630891",
            "_username": "creativesuper1",
            "_nickname": "Follow me @creativesuper",
            "_comment": "@Lancôme can you list the products 💕💕💕💕",
            "_create_time": "2025-02-18T21:09:28",
            "_avatar": "https://p16-pu-sign-useast8.tiktokcdn-us.com/tos-useast5-avt-0068-tx/7346965667255435310~tplv-tiktokx-cropcenter:100:100.jpg?dr=9640&refresh_token=0d056f4a&x-expires=1756281600&x-signature=UWo5zh%2B4yvFyaiBIci%2FJhM4WuNk%3D&t=4d5b0474&ps=13740610&shp=30310797&shcp=ff37627b&idc=useast5",
            "_total_reply": 2,
            "_replies": [
                {
                    "_comment_id": "7473149221274551062",
                    "_username": "lancome.official",
                    "_nickname": "Lancôme",
                    "_comment": "Hehe inside the caption 🤭✨",
                    "_create_time": "2025-02-19T16:16:27",
                    "_avatar": "https://p16-common-sign-va.tiktokcdn-us.com/tos-maliva-avt-0068/9424f6caa6a8781766ccf45ddf0a0a0d~tplv-tiktokx-cropcenter:100:100.jpg?dr=9640&refresh_token=2d0d7041&x-expires=1756281600&x-signature=6RRh0sV%2BMiFopbDnto6in1a21L8%3D&t=4d5b0474&ps=13740610&shp=30310797&shcp=ff37627b&idc=useast5",
                    "_total_reply": null,
                    "_replies": []
                },
                {
                    "_comment_id": "7473165062051496750",
                    "_username": "creativesuper1",
                    "_nickname": "Follow me @creativesuper",
                    "_comment": "😁",
                    "_create_time": "2025-02-19T17:17:50",
                    "_avatar": "https://p16-pu-sign-useast8.tiktokcdn-us.com/tos-useast5-avt-0068-tx/7346965667255435310~tplv-tiktokx-cropcenter:100:100.jpg?dr=9640&refresh_token=0d056f4a&x-expires=1756281600&x-signature=UWo5zh%2B4yvFyaiBIci%2FJhM4WuNk%3D&t=4d5b0474&ps=13740610&shp=30310797&shcp=ff37627b&idc=useast5",
                    "_total_reply": null,
                    "_replies": []
                }
            ]
        },
        {
            "_comment_id": "7500204116279427862",
            "_username": "sea2108",
            "_nickname": "SEA💙",
            "_comment": "❤️",
            "_create_time": "2025-05-03T14:02:38",
            "_avatar": "https://p16-common-sign-va.tiktokcdn-us.com/tos-maliva-avt-0068/6c71247e7bcad0691e887682a51ca050~tplv-tiktokx-cropcenter:100:100.jpg?dr=9640&refresh_token=4e7f8602&x-expires=1756281600&x-signature=WM35W%2FMsfih2WU9%2FziHhPMXipe4%3D&t=4d5b0474&ps=13740610&shp=30310797&shcp=ff37627b&idc=useast5",
            "_total_reply": 0,
            "_replies": []
        },
        {
            "_comment_id": "7483643822464041750",
            "_username": "katrinacooper462",
            "_nickname": "katrinacooper462",
            "_comment": "🥰",
            "_create_time": "2025-03-19T22:00:20",
            "_avatar": "https://p16-common-sign-va.tiktokcdn-us.com/tos-maliva-avt-0068/7106631062419144710~tplv-tiktokx-cropcenter:100:100.jpg?dr=9640&refresh_token=ee41a52c&x-expires=1756281600&x-signature=%2BzZ0OmQIxbwR9Dgv4EMZfjdDKEk%3D&t=4d5b0474&ps=13740610&shp=30310797&shcp=ff37627b&idc=useast5",
            "_total_reply": 0,
            "_replies": []
        },
        {
            "_comment_id": "7472903033719620374",
            "_username": "k_e_rea",
            "_nickname": "k_e_rea 🍀",
            "_comment": "💕",
            "_create_time": "2025-02-19T00:21:29",
            "_avatar": "https://p16-common-sign-va.tiktokcdn-us.com/tos-maliva-avt-0068/d43bfc564b81d024e691621309bc5914~tplv-tiktokx-cropcenter:100:100.jpg?dr=9640&refresh_token=596ad70f&x-expires=1756281600&x-signature=UHvyBassHYZ3D7vzvwK7wGstg8U%3D&t=4d5b0474&ps=13740610&shp=30310797&shcp=ff37627b&idc=useast5",
            "_total_reply": 0,
            "_replies": []
        },
        {
            "_comment_id": "7472745847731503894",
            "_username": "edits_doodle0",
            "_nickname": "Doodle",
            "_comment": "🥰🥰",
            "_create_time": "2025-02-18T14:11:14",
            "_avatar": "https://p16-common-sign-va.tiktokcdn-us.com/tos-maliva-avt-0068/b1f40fe594eba9068139be877804ffca~tplv-tiktokx-cropcenter:100:100.jpg?dr=9640&refresh_token=fa814b87&x-expires=1756281600&x-signature=8zZEzTNYRb3BGTO89Y2zZwFPdgw%3D&t=4d5b0474&ps=13740610&shp=30310797&shcp=ff37627b&idc=useast5",
            "_total_reply": 0,
            "_replies": []
        },
        {
            "_comment_id": "7472727008947602198",
            "_username": "veroat87",
            "_nickname": "VeroAt",
            "_comment": "😍😍😍😍😍",
            "_create_time": "2025-02-18T12:58:07",
            "_avatar": "https://p19-common-sign-va.tiktokcdn-us.com/tos-maliva-avt-0068/ac0da8fdf1e1f20add92437e4895e5ee~tplv-tiktokx-cropcenter:100:100.jpg?dr=9640&refresh_token=a866a2e0&x-expires=1756281600&x-signature=2IunTRPA6OOgxkGlXFyuxVGfzAk%3D&t=4d5b0474&ps=13740610&shp=30310797&shcp=ff37627b&idc=useast5",
            "_total_reply": 0,
            "_replies": []
        },
        {
            "_comment_id": "7473459980503499542",
            "_username": "pooja_beautylove",
            "_nickname": "pooja_beautylove",
            "_comment": "🥰🥰",
            "_create_time": "2025-02-20T12:22:18",
            "_avatar": "https://p16-common-sign-va.tiktokcdn-us.com/tos-maliva-avt-0068/fb2ae801ce13304d933b5970290494fa~tplv-tiktokx-cropcenter:100:100.jpg?dr=9640&refresh_token=6fa78397&x-expires=1756281600&x-signature=23O%2BKzbTlJaXvUCMWK%2FT6ZhnWOQ%3D&t=4d5b0474&ps=13740610&shp=30310797&shcp=ff37627b&idc=useast5",
            "_total_reply": 0,
            "_replies": []
        },
        {
            "_comment_id": "7472752007519060768",
            "_username": "aylaa.43",
            "_nickname": "A ˗ˋˏ ♡ ˎˊ˗",
            "_comment": "M",
            "_create_time": "2025-02-18T14:36:19",
            "_avatar": "https://p16-common-sign-va.tiktokcdn-us.com/musically-maliva-obj/1594805258216454~tplv-tiktokx-cropcenter:100:100.jpg?dr=9640&refresh_token=e95abb24&x-expires=1756281600&x-signature=3sj6OaLiS8USBUJlFKzdpJPzweM%3D&t=4d5b0474&ps=13740610&shp=30310797&shcp=ff37627b&idc=useast5",
            "_total_reply": 0,
            "_replies": []
        },
        {
            "_comment_id": "7472712089254298390",
            "_username": "user739173770001",
            "_nickname": "user739173770001",
            "_comment": "sampleeee",
            "_create_time": "2025-02-18T12:00:10",
            "_avatar": "https://p16-common-sign-va.tiktokcdn-us.com/tos-maliva-avt-0068/6ffe66dfa58eb398e007cf2f31e77e0f~tplv-tiktokx-cropcenter:100:100.jpg?dr=9640&refresh_token=046f257e&x-expires=1756281600&x-signature=jNtyuO8b9JQX4u3KM%2BdnQj0vj1o%3D&t=4d5b0474&ps=13740610&shp=30310797&shcp=ff37627b&idc=useast5",
            "_total_reply": 1,
            "_replies": []
        },
        {
            "_comment_id": "7472704716259984150",
            "_username": "itsmeak503",
            "_nickname": "A",
            "_comment": "Sample xx",
            "_create_time": "2025-02-18T11:31:51",
            "_avatar": "https://p16-common-sign-va.tiktokcdn-us.com/tos-maliva-avt-0068/8266a4ff9592bb4171d3f1e0f7f474c3~tplv-tiktokx-cropcenter:100:100.jpg?dr=9640&refresh_token=626cc892&x-expires=1756281600&x-signature=DUi0u%2FN8RowhXSO82sYG54Xzq3I%3D&t=4d5b0474&ps=13740610&shp=30310797&shcp=ff37627b&idc=useast5",
            "_total_reply": 0,
            "_replies": []
        },
        {
            "_comment_id": "7472714698480272150",
            "_username": "saaramaria98",
            "_nickname": "Saara",
            "_comment": "sample ✨",
            "_create_time": "2025-02-18T12:10:11",
            "_avatar": "https://p16-common-sign-useast2a.tiktokcdn-us.com/tos-useast2a-avt-0068-euttp/8a3a25e1555c5e3ac6d421b05865baa8~tplv-tiktokx-cropcenter:100:100.jpg?dr=9640&refresh_token=4213f0b2&x-expires=1756281600&x-signature=PVL7jpOlNM463wVBsrqTJJzzTMg%3D&t=4d5b0474&ps=13740610&shp=30310797&shcp=ff37627b&idc=useast5",
            "_total_reply": 0,
            "_replies": []
        },
        {
            "_comment_id": "7472703023249195798",
            "_username": "toluwadara_13",
            "_nickname": "Toluwadara🫶🏾",
            "_comment": "samplee",
            "_create_time": "2025-02-18T11:24:56",
            "_avatar": "https://p16-common-sign-va.tiktokcdn-us.com/tos-maliva-avt-0068/0c6332f26c6f17c5b70a5a5ab064a2b4~tplv-tiktokx-cropcenter:100:100.jpg?dr=9640&refresh_token=1ef3a867&x-expires=1756281600&x-signature=X5AVGw03vLALX0gAMczvqg8EVFo%3D&t=4d5b0474&ps=13740610&shp=30310797&shcp=ff37627b&idc=useast5",
            "_total_reply": 0,
            "_replies": []
        },
        {
            "_comment_id": "7472700434794087175",
            "_username": "ads10123",
            "_nickname": "ads",
            "_comment": "First!”",
            "_create_time": "2025-02-18T11:14:29",
            "_avatar": "https://p16-common-sign-sg.tiktokcdn-us.com/tos-alisg-avt-0068/707380f462ff7ef19b2e66e14078e4fa~tplv-tiktokx-cropcenter:100:100.jpg?dr=9640&refresh_token=710caaa8&x-expires=1756281600&x-signature=3G2O%2F6EAKyA7r7N3hFFTB4Y72e0%3D&t=4d5b0474&ps=13740610&shp=30310797&shcp=ff37627b&idc=useast5",
            "_total_reply": 0,
            "_replies": []
        },
        {
            "_comment_id": "7473190492777349910",
            "_username": "1urser.zzy",
            "_nickname": "Izzy 🌺",
            "_comment": "Sample tok",
            "_create_time": "2025-02-19T18:56:31",
            "_avatar": "https://p16-common-sign-va.tiktokcdn-us.com/tos-maliva-avt-0068/42c902eb4876e75627833448a9e0ada6~tplv-tiktokx-cropcenter:100:100.jpg?dr=9640&refresh_token=45e21596&x-expires=1756281600&x-signature=4TGlNpg8rF2zzQqf2DGm8rujutI%3D&t=4d5b0474&ps=13740610&shp=30310797&shcp=ff37627b&idc=useast5",
            "_total_reply": 0,
            "_replies": []
        },
        {
            "_comment_id": "7473184663390143254",
            "_username": "belle.gh",
            "_nickname": "Belle x",
            "_comment": "Sample Tok☺️☺️☺️",
            "_create_time": "2025-02-19T18:33:41",
            "_avatar": "https://p16-common-sign-va.tiktokcdn-us.com/tos-maliva-avt-0068/498135458bcee81f7b4e9c704914fab3~tplv-tiktokx-cropcenter:100:100.jpg?dr=9640&refresh_token=3b560aeb&x-expires=1756281600&x-signature=NFWhqXXZUpMk%2B%2F0Vm2L7bmVOZbM%3D&t=4d5b0474&ps=13740610&shp=30310797&shcp=ff37627b&idc=useast5",
            "_total_reply": 0,
            "_replies": []
        },
        {
            "_comment_id": "7472699790519042838",
            "_username": "sophiebeynonxo",
            "_nickname": "Sophiebeynonxo",
            "_comment": "Can’t wait to try this!",
            "_create_time": "2025-02-18T11:12:31",
            "_avatar": "https://p16-common-sign-va.tiktokcdn-us.com/tos-maliva-avt-0068/883a48abe2f378e21b9f2072f368366d~tplv-tiktokx-cropcenter:100:100.jpg?dr=9640&refresh_token=aac0b788&x-expires=1756281600&x-signature=TNQmj6OmZgB3TnRm3wtbefiJcFs%3D&t=4d5b0474&ps=13740610&shp=30310797&shcp=ff37627b&idc=useast5",
            "_total_reply": 0,
            "_replies": []
        }
    ],
    "total_comments": 40
}