{
    "original_url": "https://www.tiktok.com/@lancome.official/video/7472109343157062934",
    "video_id": "7472109343157062934",
    "description": "Nonchalant elevator challenge, the Lancôme way 👀 with Nico Parker 💓 #Lancome #LancomexNico #NicoParker #Nonchalant #nonchalantelevator #elevatorchallenge #BTS #Behindthescenes #Shooting ",
    "video_url": "https://m.tiktok.com/v/7472109343157062934.html?_d=0&comment_author_id=6871437038706410501&preview_pb=0&share_comment_id=7472118529195918135&share_item_id=7472109343157062934&sharer_language=en&source=h5_m&u_code=0",
    "tags": [
        "#Lancome",
        "#LancomexNico",
        "#NicoParker",
        "#Nonchalant",
        "#nonchalantelevator",
        "#elevatorchallenge",
        "#BTS",
        "#Behindthescenes",
        "#Shooting"
    ],
    "comments": [
        {
            "_comment_id": "7472118529195918135",
            "_username": "ali_jz0",
            "_nickname": "𝓐𝓵𝓲",
            "_comment": "Me fían un perfume de Olivia Rodrigo?",
            "_create_time": "2025-02-16T21:36:40",
            "_avatar": "https://p16-common-sign-sg.tiktokcdn-us.com/tos-alisg-avt-0068/377d810baf6b7d83386d59f6fdfa5bd4~tplv-tiktokx-cropcenter:100:100.jpg?dr=9640&refresh_token=2be9b4e7&x-expires=1756281600&x-signature=A4%2FYMjLM%2B2ETMlwWfUO4HbMix88%3D&t=4d5b0474&ps=13740610&shp=30310797&shcp=ff37627b&idc=useast5",
            "_total_reply": 0,
            "_replies": []
        },
        {
            "_comment_id": "7474783740041364255",
            "_username": "jessie.potters.ii",
            "_nickname": "jessiepottersiii",
            "_comment": "Absolutely a great choice by Lancome.",
            "_create_time": "2025-02-24T00:58:52",
            "_avatar": "https://p19-pu-sign-useast8.tiktokcdn-us.com/tos-useast5-avt-0068-tx/7389767732658438186~tplv-tiktokx-cropcenter:100:100.jpg?dr=9640&refresh_token=43d6d7c3&x-expires=1756281600&x-signature=7%2B6mhLcC6Kcy2D3C0jSLd8D2Okc%3D&t=4d5b0474&ps=13740610&shp=30310797&shcp=ff37627b&idc=useast5",
            "_total_reply": 0,
            "_replies": []
        },
        {
            "_comment_id": "7472110782126293766",
            "_username": "pam0.0.0",
            "_nickname": "🐙",
            "_comment": "comoo que soy la primeraa",
            "_create_time": "2025-02-16T21:06:19",
            "_avatar": "https://p16-common-sign-va.tiktokcdn-us.com/tos-maliva-avt-0068/41ee7c42d5da45eb7ba5b3cdc8957c2d~tplv-tiktokx-cropcenter:100:100.jpg?dr=9640&refresh_token=61ba33a4&x-expires=1756281600&x-signature=y4FyPTtQd2BvaVGCnyGhggTd%2FEU%3D&t=4d5b0474&ps=13740610&shp=30310797&shcp=ff37627b&idc=useast5",
            "_total_reply": 0,
            "_replies": []
        },
        {
            "_comment_id": "7473561843459375878",
            "_username": "itsbiancabebe",
            "_nickname": "Itsbiancabebe 🇨🇦",
            "_comment": "Stunnning ✨😍",
            "_create_time": "2025-02-20T18:57:21",
            "_avatar": "https://p16-common-sign-va.tiktokcdn-us.com/tos-maliva-avt-0068/75f7bbb5e09d245d6af12d8e2a0fd44d~tplv-tiktokx-cropcenter:100:100.jpg?dr=9640&refresh_token=f2878d09&x-expires=1756281600&x-signature=qlIsvIsq9FBuHX4vX1eufVifVMQ%3D&t=4d5b0474&ps=13740610&shp=30310797&shcp=ff37627b&idc=useast5",
            "_total_reply": 0,
            "_replies": []
        },
        {
            "_comment_id": "7474315267436479254",
            "_username": "._beaa_.13",
            "_nickname": "beaa 🥐",
            "_comment": "She's so diva",
            "_create_time": "2025-02-22T19:41:15",
            "_avatar": "https://p16-common-sign-useast2a.tiktokcdn-us.com/tos-useast2a-avt-0068-euttp/92058101cdab3d7a7089b0b4ce09cbbb~tplv-tiktokx-cropcenter:100:100.jpg?dr=9640&refresh_token=793cb70e&x-expires=1756281600&x-signature=U1Y9q%2FCLuo0UHtTW987SGTjNq4o%3D&t=4d5b0474&ps=13740610&shp=30310797&shcp=ff37627b&idc=useast5",
            "_total_reply": 0,
            "_replies": []
        },
        {
            "_comment_id": "7472117226956604182",
            "_username": "_dolly.princess_",
            "_nickname": "💮🍡🇮🇹",
            "_comment": "she is so prettyyy",
            "_create_time": "2025-02-16T21:31:39",
            "_avatar": "https://p16-common-sign-va.tiktokcdn-us.com/tos-maliva-avt-0068/e21ab5de5f686bbb53c58a10086ebe85~tplv-tiktokx-cropcenter:100:100.jpg?dr=9640&refresh_token=c5bc2998&x-expires=1756281600&x-signature=QQEybzWDrEtHUekG%2FG52WqDLEM8%3D&t=4d5b0474&ps=13740610&shp=30310797&shcp=ff37627b&idc=useast5",
            "_total_reply": 0,
            "_replies": []
        },
        {
            "_comment_id": "7473190820603413270",
            "_username": "1urser.zzy",
            "_nickname": "Izzy 🌺",
            "_comment": "Stunningg",
            "_create_time": "2025-02-19T18:57:33",
            "_avatar": "https://p16-common-sign-va.tiktokcdn-us.com/tos-maliva-avt-0068/42c902eb4876e75627833448a9e0ada6~tplv-tiktokx-cropcenter:100:100.jpg?dr=9640&refresh_token=45e21596&x-expires=1756281600&x-signature=4TGlNpg8rF2zzQqf2DGm8rujutI%3D&t=4d5b0474&ps=13740610&shp=30310797&shcp=ff37627b&idc=useast5",
            "_total_reply": 0,
            "_replies": []
        },
        {
            "_comment_id": "7472114739588252462",
            "_username": "nicoparkerfan",
            "_nickname": "nicoparkerfan",
            "_comment": "adorable🥰",
            "_create_time": "2025-02-16T21:21:49",
            "_avatar": "https://p19-pu-sign-useast8.tiktokcdn-us.com/tos-useast5-avt-0068-tx/fee120f367daa03ae05132efa6950df5~tplv-tiktokx-cropcenter:100:100.jpg?dr=9640&refresh_token=804ea4fc&x-expires=1756281600&x-signature=WGRbLp%2Fj%2FBdOXtKRnK2PHAg7kL4%3D&t=4d5b0474&ps=13740610&shp=30310797&shcp=ff37627b&idc=useast5",
            "_total_reply": 0,
            "_replies": []
        },
        {
            "_comment_id": "7472110812251063095",
            "_username": "pam0.0.0",
            "_nickname": "🐙",
            "_comment": "la rositas amee",
            "_create_time": "2025-02-16T21:06:41",
            "_avatar": "https://p16-common-sign-va.tiktokcdn-us.com/tos-maliva-avt-0068/41ee7c42d5da45eb7ba5b3cdc8957c2d~tplv-tiktokx-cropcenter:100:100.jpg?dr=9640&refresh_token=61ba33a4&x-expires=1756281600&x-signature=y4FyPTtQd2BvaVGCnyGhggTd%2FEU%3D&t=4d5b0474&ps=13740610&shp=30310797&shcp=ff37627b&idc=useast5",
            "_total_reply": 0,
            "_replies": []
        },
        {
            "_comment_id": "7472110880273613623",
            "_username": "pam0.0.0",
            "_nickname": "🐙",
            "_comment": "risita",
            "_create_time": "2025-02-16T21:06:51",
            "_avatar": "https://p16-common-sign-va.tiktokcdn-us.com/tos-maliva-avt-0068/41ee7c42d5da45eb7ba5b3cdc8957c2d~tplv-tiktokx-cropcenter:100:100.jpg?dr=9640&refresh_token=61ba33a4&x-expires=1756281600&x-signature=y4FyPTtQd2BvaVGCnyGhggTd%2FEU%3D&t=4d5b0474&ps=13740610&shp=30310797&shcp=ff37627b&idc=useast5",
            "_total_reply": 0,
            "_replies": []
        },
        {
            "_comment_id": "7472486941582607126",
            "_username": "scarlett_owen4",
            "_nickname": "Scarlett",
            "_comment": "💕",
            "_create_time": "2025-02-17T21:26:11",
            "_avatar": "https://p16-common-sign-va.tiktokcdn-us.com/tos-maliva-avt-0068/f179f7767a8ca612465d3db6d1a5b6af~tplv-tiktokx-cropcenter:100:100.jpg?dr=9640&refresh_token=7806b799&x-expires=1756281600&x-signature=pgql1kmQsVsr6NhRBbXrYf8ZIoU%3D&t=4d5b0474&ps=13740610&shp=30310797&shcp=ff37627b&idc=useast5",
            "_total_reply": 0,
            "_replies": []
        },
        {
            "_comment_id": "7472112736757089042",
            "_username": "insightswithzarsha",
            "_nickname": "Zarsha🎀💗🧁",
            "_comment": "😍💗💗",
            "_create_time": "2025-02-16T21:14:13",
            "_avatar": "https://p16-common-sign-va.tiktokcdn-us.com/tos-maliva-avt-0068/01024b8cca0721c8647204537e50025a~tplv-tiktokx-cropcenter:100:100.jpg?dr=9640&refresh_token=dea7f601&x-expires=1756281600&x-signature=PIVKCKYruWkPlkYrAHQNLs7uOaM%3D&t=4d5b0474&ps=13740610&shp=30310797&shcp=ff37627b&idc=useast5",
            "_total_reply": 0,
            "_replies": []
        },
        {
            "_comment_id": "7486616893170156310",
            "_username": "urmomsahoe100",
            "_nickname": "UrmomsDilf",
            "_comment": "❤️❤️❤️",
            "_create_time": "2025-03-27T22:17:26",
            "_avatar": "https://p16-common-sign-va.tiktokcdn-us.com/tos-maliva-avt-0068/63984cc4fcbd45b0fedab7bd74efe5e7~tplv-tiktokx-cropcenter:100:100.jpg?dr=9640&refresh_token=c8fa2bb7&x-expires=1756281600&x-signature=W%2FALqqBIeWJ7TXzXl4qXFPIw23Q%3D&t=4d5b0474&ps=13740610&shp=30310797&shcp=ff37627b&idc=useast5",
            "_total_reply": 0,
            "_replies": []
        },
        {
            "_comment_id": "7472750596580786976",
            "_username": "hello_hello874",
            "_nickname": "️",
            "_comment": "😍😍😍",
            "_create_time": "2025-02-18T14:31:16",
            "_avatar": "https://p16-common-sign-va.tiktokcdn-us.com/tos-maliva-avt-0068/d883434f467837ea872c962ade23224a~tplv-tiktokx-cropcenter:100:100.jpg?dr=9640&refresh_token=114bbc70&x-expires=1756281600&x-signature=6R%2FXfi4QFQuTXzvJYaJ9pH7Xh3o%3D&t=4d5b0474&ps=13740610&shp=30310797&shcp=ff37627b&idc=useast5",
            "_total_reply": 0,
            "_replies": []
        },
        {
            "_comment_id": "7472142880825983774",
            "_username": "genavievesusana",
            "_nickname": "𝑔𝑒𝓃𝒶𝓋𝒾𝑒𝓋𝑒",
            "_comment": "😫🥰🥰🥰🥰",
            "_create_time": "2025-02-16T23:11:18",
            "_avatar": "https://p19-pu-sign-useast8.tiktokcdn-us.com/tos-useast8-avt-0068-tx2/96cd9b9908a8a031d602b88474fe6cbb~tplv-tiktokx-cropcenter:100:100.jpg?dr=9640&refresh_token=ac9db8ec&x-expires=1756281600&x-signature=oErbbrZ2cyGdduu5H%2Bh6jw2U83o%3D&t=4d5b0474&ps=13740610&shp=30310797&shcp=ff37627b&idc=useast5",
            "_total_reply": 0,
            "_replies": []
        },
        {
            "_comment_id": "7477248993896350486",
            "_username": "lena.oliwia126",
            "_nickname": "lena ✞",
            "_comment": "sample tokkk",
            "_create_time": "2025-03-02T16:25:09",
            "_avatar": "https://p16-common-sign-useast2a.tiktokcdn-us.com/tos-useast2a-avt-0068-euttp/ec9066d5b6be2766e9a9f1be09c8bbad~tplv-tiktokx-cropcenter:100:100.jpg?dr=9640&refresh_token=8220cd71&x-expires=1756281600&x-signature=%2FtWqSyymIRF%2BXqsvBITSWJN58xQ%3D&t=4d5b0474&ps=13740610&shp=30310797&shcp=ff37627b&idc=useast5",
            "_total_reply": 0,
            "_replies": []
        }
    ],
    "total_comments": 16
}