{
    "original_url": "https://www.tiktok.com/@lancome.official/video/7472046449400843542",
    "video_id": "7472046449400843542",
    "description": "Witness the timeless makeup look of Global Ambassador Nico Parker at the party held in celebration of Lancôme and the EE BAFTA Film Awards’ 25 years beauty partnership on Friday. ✨ #Lancome #LancomexNico #NicoParker #FlutterExtension #Mascara #Lashgoal #LipIdole #LipBalm #TeintIdoleUltraWear #Makeup ",
    "video_url": "https://m.tiktok.com/v/7472046449400843542.html?_d=0&comment_author_id=6918793672961573890&preview_pb=0&share_comment_id=7515124490633380631&share_item_id=7472046449400843542&sharer_language=en&source=h5_m&u_code=0",
    "tags": [
        "#Lancome",
        "#LancomexNico",
        "#NicoParker",
        "#FlutterExtension",
        "#Mascara",
        "#Lashgoal",
        "#LipIdole",
        "#LipBalm",
        "#TeintIdoleUltraWear",
        "#Makeup"
    ],
    "comments": [
        {
            "_comment_id": "7515124490633380631",
            "_username": "franciscoocean0",
            "_nickname": "𝒜",
            "_comment": "FACE CARDDDD",
            "_create_time": "2025-06-12T19:01:24",
            "_avatar": "https://p16-common-sign-va.tiktokcdn-us.com/tos-maliva-avt-0068/30cfe3d5b2729e65a3b0e5c0809c04fe~tplv-tiktokx-cropcenter:100:100.jpg?dr=9640&refresh_token=83f980e1&x-expires=1756281600&x-signature=gaxNE6PrnaBPdySYwgpQPT%2FShWw%3D&t=4d5b0474&ps=13740610&shp=30310797&shcp=ff37627b&idc=useast5",
            "_total_reply": 0,
            "_replies": []
        },
        {
            "_comment_id": "7540099902450778887",
            "_username": "juditholivera44",
            "_nickname": "yuditalahot",
            "_comment": "prettiest natural beauty",
            "_create_time": "2025-08-19T02:18:45",
            "_avatar": "https://p16-common-sign-va.tiktokcdn-us.com/tos-maliva-avt-0068/7293287356675653638~tplv-tiktokx-cropcenter:100:100.jpg?dr=9640&refresh_token=d836414f&x-expires=1756281600&x-signature=s6c65n6ykGCqQN46bpqsF7kZB6U%3D&t=4d5b0474&ps=13740610&shp=30310797&shcp=ff37627b&idc=useast5",
            "_total_reply": 0,
            "_replies": []
        },
        {
            "_comment_id": "7472116802160919318",
            "_username": "melirkl",
            "_nickname": "Meli 🌷",
            "_comment": "On a side note, the curls by CURLING😍",
            "_create_time": "2025-02-16T21:29:56",
            "_avatar": "https://p16-common-sign-va.tiktokcdn-us.com/tos-maliva-avt-0068/c64710761e6adfc460922725f68d2f2c~tplv-tiktokx-cropcenter:100:100.jpg?dr=9640&refresh_token=6f2da50b&x-expires=1756281600&x-signature=abF4fwS%2FA28YBw2X%2FCOv2Efx%2F3c%3D&t=4d5b0474&ps=13740610&shp=30310797&shcp=ff37627b&idc=useast5",
            "_total_reply": 1,
            "_replies": [
                {
                    "_comment_id": "7470579489047790368",
                    "_username": "lancome.official",
                    "_nickname": "Lancôme",
                    "_comment": "RIGHTTT 🫠",
                    "_create_time": "2025-02-17T15:44:39",
                    "_avatar": "https://p16-common-sign-va.tiktokcdn-us.com/tos-maliva-avt-0068/9424f6caa6a8781766ccf45ddf0a0a0d~tplv-tiktokx-cropcenter:100:100.jpg?dr=9640&refresh_token=2d0d7041&x-expires=1756281600&x-signature=6RRh0sV%2BMiFopbDnto6in1a21L8%3D&t=4d5b0474&ps=13740610&shp=30310797&shcp=ff37627b&idc=useast5",
                    "_total_reply": null,
                    "_replies": []
                }
            ]
        },
        {
            "_comment_id": "7472090134931964714",
            "_username": "nicoparkerfan",
            "_nickname": "nicoparkerfan",
            "_comment": "STAR✨️",
            "_create_time": "2025-02-16T19:46:21",
            "_avatar": "https://p16-pu-sign-useast8.tiktokcdn-us.com/tos-useast5-avt-0068-tx/fee120f367daa03ae05132efa6950df5~tplv-tiktokx-cropcenter:100:100.jpg?dr=9640&refresh_token=a082df19&x-expires=1756281600&x-signature=mgrvhbdQ%2Bo1umqAWxq%2FniK4PPZQ%3D&t=4d5b0474&ps=13740610&shp=30310797&shcp=ff37627b&idc=useast5",
            "_total_reply": 1,
            "_replies": [
                {
                    "_comment_id": "7470159153751737120",
                    "_username": "lancome.official",
                    "_nickname": "Lancôme",
                    "_comment": "SHE IS ✨",
                    "_create_time": "2025-02-16T20:13:13",
                    "_avatar": "https://p19-common-sign-va.tiktokcdn-us.com/tos-maliva-avt-0068/9424f6caa6a8781766ccf45ddf0a0a0d~tplv-tiktokx-cropcenter:100:100.jpg?dr=9640&refresh_token=4e732867&x-expires=1756281600&x-signature=5PN4EHVgtRvUll6IF2OIT9lcCWk%3D&t=4d5b0474&ps=13740610&shp=30310797&shcp=ff37627b&idc=useast5",
                    "_total_reply": null,
                    "_replies": []
                }
            ]
        },
        {
            "_comment_id": "7504466495733449478",
            "_username": "mbedumb_",
            "_nickname": "𝒜mika ੈ✩‧₊",
            "_comment": "She’s so cute",
            "_create_time": "2025-05-15T01:43:14",
            "_avatar": "https://p16-common-sign-va.tiktokcdn-us.com/tos-maliva-avt-0068/e0c817755c3057dbfe37273278643627~tplv-tiktokx-cropcenter:100:100.jpg?dr=9640&refresh_token=6674e6c3&x-expires=1756281600&x-signature=oDjm81pY8CKNMYBc735icvsXdtY%3D&t=4d5b0474&ps=13740610&shp=30310797&shcp=ff37627b&idc=useast5",
            "_total_reply": 0,
            "_replies": []
        },
        {
            "_comment_id": "7472117439301485334",
            "_username": "_dolly.princess_",
            "_nickname": "💮🍡🇮🇹",
            "_comment": "she is so beautiful 😭😭",
            "_create_time": "2025-02-16T21:32:29",
            "_avatar": "https://p16-common-sign-va.tiktokcdn-us.com/tos-maliva-avt-0068/e21ab5de5f686bbb53c58a10086ebe85~tplv-tiktokx-cropcenter:100:100.jpg?dr=9640&refresh_token=c5bc2998&x-expires=1756281600&x-signature=QQEybzWDrEtHUekG%2FG52WqDLEM8%3D&t=4d5b0474&ps=13740610&shp=30310797&shcp=ff37627b&idc=useast5",
            "_total_reply": 0,
            "_replies": []
        },
        {
            "_comment_id": "7472050205316662038",
            "_username": "tzuu_chuwii",
            "_nickname": "Salmii💘",
            "_comment": "Im FIRST",
            "_create_time": "2025-02-16T17:11:31",
            "_avatar": "https://p16-common-sign-va.tiktokcdn-us.com/tos-maliva-avt-0068/df32e77c8f2ee91eb02a5ac76c47b62c~tplv-tiktokx-cropcenter:100:100.jpg?dr=9640&refresh_token=b98409dd&x-expires=1756281600&x-signature=SQSRm%2BaPae6EzDVKZg6APtXoOEw%3D&t=4d5b0474&ps=13740610&shp=30310797&shcp=ff37627b&idc=useast5",
            "_total_reply": 2,
            "_replies": [
                {
                    "_comment_id": "7470180935024116513",
                    "_username": "lancome.official",
                    "_nickname": "Lancôme",
                    "_comment": "🤗 ❤️",
                    "_create_time": "2025-02-16T20:23:53",
                    "_avatar": "https://p16-common-sign-va.tiktokcdn-us.com/tos-maliva-avt-0068/9424f6caa6a8781766ccf45ddf0a0a0d~tplv-tiktokx-cropcenter:100:100.jpg?dr=9640&refresh_token=2d0d7041&x-expires=1756281600&x-signature=6RRh0sV%2BMiFopbDnto6in1a21L8%3D&t=4d5b0474&ps=13740610&shp=30310797&shcp=ff37627b&idc=useast5",
                    "_total_reply": null,
                    "_replies": []
                },
                {
                    "_comment_id": "7472103437430342422",
                    "_username": "tzuu_chuwii",
                    "_nickname": "Salmii💘",
                    "_comment": "OMG THANKS FOR ANSWERING💝",
                    "_create_time": "2025-02-16T20:37:58",
                    "_avatar": "https://p16-common-sign-va.tiktokcdn-us.com/tos-maliva-avt-0068/df32e77c8f2ee91eb02a5ac76c47b62c~tplv-tiktokx-cropcenter:100:100.jpg?dr=9640&refresh_token=b98409dd&x-expires=1756281600&x-signature=SQSRm%2BaPae6EzDVKZg6APtXoOEw%3D&t=4d5b0474&ps=13740610&shp=30310797&shcp=ff37627b&idc=useast5",
                    "_total_reply": null,
                    "_replies": []
                }
            ]
        },
        {
            "_comment_id": "7472063886142210824",
            "_username": "anna6_sspamzz05",
            "_nickname": "✰𝒜𝓃𝓃𝒶✰",
            "_comment": "Hii",
            "_create_time": "2025-02-16T18:04:19",
            "_avatar": "https://p19-common-sign-sg.tiktokcdn-us.com/tos-alisg-avt-0068/d0b34bbe5baa6b20ef485a00efed0323~tplv-tiktokx-cropcenter:100:100.jpg?dr=9640&refresh_token=72e175cb&x-expires=1756281600&x-signature=RsngXv3V4KR9a5NYancWvNdC8Qc%3D&t=4d5b0474&ps=13740610&shp=30310797&shcp=ff37627b&idc=useast5",
            "_total_reply": 1,
            "_replies": [
                {
                    "_comment_id": "7470159153751769888",
                    "_username": "lancome.official",
                    "_nickname": "Lancôme",
                    "_comment": "hiii",
                    "_create_time": "2025-02-16T20:22:55",
                    "_avatar": "https://p16-common-sign-va.tiktokcdn-us.com/tos-maliva-avt-0068/9424f6caa6a8781766ccf45ddf0a0a0d~tplv-tiktokx-cropcenter:100:100.jpg?dr=9640&refresh_token=2d0d7041&x-expires=1756281600&x-signature=6RRh0sV%2BMiFopbDnto6in1a21L8%3D&t=4d5b0474&ps=13740610&shp=30310797&shcp=ff37627b&idc=useast5",
                    "_total_reply": null,
                    "_replies": []
                }
            ]
        },
        {
            "_comment_id": "7472100818646238007",
            "_username": "mxson.stan",
            "_nickname": "𝗠 lvs 𝗔 💘",
            "_comment": "Ella es tan lindaaa 💞💞💞",
            "_create_time": "2025-02-16T20:27:42",
            "_avatar": "https://p16-common-sign-sg.tiktokcdn-us.com/tos-alisg-avt-0068/589db802d66ef179eba223e31bc5ff64~tplv-tiktokx-cropcenter:100:100.jpg?dr=9640&refresh_token=7f575759&x-expires=1756281600&x-signature=mJOaP0DR7%2Fdkceibo%2BZKgEeiNcw%3D&t=4d5b0474&ps=13740610&shp=30310797&shcp=ff37627b&idc=useast5",
            "_total_reply": 0,
            "_replies": []
        },
        {
            "_comment_id": "7472794812387771143",
            "_username": "asyaa.ozdemir",
            "_nickname": "asya",
            "_comment": "OMG I LOVE YOUR HAIRR 😍😍",
            "_create_time": "2025-02-18T17:20:34",
            "_avatar": "https://p16-common-sign-sg.tiktokcdn-us.com/tos-alisg-avt-0068/f9da26c2a4b293b6c362016017ebc434~tplv-tiktokx-cropcenter:100:100.jpg?dr=9640&refresh_token=24fec8f4&x-expires=1756281600&x-signature=FRZPEuMvsXk%2F2isV3Wppf1XkJ2E%3D&t=4d5b0474&ps=13740610&shp=30310797&shcp=ff37627b&idc=useast5",
            "_total_reply": 0,
            "_replies": []
        },
        {
            "_comment_id": "7517432793351193349",
            "_username": "emanuelle_duarteee",
            "_nickname": "Emanuelle_duarte",
            "_comment": "Hii",
            "_create_time": "2025-06-19T00:18:49",
            "_avatar": "https://p16-common-sign-va.tiktokcdn-us.com/tos-maliva-avt-0068/6de04752fff4680db9dba280685e8885~tplv-tiktokx-cropcenter:100:100.jpg?dr=9640&refresh_token=cf1044a2&x-expires=1756281600&x-signature=1mP4yODt6QLCPDjNo14pPSq88LU%3D&t=4d5b0474&ps=13740610&shp=30310797&shcp=ff37627b&idc=useast5",
            "_total_reply": 0,
            "_replies": []
        },
        {
            "_comment_id": "7472060015530427158",
            "_username": "bunny.5770",
            "_nickname": "bunny 5",
            "_comment": "second",
            "_create_time": "2025-02-16T17:49:49",
            "_avatar": "https://p19-common-sign-va.tiktokcdn-us.com/musically-maliva-obj/1594805258216454~tplv-tiktokx-cropcenter:100:100.jpg?dr=9640&refresh_token=b03ca953&x-expires=1756281600&x-signature=Plz5Ss1yHU64cEXpGY8Ool0aJRI%3D&t=4d5b0474&ps=13740610&shp=30310797&shcp=ff37627b&idc=useast5",
            "_total_reply": 0,
            "_replies": []
        },
        {
            "_comment_id": "7472109449886712598",
            "_username": "ginte1990",
            "_nickname": "Gintare2004 🍓",
            "_comment": "Love it ✨",
            "_create_time": "2025-02-16T21:01:33",
            "_avatar": "https://p16-common-sign-useast2a.tiktokcdn-us.com/tos-useast2a-avt-0068-euttp/033f760a6798505855d5f7bc59afc238~tplv-tiktokx-cropcenter:100:100.jpg?dr=9640&refresh_token=37e170d8&x-expires=1756281600&x-signature=YLFG5GlnBQcWPAt6QRWNNcLRFyI%3D&t=4d5b0474&ps=13740610&shp=30310797&shcp=ff37627b&idc=useast5",
            "_total_reply": 0,
            "_replies": []
        },
        {
            "_comment_id": "7501810420865401606",
            "_username": "speedgangmicorazon",
            "_nickname": "Propiedad de Astrid.H",
            "_comment": "que forma de desperdiciar un anuncio",
            "_create_time": "2025-05-07T21:56:12",
            "_avatar": "https://p16-common-sign-va.tiktokcdn-us.com/tos-maliva-avt-0068/cb91844edbf3fd611d7117768b4d3426~tplv-tiktokx-cropcenter:100:100.jpg?dr=9640&refresh_token=4f65958b&x-expires=1756281600&x-signature=BJBc21d0dpR%2FxcSZWNst7G8U4yQ%3D&t=4d5b0474&ps=13740610&shp=30310797&shcp=ff37627b&idc=useast5",
            "_total_reply": 0,
            "_replies": []
        },
        {
            "_comment_id": "7472546694552699680",
            "_username": "amyc3333",
            "_nickname": "amy",
            "_comment": "Love it",
            "_create_time": "2025-02-18T01:23:51",
            "_avatar": "https://p16-common-sign-useast2a.tiktokcdn-us.com/tos-useast2a-avt-0068-euttp/373c2741cc83811383913b9ee25c01d5~tplv-tiktokx-cropcenter:100:100.jpg?dr=9640&refresh_token=62ea7c95&x-expires=1756281600&x-signature=pHYUarwJiB6FavzYtsFGKJr0WhU%3D&t=4d5b0474&ps=13740610&shp=30310797&shcp=ff37627b&idc=useast5",
            "_total_reply": 0,
            "_replies": []
        },
        {
            "_comment_id": "7490983493099438870",
            "_username": "georgyana.olteanu_",
            "_nickname": "Georgyana",
            "_comment": "❤️❤️❤️",
            "_create_time": "2025-04-08T17:41:55",
            "_avatar": "https://p16-common-sign-va.tiktokcdn-us.com/tos-maliva-avt-0068/921be00769cc5510e406df3a64d6d877~tplv-tiktokx-cropcenter:100:100.jpg?dr=9640&refresh_token=cc85dc37&x-expires=1756281600&x-signature=6I1ZmDYuNE%2B6gnAqDkHDPsqbrxg%3D&t=4d5b0474&ps=13740610&shp=30310797&shcp=ff37627b&idc=useast5",
            "_total_reply": 0,
            "_replies": []
        },
        {
            "_comment_id": "7499926424795661078",
            "_username": "sea2108",
            "_nickname": "SEA💙",
            "_comment": "❤️",
            "_create_time": "2025-05-02T20:05:01",
            "_avatar": "https://p16-common-sign-va.tiktokcdn-us.com/tos-maliva-avt-0068/6c71247e7bcad0691e887682a51ca050~tplv-tiktokx-cropcenter:100:100.jpg?dr=9640&refresh_token=4e7f8602&x-expires=1756281600&x-signature=WM35W%2FMsfih2WU9%2FziHhPMXipe4%3D&t=4d5b0474&ps=13740610&shp=30310797&shcp=ff37627b&idc=useast5",
            "_total_reply": 0,
            "_replies": []
        },
        {
            "_comment_id": "7472127388807103278",
            "_username": "theyenvy_ben7",
            "_nickname": "Benjamin",
            "_comment": "🔥🔥🔥",
            "_create_time": "2025-02-16T22:10:48",
            "_avatar": "https://p16-pu-sign-useast8.tiktokcdn-us.com/tos-useast8-avt-0068-tx2/63d6c4d6b6e01e3c9e70d87a1732066f~tplv-tiktokx-cropcenter:100:100.jpg?dr=9640&refresh_token=486650d8&x-expires=1756281600&x-signature=CEs2IuWwwdRlPLDVUMvmwEk1MtM%3D&t=4d5b0474&ps=13740610&shp=30310797&shcp=ff37627b&idc=useast5",
            "_total_reply": 0,
            "_replies": []
        },
        {
            "_comment_id": "7492227348780630826",
            "_username": "punkinpowerhouse",
            "_nickname": "Punkin🧚‍♂️🎃🎁",
            "_comment": "😍🔥",
            "_create_time": "2025-04-12T02:08:58",
            "_avatar": "https://p16-sign.tiktokcdn-us.com/tos-useast5-avt-0068-tx/8f8541897a70c4a90d384cf7840e2aef~tplv-tiktokx-cropcenter:100:100.jpg?dr=9640&refresh_token=3d293a9e&x-expires=1756281600&x-signature=JOdWa%2FP3wrPq9EUMpx0%2FuZSJZLo%3D&t=4d5b0474&ps=13740610&shp=30310797&shcp=ff37627b&idc=useast5",
            "_total_reply": 0,
            "_replies": []
        },
        {
            "_comment_id": "7514246612685734688",
            "_username": "feliciahoning",
            "_nickname": "feliciahoning",
            "_comment": "🔥",
            "_create_time": "2025-06-10T10:15:06",
            "_avatar": "https://p16-common-sign-va.tiktokcdn-us.com/tos-maliva-avt-0068/4598f5a3c2bf1a79f20f86da65b471cf~tplv-tiktokx-cropcenter:100:100.jpg?dr=9640&refresh_token=ba342d04&x-expires=1756281600&x-signature=e2T6ferJi9YgfpXQ45VNV5rV%2BXg%3D&t=4d5b0474&ps=13740610&shp=30310797&shcp=ff37627b&idc=useast5",
            "_total_reply": 0,
            "_replies": []
        },
        {
            "_comment_id": "7472593047101817622",
            "_username": "xmillieh2005",
            "_nickname": "Millie🌸🎀✨",
            "_comment": "❤️",
            "_create_time": "2025-02-18T04:22:27",
            "_avatar": "https://p16-common-sign-useast2a.tiktokcdn-us.com/tos-useast2a-avt-0068-euttp/efa026e97a3b20bb5838f36b69107525~tplv-tiktokx-cropcenter:100:100.jpg?dr=9640&refresh_token=ea414ac3&x-expires=1756281600&x-signature=nvxz0FPE7pQV3dVvMFLMucXhIro%3D&t=4d5b0474&ps=13740610&shp=30310797&shcp=ff37627b&idc=useast5",
            "_total_reply": 0,
            "_replies": []
        },
        {
            "_comment_id": "7472142983530316574",
            "_username": "genavievesusana",
            "_nickname": "𝑔𝑒𝓃𝒶𝓋𝒾𝑒𝓋𝑒",
            "_comment": "🥰🥰🥰🥰",
            "_create_time": "2025-02-16T23:11:22",
            "_avatar": "https://p16-pu-sign-useast8.tiktokcdn-us.com/tos-useast8-avt-0068-tx2/96cd9b9908a8a031d602b88474fe6cbb~tplv-tiktokx-cropcenter:100:100.jpg?dr=9640&refresh_token=76e8bb14&x-expires=1756281600&x-signature=LybuH71CK5gkYWXwVqpkNAeuwjw%3D&t=4d5b0474&ps=13740610&shp=30310797&shcp=ff37627b&idc=useast5",
            "_total_reply": 0,
            "_replies": []
        },
        {
            "_comment_id": "7517156131530375941",
            "_username": "moondress.gt",
            "_nickname": "@moondress.gt",
            "_comment": "💕💕💕",
            "_create_time": "2025-06-18T06:25:19",
            "_avatar": "https://p16-common-sign-va.tiktokcdn-us.com/tos-maliva-avt-0068/941836ba38237e6bdaaef3733c3256b8~tplv-tiktokx-cropcenter:100:100.jpg?dr=9640&refresh_token=2240f3c9&x-expires=1756281600&x-signature=WEoPwRbreQUNW4e16iGlpH0v2AQ%3D&t=4d5b0474&ps=13740610&shp=30310797&shcp=ff37627b&idc=useast5",
            "_total_reply": 0,
            "_replies": []
        },
        {
            "_comment_id": "7526484063914525456",
            "_username": "jamaljaceazurin",
            "_nickname": "mr prime were wolf awoo alt ac",
            "_comment": "hiccup needs your help",
            "_create_time": "2025-07-13T09:42:17",
            "_avatar": "https://p16-common-sign-useast2a.tiktokcdn-us.com/tos-useast2a-avt-0068-giso/7153966837464563739~tplv-tiktokx-cropcenter:100:100.jpg?dr=9640&refresh_token=77206851&x-expires=1756281600&x-signature=%2Fc1ybkwpBWmn7U98kHLhVDDJ1XE%3D&t=4d5b0474&ps=13740610&shp=30310797&shcp=ff37627b&idc=useast5",
            "_total_reply": 0,
            "_replies": []
        },
        {
            "_comment_id": "7472094466653815595",
            "_username": "vexy.editz0",
            "_nickname": "!",
            "_comment": "we had emma x lancon Olivia x lancon now we need Arianna x lancon",
            "_create_time": "2025-02-16T20:03:09",
            "_avatar": "https://p16-sign.tiktokcdn-us.com/tos-useast5-avt-0068-tx/a9eaf07bbffc4766a45a051976949c2f~tplv-tiktokx-cropcenter:100:100.jpg?dr=9640&refresh_token=0911a337&x-expires=1756281600&x-signature=YToD4z%2FJg1KqH7SvaoMzza1v%2F0s%3D&t=4d5b0474&ps=13740610&shp=30310797&shcp=ff37627b&idc=useast5",
            "_total_reply": 0,
            "_replies": []
        },
        {
            "_comment_id": "7477248993897169686",
            "_username": "lena.oliwia126",
            "_nickname": "lena ✞",
            "_comment": "sample tokk",
            "_create_time": "2025-03-02T16:25:14",
            "_avatar": "https://p16-common-sign-useast2a.tiktokcdn-us.com/tos-useast2a-avt-0068-euttp/ec9066d5b6be2766e9a9f1be09c8bbad~tplv-tiktokx-cropcenter:100:100.jpg?dr=9640&refresh_token=8220cd71&x-expires=1756281600&x-signature=%2FtWqSyymIRF%2BXqsvBITSWJN58xQ%3D&t=4d5b0474&ps=13740610&shp=30310797&shcp=ff37627b&idc=useast5",
            "_total_reply": 0,
            "_replies": []
        }
    ],
    "total_comments": 26
}