{
    "original_url": "https://www.tiktok.com/@lancome.official/video/7472390608309538070",
    "video_id": "7472390608309538070",
    "description": "Simply captivating. For her 2025 EE BAFTA Film Awards makeup look, Global Ambassador #NicoParker opted for a unique twist on a classic: she achieved a fresh complexion with the Teint Idole Ultra Wear foundation, and tied the look together with fluttery lashes, using the new Lash Idôle Flutter Extension mascara. Makeup look courtesy of @Celiaburtonmakeup.  NICO’S LOOK SKIN Génifique Ultimate Serum Hydra Zen Gel Cream COMPLEXION Teint Idole Ultra Wear Foundation Teint Idole Ultra Wear All Over Concealer Blush Subtil in shade 351 Blushing Trésor Teint Idole Ultra Wear C.E. Skin Transforming Bronzer EYES Hypnôse 5-Color Eyeshadow Palette in shade 04 Taupe Craze Lash Idôle Liner in shade 01 Glossy Black Lash Idôle Flutter Extension Mascara LIPS Lip Idôle Lip Shaper in shade 26 Don’t Be Chai Lip Idôle Squalane-12 Butterglow™ in shade 10 Keep It Glowy #Lancome #LancomexNico #Makeup #EEBAFTAs​ #TeintIdoleUltraWear #FlutterExtension #LipIdole #Lashgoal #GlowyComplexion",
    "video_url": "https://m.tiktok.com/v/7472390608309538070.html?_d=0&comment_author_id=6803355989572584453&preview_pb=0&share_comment_id=7472420710064227092&share_item_id=7472390608309538070&sharer_language=en&source=h5_m&u_code=0",
    "tags": [
        "#NicoParker",
        "#Lancome",
        "#LancomexNico",
        "#Makeup",
        "#EEBAFTAs​",
        "#TeintIdoleUltraWear",
        "#FlutterExtension",
        "#LipIdole",
        "#Lashgoal",
        "#GlowyComplexion"
    ],
    "comments": [
        {
            "_comment_id": "7472420710064227092",
            "_username": "sabinesinno_",
            "_nickname": "Sabine Sinno",
            "_comment": "so cute 🔥🔥🔥",
            "_create_time": "2025-02-17T17:08:59",
            "_avatar": "https://p16-common-sign-sg.tiktokcdn-us.com/tos-alisg-avt-0068/7e32a842b6e918859b3445595bbbbf7e~tplv-tiktokx-cropcenter:100:100.jpg?dr=9640&refresh_token=223bc812&x-expires=1756281600&x-signature=Q5Lcrq0OgSHzKcKGhbiOM0oM5MQ%3D&t=4d5b0474&ps=13740610&shp=30310797&shcp=ff37627b&idc=useast5",
            "_total_reply": 0,
            "_replies": []
        },
        {
            "_comment_id": "7472452199789118230",
            "_username": "l3nbedumb",
            "_nickname": "⚓︎ 𝑳𝒆𝒏𝒂 ✪",
            "_comment": "You always have the most gorgeous models",
            "_create_time": "2025-02-17T19:11:21",
            "_avatar": "https://p16-common-sign-va.tiktokcdn-us.com/tos-maliva-avt-0068/bc9576fcd0ba78053c8e0d8e1733ed61~tplv-tiktokx-cropcenter:100:100.jpg?dr=9640&refresh_token=d5940b23&x-expires=1756281600&x-signature=XR%2BzNWHnGHIhfqu9km%2Bq8DiZDSE%3D&t=4d5b0474&ps=13740610&shp=30310797&shcp=ff37627b&idc=useast5",
            "_total_reply": 0,
            "_replies": []
        },
        {
            "_comment_id": "7473023527198147350",
            "_username": "oliviarodrigonews2",
            "_nickname": "Team Olivia",
            "_comment": "Wait she played in “Bridget jones”",
            "_create_time": "2025-02-19T08:09:04",
            "_avatar": "https://p16-common-sign-va.tiktokcdn-us.com/tos-maliva-avt-0068/177979e321e289847535d63613ff8c6f~tplv-tiktokx-cropcenter:100:100.jpg?dr=9640&refresh_token=e581e2ec&x-expires=1756281600&x-signature=uLWiVIWU9EF7QRUQh4wdyDrdrjY%3D&t=4d5b0474&ps=13740610&shp=30310797&shcp=ff37627b&idc=useast5",
            "_total_reply": 0,
            "_replies": []
        },
        {
            "_comment_id": "7486062373645910806",
            "_username": "jessikaunfiltered",
            "_nickname": "JESSIKA",
            "_comment": "Stunning ❤️",
            "_create_time": "2025-03-26T10:25:42",
            "_avatar": "https://p16-common-sign-va.tiktokcdn-us.com/tos-maliva-avt-0068/2f549947d209147fac246b02b2efe291~tplv-tiktokx-cropcenter:100:100.jpg?dr=9640&refresh_token=dd7baca8&x-expires=1756281600&x-signature=CKXuS2eTYQUq26hrDMTykfBL8hE%3D&t=4d5b0474&ps=13740610&shp=30310797&shcp=ff37627b&idc=useast5",
            "_total_reply": 0,
            "_replies": []
        },
        {
            "_comment_id": "7476566590714479382",
            "_username": "ivi1234",
            "_nickname": "🌸 ivi 🌸♠️",
            "_comment": "yo quiero ese Rimmel de Lancome",
            "_create_time": "2025-02-28T20:17:08",
            "_avatar": "https://p16-common-sign-va.tiktokcdn-us.com/tos-maliva-avt-0068/0dcefb408d59aff95cc559d558f09ccf~tplv-tiktokx-cropcenter:100:100.jpg?dr=9640&refresh_token=94279f02&x-expires=1756281600&x-signature=qv6Q%2FLdJJSW68ePKskaO10ISmR8%3D&t=4d5b0474&ps=13740610&shp=30310797&shcp=ff37627b&idc=useast5",
            "_total_reply": 0,
            "_replies": []
        },
        {
            "_comment_id": "7472429548048515862",
            "_username": "lauren..xb",
            "_nickname": "lauren",
            "_comment": "Sample tok 🙏",
            "_create_time": "2025-02-17T17:43:48",
            "_avatar": "https://p16-common-sign-va.tiktokcdn-us.com/tos-maliva-avt-0068/08e80907ca0c22605e5a58cdab13a612~tplv-tiktokx-cropcenter:100:100.jpg?dr=9640&refresh_token=904c138d&x-expires=1756281600&x-signature=UO%2B8iI8Duq0TAfO0ddracjq5rS4%3D&t=4d5b0474&ps=13740610&shp=30310797&shcp=ff37627b&idc=useast5",
            "_total_reply": 0,
            "_replies": []
        },
        {
            "_comment_id": "7472391185714922262",
            "_username": "_iwanna1948",
            "_nickname": "ioanna",
            "_comment": "Firstttttt 💜💜💜hiiiii gorgeous 👑👑👑",
            "_create_time": "2025-02-17T15:14:51",
            "_avatar": "https://p16-common-sign-va.tiktokcdn-us.com/tos-maliva-avt-0068/9ecf25f6802d969b18f59e2ef0e1ca17~tplv-tiktokx-cropcenter:100:100.jpg?dr=9640&refresh_token=11c1f1a3&x-expires=1756281600&x-signature=W63VdjVeTwcg5laOuD9bOyd1B3g%3D&t=4d5b0474&ps=13740610&shp=30310797&shcp=ff37627b&idc=useast5",
            "_total_reply": 0,
            "_replies": []
        },
        {
            "_comment_id": "7479193470121968406",
            "_username": "user23820022",
            "_nickname": "Sara khan",
            "_comment": "Sample pls",
            "_create_time": "2025-03-07T22:10:43",
            "_avatar": "https://p16-common-sign-va.tiktokcdn-us.com/musically-maliva-obj/1594805258216454~tplv-tiktokx-cropcenter:100:100.jpg?dr=9640&refresh_token=e95abb24&x-expires=1756281600&x-signature=3sj6OaLiS8USBUJlFKzdpJPzweM%3D&t=4d5b0474&ps=13740610&shp=30310797&shcp=ff37627b&idc=useast5",
            "_total_reply": 0,
            "_replies": []
        },
        {
            "_comment_id": "7481263429924832022",
            "_username": "lifeofmrstlm2013",
            "_nickname": "lifeofmrstlm2013",
            "_comment": "totally stunning and beautiful 🎀🌷🎀",
            "_create_time": "2025-03-13T12:03:20",
            "_avatar": "https://p16-common-sign-va.tiktokcdn-us.com/musically-maliva-obj/1594805258216454~tplv-tiktokx-cropcenter:100:100.jpg?dr=9640&refresh_token=e95abb24&x-expires=1756281600&x-signature=3sj6OaLiS8USBUJlFKzdpJPzweM%3D&t=4d5b0474&ps=13740610&shp=30310797&shcp=ff37627b&idc=useast5",
            "_total_reply": 0,
            "_replies": []
        },
        {
            "_comment_id": "7472453451541611286",
            "_username": "antonellaparm",
            "_nickname": "Antonia",
            "_comment": "Il migliore in assoluto",
            "_create_time": "2025-02-17T19:16:16",
            "_avatar": "https://p16-common-sign-sg.tiktokcdn-us.com/tos-alisg-avt-0068/7336925937310629906~tplv-tiktokx-cropcenter:100:100.jpg?dr=9640&refresh_token=8cf1d895&x-expires=1756281600&x-signature=f%2FvBq6AEptZ9tTpLTgcDl7UxuMQ%3D&t=4d5b0474&ps=13740610&shp=30310797&shcp=ff37627b&idc=useast5",
            "_total_reply": 0,
            "_replies": []
        },
        {
            "_comment_id": "7472404156758639366",
            "_username": "emicool.13",
            "_nickname": "Emii🦖💘",
            "_comment": "Lancôme it’s very Beautiful💖😍",
            "_create_time": "2025-02-17T16:04:52",
            "_avatar": "https://p16-common-sign-va.tiktokcdn-us.com/tos-maliva-avt-0068/04a3ca0a2b9ef5e9dfa78527e74bf973~tplv-tiktokx-cropcenter:100:100.jpg?dr=9640&refresh_token=958e3f99&x-expires=1756281600&x-signature=JcuPw3j7eOHq1wH4L9jM%2B0kSBlo%3D&t=4d5b0474&ps=13740610&shp=30310797&shcp=ff37627b&idc=useast5",
            "_total_reply": 0,
            "_replies": []
        },
        {
            "_comment_id": "7472420315478541063",
            "_username": "anolivv_x",
            "_nickname": "𝓐☦︎",
            "_comment": "LIVE LAUGH LOVE OLIVIA&LANCÔME💜",
            "_create_time": "2025-02-17T17:07:22",
            "_avatar": "https://p16-common-sign-sg.tiktokcdn-us.com/tos-alisg-avt-0068/4ce5bf580ec047c9f0a004a744495eab~tplv-tiktokx-cropcenter:100:100.jpg?dr=9640&refresh_token=f3aa08db&x-expires=1756281600&x-signature=xVbowWviUCxsQEz1LPKjQOkQvLc%3D&t=4d5b0474&ps=13740610&shp=30310797&shcp=ff37627b&idc=useast5",
            "_total_reply": 0,
            "_replies": []
        },
        {
            "_comment_id": "7476468278161834774",
            "_username": "f.hussx",
            "_nickname": "♡♡♡",
            "_comment": "sample pls x",
            "_create_time": "2025-02-28T13:55:38",
            "_avatar": "https://p16-common-sign-va.tiktokcdn-us.com/tos-maliva-avt-0068/a79c38c8562c592adfc2c6660711cd00~tplv-tiktokx-cropcenter:100:100.jpg?dr=9640&refresh_token=a0b95f8f&x-expires=1756281600&x-signature=0sOOozYPHi2yBL28csWj0l1%2BfH0%3D&t=4d5b0474&ps=13740610&shp=30310797&shcp=ff37627b&idc=useast5",
            "_total_reply": 0,
            "_replies": []
        },
        {
            "_comment_id": "7472673130936468247",
            "_username": "_dolly.princess_",
            "_nickname": "💮🍡🇮🇹",
            "_comment": "pretty lashessss",
            "_create_time": "2025-02-18T09:29:16",
            "_avatar": "https://p16-common-sign-va.tiktokcdn-us.com/tos-maliva-avt-0068/e21ab5de5f686bbb53c58a10086ebe85~tplv-tiktokx-cropcenter:100:100.jpg?dr=9640&refresh_token=c5bc2998&x-expires=1756281600&x-signature=QQEybzWDrEtHUekG%2FG52WqDLEM8%3D&t=4d5b0474&ps=13740610&shp=30310797&shcp=ff37627b&idc=useast5",
            "_total_reply": 0,
            "_replies": []
        },
        {
            "_comment_id": "7472641656133272366",
            "_username": "nidia.de.leon8",
            "_nickname": "Nidia De leon",
            "_comment": "Beautiful ❤️❤️❤️❤️",
            "_create_time": "2025-02-18T07:26:46",
            "_avatar": "https://p16-pu-sign-useast8.tiktokcdn-us.com/tos-useast5-avt-0068-tx/816b72f2ace8ce43013954f0835af521~tplv-tiktokx-cropcenter:100:100.jpg?dr=9640&refresh_token=460d8074&x-expires=1756281600&x-signature=EL3lBJMIcFx7aok5R0CbgTuF9nA%3D&t=4d5b0474&ps=13740610&shp=30310797&shcp=ff37627b&idc=useast5",
            "_total_reply": 0,
            "_replies": []
        },
        {
            "_comment_id": "7472673123721610006",
            "_username": "_dolly.princess_",
            "_nickname": "💮🍡🇮🇹",
            "_comment": "the model is so gorgeous 😍",
            "_create_time": "2025-02-18T09:29:12",
            "_avatar": "https://p16-common-sign-va.tiktokcdn-us.com/tos-maliva-avt-0068/e21ab5de5f686bbb53c58a10086ebe85~tplv-tiktokx-cropcenter:100:100.jpg?dr=9640&refresh_token=c5bc2998&x-expires=1756281600&x-signature=QQEybzWDrEtHUekG%2FG52WqDLEM8%3D&t=4d5b0474&ps=13740610&shp=30310797&shcp=ff37627b&idc=useast5",
            "_total_reply": 0,
            "_replies": []
        },
        {
            "_comment_id": "7472477206670525206",
            "_username": "queeniesss5789",
            "_nickname": "tasha",
            "_comment": "❤️",
            "_create_time": "2025-02-17T20:48:30",
            "_avatar": "https://p16-common-sign-useast2a.tiktokcdn-us.com/tos-useast2a-avt-0068-euttp/b050c287b2caa6d79e833351538d3e02~tplv-tiktokx-cropcenter:100:100.jpg?dr=9640&refresh_token=c7834557&x-expires=1756281600&x-signature=pr8dXrxMhwEUBehYqILK6mo3Z7I%3D&t=4d5b0474&ps=13740610&shp=30310797&shcp=ff37627b&idc=useast5",
            "_total_reply": 0,
            "_replies": []
        },
        {
            "_comment_id": "7472508724193411862",
            "_username": "user926302730",
            "_nickname": "user926302730",
            "_comment": "😍",
            "_create_time": "2025-02-17T22:50:56",
            "_avatar": "https://p16-common-sign-useast2a.tiktokcdn-us.com/tos-useast2a-avt-0068-euttp/5353e79befa22c9783d86cea10460b04~tplv-tiktokx-cropcenter:100:100.jpg?dr=9640&refresh_token=721f9834&x-expires=1756281600&x-signature=W1c23DknsLaIPVGRGfXgRvbaX8Q%3D&t=4d5b0474&ps=13740610&shp=30310797&shcp=ff37627b&idc=useast5",
            "_total_reply": 0,
            "_replies": []
        },
        {
            "_comment_id": "7473648331999707926",
            "_username": "noeminikita",
            "_nickname": "Noemi Nikita",
            "_comment": "😍",
            "_create_time": "2025-02-21T00:33:33",
            "_avatar": "https://p16-common-sign-va.tiktokcdn-us.com/tos-maliva-avt-0068/8f102dcc26f50e807fb7ff1f31ce4e84~tplv-tiktokx-cropcenter:100:100.jpg?dr=9640&refresh_token=09b70e8f&x-expires=1756281600&x-signature=LUKK6spksLlrNG%2FCwCti5Wo5p28%3D&t=4d5b0474&ps=13740610&shp=30310797&shcp=ff37627b&idc=useast5",
            "_total_reply": 0,
            "_replies": []
        },
        {
            "_comment_id": "7472486855172555542",
            "_username": "scarlett_owen4",
            "_nickname": "Scarlett",
            "_comment": "😍",
            "_create_time": "2025-02-17T21:26:04",
            "_avatar": "https://p16-common-sign-va.tiktokcdn-us.com/tos-maliva-avt-0068/f179f7767a8ca612465d3db6d1a5b6af~tplv-tiktokx-cropcenter:100:100.jpg?dr=9640&refresh_token=7806b799&x-expires=1756281600&x-signature=pgql1kmQsVsr6NhRBbXrYf8ZIoU%3D&t=4d5b0474&ps=13740610&shp=30310797&shcp=ff37627b&idc=useast5",
            "_total_reply": 0,
            "_replies": []
        },
        {
            "_comment_id": "7472508792878613270",
            "_username": "user926302730",
            "_nickname": "user926302730",
            "_comment": "💕💕💕💕",
            "_create_time": "2025-02-17T22:50:58",
            "_avatar": "https://p16-common-sign-useast2a.tiktokcdn-us.com/tos-useast2a-avt-0068-euttp/5353e79befa22c9783d86cea10460b04~tplv-tiktokx-cropcenter:100:100.jpg?dr=9640&refresh_token=721f9834&x-expires=1756281600&x-signature=W1c23DknsLaIPVGRGfXgRvbaX8Q%3D&t=4d5b0474&ps=13740610&shp=30310797&shcp=ff37627b&idc=useast5",
            "_total_reply": 0,
            "_replies": []
        },
        {
            "_comment_id": "7472791786814882582",
            "_username": "talaalbashirx",
            "_nickname": "تالا🤍",
            "_comment": "😁",
            "_create_time": "2025-02-18T17:09:26",
            "_avatar": "https://p16-common-sign-useast2a.tiktokcdn-us.com/tos-useast2a-avt-0068-euttp/771de0f7e9fa690f9a89f0d7487fdf7d~tplv-tiktokx-cropcenter:100:100.jpg?dr=9640&refresh_token=adbc9f06&x-expires=1756281600&x-signature=Ec3r46ONp8DCLb7O5D%2FYRwY4ywk%3D&t=4d5b0474&ps=13740610&shp=30310797&shcp=ff37627b&idc=useast5",
            "_total_reply": 0,
            "_replies": []
        },
        {
            "_comment_id": "7472520217114788630",
            "_username": "dailytouchofmakeup",
            "_nickname": "dailytouchofmakeup",
            "_comment": "l wanna work with you SOOOOO MUUUUCH ☺️",
            "_create_time": "2025-02-17T23:35:41",
            "_avatar": "https://p16-common-sign-va.tiktokcdn-us.com/tos-maliva-avt-0068/a631ca565e2a1f9e6220c96d9f618a9c~tplv-tiktokx-cropcenter:100:100.jpg?dr=9640&refresh_token=607f0c05&x-expires=1756281600&x-signature=fe2qjmffi5beHJ5VbxXofd2hBgQ%3D&t=4d5b0474&ps=13740610&shp=30310797&shcp=ff37627b&idc=useast5",
            "_total_reply": 0,
            "_replies": []
        },
        {
            "_comment_id": "7472391806257431318",
            "_username": "toluwadara_13",
            "_nickname": "Toluwadara🫶🏾",
            "_comment": "sampllwee",
            "_create_time": "2025-02-17T15:17:07",
            "_avatar": "https://p16-common-sign-va.tiktokcdn-us.com/tos-maliva-avt-0068/0c6332f26c6f17c5b70a5a5ab064a2b4~tplv-tiktokx-cropcenter:100:100.jpg?dr=9640&refresh_token=1ef3a867&x-expires=1756281600&x-signature=X5AVGw03vLALX0gAMczvqg8EVFo%3D&t=4d5b0474&ps=13740610&shp=30310797&shcp=ff37627b&idc=useast5",
            "_total_reply": 0,
            "_replies": []
        },
        {
            "_comment_id": "7473952354771206934",
            "_username": "chanellericketts",
            "_nickname": "️",
            "_comment": "smaplee",
            "_create_time": "2025-02-21T20:12:59",
            "_avatar": "https://p16-common-sign-va.tiktokcdn-us.com/tos-maliva-avt-0068/83ed4d29a16a2fdc1f9e3407405c0ac4~tplv-tiktokx-cropcenter:100:100.jpg?dr=9640&refresh_token=ee786879&x-expires=1756281600&x-signature=z8uolA1pQ08NRriZgDqT8spBkkY%3D&t=4d5b0474&ps=13740610&shp=30310797&shcp=ff37627b&idc=useast5",
            "_total_reply": 0,
            "_replies": []
        },
        {
            "_comment_id": "7473190425098011414",
            "_username": "1urser.zzy",
            "_nickname": "Izzy 🌺",
            "_comment": "Sample",
            "_create_time": "2025-02-19T18:56:12",
            "_avatar": "https://p16-common-sign-va.tiktokcdn-us.com/tos-maliva-avt-0068/42c902eb4876e75627833448a9e0ada6~tplv-tiktokx-cropcenter:100:100.jpg?dr=9640&refresh_token=45e21596&x-expires=1756281600&x-signature=4TGlNpg8rF2zzQqf2DGm8rujutI%3D&t=4d5b0474&ps=13740610&shp=30310797&shcp=ff37627b&idc=useast5",
            "_total_reply": 0,
            "_replies": []
        }
    ],
    "total_comments": 26
}