{
    "original_url": "https://www.tiktok.com/@lancome.official/video/7473079726039387414",
    "video_id": "7473079726039387414",
    "description": "Happiest day to our mascara lovers ✨ #Lancome #Makeup #Mascara #internationallashday #lashday #MakeupTok #BeautyTok ",
    "video_url": "https://m.tiktok.com/v/7473079726039387414.html?_d=0&comment_author_id=7341821951641551904&preview_pb=0&share_comment_id=7473282679782867734&share_item_id=7473079726039387414&sharer_language=en&source=h5_m&u_code=0",
    "tags": [
        "#Lancome",
        "#Makeup",
        "#Mascara",
        "#internationallashday",
        "#lashday",
        "#MakeupTok",
        "#BeautyTok"
    ],
    "comments": [
        {
            "_comment_id": "7473282679782867734",
            "_username": "spicypiscesrules",
            "_nickname": "spicypiscesrules",
            "_comment": "Ommmg 135th like 💜💜💜",
            "_create_time": "2025-02-20T00:54:48",
            "_avatar": "https://p16-common-sign-va.tiktokcdn-us.com/tos-maliva-avt-0068/ec94cb9723caced6bfc5d03e6f3dde91~tplv-tiktokx-cropcenter:100:100.jpg?dr=9640&refresh_token=de056ef8&x-expires=1756281600&x-signature=IGT3940v%2Fag%2BpemGQj51ckMBEBQ%3D&t=4d5b0474&ps=13740610&shp=30310797&shcp=ff37627b&idc=useast5",
            "_total_reply": 0,
            "_replies": []
        },
        {
            "_comment_id": "7473287396034560790",
            "_username": "romanrdenisa",
            "_nickname": "Denisa Roman",
            "_comment": "Idole Mascara 🤩",
            "_create_time": "2025-02-20T01:13:23",
            "_avatar": "https://p16-common-sign-va.tiktokcdn-us.com/tos-maliva-avt-0068/5daf10997e48ebb3f0d14ab732b62ee4~tplv-tiktokx-cropcenter:100:100.jpg?dr=9640&refresh_token=43f19bf0&x-expires=1756281600&x-signature=kSyZ1LljSAjxVJBcAbJWjWkZGto%3D&t=4d5b0474&ps=13740610&shp=30310797&shcp=ff37627b&idc=useast5",
            "_total_reply": 0,
            "_replies": []
        },
        {
            "_comment_id": "7473132549059003158",
            "_username": "user72026312",
            "_nickname": ".",
            "_comment": "I JUST BOUGHT THE NEW IDÔLE MASCARA!!💞💞",
            "_create_time": "2025-02-19T15:11:47",
            "_avatar": "https://p16-common-sign-va.tiktokcdn-us.com/tos-maliva-avt-0068/6dea3775280f4e8fdd6108ac97929fcd~tplv-tiktokx-cropcenter:100:100.jpg?dr=9640&refresh_token=c869d0c3&x-expires=1756281600&x-signature=utrzJD%2BjZMglaG6jcpiOtdzpISA%3D&t=4d5b0474&ps=13740610&shp=30310797&shcp=ff37627b&idc=useast5",
            "_total_reply": 0,
            "_replies": []
        },
        {
            "_comment_id": "7473801152050021153",
            "_username": "harmonyyyyyy7",
            "_nickname": "harmony🩵",
            "_comment": "I love themmm",
            "_create_time": "2025-02-21T10:27:32",
            "_avatar": "https://p16-common-sign-useast2a.tiktokcdn-us.com/tos-useast2a-avt-0068-euttp/fb5f537b57a6b75eeb43343c7c512450~tplv-tiktokx-cropcenter:100:100.jpg?dr=9640&refresh_token=98369e19&x-expires=1756281600&x-signature=1d7%2FJ6kHICkM4CDpym9a64OcMIQ%3D&t=4d5b0474&ps=13740610&shp=30310797&shcp=ff37627b&idc=useast5",
            "_total_reply": 0,
            "_replies": []
        },
        {
            "_comment_id": "7474525317752652566",
            "_username": "eleonoraspilled",
            "_nickname": "Eleonora (spilled)",
            "_comment": "so cute im gonna buy now",
            "_create_time": "2025-02-23T08:16:37",
            "_avatar": "https://p16-common-sign-useast2a.tiktokcdn-us.com/tos-useast2a-avt-0068-euttp/2a4e356114eb02878055b369a56182ea~tplv-tiktokx-cropcenter:100:100.jpg?dr=9640&refresh_token=985c4703&x-expires=1756281600&x-signature=lOzFZw6F7wGXI9hk5wh3WvMn7mo%3D&t=4d5b0474&ps=13740610&shp=30310797&shcp=ff37627b&idc=useast5",
            "_total_reply": 0,
            "_replies": []
        },
        {
            "_comment_id": "7505587867348255531",
            "_username": "shristioli7",
            "_nickname": "Shristi oli",
            "_comment": "Wowwww 🥰🌸",
            "_create_time": "2025-05-18T02:14:33",
            "_avatar": "https://p16-pu-sign-useast8.tiktokcdn-us.com/tos-useast5-avt-0068-tx/2424bcfa665e343fdec454b6488eb324~tplv-tiktokx-cropcenter:100:100.jpg?dr=9640&refresh_token=cbf68837&x-expires=1756281600&x-signature=euYmbtvVbKpwogIyi95JhqisIHc%3D&t=4d5b0474&ps=13740610&shp=30310797&shcp=ff37627b&idc=useast5",
            "_total_reply": 0,
            "_replies": []
        },
        {
            "_comment_id": "7474134341695095607",
            "_username": "karla_15163",
            "_nickname": "Karla_14153",
            "_comment": "cai de nuevo en la mercadotecnia. la máscara nueva no hace nada por mis pestañas :(",
            "_create_time": "2025-02-22T07:59:17",
            "_avatar": "https://p16-common-sign-va.tiktokcdn-us.com/tos-maliva-avt-0068/f4cf4051af8f502a74518024e7c3f0b9~tplv-tiktokx-cropcenter:100:100.jpg?dr=9640&refresh_token=247c699a&x-expires=1756281600&x-signature=Lxg%2FKsIwD2a26EgSapfqhRhfOAA%3D&t=4d5b0474&ps=13740610&shp=30310797&shcp=ff37627b&idc=useast5",
            "_total_reply": 0,
            "_replies": []
        },
        {
            "_comment_id": "7473561715307234054",
            "_username": "itsbiancabebe",
            "_nickname": "Itsbiancabebe 🇨🇦",
            "_comment": "The bestttt mascara Ben been using over 10 years now😍🥰😍🥰😍",
            "_create_time": "2025-02-20T18:57:00",
            "_avatar": "https://p16-common-sign-va.tiktokcdn-us.com/tos-maliva-avt-0068/75f7bbb5e09d245d6af12d8e2a0fd44d~tplv-tiktokx-cropcenter:100:100.jpg?dr=9640&refresh_token=f2878d09&x-expires=1756281600&x-signature=qlIsvIsq9FBuHX4vX1eufVifVMQ%3D&t=4d5b0474&ps=13740610&shp=30310797&shcp=ff37627b&idc=useast5",
            "_total_reply": 0,
            "_replies": []
        },
        {
            "_comment_id": "7477137075206538006",
            "_username": "plaitanboy",
            "_nickname": "prahya",
            "_comment": "i love lancômeeeeee",
            "_create_time": "2025-03-02T09:11:00",
            "_avatar": "https://p19-common-sign-useast2a.tiktokcdn-us.com/tos-useast2a-avt-0068-euttp/aa1d6b996a2884cb957b0b976098fc51~tplv-tiktokx-cropcenter:100:100.jpg?dr=9640&refresh_token=7d0c6c88&x-expires=1756281600&x-signature=aSK6Y15IEhU5d%2BR2VsVLsHsEX%2FY%3D&t=4d5b0474&ps=13740610&shp=30310797&shcp=ff37627b&idc=useast5",
            "_total_reply": 1,
            "_replies": [
                {
                    "_comment_id": "7475301455021966112",
                    "_username": "lancome.official",
                    "_nickname": "Lancôme",
                    "_comment": "aww 🥹",
                    "_create_time": "2025-03-02T18:52:25",
                    "_avatar": "https://p16-common-sign-va.tiktokcdn-us.com/tos-maliva-avt-0068/9424f6caa6a8781766ccf45ddf0a0a0d~tplv-tiktokx-cropcenter:100:100.jpg?dr=9640&refresh_token=2d0d7041&x-expires=1756281600&x-signature=6RRh0sV%2BMiFopbDnto6in1a21L8%3D&t=4d5b0474&ps=13740610&shp=30310797&shcp=ff37627b&idc=useast5",
                    "_total_reply": null,
                    "_replies": []
                }
            ]
        },
        {
            "_comment_id": "7484160361106785029",
            "_username": "djarrasylla2",
            "_nickname": "Djarra Sylla",
            "_comment": "Hypnose ♥️👌👌👌",
            "_create_time": "2025-03-21T07:25:50",
            "_avatar": "https://p16-common-sign-va.tiktokcdn-us.com/tos-maliva-avt-0068/a6b65b6305f422abcfadec1b06d39ce3~tplv-tiktokx-cropcenter:100:100.jpg?dr=9640&refresh_token=28683feb&x-expires=1756281600&x-signature=VxdDQUBsVgW4P0YHPDA4DJpDN8k%3D&t=4d5b0474&ps=13740610&shp=30310797&shcp=ff37627b&idc=useast5",
            "_total_reply": 0,
            "_replies": []
        },
        {
            "_comment_id": "7473599983642805014",
            "_username": "lilly_rose_xo1",
            "_nickname": "lilly_rose_xo1",
            "_comment": "Slayyyy",
            "_create_time": "2025-02-20T21:25:34",
            "_avatar": "https://p16-common-sign-useast2a.tiktokcdn-us.com/tos-useast2a-avt-0068-euttp/d4396842c54c456b601c2974ed067328~tplv-tiktokx-cropcenter:100:100.jpg?dr=9640&refresh_token=63eacde2&x-expires=1756281600&x-signature=KO6DZ7U2xWNzuRtzFXZ%2FCvlJcUI%3D&t=4d5b0474&ps=13740610&shp=30310797&shcp=ff37627b&idc=useast5",
            "_total_reply": 0,
            "_replies": []
        },
        {
            "_comment_id": "7516461481317057322",
            "_username": "lynda_satx",
            "_nickname": "lynda_satx",
            "_comment": "Lancome customer for 20 years and these mascara’s are the best. I have used all of them but my favorite is Idole.♥️♥️♥️",
            "_create_time": "2025-06-16T09:30:27",
            "_avatar": "https://p16-sign.tiktokcdn-us.com/tos-useast5-avt-0068-tx/2576cac6632da3c37aff4204b6a8df02~tplv-tiktokx-cropcenter:100:100.jpg?dr=9640&refresh_token=307bb257&x-expires=1756281600&x-signature=4ldCKvzlWz022%2Bca5iG8XUdk%2FEI%3D&t=4d5b0474&ps=13740610&shp=30310797&shcp=ff37627b&idc=useast5",
            "_total_reply": 0,
            "_replies": []
        },
        {
            "_comment_id": "7482882574310785814",
            "_username": "donika.makeup",
            "_nickname": "Donika",
            "_comment": "Monsieur Big Mascara every day 🥰 I have been buying it for years.",
            "_create_time": "2025-03-17T20:46:13",
            "_avatar": "https://p16-common-sign-va.tiktokcdn-us.com/tos-maliva-avt-0068/7125541479841267717~tplv-tiktokx-cropcenter:100:100.jpg?dr=9640&refresh_token=bacf1c08&x-expires=1756281600&x-signature=N1OqG7%2BbtOTbhGSUEC74jCLWmNo%3D&t=4d5b0474&ps=13740610&shp=30310797&shcp=ff37627b&idc=useast5",
            "_total_reply": 0,
            "_replies": []
        },
        {
            "_comment_id": "7473086168465244950",
            "_username": "_nikita.x2",
            "_nickname": "🐒 nikita🐒",
            "_comment": "I love your hypnôse mascara",
            "_create_time": "2025-02-19T12:11:40",
            "_avatar": "https://p16-common-sign-useast2a.tiktokcdn-us.com/tos-useast2a-avt-0068-euttp/db871e80723804fef73d1d733042ef7c~tplv-tiktokx-cropcenter:100:100.jpg?dr=9640&refresh_token=14552b39&x-expires=1756281600&x-signature=dTiHCrVE4fH6KuDtj0QPeEGd6zA%3D&t=4d5b0474&ps=13740610&shp=30310797&shcp=ff37627b&idc=useast5",
            "_total_reply": 1,
            "_replies": [
                {
                    "_comment_id": "7473089334741156630",
                    "_username": "lancome.official",
                    "_nickname": "Lancôme",
                    "_comment": "Aweee, looks like you’ve met your match 🥰",
                    "_create_time": "2025-02-19T12:23:56",
                    "_avatar": "https://p19-common-sign-va.tiktokcdn-us.com/tos-maliva-avt-0068/9424f6caa6a8781766ccf45ddf0a0a0d~tplv-tiktokx-cropcenter:100:100.jpg?dr=9640&refresh_token=4e732867&x-expires=1756281600&x-signature=5PN4EHVgtRvUll6IF2OIT9lcCWk%3D&t=4d5b0474&ps=13740610&shp=30310797&shcp=ff37627b&idc=useast5",
                    "_total_reply": null,
                    "_replies": []
                }
            ]
        },
        {
            "_comment_id": "7473742884207051526",
            "_username": "miamacarena_",
            "_nickname": "Mia Macarena Martinez",
            "_comment": "Haces envíos??? 🚚",
            "_create_time": "2025-02-21T06:40:12",
            "_avatar": "https://p16-common-sign-va.tiktokcdn-us.com/tos-maliva-avt-0068/974028753732eb16f06931e476b002f7~tplv-tiktokx-cropcenter:100:100.jpg?dr=9640&refresh_token=16f0e3ed&x-expires=1756281600&x-signature=7zOZoFVNPeJRMZ5f98hOuWUtsYQ%3D&t=4d5b0474&ps=13740610&shp=30310797&shcp=ff37627b&idc=useast5",
            "_total_reply": 0,
            "_replies": []
        },
        {
            "_comment_id": "7473980761551176450",
            "_username": "anna_skjoldager",
            "_nickname": "Anna🦖",
            "_comment": "I’ve been a loyal one of 3 of these mascaras for YEARS",
            "_create_time": "2025-02-21T22:03:06",
            "_avatar": "https://p19-common-sign-va.tiktokcdn-us.com/tos-maliva-avt-0068/b0b9093307fcd94fdbdc264584ed6eab~tplv-tiktokx-cropcenter:100:100.jpg?dr=9640&refresh_token=5afd908c&x-expires=1756281600&x-signature=zzy8gslnWxYh7UMEz301g9vMJJA%3D&t=4d5b0474&ps=13740610&shp=30310797&shcp=ff37627b&idc=useast5",
            "_total_reply": 0,
            "_replies": []
        },
        {
            "_comment_id": "7479879976679179030",
            "_username": "lifeofmrstlm2013",
            "_nickname": "lifeofmrstlm2013",
            "_comment": "waiting for my trial idole mascara to arrive can't wait 🌷",
            "_create_time": "2025-03-09T18:34:38",
            "_avatar": "https://p16-common-sign-va.tiktokcdn-us.com/musically-maliva-obj/1594805258216454~tplv-tiktokx-cropcenter:100:100.jpg?dr=9640&refresh_token=e95abb24&x-expires=1756281600&x-signature=3sj6OaLiS8USBUJlFKzdpJPzweM%3D&t=4d5b0474&ps=13740610&shp=30310797&shcp=ff37627b&idc=useast5",
            "_total_reply": 0,
            "_replies": []
        },
        {
            "_comment_id": "7473888462509474582",
            "_username": "danielivie",
            "_nickname": "📣 ݃ 𝖽𑄙ִ𝗇𝗂 ׁ ᰢ     ᵒᴿ",
            "_comment": "HIII I LOVE U LANCOME 💜💜",
            "_create_time": "2025-02-21T16:04:51",
            "_avatar": "https://p16-common-sign-va.tiktokcdn-us.com/tos-maliva-avt-0068/c2376c18c21defb922fc80d6e324102c~tplv-tiktokx-cropcenter:100:100.jpg?dr=9640&refresh_token=f5dd891d&x-expires=1756281600&x-signature=ZMxYqqGrOcFT7SOAeaLKfZEhieI%3D&t=4d5b0474&ps=13740610&shp=30310797&shcp=ff37627b&idc=useast5",
            "_total_reply": 0,
            "_replies": []
        },
        {
            "_comment_id": "7473401916462990112",
            "_username": "claudia.cch",
            "_nickname": "Claudz☁️",
            "_comment": "My favourite mascara brand",
            "_create_time": "2025-02-20T08:37:42",
            "_avatar": "https://p16-common-sign-useast2a.tiktokcdn-us.com/tos-useast2a-avt-0068-euttp/936b4c8a9dc41b3ca49d823d046c36b2~tplv-tiktokx-cropcenter:100:100.jpg?dr=9640&refresh_token=551138fd&x-expires=1756281600&x-signature=NLXfZWjnWXSrHAVS2oG4p1noSwA%3D&t=4d5b0474&ps=13740610&shp=30310797&shcp=ff37627b&idc=useast5",
            "_total_reply": 1,
            "_replies": [
                {
                    "_comment_id": "7473411862458401558",
                    "_username": "lancome.official",
                    "_nickname": "Lancôme",
                    "_comment": "🥹🩷",
                    "_create_time": "2025-02-20T09:15:47",
                    "_avatar": "https://p19-common-sign-va.tiktokcdn-us.com/tos-maliva-avt-0068/9424f6caa6a8781766ccf45ddf0a0a0d~tplv-tiktokx-cropcenter:100:100.jpg?dr=9640&refresh_token=4e732867&x-expires=1756281600&x-signature=5PN4EHVgtRvUll6IF2OIT9lcCWk%3D&t=4d5b0474&ps=13740610&shp=30310797&shcp=ff37627b&idc=useast5",
                    "_total_reply": null,
                    "_replies": []
                }
            ]
        },
        {
            "_comment_id": "7473134044562424598",
            "_username": "user72026312",
            "_nickname": ".",
            "_comment": "I’m inlove with the Idôle mascara",
            "_create_time": "2025-02-19T15:17:22",
            "_avatar": "https://p16-common-sign-va.tiktokcdn-us.com/tos-maliva-avt-0068/6dea3775280f4e8fdd6108ac97929fcd~tplv-tiktokx-cropcenter:100:100.jpg?dr=9640&refresh_token=c869d0c3&x-expires=1756281600&x-signature=utrzJD%2BjZMglaG6jcpiOtdzpISA%3D&t=4d5b0474&ps=13740610&shp=30310797&shcp=ff37627b&idc=useast5",
            "_total_reply": 3,
            "_replies": [
                {
                    "_comment_id": "7473063144345207584",
                    "_username": "lancome.official",
                    "_nickname": "Lancôme",
                    "_comment": "AHHHH!! Same same 🩷",
                    "_create_time": "2025-02-19T16:21:07",
                    "_avatar": "https://p16-common-sign-va.tiktokcdn-us.com/tos-maliva-avt-0068/9424f6caa6a8781766ccf45ddf0a0a0d~tplv-tiktokx-cropcenter:100:100.jpg?dr=9640&refresh_token=2d0d7041&x-expires=1756281600&x-signature=6RRh0sV%2BMiFopbDnto6in1a21L8%3D&t=4d5b0474&ps=13740610&shp=30310797&shcp=ff37627b&idc=useast5",
                    "_total_reply": null,
                    "_replies": []
                },
                {
                    "_comment_id": "7473221692765078294",
                    "_username": "user72026312",
                    "_nickname": ".",
                    "_comment": "OMG I LOVE U!!💞",
                    "_create_time": "2025-02-19T20:57:19",
                    "_avatar": "https://p16-common-sign-va.tiktokcdn-us.com/tos-maliva-avt-0068/6dea3775280f4e8fdd6108ac97929fcd~tplv-tiktokx-cropcenter:100:100.jpg?dr=9640&refresh_token=c869d0c3&x-expires=1756281600&x-signature=utrzJD%2BjZMglaG6jcpiOtdzpISA%3D&t=4d5b0474&ps=13740610&shp=30310797&shcp=ff37627b&idc=useast5",
                    "_total_reply": null,
                    "_replies": []
                },
                {
                    "_comment_id": "7473561813888893702",
                    "_username": "itsbiancabebe",
                    "_nickname": "Itsbiancabebe 🇨🇦",
                    "_comment": "Rughttttt",
                    "_create_time": "2025-02-20T18:57:08",
                    "_avatar": "https://p16-common-sign-va.tiktokcdn-us.com/tos-maliva-avt-0068/75f7bbb5e09d245d6af12d8e2a0fd44d~tplv-tiktokx-cropcenter:100:100.jpg?dr=9640&refresh_token=f2878d09&x-expires=1756281600&x-signature=qlIsvIsq9FBuHX4vX1eufVifVMQ%3D&t=4d5b0474&ps=13740610&shp=30310797&shcp=ff37627b&idc=useast5",
                    "_total_reply": null,
                    "_replies": []
                }
            ]
        },
        {
            "_comment_id": "7473207504287466286",
            "_username": "savannahhopekey",
            "_nickname": "Savannah Hope Key",
            "_comment": "I love the idole mascara !!!🔥",
            "_create_time": "2025-02-19T20:02:23",
            "_avatar": "https://p16-pu-sign-useast8.tiktokcdn-us.com/tos-useast5-avt-0068-tx/26db3a28344bfecc3928ddc60debcef4~tplv-tiktokx-cropcenter:100:100.jpg?dr=9640&refresh_token=3e02ce19&x-expires=1756281600&x-signature=TcjacnDPQtBia1mKU65MYch14RM%3D&t=4d5b0474&ps=13740610&shp=30310797&shcp=ff37627b&idc=useast5",
            "_total_reply": 0,
            "_replies": []
        },
        {
            "_comment_id": "7521991839584928568",
            "_username": "philosophie148",
            "_nickname": "Sophie🪞🌺🥥",
            "_comment": "I LOVE UR MASCARA OMG. It’s the best thing I have put on my eyelashes. Your low key a queen💗🤭",
            "_create_time": "2025-07-01T07:10:31",
            "_avatar": "https://p16-common-sign-sg.tiktokcdn-us.com/tos-alisg-avt-0068/e5a9d2158e3d93b512b15ddfd5aefe81~tplv-tiktokx-cropcenter:100:100.jpg?dr=9640&refresh_token=a03649c7&x-expires=1756281600&x-signature=DUJfA1oIae4gu2MgGlbON8RU2mg%3D&t=4d5b0474&ps=13740610&shp=30310797&shcp=ff37627b&idc=useast5",
            "_total_reply": 0,
            "_replies": []
        },
        {
            "_comment_id": "7473120929007272736",
            "_username": "amyc3333",
            "_nickname": "amy",
            "_comment": "Need all the mascras",
            "_create_time": "2025-02-19T14:26:47",
            "_avatar": "https://p16-common-sign-useast2a.tiktokcdn-us.com/tos-useast2a-avt-0068-euttp/373c2741cc83811383913b9ee25c01d5~tplv-tiktokx-cropcenter:100:100.jpg?dr=9640&refresh_token=62ea7c95&x-expires=1756281600&x-signature=pHYUarwJiB6FavzYtsFGKJr0WhU%3D&t=4d5b0474&ps=13740610&shp=30310797&shcp=ff37627b&idc=useast5",
            "_total_reply": 0,
            "_replies": []
        },
        {
            "_comment_id": "7473190624209224470",
            "_username": "1urser.zzy",
            "_nickname": "Izzy 🌺",
            "_comment": "It’s a need",
            "_create_time": "2025-02-19T18:56:52",
            "_avatar": "https://p16-common-sign-va.tiktokcdn-us.com/tos-maliva-avt-0068/42c902eb4876e75627833448a9e0ada6~tplv-tiktokx-cropcenter:100:100.jpg?dr=9640&refresh_token=45e21596&x-expires=1756281600&x-signature=4TGlNpg8rF2zzQqf2DGm8rujutI%3D&t=4d5b0474&ps=13740610&shp=30310797&shcp=ff37627b&idc=useast5",
            "_total_reply": 0,
            "_replies": []
        },
        {
            "_comment_id": "7473217557655274261",
            "_username": "sabinesinno_",
            "_nickname": "Sabine Sinno",
            "_comment": "which one is your fav? mine is MONSIEUR BIG🤩",
            "_create_time": "2025-02-19T20:41:24",
            "_avatar": "https://p16-common-sign-sg.tiktokcdn-us.com/tos-alisg-avt-0068/7e32a842b6e918859b3445595bbbbf7e~tplv-tiktokx-cropcenter:100:100.jpg?dr=9640&refresh_token=223bc812&x-expires=1756281600&x-signature=Q5Lcrq0OgSHzKcKGhbiOM0oM5MQ%3D&t=4d5b0474&ps=13740610&shp=30310797&shcp=ff37627b&idc=useast5",
            "_total_reply": 0,
            "_replies": []
        },
        {
            "_comment_id": "7485455863890117383",
            "_username": "bavarilee",
            "_nickname": "Bavari Lee",
            "_comment": "I have all of them except the new idole",
            "_create_time": "2025-03-24T19:12:12",
            "_avatar": "https://p16-common-sign-sg.tiktokcdn-us.com/tos-alisg-avt-0068/52053800925c0d3ff16887bee1aa1ee5~tplv-tiktokx-cropcenter:100:100.jpg?dr=9640&refresh_token=90623bb8&x-expires=1756281600&x-signature=E0JlbmVuBHoffAt0tGpZHf%2FpeQ8%3D&t=4d5b0474&ps=13740610&shp=30310797&shcp=ff37627b&idc=useast5",
            "_total_reply": 0,
            "_replies": []
        },
        {
            "_comment_id": "7473260911659139861",
            "_username": "aynursamierdem",
            "_nickname": "Aynur Erdem",
            "_comment": "🥰",
            "_create_time": "2025-02-19T23:29:46",
            "_avatar": "https://p16-common-sign-sg.tiktokcdn-us.com/tos-alisg-avt-0068/b44da3ec65d35cd55c1004c9f952eb1a~tplv-tiktokx-cropcenter:100:100.jpg?dr=9640&refresh_token=0d89a848&x-expires=1756281600&x-signature=ucSLQ1cjRY374dabvf8WeH9nO%2F4%3D&t=4d5b0474&ps=13740610&shp=30310797&shcp=ff37627b&idc=useast5",
            "_total_reply": 0,
            "_replies": []
        },
        {
            "_comment_id": "7473648331906974486",
            "_username": "noeminikita",
            "_nickname": "Noemi Nikita",
            "_comment": "❤️❤️😍",
            "_create_time": "2025-02-21T00:33:17",
            "_avatar": "https://p16-common-sign-va.tiktokcdn-us.com/tos-maliva-avt-0068/8f102dcc26f50e807fb7ff1f31ce4e84~tplv-tiktokx-cropcenter:100:100.jpg?dr=9640&refresh_token=09b70e8f&x-expires=1756281600&x-signature=LUKK6spksLlrNG%2FCwCti5Wo5p28%3D&t=4d5b0474&ps=13740610&shp=30310797&shcp=ff37627b&idc=useast5",
            "_total_reply": 0,
            "_replies": []
        },
        {
            "_comment_id": "7473241058772615958",
            "_username": "marla.901",
            "_nickname": "marla.901",
            "_comment": "🤩🤩",
            "_create_time": "2025-02-19T22:12:29",
            "_avatar": "https://p16-common-sign-useast2a.tiktokcdn-us.com/tos-useast2a-avt-0068-euttp/7340596323860611104~tplv-tiktokx-cropcenter:100:100.jpg?dr=9640&refresh_token=536cac17&x-expires=1756281600&x-signature=rLSLh60hOipHRRNyDBLcBRXuzl8%3D&t=4d5b0474&ps=13740610&shp=30310797&shcp=ff37627b&idc=useast5",
            "_total_reply": 0,
            "_replies": []
        },
        {
            "_comment_id": "7479506724358488854",
            "_username": "leila.medina.mach",
            "_nickname": "Leila Medina Machua",
            "_comment": "@⛓️🍷Andrea🥀",
            "_create_time": "2025-03-08T18:26:15",
            "_avatar": "https://p16-common-sign-useast2a.tiktokcdn-us.com/tos-useast2a-avt-0068-euttp/7317287467244060704~tplv-tiktokx-cropcenter:100:100.jpg?dr=9640&refresh_token=f63ff545&x-expires=1756281600&x-signature=qOfb2Pg60rulbXvCGN01fJ7Io%2Fk%3D&t=4d5b0474&ps=13740610&shp=30310797&shcp=ff37627b&idc=useast5",
            "_total_reply": 0,
            "_replies": []
        },
        {
            "_comment_id": "7473119816154120965",
            "_username": "taylorannem7_",
            "_nickname": "taylorannem7_",
            "_comment": "💕💕💕",
            "_create_time": "2025-02-19T14:22:07",
            "_avatar": "https://p16-common-sign-sg.tiktokcdn-us.com/tos-alisg-avt-0068/06fc1a78f6d2bdf24ae5245064aca01b~tplv-tiktokx-cropcenter:100:100.jpg?dr=9640&refresh_token=58d05b06&x-expires=1756281600&x-signature=KKUqqyrlECPqzfIgsUZkZjU1YYc%3D&t=4d5b0474&ps=13740610&shp=30310797&shcp=ff37627b&idc=useast5",
            "_total_reply": 0,
            "_replies": []
        },
        {
            "_comment_id": "7478307212798231318",
            "_username": "cc.carms",
            "_nickname": "Carmen.aw💞",
            "_comment": "😍😍",
            "_create_time": "2025-03-05T12:51:45",
            "_avatar": "https://p16-common-sign-va.tiktokcdn-us.com/tos-maliva-avt-0068/771c1e4a0a3de5cc5ec258781e3fb0d0~tplv-tiktokx-cropcenter:100:100.jpg?dr=9640&refresh_token=ca05acc4&x-expires=1756281600&x-signature=w8wAvTUX4zWNAXVxJtWxaElTHaY%3D&t=4d5b0474&ps=13740610&shp=30310797&shcp=ff37627b&idc=useast5",
            "_total_reply": 0,
            "_replies": []
        },
        {
            "_comment_id": "7481870190611792682",
            "_username": "lilwishingstar",
            "_nickname": "lilwishingstar",
            "_comment": "❤️❤️❤️",
            "_create_time": "2025-03-15T03:17:49",
            "_avatar": "https://p19-sign.tiktokcdn-us.com/tos-useast5-avt-0068-tx/7b299aa236ff45001911883b5565eaf6~tplv-tiktokx-cropcenter:100:100.jpg?dr=9640&refresh_token=2f197b77&x-expires=1756281600&x-signature=9DgfRyQfxHd%2B%2FwEz0NQ5POFSq0E%3D&t=4d5b0474&ps=13740610&shp=30310797&shcp=ff37627b&idc=useast5",
            "_total_reply": 0,
            "_replies": []
        },
        {
            "_comment_id": "7476468177196745494",
            "_username": "f.hussx",
            "_nickname": "♡♡♡",
            "_comment": "samlle",
            "_create_time": "2025-02-28T13:55:19",
            "_avatar": "https://p16-common-sign-va.tiktokcdn-us.com/tos-maliva-avt-0068/a79c38c8562c592adfc2c6660711cd00~tplv-tiktokx-cropcenter:100:100.jpg?dr=9640&refresh_token=a0b95f8f&x-expires=1756281600&x-signature=0sOOozYPHi2yBL28csWj0l1%2BfH0%3D&t=4d5b0474&ps=13740610&shp=30310797&shcp=ff37627b&idc=useast5",
            "_total_reply": 0,
            "_replies": []
        },
        {
            "_comment_id": "7474705620747633430",
            "_username": "destiny.skye07",
            "_nickname": "🖤",
            "_comment": "samplee",
            "_create_time": "2025-02-23T19:55:46",
            "_avatar": "https://p19-common-sign-va.tiktokcdn-us.com/tos-maliva-avt-0068/a24c2838a3e8145d9f12bf46cf64040f~tplv-tiktokx-cropcenter:100:100.jpg?dr=9640&refresh_token=d02a09c5&x-expires=1756281600&x-signature=8p0jP681uSd%2BaD8JIUvHMRmrJLM%3D&t=4d5b0474&ps=13740610&shp=30310797&shcp=ff37627b&idc=useast5",
            "_total_reply": 0,
            "_replies": []
        },
        {
            "_comment_id": "7473901970613617430",
            "_username": "syedaa.1011",
            "_nickname": "𝐬𝐲𝐞𝐝𝐚 🧸",
            "_comment": "sampletok",
            "_create_time": "2025-02-21T16:57:15",
            "_avatar": "https://p16-common-sign-va.tiktokcdn-us.com/tos-maliva-avt-0068/d9cd5cb0dd2f464f2b1bf5299af5edee~tplv-tiktokx-cropcenter:100:100.jpg?dr=9640&refresh_token=ada79488&x-expires=1756281600&x-signature=oqxZeXBadWn1RnDZgU3d3x0HY%2BQ%3D&t=4d5b0474&ps=13740610&shp=30310797&shcp=ff37627b&idc=useast5",
            "_total_reply": 0,
            "_replies": []
        },
        {
            "_comment_id": "7473895674875478806",
            "_username": "soph539259",
            "_nickname": "Soph",
            "_comment": "sample",
            "_create_time": "2025-02-21T16:32:56",
            "_avatar": "https://p16-common-sign-useast2a.tiktokcdn-us.com/tos-useast2a-avt-0068-euttp/17414733552bc9b46462d0d0f4415031~tplv-tiktokx-cropcenter:100:100.jpg?dr=9640&refresh_token=69b74242&x-expires=1756281600&x-signature=ZXgswettozDL%2ByCY4kHvOvDtIk4%3D&t=4d5b0474&ps=13740610&shp=30310797&shcp=ff37627b&idc=useast5",
            "_total_reply": 0,
            "_replies": []
        },
        {
            "_comment_id": "7473090696498692886",
            "_username": "eilidhxmcguigan",
            "_nickname": "𝐞𝐢𝐥𝐢𝐝𝐡💞💝",
            "_comment": "I love Olivia Rodrigo so I will be being idole power",
            "_create_time": "2025-02-19T12:29:38",
            "_avatar": "https://p16-common-sign-va.tiktokcdn-us.com/tos-maliva-avt-0068/ebf7ad5ae3877d42ed16d37fbb92241c~tplv-tiktokx-cropcenter:100:100.jpg?dr=9640&refresh_token=587c933c&x-expires=1756281600&x-signature=phbG9J8EDoJDCf1WvktuaMok1bc%3D&t=4d5b0474&ps=13740610&shp=30310797&shcp=ff37627b&idc=useast5",
            "_total_reply": 0,
            "_replies": []
        },
        {
            "_comment_id": "7473085944867635975",
            "_username": "ajhascakeperiod",
            "_nickname": "Sophia Lauren ☺️🫧",
            "_comment": "Hii I’m a big fan of your brand and hope to receive PR to help mine and your account grow I have less than 100 followers but still wish to grow 🩷🩷",
            "_create_time": "2025-02-19T12:10:28",
            "_avatar": "https://p16-common-sign-sg.tiktokcdn-us.com/tos-alisg-avt-0068/80dc9924d1c98ed6d9aec6724bc8f6c3~tplv-tiktokx-cropcenter:100:100.jpg?dr=9640&refresh_token=552c5e5b&x-expires=1756281600&x-signature=f9lmxb5J8KZq0vDHivvTEw3F1ic%3D&t=4d5b0474&ps=13740610&shp=30310797&shcp=ff37627b&idc=useast5",
            "_total_reply": 0,
            "_replies": []
        },
        {
            "_comment_id": "7473518843664597815",
            "_username": "oratile_matsididi",
            "_nickname": "Rati",
            "_comment": "😂",
            "_create_time": "2025-02-20T16:10:37",
            "_avatar": "https://p16-common-sign-va.tiktokcdn-us.com/tos-maliva-avt-0068/c83557b340aefc16f6cee36e9c00331b~tplv-tiktokx-cropcenter:100:100.jpg?dr=9640&refresh_token=2dabaefb&x-expires=1756281600&x-signature=fm461XxOQzacKbqTx43Ijzq9hCk%3D&t=4d5b0474&ps=13740610&shp=30310797&shcp=ff37627b&idc=useast5",
            "_total_reply": 0,
            "_replies": []
        }
    ],
    "total_comments": 40
}