{
    "original_url": "https://www.tiktok.com/@lancome.official/video/7473442925540642070",
    "video_id": "7473442925540642070",
    "description": "The perfect gift for our gloss lovers 🥰 #Lancome #Makeup #Essentials #MustHave #MakeupEssentials #Beauty #BeautyTok #Satisfying #JuicyTubes #Gloss #Lips #Lipsticks #MakeupTok ",
    "video_url": "https://m.tiktok.com/v/7473442925540642070.html?_d=0&comment_author_id=6947396372044039174&preview_pb=0&share_comment_id=7474623646498259714&share_item_id=7473442925540642070&sharer_language=en&source=h5_m&u_code=0",
    "tags": [
        "#Lancome",
        "#Makeup",
        "#Essentials",
        "#MustHave",
        "#MakeupEssentials",
        "#Beauty",
        "#BeautyTok",
        "#Satisfying",
        "#JuicyTubes",
        "#Gloss",
        "#Lips",
        "#Lipsticks",
        "#MakeupTok"
    ],
    "comments": [
        {
            "_comment_id": "7474623646498259714",
            "_username": "du_stiinkst1",
            "_nickname": "Chaya🧟‍♀️🫆𖤓",
            "_comment": "Samplessss",
            "_create_time": "2025-02-23T14:37:44",
            "_avatar": "https://p16-common-sign-va.tiktokcdn-us.com/tos-maliva-avt-0068/0fd9916b41d992cc0a1ea73778ea79d3~tplv-tiktokx-cropcenter:100:100.jpg?dr=9640&refresh_token=72704595&x-expires=1756281600&x-signature=zxme7Bc%2Bv4FyRuiZrP4THSsTKxk%3D&t=4d5b0474&ps=13740610&shp=30310797&shcp=ff37627b&idc=useast5",
            "_total_reply": 0,
            "_replies": []
        },
        {
            "_comment_id": "7505587797064385322",
            "_username": "shristioli7",
            "_nickname": "Shristi oli",
            "_comment": "Wanna collab with you fan of your product 👏❤️❤️",
            "_create_time": "2025-05-18T02:14:18",
            "_avatar": "https://p19-pu-sign-useast8.tiktokcdn-us.com/tos-useast5-avt-0068-tx/2424bcfa665e343fdec454b6488eb324~tplv-tiktokx-cropcenter:100:100.jpg?dr=9640&refresh_token=1e41b9bb&x-expires=1756281600&x-signature=P%2BVqH98tID7Jk46J%2Bhkgze0M97k%3D&t=4d5b0474&ps=13740610&shp=30310797&shcp=ff37627b&idc=useast5",
            "_total_reply": 0,
            "_replies": []
        },
        {
            "_comment_id": "7473696249945162542",
            "_username": "beautywithbetsy",
            "_nickname": "Betsy H",
            "_comment": "YESSSSSS I just bought another today!!!",
            "_create_time": "2025-02-21T03:38:55",
            "_avatar": "https://p19-sign.tiktokcdn-us.com/tos-useast5-avt-0068-tx/7340340165065310251~tplv-tiktokx-cropcenter:100:100.jpg?dr=9640&refresh_token=8f17eda3&x-expires=1756281600&x-signature=CBVcSNjSA5jywe5XENntY4gTztc%3D&t=4d5b0474&ps=13740610&shp=30310797&shcp=ff37627b&idc=useast5",
            "_total_reply": 0,
            "_replies": []
        },
        {
            "_comment_id": "7473471419352531713",
            "_username": "georgiedumapit",
            "_nickname": "georgiana 𝜗𝜚",
            "_comment": "THE MOST ADORABLE PACKAGING EVER OH MY GOODNESS 💓💓💓",
            "_create_time": "2025-02-20T13:06:16",
            "_avatar": "https://p16-common-sign-sg.tiktokcdn-us.com/tos-alisg-avt-0068/9fb4467c117aec00517ee7a03521a684~tplv-tiktokx-cropcenter:100:100.jpg?dr=9640&refresh_token=4a671fe1&x-expires=1756281600&x-signature=qyU6Y255hlzE3VcUkwiiMw9j%2Ff8%3D&t=4d5b0474&ps=13740610&shp=30310797&shcp=ff37627b&idc=useast5",
            "_total_reply": 1,
            "_replies": [
                {
                    "_comment_id": "7473047133244556065",
                    "_username": "lancome.official",
                    "_nickname": "Lancôme",
                    "_comment": "RIGHT 🥹🩷",
                    "_create_time": "2025-02-20T14:06:20",
                    "_avatar": "https://p16-common-sign-va.tiktokcdn-us.com/tos-maliva-avt-0068/9424f6caa6a8781766ccf45ddf0a0a0d~tplv-tiktokx-cropcenter:100:100.jpg?dr=9640&refresh_token=2d0d7041&x-expires=1756281600&x-signature=6RRh0sV%2BMiFopbDnto6in1a21L8%3D&t=4d5b0474&ps=13740610&shp=30310797&shcp=ff37627b&idc=useast5",
                    "_total_reply": null,
                    "_replies": []
                }
            ]
        },
        {
            "_comment_id": "7498252230840189697",
            "_username": "ugcforoozan",
            "_nickname": "ugcforoozan",
            "_comment": "My absolute favourites🥹💕",
            "_create_time": "2025-04-28T07:48:28",
            "_avatar": "https://p19-common-sign-sg.tiktokcdn-us.com/tos-alisg-avt-0068/4f20234357eb690eae00476159fd8823~tplv-tiktokx-cropcenter:100:100.jpg?dr=9640&refresh_token=d0f72302&x-expires=1756281600&x-signature=C3eN2FeUbJ8XDSDAHHxH2F4gy5U%3D&t=4d5b0474&ps=13740610&shp=30310797&shcp=ff37627b&idc=useast5",
            "_total_reply": 1,
            "_replies": [
                {
                    "_comment_id": "7496784293596136225",
                    "_username": "lancome.official",
                    "_nickname": "Lancôme",
                    "_comment": "🥹💖",
                    "_create_time": "2025-04-28T09:59:08",
                    "_avatar": "https://p16-common-sign-va.tiktokcdn-us.com/tos-maliva-avt-0068/9424f6caa6a8781766ccf45ddf0a0a0d~tplv-tiktokx-cropcenter:100:100.jpg?dr=9640&refresh_token=2d0d7041&x-expires=1756281600&x-signature=6RRh0sV%2BMiFopbDnto6in1a21L8%3D&t=4d5b0474&ps=13740610&shp=30310797&shcp=ff37627b&idc=useast5",
                    "_total_reply": null,
                    "_replies": []
                }
            ]
        },
        {
            "_comment_id": "7482519885387629334",
            "_username": "ruby.x6511",
            "_nickname": "Rubereats🍳",
            "_comment": "Sample tok",
            "_create_time": "2025-03-16T21:18:55",
            "_avatar": "https://p16-common-sign-va.tiktokcdn-us.com/tos-maliva-avt-0068/a27de583fbda954461ddc4ec54cb9868~tplv-tiktokx-cropcenter:100:100.jpg?dr=9640&refresh_token=09129edd&x-expires=1756281600&x-signature=P496FZYMvtd0%2B%2BgyumANl2im8f8%3D&t=4d5b0474&ps=13740610&shp=30310797&shcp=ff37627b&idc=useast5",
            "_total_reply": 0,
            "_replies": []
        },
        {
            "_comment_id": "7489080065133937430",
            "_username": "parisstarchannel",
            "_nickname": "parisstarchannel",
            "_comment": "Where can we purchase such beautiful box? ✨☺️✨",
            "_create_time": "2025-04-03T13:35:40",
            "_avatar": "https://p16-common-sign-useast2a.tiktokcdn-us.com/tos-useast2a-avt-0068-euttp/31d64074f400ce227707f4d3d4acc415~tplv-tiktokx-cropcenter:100:100.jpg?dr=9640&refresh_token=56e1dc20&x-expires=1756281600&x-signature=JC6nRZpMwH6ZJyQODk5l0%2FvtyHM%3D&t=4d5b0474&ps=13740610&shp=30310797&shcp=ff37627b&idc=useast5",
            "_total_reply": 0,
            "_replies": []
        },
        {
            "_comment_id": "7474527090949735190",
            "_username": "duruoguz4",
            "_nickname": "IHaveNoLuck",
            "_comment": "OMGG SOO ADORABLEEEE 🥺🥺🥺🥺🥺🥺🥺😍😍😍😍😍",
            "_create_time": "2025-02-23T08:23:41",
            "_avatar": "https://p16-common-sign-va.tiktokcdn-us.com/tos-maliva-avt-0068/78d987bebc58e0a921527dbd438cf269~tplv-tiktokx-cropcenter:100:100.jpg?dr=9640&refresh_token=bec7464b&x-expires=1756281600&x-signature=b%2ByuuOIkNy1m%2F20lBHzK58zC4eg%3D&t=4d5b0474&ps=13740610&shp=30310797&shcp=ff37627b&idc=useast5",
            "_total_reply": 0,
            "_replies": []
        },
        {
            "_comment_id": "7497968396803277623",
            "_username": "julzxcollection",
            "_nickname": "JULES 🤍",
            "_comment": "So nice 💕",
            "_create_time": "2025-04-27T13:27:29",
            "_avatar": "https://p16-common-sign-va.tiktokcdn-us.com/tos-maliva-avt-0068/954c8ea1e9dd7446b63746f08866546c~tplv-tiktokx-cropcenter:100:100.jpg?dr=9640&refresh_token=39e8be39&x-expires=1756281600&x-signature=avNzSZEB7mRqO1JtiE3q2%2BExPH0%3D&t=4d5b0474&ps=13740610&shp=30310797&shcp=ff37627b&idc=useast5",
            "_total_reply": 0,
            "_replies": []
        },
        {
            "_comment_id": "7481233001234301718",
            "_username": "carys.mua",
            "_nickname": "carys",
            "_comment": "the best🙌🏼💘",
            "_create_time": "2025-03-13T10:05:12",
            "_avatar": "https://p16-common-sign-va.tiktokcdn-us.com/tos-maliva-avt-0068/7d1855f92772f6dd06ec9467ca728c58~tplv-tiktokx-cropcenter:100:100.jpg?dr=9640&refresh_token=4f874a0b&x-expires=1756281600&x-signature=zek%2F8invEE%2BKn94t5pdfZYNB6zg%3D&t=4d5b0474&ps=13740610&shp=30310797&shcp=ff37627b&idc=useast5",
            "_total_reply": 0,
            "_replies": []
        },
        {
            "_comment_id": "7475387608374903594",
            "_username": ".lulubedumb",
            "_nickname": "LuluBEdumb",
            "_comment": "Where do you buy this? It’s not on the website.",
            "_create_time": "2025-02-25T16:02:22",
            "_avatar": "https://p16-pu-sign-useast8.tiktokcdn-us.com/tos-useast5-avt-0068-tx/c2307b4b880553179198f1e3de33d244~tplv-tiktokx-cropcenter:100:100.jpg?dr=9640&refresh_token=480c2860&x-expires=1756281600&x-signature=EQTgUl1WO5iUbNvTBZIDdN5zGyc%3D&t=4d5b0474&ps=13740610&shp=30310797&shcp=ff37627b&idc=useast5",
            "_total_reply": 0,
            "_replies": []
        },
        {
            "_comment_id": "7475726186368074518",
            "_username": "khloer2346",
            "_nickname": "𝐊𝐫𝐢𝐳𝐳𝐨",
            "_comment": "Sample",
            "_create_time": "2025-02-26T13:56:23",
            "_avatar": "https://p16-common-sign-va.tiktokcdn-us.com/tos-maliva-avt-0068/3c6692e89e29ac633bf34d10969f23e6~tplv-tiktokx-cropcenter:100:100.jpg?dr=9640&refresh_token=e8a538e2&x-expires=1756281600&x-signature=yXNVXkEqLOdv%2FjZcDxu8QIz1xyI%3D&t=4d5b0474&ps=13740610&shp=30310797&shcp=ff37627b&idc=useast5",
            "_total_reply": 0,
            "_replies": []
        },
        {
            "_comment_id": "7502506853068030726",
            "_username": "minani_ari",
            "_nickname": "Ari",
            "_comment": "when will i get free samples fro you guys? I will be so excited.",
            "_create_time": "2025-05-09T18:58:52",
            "_avatar": "https://p16-common-sign-va.tiktokcdn-us.com/tos-maliva-avt-0068/50a227c7a4481414977825dc30f4819f~tplv-tiktokx-cropcenter:100:100.jpg?dr=9640&refresh_token=f33e1af5&x-expires=1756281600&x-signature=b%2B7og5LtD7XqyXvYjn%2BkQNo7YzA%3D&t=4d5b0474&ps=13740610&shp=30310797&shcp=ff37627b&idc=useast5",
            "_total_reply": 0,
            "_replies": []
        },
        {
            "_comment_id": "7486686204541403906",
            "_username": "samplayy",
            "_nickname": "samplayy",
            "_comment": "J’adore. Le rêve de le recevoir en PR 💜🥰",
            "_create_time": "2025-03-28T02:46:51",
            "_avatar": "https://p16-common-sign-va.tiktokcdn-us.com/tos-maliva-avt-0068/4dbf53df307418d8587290fe53556191~tplv-tiktokx-cropcenter:100:100.jpg?dr=9640&refresh_token=0ae1c191&x-expires=1756281600&x-signature=jb%2FsReLrEunRGogO2TZrhHWOX2o%3D&t=4d5b0474&ps=13740610&shp=30310797&shcp=ff37627b&idc=useast5",
            "_total_reply": 0,
            "_replies": []
        },
        {
            "_comment_id": "7475119545368363798",
            "_username": "mum2girl",
            "_nickname": "nat",
            "_comment": "oh le rêve 💞",
            "_create_time": "2025-02-24T22:42:13",
            "_avatar": "https://p16-common-sign-sg.tiktokcdn-us.com/tos-alisg-avt-0068/44d531874470a2d7569de6780a955023~tplv-tiktokx-cropcenter:100:100.jpg?dr=9640&refresh_token=1c3be703&x-expires=1756281600&x-signature=1V0Wu9OIlj4iFDP%2FHFNhFhtA%2FoU%3D&t=4d5b0474&ps=13740610&shp=30310797&shcp=ff37627b&idc=useast5",
            "_total_reply": 0,
            "_replies": []
        },
        {
            "_comment_id": "7475361189548196616",
            "_username": "thepinkmermaid1111",
            "_nickname": "Nishi111",
            "_comment": "Omg I need 😊",
            "_create_time": "2025-02-25T14:19:25",
            "_avatar": "https://p16-common-sign-sg.tiktokcdn-us.com/tos-alisg-avt-0068/f760d0508fc1c5dc34f588782741c9a7~tplv-tiktokx-cropcenter:100:100.jpg?dr=9640&refresh_token=d0c4de0b&x-expires=1756281600&x-signature=q5BUM4puzGm6jCVI0lWxsq4qdHk%3D&t=4d5b0474&ps=13740610&shp=30310797&shcp=ff37627b&idc=useast5",
            "_total_reply": 0,
            "_replies": []
        },
        {
            "_comment_id": "7473514507022025494",
            "_username": "susisanjderio",
            "_nickname": "Suset🌸/UGC/España",
            "_comment": "Manifiesto 😍",
            "_create_time": "2025-02-20T15:53:47",
            "_avatar": "https://p16-common-sign-va.tiktokcdn-us.com/tos-maliva-avt-0068/a32ed8c5aca4597e00212c3941f7f907~tplv-tiktokx-cropcenter:100:100.jpg?dr=9640&refresh_token=8f50d71e&x-expires=1756281600&x-signature=JznORx%2FLtS4aL7iejI53Om4O6QU%3D&t=4d5b0474&ps=13740610&shp=30310797&shcp=ff37627b&idc=useast5",
            "_total_reply": 0,
            "_replies": []
        },
        {
            "_comment_id": "7477964207523595050",
            "_username": "b_reckless",
            "_nickname": "𝓑𝓻𝓪𝓷𝓭𝓲 🤠🪩⚡️",
            "_comment": "Obsessed 🩷",
            "_create_time": "2025-03-04T14:40:56",
            "_avatar": "https://p16-common-sign-va.tiktokcdn-us.com/tos-maliva-avt-0068/32c123fb9d0982357b1a3c5098db3779~tplv-tiktokx-cropcenter:100:100.jpg?dr=9640&refresh_token=175882fc&x-expires=1756281600&x-signature=Mi1VasGN7OATMw0wFgskwNd5NaE%3D&t=4d5b0474&ps=13740610&shp=30310797&shcp=ff37627b&idc=useast5",
            "_total_reply": 2,
            "_replies": [
                {
                    "_comment_id": "7476528674377155360",
                    "_username": "lancome.official",
                    "_nickname": "Lancôme",
                    "_comment": "Us too 🩷🤭",
                    "_create_time": "2025-03-04T15:13:39",
                    "_avatar": "https://p16-common-sign-va.tiktokcdn-us.com/tos-maliva-avt-0068/9424f6caa6a8781766ccf45ddf0a0a0d~tplv-tiktokx-cropcenter:100:100.jpg?dr=9640&refresh_token=2d0d7041&x-expires=1756281600&x-signature=6RRh0sV%2BMiFopbDnto6in1a21L8%3D&t=4d5b0474&ps=13740610&shp=30310797&shcp=ff37627b&idc=useast5",
                    "_total_reply": null,
                    "_replies": []
                },
                {
                    "_comment_id": "7477974323430720298",
                    "_username": "b_reckless",
                    "_nickname": "𝓑𝓻𝓪𝓷𝓭𝓲 🤠🪩⚡️",
                    "_comment": "I would love to work with you guys and promote your products I love Lancôme I have perfume and beauty products that I love wearing .",
                    "_create_time": "2025-03-04T15:20:19",
                    "_avatar": "https://p16-common-sign-va.tiktokcdn-us.com/tos-maliva-avt-0068/32c123fb9d0982357b1a3c5098db3779~tplv-tiktokx-cropcenter:100:100.jpg?dr=9640&refresh_token=175882fc&x-expires=1756281600&x-signature=Mi1VasGN7OATMw0wFgskwNd5NaE%3D&t=4d5b0474&ps=13740610&shp=30310797&shcp=ff37627b&idc=useast5",
                    "_total_reply": null,
                    "_replies": []
                }
            ]
        },
        {
            "_comment_id": "7474702437547885358",
            "_username": "itsjudyshin",
            "_nickname": "Joods",
            "_comment": "Ugh so cute a need😭",
            "_create_time": "2025-02-23T19:43:17",
            "_avatar": "https://p16-sign.tiktokcdn-us.com/tos-useast5-avt-0068-tx/c0e7f64dd110e5613019c627dfa2ad6c~tplv-tiktokx-cropcenter:100:100.jpg?dr=9640&refresh_token=4ae8b5bc&x-expires=1756281600&x-signature=mMrngDIIca2A%2BDb2ubiVGAoUd%2FU%3D&t=4d5b0474&ps=13740610&shp=30310797&shcp=ff37627b&idc=useast5",
            "_total_reply": 0,
            "_replies": []
        },
        {
            "_comment_id": "7473507886347223830",
            "_username": "alys.willow",
            "_nickname": "Alys",
            "_comment": "NEED 💖💖",
            "_create_time": "2025-02-20T15:28:01",
            "_avatar": "https://p19-common-sign-va.tiktokcdn-us.com/tos-maliva-avt-0068/3b73dfc507470c576e383e4335b1dc62~tplv-tiktokx-cropcenter:100:100.jpg?dr=9640&refresh_token=f5d56220&x-expires=1756281600&x-signature=16oBteRY%2BrlCSIsbY%2F5z011HwyM%3D&t=4d5b0474&ps=13740610&shp=30310797&shcp=ff37627b&idc=useast5",
            "_total_reply": 0,
            "_replies": []
        },
        {
            "_comment_id": "7473451502365770542",
            "_username": "ladamedechat",
            "_nickname": "Michelle Santini 💖🔮✨",
            "_comment": "Does it include stickers? 💖",
            "_create_time": "2025-02-20T11:50:16",
            "_avatar": "https://p16-pu-sign-useast8.tiktokcdn-us.com/tos-useast5-avt-0068-tx/b3f18120ec3a6801d1543b2b2bd52e9a~tplv-tiktokx-cropcenter:100:100.jpg?dr=9640&refresh_token=1e8d75b3&x-expires=1756281600&x-signature=5clmy%2F3KND8Vp9T6FulJ174eSrQ%3D&t=4d5b0474&ps=13740610&shp=30310797&shcp=ff37627b&idc=useast5",
            "_total_reply": 0,
            "_replies": []
        },
        {
            "_comment_id": "7473468633307398934",
            "_username": "100drine1111",
            "_nickname": "100drine1111",
            "_comment": "💖whaouuuu 😍",
            "_create_time": "2025-02-20T12:56:08",
            "_avatar": "https://p16-common-sign-va.tiktokcdn-us.com/tos-maliva-avt-0068/547834e38e371c7bd39b9a7f72dad036~tplv-tiktokx-cropcenter:100:100.jpg?dr=9640&refresh_token=766757d7&x-expires=1756281600&x-signature=X%2B38fEXyfiAtodaa0eBUkb%2FU%2FRc%3D&t=4d5b0474&ps=13740610&shp=30310797&shcp=ff37627b&idc=useast5",
            "_total_reply": 0,
            "_replies": []
        },
        {
            "_comment_id": "7473491251326911275",
            "_username": "jonesnatalie_",
            "_nickname": "Natalie",
            "_comment": "This is adorable",
            "_create_time": "2025-02-20T14:23:46",
            "_avatar": "https://p16-pu-sign-useast8.tiktokcdn-us.com/tos-useast5-avt-0068-tx/732e90d1bd1768743a2ead18cc6d44c0~tplv-tiktokx-cropcenter:100:100.jpg?dr=9640&refresh_token=ea323cb3&x-expires=1756281600&x-signature=QwExMQGL7wlXK7YRp1RYidQ0NU4%3D&t=4d5b0474&ps=13740610&shp=30310797&shcp=ff37627b&idc=useast5",
            "_total_reply": 0,
            "_replies": []
        },
        {
            "_comment_id": "7473507868118074142",
            "_username": "karisma_ray",
            "_nickname": "karisma_ray, ATL & SAV Creator",
            "_comment": "Omg 😩😍 the last PR package I got was cute but this takes it 💖 obsessed and can’t wait to try",
            "_create_time": "2025-02-20T15:27:58",
            "_avatar": "https://p16-pu-sign-useast8.tiktokcdn-us.com/tos-useast8-avt-0068-tx2/9d911e00106e5ff915db6cd45d29b907~tplv-tiktokx-cropcenter:100:100.jpg?dr=9640&refresh_token=045470e7&x-expires=1756281600&x-signature=CAE1URETurqXfs29jK%2FBvBNDZAI%3D&t=4d5b0474&ps=13740610&shp=30310797&shcp=ff37627b&idc=useast5",
            "_total_reply": 1,
            "_replies": [
                {
                    "_comment_id": "7485675622543917847",
                    "_username": "ciriellemuk",
                    "_nickname": "Cirielle",
                    "_comment": "Bring this bckkk😭",
                    "_create_time": "2025-03-25T09:24:47",
                    "_avatar": "https://p16-common-sign-va.tiktokcdn-us.com/tos-maliva-avt-0068/2247e92b6a12f7c5f65b0b689954e843~tplv-tiktokx-cropcenter:100:100.jpg?dr=9640&refresh_token=1f7dc76d&x-expires=1756281600&x-signature=3vWVEODDd%2Bd1Q6qLuDNS%2FhOis%2FE%3D&t=4d5b0474&ps=13740610&shp=30310797&shcp=ff37627b&idc=useast5",
                    "_total_reply": null,
                    "_replies": []
                }
            ]
        },
        {
            "_comment_id": "7473923891849855766",
            "_username": "yourglamforfree",
            "_nickname": "Pri",
            "_comment": "Omg i loveeeee! Absolutely need this 🩷🩷🩷",
            "_create_time": "2025-02-21T18:22:17",
            "_avatar": "https://p16-common-sign-va.tiktokcdn-us.com/tos-maliva-avt-0068/91a2a95630b74873c49d81b5390cfda3~tplv-tiktokx-cropcenter:100:100.jpg?dr=9640&refresh_token=873ccb53&x-expires=1756281600&x-signature=Y2%2F8aceiAa4GUUSdaTEeRBfaP5M%3D&t=4d5b0474&ps=13740610&shp=30310797&shcp=ff37627b&idc=useast5",
            "_total_reply": 0,
            "_replies": []
        },
        {
            "_comment_id": "7474283448786666273",
            "_username": "amyc3333",
            "_nickname": "amy",
            "_comment": "Want this pr package",
            "_create_time": "2025-02-22T17:37:38",
            "_avatar": "https://p16-common-sign-useast2a.tiktokcdn-us.com/tos-useast2a-avt-0068-euttp/373c2741cc83811383913b9ee25c01d5~tplv-tiktokx-cropcenter:100:100.jpg?dr=9640&refresh_token=62ea7c95&x-expires=1756281600&x-signature=pHYUarwJiB6FavzYtsFGKJr0WhU%3D&t=4d5b0474&ps=13740610&shp=30310797&shcp=ff37627b&idc=useast5",
            "_total_reply": 0,
            "_replies": []
        },
        {
            "_comment_id": "7475303566333543175",
            "_username": "hachiyariroku",
            "_nickname": "yaribedumb",
            "_comment": "HOW DO I OBTAIN THISSSS OMG",
            "_create_time": "2025-02-25T10:35:54",
            "_avatar": "https://p16-common-sign-sg.tiktokcdn-us.com/tos-alisg-avt-0068/56826e975651d6e0fc723535fc4fb470~tplv-tiktokx-cropcenter:100:100.jpg?dr=9640&refresh_token=d565471e&x-expires=1756281600&x-signature=0kz0Y1xuCBbeygixuK0ve36GZjM%3D&t=4d5b0474&ps=13740610&shp=30310797&shcp=ff37627b&idc=useast5",
            "_total_reply": 0,
            "_replies": []
        },
        {
            "_comment_id": "7473489760330941215",
            "_username": "jessicalynlive",
            "_nickname": "Jessica Stevenson",
            "_comment": "Oh my gosh.. perfection 💕",
            "_create_time": "2025-02-20T14:17:54",
            "_avatar": "https://p16-pu-sign-useast8.tiktokcdn-us.com/tos-useast5-avt-0068-tx/7319865140487143470~tplv-tiktokx-cropcenter:100:100.jpg?dr=9640&refresh_token=c10020bb&x-expires=1756281600&x-signature=qqawfK4qd6kHRxx3RDPIIHCtU68%3D&t=4d5b0474&ps=13740610&shp=30310797&shcp=ff37627b&idc=useast5",
            "_total_reply": 0,
            "_replies": []
        },
        {
            "_comment_id": "7474105443271983888",
            "_username": "laaavender_5",
            "_nickname": "💤🎧🎀",
            "_comment": "I'm so obsessed 😍",
            "_create_time": "2025-02-22T06:06:40",
            "_avatar": "https://p16-common-sign-sg.tiktokcdn-us.com/tos-alisg-avt-0068/6c6c3d8bf4ac101394e449efbd4bf7da~tplv-tiktokx-cropcenter:100:100.jpg?dr=9640&refresh_token=9ae9743b&x-expires=1756281600&x-signature=pJxsG1W%2Fl0acvLuryHikUKWd8aI%3D&t=4d5b0474&ps=13740610&shp=30310797&shcp=ff37627b&idc=useast5",
            "_total_reply": 0,
            "_replies": []
        },
        {
            "_comment_id": "7473444793016845086",
            "_username": "sepibeauty",
            "_nickname": "SEPIBEAUTY",
            "_comment": "Wow so pretty 💝💝💝💝",
            "_create_time": "2025-02-20T11:24:01",
            "_avatar": "https://p16-pu-sign-useast8.tiktokcdn-us.com/tos-useast8-avt-0068-tx2/9c9a53310c27848214db668f7df8fa31~tplv-tiktokx-cropcenter:100:100.jpg?dr=9640&refresh_token=1fbd1ac4&x-expires=1756281600&x-signature=QjsB0S0hEiot70cjsfoT8IX44Ac%3D&t=4d5b0474&ps=13740610&shp=30310797&shcp=ff37627b&idc=useast5",
            "_total_reply": 1,
            "_replies": [
                {
                    "_comment_id": "7473047318741746465",
                    "_username": "lancome.official",
                    "_nickname": "Lancôme",
                    "_comment": "hehehe 🩷",
                    "_create_time": "2025-02-20T14:17:35",
                    "_avatar": "https://p19-common-sign-va.tiktokcdn-us.com/tos-maliva-avt-0068/9424f6caa6a8781766ccf45ddf0a0a0d~tplv-tiktokx-cropcenter:100:100.jpg?dr=9640&refresh_token=4e732867&x-expires=1756281600&x-signature=5PN4EHVgtRvUll6IF2OIT9lcCWk%3D&t=4d5b0474&ps=13740610&shp=30310797&shcp=ff37627b&idc=useast5",
                    "_total_reply": null,
                    "_replies": []
                }
            ]
        },
        {
            "_comment_id": "7473507596910379798",
            "_username": "pinkglitterart",
            "_nickname": "maya",
            "_comment": "One dayyyy",
            "_create_time": "2025-02-20T15:26:57",
            "_avatar": "https://p16-common-sign-va.tiktokcdn-us.com/tos-maliva-avt-0068/23e05e240a690d4bb311a58fb0e027b3~tplv-tiktokx-cropcenter:100:100.jpg?dr=9640&refresh_token=b404277e&x-expires=1756281600&x-signature=X8oiVIi3cW%2FKAitU3leJveUzBLk%3D&t=4d5b0474&ps=13740610&shp=30310797&shcp=ff37627b&idc=useast5",
            "_total_reply": 0,
            "_replies": []
        },
        {
            "_comment_id": "7473444335092515589",
            "_username": "lucia.caldero0",
            "_nickname": "🪩LUCYYY🪩",
            "_comment": "I WANT IT",
            "_create_time": "2025-02-20T11:21:52",
            "_avatar": "https://p16-common-sign-va.tiktokcdn-us.com/tos-maliva-avt-0068/4414819e9c4402c7a225db683d50fabe~tplv-tiktokx-cropcenter:100:100.jpg?dr=9640&refresh_token=01afe780&x-expires=1756281600&x-signature=8igdOeuYgJ66h9gDJqoUbiheSiA%3D&t=4d5b0474&ps=13740610&shp=30310797&shcp=ff37627b&idc=useast5",
            "_total_reply": 0,
            "_replies": []
        },
        {
            "_comment_id": "7473643390174774038",
            "_username": "vincentpiveteau",
            "_nickname": "Vincent",
            "_comment": "Freaking need ONEEEEE",
            "_create_time": "2025-02-21T00:14:29",
            "_avatar": "https://p16-common-sign-va.tiktokcdn-us.com/tos-maliva-avt-0068/936a5229157661a4ee08ef3d78b6ef3a~tplv-tiktokx-cropcenter:100:100.jpg?dr=9640&refresh_token=61056058&x-expires=1756281600&x-signature=uxalS9tvCuDqjyisaUN6Y9d4lnw%3D&t=4d5b0474&ps=13740610&shp=30310797&shcp=ff37627b&idc=useast5",
            "_total_reply": 0,
            "_replies": []
        },
        {
            "_comment_id": "7473903038396318486",
            "_username": "rusne._.rusne_",
            "_nickname": "Rusne",
            "_comment": "So cute",
            "_create_time": "2025-02-21T17:01:40",
            "_avatar": "https://p16-common-sign-va.tiktokcdn-us.com/tos-maliva-avt-0068/c24cd41c19e610850505450ab0fea1e2~tplv-tiktokx-cropcenter:100:100.jpg?dr=9640&refresh_token=390485a0&x-expires=1756281600&x-signature=6bFVY%2BgJJMsfB4MG5ymGNFEvO3U%3D&t=4d5b0474&ps=13740610&shp=30310797&shcp=ff37627b&idc=useast5",
            "_total_reply": 0,
            "_replies": []
        },
        {
            "_comment_id": "7473882563206349614",
            "_username": "heyitselena33",
            "_nickname": "heyitselena33",
            "_comment": "Stop 🛑 I neeeed",
            "_create_time": "2025-02-21T15:42:08",
            "_avatar": "https://p19-pu-sign-useast8.tiktokcdn-us.com/tos-useast5-avt-0068-tx/58248c960bb12212da3d897732acd808~tplv-tiktokx-cropcenter:100:100.jpg?dr=9640&refresh_token=f538572e&x-expires=1756281600&x-signature=Twfh%2BBH%2BQ8NAU9VLFnhzW8PzQMM%3D&t=4d5b0474&ps=13740610&shp=30310797&shcp=ff37627b&idc=useast5",
            "_total_reply": 0,
            "_replies": []
        },
        {
            "_comment_id": "7474273084418999071",
            "_username": "bellaglamofficial",
            "_nickname": "Bella Glam Official",
            "_comment": "a staple in every makeup bag!!",
            "_create_time": "2025-02-22T16:57:25",
            "_avatar": "https://p16-pu-sign-useast8.tiktokcdn-us.com/tos-useast5-avt-0068-tx/7316551459292594222~tplv-tiktokx-cropcenter:100:100.jpg?dr=9640&refresh_token=291fba79&x-expires=1756281600&x-signature=HiLRUOvjDBXA2vx0K%2FrIOCzPBfI%3D&t=4d5b0474&ps=13740610&shp=30310797&shcp=ff37627b&idc=useast5",
            "_total_reply": 0,
            "_replies": []
        },
        {
            "_comment_id": "7473858750224237334",
            "_username": "moomoomonn",
            "_nickname": "Mon | Food • Travel • UGC",
            "_comment": "Oh my god, this is my dream package. I need these lip glosses ASAP.😍",
            "_create_time": "2025-02-21T14:09:49",
            "_avatar": "https://p16-common-sign-va.tiktokcdn-us.com/tos-maliva-avt-0068/ae677011c9e801700dae6ed8d588f755~tplv-tiktokx-cropcenter:100:100.jpg?dr=9640&refresh_token=04c91da9&x-expires=1756281600&x-signature=cFbc2J6EbZbiY4L2zn2yj3Qw1Mk%3D&t=4d5b0474&ps=13740610&shp=30310797&shcp=ff37627b&idc=useast5",
            "_total_reply": 0,
            "_replies": []
        },
        {
            "_comment_id": "7473849072723919638",
            "_username": "gabrielaeliza",
            "_nickname": "Gabriela Eliza",
            "_comment": "need this🥰",
            "_create_time": "2025-02-21T13:32:28",
            "_avatar": "https://p16-common-sign-useast2a.tiktokcdn-us.com/tos-useast2a-avt-0068-euttp/620b194e8ee224ae5940ca24b819e4fa~tplv-tiktokx-cropcenter:100:100.jpg?dr=9640&refresh_token=921e7a8a&x-expires=1756281600&x-signature=g%2BGH5%2F0bmQW4YN%2F89PmTI3OCnxY%3D&t=4d5b0474&ps=13740610&shp=30310797&shcp=ff37627b&idc=useast5",
            "_total_reply": 0,
            "_replies": []
        },
        {
            "_comment_id": "7474202333838131990",
            "_username": "liinnholmstrom",
            "_nickname": "Linn 🤍",
            "_comment": "So cute?!? Love it 💖💖",
            "_create_time": "2025-02-22T12:23:10",
            "_avatar": "https://p16-common-sign-va.tiktokcdn-us.com/tos-maliva-avt-0068/d42f0f2a0f008e81f397a798630e6645~tplv-tiktokx-cropcenter:100:100.jpg?dr=9640&refresh_token=b801d4b7&x-expires=1756281600&x-signature=Lb%2FbiIp7oojQs7yI75EgshlqLa4%3D&t=4d5b0474&ps=13740610&shp=30310797&shcp=ff37627b&idc=useast5",
            "_total_reply": 0,
            "_replies": []
        },
        {
            "_comment_id": "7473446194002936592",
            "_username": "j_ninyourheart",
            "_nickname": "🍧 jen ⭑.ᐟ",
            "_comment": "queens are back!",
            "_create_time": "2025-02-20T11:28:28",
            "_avatar": "https://p16-common-sign-sg.tiktokcdn-us.com/tos-alisg-avt-0068/a08021c98470b2260a5d1aa91bc24923~tplv-tiktokx-cropcenter:100:100.jpg?dr=9640&refresh_token=30829cd9&x-expires=1756281600&x-signature=g%2FeixB3CCgSmTmI%2FIE5bbTf081I%3D&t=4d5b0474&ps=13740610&shp=30310797&shcp=ff37627b&idc=useast5",
            "_total_reply": 0,
            "_replies": []
        },
        {
            "_comment_id": "7473754551588078382",
            "_username": "jennyvlx",
            "_nickname": "JENNI",
            "_comment": "Omg stop it rnnnnn😻 I loveeeeee",
            "_create_time": "2025-02-21T07:25:27",
            "_avatar": "https://p16-sign.tiktokcdn-us.com/tos-useast5-avt-0068-tx/a507fd86f573a87a44f262a8f25639f9~tplv-tiktokx-cropcenter:100:100.jpg?dr=9640&refresh_token=7f6dafea&x-expires=1756281600&x-signature=wEBbqKJrqYPrQk1SI0cpZ6jQV20%3D&t=4d5b0474&ps=13740610&shp=30310797&shcp=ff37627b&idc=useast5",
            "_total_reply": 0,
            "_replies": []
        },
        {
            "_comment_id": "7473732911788737335",
            "_username": "hafeezaahh",
            "_nickname": "hafeezaahh",
            "_comment": "This is so pretty 😍😍",
            "_create_time": "2025-02-21T06:01:47",
            "_avatar": "https://p16-common-sign-va.tiktokcdn-us.com/tos-maliva-avt-0068/c1a8ab73c34d63b5d5c5398a52e34a67~tplv-tiktokx-cropcenter:100:100.jpg?dr=9640&refresh_token=2c40fcbe&x-expires=1756281600&x-signature=pFNtav5oeVXTvYddDkGIOIUyv98%3D&t=4d5b0474&ps=13740610&shp=30310797&shcp=ff37627b&idc=useast5",
            "_total_reply": 0,
            "_replies": []
        },
        {
            "_comment_id": "7473706021947130670",
            "_username": "sage_arama",
            "_nickname": "sage",
            "_comment": "Omg this package is so cute",
            "_create_time": "2025-02-21T04:16:42",
            "_avatar": "https://p16-common-sign-va.tiktokcdn-us.com/tos-maliva-avt-0068/7322459125980037126~tplv-tiktokx-cropcenter:100:100.jpg?dr=9640&refresh_token=fdfe0d7e&x-expires=1756281600&x-signature=cF0IGoNUNce9pgbF2OFf0%2F8v%2Bnc%3D&t=4d5b0474&ps=13740610&shp=30310797&shcp=ff37627b&idc=useast5",
            "_total_reply": 0,
            "_replies": []
        },
        {
            "_comment_id": "7473640007245267728",
            "_username": "sabinesinno_",
            "_nickname": "Sabine Sinno",
            "_comment": "the og is BACK! 💗",
            "_create_time": "2025-02-21T00:00:51",
            "_avatar": "https://p16-common-sign-sg.tiktokcdn-us.com/tos-alisg-avt-0068/7e32a842b6e918859b3445595bbbbf7e~tplv-tiktokx-cropcenter:100:100.jpg?dr=9640&refresh_token=223bc812&x-expires=1756281600&x-signature=Q5Lcrq0OgSHzKcKGhbiOM0oM5MQ%3D&t=4d5b0474&ps=13740610&shp=30310797&shcp=ff37627b&idc=useast5",
            "_total_reply": 0,
            "_replies": []
        },
        {
            "_comment_id": "7474001641830744854",
            "_username": "4rincezs",
            "_nickname": "4rincezs",
            "_comment": "I want this",
            "_create_time": "2025-02-21T23:24:02",
            "_avatar": "https://p16-common-sign-va.tiktokcdn-us.com/tos-maliva-avt-0068/1a340fee3828a140794c9a0ce3396f9f~tplv-tiktokx-cropcenter:100:100.jpg?dr=9640&refresh_token=2eb14669&x-expires=1756281600&x-signature=qrvhU5OjcdU46c9awfyk2WEaZRc%3D&t=4d5b0474&ps=13740610&shp=30310797&shcp=ff37627b&idc=useast5",
            "_total_reply": 0,
            "_replies": []
        },
        {
            "_comment_id": "7474521554103534354",
            "_username": "thevelvetgardenia",
            "_nickname": "Amanda",
            "_comment": "How does one get it? 🥺",
            "_create_time": "2025-02-23T08:01:26",
            "_avatar": "https://p16-common-sign-sg.tiktokcdn-us.com/tos-alisg-avt-0068/a01d786f68f9c0c98ccac2be19c224d3~tplv-tiktokx-cropcenter:100:100.jpg?dr=9640&refresh_token=70317121&x-expires=1756281600&x-signature=FPKuMRCtCGY5GI6HbbWpIU5Pf%2FY%3D&t=4d5b0474&ps=13740610&shp=30310797&shcp=ff37627b&idc=useast5",
            "_total_reply": 0,
            "_replies": []
        },
        {
            "_comment_id": "7473501581959791393",
            "_username": "mitchthemommy",
            "_nickname": "Michelle Lynch",
            "_comment": "love these",
            "_create_time": "2025-02-20T15:03:47",
            "_avatar": "https://p19-common-sign-useast2a.tiktokcdn-us.com/tos-useast2a-avt-0068-euttp/6920f07878d573199beb7ecf33571583~tplv-tiktokx-cropcenter:100:100.jpg?dr=9640&refresh_token=c7aadb2f&x-expires=1756281600&x-signature=mCF9GFcbFs8%2Byc6EXqQSF5awpcI%3D&t=4d5b0474&ps=13740610&shp=30310797&shcp=ff37627b&idc=useast5",
            "_total_reply": 0,
            "_replies": []
        },
        {
            "_comment_id": "7473507886347223830",
            "_username": "alys.willow",
            "_nickname": "Alys",
            "_comment": "NEED 💖💖",
            "_create_time": "2025-02-20T15:28:01",
            "_avatar": "https://p16-common-sign-va.tiktokcdn-us.com/tos-maliva-avt-0068/3b73dfc507470c576e383e4335b1dc62~tplv-tiktokx-cropcenter:100:100.jpg?dr=9640&refresh_token=6713b660&x-expires=1756281600&x-signature=%2Bhw12NN79%2FTfr2kWQu2q4Xxg5Kk%3D&t=4d5b0474&ps=13740610&shp=30310797&shcp=ff37627b&idc=useast5",
            "_total_reply": 0,
            "_replies": []
        },
        {
            "_comment_id": "7473468633307398934",
            "_username": "100drine1111",
            "_nickname": "100drine1111",
            "_comment": "💖whaouuuu 😍",
            "_create_time": "2025-02-20T12:56:08",
            "_avatar": "https://p16-common-sign-va.tiktokcdn-us.com/tos-maliva-avt-0068/547834e38e371c7bd39b9a7f72dad036~tplv-tiktokx-cropcenter:100:100.jpg?dr=9640&refresh_token=766757d7&x-expires=1756281600&x-signature=X%2B38fEXyfiAtodaa0eBUkb%2FU%2FRc%3D&t=4d5b0474&ps=13740610&shp=30310797&shcp=ff37627b&idc=useast5",
            "_total_reply": 0,
            "_replies": []
        },
        {
            "_comment_id": "7473649056192561975",
            "_username": "saxhi.1",
            "_nickname": "𝑺𝒂𝒉𝒊𝒍𝒚✭",
            "_comment": "temprano😭✨",
            "_create_time": "2025-02-21T00:35:48",
            "_avatar": "https://p19-common-sign-va.tiktokcdn-us.com/tos-maliva-avt-0068/2c1a72cd0cfc2ddefbdc9e6010c1af4a~tplv-tiktokx-cropcenter:100:100.jpg?dr=9640&refresh_token=d955a684&x-expires=1756281600&x-signature=IMsMmg9smLtHZ1G%2FI17xg6VvppY%3D&t=4d5b0474&ps=13740610&shp=30310797&shcp=ff37627b&idc=useast5",
            "_total_reply": 0,
            "_replies": []
        },
        {
            "_comment_id": "7473609846445589303",
            "_username": "aniemakeup",
            "_nickname": "AnieMakeup💄 makeup & skincare",
            "_comment": "OMG 🤩 pR invoice au Canada ?! 🙏🏽",
            "_create_time": "2025-02-20T22:03:30",
            "_avatar": "https://p19-common-sign-va.tiktokcdn-us.com/tos-maliva-avt-0068/3e928150b2221caacfc7e5ffce64d869~tplv-tiktokx-cropcenter:100:100.jpg?dr=9640&refresh_token=29704533&x-expires=1756281600&x-signature=ui88MHptdcC64%2FwZyvAygAV9ZDM%3D&t=4d5b0474&ps=13740610&shp=30310797&shcp=ff37627b&idc=useast5",
            "_total_reply": 0,
            "_replies": []
        },
        {
            "_comment_id": "7473599640034738966",
            "_username": "sisters.ss",
            "_nickname": "TwoSisters 🎀",
            "_comment": "Wahouuu je veux 😍😍",
            "_create_time": "2025-02-20T21:23:57",
            "_avatar": "https://p16-common-sign-useast2a.tiktokcdn-us.com/tos-useast2a-avt-0068-euttp/8eee6a5b06ede73495562ebb4f6000ff~tplv-tiktokx-cropcenter:100:100.jpg?dr=9640&refresh_token=09d557ac&x-expires=1756281600&x-signature=Z6KOVlUdqfSI6jgvzzxkMUTpL2w%3D&t=4d5b0474&ps=13740610&shp=30310797&shcp=ff37627b&idc=useast5",
            "_total_reply": 0,
            "_replies": []
        },
        {
            "_comment_id": "7473595339963089686",
            "_username": "bobo_optimistic",
            "_nickname": "Bobo_Optimistic 🇬🇧",
            "_comment": "obsessed 😍😍",
            "_create_time": "2025-02-20T21:07:15",
            "_avatar": "https://p16-common-sign-va.tiktokcdn-us.com/tos-maliva-avt-0068/1bac99dbd0c3abc774b91153590d1810~tplv-tiktokx-cropcenter:100:100.jpg?dr=9640&refresh_token=752e9fdd&x-expires=1756281600&x-signature=LfD1pGbpyKxf4heTqiwc6H6Ap5c%3D&t=4d5b0474&ps=13740610&shp=30310797&shcp=ff37627b&idc=useast5",
            "_total_reply": 0,
            "_replies": []
        },
        {
            "_comment_id": "7473594532249928470",
            "_username": "elmina_bih2",
            "_nickname": "️",
            "_comment": "I need that nowww",
            "_create_time": "2025-02-20T21:04:17",
            "_avatar": "https://p16-common-sign-useast2a.tiktokcdn-us.com/tos-useast2a-avt-0068-euttp/f10b5963524fb4196c5012b37e742ca1~tplv-tiktokx-cropcenter:100:100.jpg?dr=9640&refresh_token=6dea123c&x-expires=1756281600&x-signature=C9aAQoutUpEtKQ1dbtMUEZII5tk%3D&t=4d5b0474&ps=13740610&shp=30310797&shcp=ff37627b&idc=useast5",
            "_total_reply": 0,
            "_replies": []
        },
        {
            "_comment_id": "7473584864172704554",
            "_username": "fromcharmtocovet",
            "_nickname": "Char",
            "_comment": "Oh I love it!!! 💕🥺",
            "_create_time": "2025-02-20T20:26:31",
            "_avatar": "https://p16-pu-sign-useast8.tiktokcdn-us.com/tos-useast5-avt-0068-tx/2bf9fe910e93f559ac26825c21e4113c~tplv-tiktokx-cropcenter:100:100.jpg?dr=9640&refresh_token=ee3f1943&x-expires=1756281600&x-signature=CT02Y0BnmkaNScsauc7G6bt0rFo%3D&t=4d5b0474&ps=13740610&shp=30310797&shcp=ff37627b&idc=useast5",
            "_total_reply": 0,
            "_replies": []
        },
        {
            "_comment_id": "7473576721495114518",
            "_username": "beauty_vibes.s",
            "_nickname": "E D A | Beauty & Make-Up",
            "_comment": "Omg🥺this PR package is sooooo cute💕love the juicy tubes🩷🩷",
            "_create_time": "2025-02-20T19:55:10",
            "_avatar": "https://p16-common-sign-useast2a.tiktokcdn-us.com/tos-useast2a-avt-0068-euttp/dc94ffc16d36d56d9a925bdd035f4045~tplv-tiktokx-cropcenter:100:100.jpg?dr=9640&refresh_token=75558bef&x-expires=1756281600&x-signature=h6ZRbmXXTDpPPfpzKT6w8oOjrpU%3D&t=4d5b0474&ps=13740610&shp=30310797&shcp=ff37627b&idc=useast5",
            "_total_reply": 0,
            "_replies": []
        },
        {
            "_comment_id": "7473566493620683550",
            "_username": "cinnamon_girl_36",
            "_nickname": "cinnamon_girl_36",
            "_comment": "Lancome freelancer here where can I get this set? in love 💕",
            "_create_time": "2025-02-20T19:15:22",
            "_avatar": "https://p19-common-sign-va.tiktokcdn-us.com/tos-maliva-avt-0068/7326383249649991686~tplv-tiktokx-cropcenter:100:100.jpg?dr=9640&refresh_token=04b06afa&x-expires=1756281600&x-signature=aJ13GzckVO2IDat%2B9OiALMVhnuE%3D&t=4d5b0474&ps=13740610&shp=30310797&shcp=ff37627b&idc=useast5",
            "_total_reply": 0,
            "_replies": []
        },
        {
            "_comment_id": "7473559601611539230",
            "_username": "ahise00",
            "_nickname": "ahise00",
            "_comment": "It’s a need😍",
            "_create_time": "2025-02-20T18:48:38",
            "_avatar": "https://p16-common-sign-va.tiktokcdn-us.com/tos-maliva-avt-0068/6dbb1be168be18bbd0464a99c19ea75d~tplv-tiktokx-cropcenter:100:100.jpg?dr=9640&refresh_token=083be18a&x-expires=1756281600&x-signature=O6I8DEBw%2BEEM51fZVzSve3zxyLY%3D&t=4d5b0474&ps=13740610&shp=30310797&shcp=ff37627b&idc=useast5",
            "_total_reply": 0,
            "_replies": []
        },
        {
            "_comment_id": "7473550918316655382",
            "_username": "sarahsassyppowell",
            "_nickname": "Sarah Sassyp Powell 🏆",
            "_comment": "The OG of lip products!!!",
            "_create_time": "2025-02-20T18:15:11",
            "_avatar": "https://p16-common-sign-useast2a.tiktokcdn-us.com/tos-useast2a-avt-0068-euttp/6f30925ff768c7715008220a0a7a3fa1~tplv-tiktokx-cropcenter:100:100.jpg?dr=9640&refresh_token=cc346750&x-expires=1756281600&x-signature=t2CrMJEVQCGZ6WxCzmXlxdwRI%2FA%3D&t=4d5b0474&ps=13740610&shp=30310797&shcp=ff37627b&idc=useast5",
            "_total_reply": 0,
            "_replies": []
        },
        {
            "_comment_id": "7473543973575852822",
            "_username": "jadecrawford003",
            "_nickname": "Jade Crawford 🎀🍸🪩",
            "_comment": "An icon 😍",
            "_create_time": "2025-02-20T17:47:54",
            "_avatar": "https://p19-common-sign-useast2a.tiktokcdn-us.com/tos-useast2a-avt-0068-euttp/d7d03ed927768ddbb9918bd85ef20bcc~tplv-tiktokx-cropcenter:100:100.jpg?dr=9640&refresh_token=59547868&x-expires=1756281600&x-signature=DT5Aoz7bYbFNpWd6g3Fh6zBni9U%3D&t=4d5b0474&ps=13740610&shp=30310797&shcp=ff37627b&idc=useast5",
            "_total_reply": 0,
            "_replies": []
        },
        {
            "_comment_id": "7473818521430803222",
            "_username": "sienaw05",
            "_nickname": "siena",
            "_comment": "it’s a neeeed not a want",
            "_create_time": "2025-02-21T11:33:59",
            "_avatar": "https://p16-common-sign-va.tiktokcdn-us.com/tos-maliva-avt-0068/1c00acedd353491de2b284841e4aadd4~tplv-tiktokx-cropcenter:100:100.jpg?dr=9640&refresh_token=7512e3a7&x-expires=1756281600&x-signature=gekn0nWXfZGyNa5zITz8ipsss8A%3D&t=4d5b0474&ps=13740610&shp=30310797&shcp=ff37627b&idc=useast5",
            "_total_reply": 0,
            "_replies": []
        },
        {
            "_comment_id": "7474173582563214102",
            "_username": "monshayj",
            "_nickname": "Mony 🇫🇷",
            "_comment": "😭😭😭 omg",
            "_create_time": "2025-02-22T10:31:30",
            "_avatar": "https://p19-common-sign-va.tiktokcdn-us.com/tos-maliva-avt-0068/8dc136fc11510866a12d143f37541658~tplv-tiktokx-cropcenter:100:100.jpg?dr=9640&refresh_token=782d7e79&x-expires=1756281600&x-signature=oyjq2pOqt9KPY4%2BT6Qyh3aKvWzc%3D&t=4d5b0474&ps=13740610&shp=30310797&shcp=ff37627b&idc=useast5",
            "_total_reply": 0,
            "_replies": []
        },
        {
            "_comment_id": "7473786683919581974",
            "_username": "meganvinter",
            "_nickname": "Megan Vinter",
            "_comment": "Omygosh😍😍 so prettyyy🥺🥺",
            "_create_time": "2025-02-21T09:30:19",
            "_avatar": "https://p16-common-sign-va.tiktokcdn-us.com/tos-maliva-avt-0068/bae9d8646a36559f3bb1e4bc5f92078c~tplv-tiktokx-cropcenter:100:100.jpg?dr=9640&refresh_token=8075c7ff&x-expires=1756281600&x-signature=tnaVPnoVT2bT3MZ65tGshDpsj24%3D&t=4d5b0474&ps=13740610&shp=30310797&shcp=ff37627b&idc=useast5",
            "_total_reply": 0,
            "_replies": []
        },
        {
            "_comment_id": "7473512490384753438",
            "_username": "morgannnbrooke",
            "_nickname": "morgan| mom + lifestyle",
            "_comment": "Obsessed with the packaging, obsessed with all of it. I need 😍",
            "_create_time": "2025-02-20T15:46:13",
            "_avatar": "https://p19-pu-sign-useast8.tiktokcdn-us.com/tos-useast8-avt-0068-tx2/afd778a4c597e4658952a76398ee78ab~tplv-tiktokx-cropcenter:100:100.jpg?dr=9640&refresh_token=27e545d7&x-expires=1756281600&x-signature=rfiQ%2BuQsE%2B%2FKQP3J4HNN5%2BLmPVQ%3D&t=4d5b0474&ps=13740610&shp=30310797&shcp=ff37627b&idc=useast5",
            "_total_reply": 0,
            "_replies": []
        },
        {
            "_comment_id": "7473512307965002518",
            "_username": "melirkl",
            "_nickname": "Meli 🌷",
            "_comment": "Sending this to everyone I know so they know what to get me🤩",
            "_create_time": "2025-02-20T15:45:14",
            "_avatar": "https://p16-common-sign-va.tiktokcdn-us.com/tos-maliva-avt-0068/c64710761e6adfc460922725f68d2f2c~tplv-tiktokx-cropcenter:100:100.jpg?dr=9640&refresh_token=6f2da50b&x-expires=1756281600&x-signature=abF4fwS%2FA28YBw2X%2FCOv2Efx%2F3c%3D&t=4d5b0474&ps=13740610&shp=30310797&shcp=ff37627b&idc=useast5",
            "_total_reply": 0,
            "_replies": []
        },
        {
            "_comment_id": "7473706021947130670",
            "_username": "sage_arama",
            "_nickname": "sage",
            "_comment": "Omg this package is so cute",
            "_create_time": "2025-02-21T04:16:42",
            "_avatar": "https://p16-common-sign-va.tiktokcdn-us.com/tos-maliva-avt-0068/7322459125980037126~tplv-tiktokx-cropcenter:100:100.jpg?dr=9640&refresh_token=fdfe0d7e&x-expires=1756281600&x-signature=cF0IGoNUNce9pgbF2OFf0%2F8v%2Bnc%3D&t=4d5b0474&ps=13740610&shp=30310797&shcp=ff37627b&idc=useast5",
            "_total_reply": 0,
            "_replies": []
        },
        {
            "_comment_id": "7473446364274459414",
            "_username": "annang042",
            "_nickname": "anna",
            "_comment": "🥰",
            "_create_time": "2025-02-20T11:29:31",
            "_avatar": "https://p16-common-sign-va.tiktokcdn-us.com/tos-maliva-avt-0068/7c3e761751fa337405fde2251afc615e~tplv-tiktokx-cropcenter:100:100.jpg?dr=9640&refresh_token=befccaa7&x-expires=1756281600&x-signature=OH9WjLfCva35OuknflOFPmIJqms%3D&t=4d5b0474&ps=13740610&shp=30310797&shcp=ff37627b&idc=useast5",
            "_total_reply": 0,
            "_replies": []
        },
        {
            "_comment_id": "7473919867738309398",
            "_username": "selin_1234567891011",
            "_nickname": "selinnnn",
            "_comment": "❤️❤️❤️",
            "_create_time": "2025-02-21T18:06:45",
            "_avatar": "https://p16-common-sign-va.tiktokcdn-us.com/tos-maliva-avt-0068/3f7990905874dc81843cf380653726bc~tplv-tiktokx-cropcenter:100:100.jpg?dr=9640&refresh_token=28308a88&x-expires=1756281600&x-signature=QCHs469OS8zrcuzdnYeoWSzkkcI%3D&t=4d5b0474&ps=13740610&shp=30310797&shcp=ff37627b&idc=useast5",
            "_total_reply": 0,
            "_replies": []
        },
        {
            "_comment_id": "7474320467239732014",
            "_username": "lifew.g",
            "_nickname": "G ♡ | lifestyle creator",
            "_comment": "😍",
            "_create_time": "2025-02-22T20:01:03",
            "_avatar": "https://p19-pu-sign-useast8.tiktokcdn-us.com/tos-useast5-avt-0068-tx/3afa48d9ee44e36051d83bd5928cfde8~tplv-tiktokx-cropcenter:100:100.jpg?dr=9640&refresh_token=e0a0de66&x-expires=1756281600&x-signature=ynLeOOU8%2FI9JCbKgWISuz9Dj88o%3D&t=4d5b0474&ps=13740610&shp=30310797&shcp=ff37627b&idc=useast5",
            "_total_reply": 0,
            "_replies": []
        },
        {
            "_comment_id": "7476458657724728086",
            "_username": "marybeth6063",
            "_nickname": "marybeth",
            "_comment": "🥰🥰🥰",
            "_create_time": "2025-02-28T13:18:17",
            "_avatar": "https://p16-common-sign-useast2a.tiktokcdn-us.com/tos-useast2a-avt-0068-euttp/0deb3c9b00c795b37729a45f20d5c00b~tplv-tiktokx-cropcenter:100:100.jpg?dr=9640&refresh_token=3fade3cc&x-expires=1756281600&x-signature=O8%2Fd%2BpwtaRb%2BaEO7%2B7eFA8q6CC8%3D&t=4d5b0474&ps=13740610&shp=30310797&shcp=ff37627b&idc=useast5",
            "_total_reply": 0,
            "_replies": []
        },
        {
            "_comment_id": "7473536322851848991",
            "_username": "lifestyle.tik.tok",
            "_nickname": "Lifestyle|Beauty|Oganization",
            "_comment": "🫶🏾🌹",
            "_create_time": "2025-02-20T17:18:36",
            "_avatar": "https://p16-common-sign-va.tiktokcdn-us.com/tos-maliva-avt-0068/1c5f8731e4cef848e767617bdc9cd26d~tplv-tiktokx-cropcenter:100:100.jpg?dr=9640&refresh_token=5464f23a&x-expires=1756281600&x-signature=vlFQ1jlGpXPKRc5%2BeyI9tHzh5Do%3D&t=4d5b0474&ps=13740610&shp=30310797&shcp=ff37627b&idc=useast5",
            "_total_reply": 0,
            "_replies": []
        },
        {
            "_comment_id": "7483579585642464005",
            "_username": "jana_saurus",
            "_nickname": "Јана?",
            "_comment": "💜💜",
            "_create_time": "2025-03-19T17:51:30",
            "_avatar": "https://p16-common-sign-va.tiktokcdn-us.com/tos-maliva-avt-0068/d0b70185c9cafee4ddca23e1f3a5009c~tplv-tiktokx-cropcenter:100:100.jpg?dr=9640&refresh_token=8c8ff544&x-expires=1756281600&x-signature=dq2%2FXI2tbEX7cHa%2BShUUk4ak%2Bwo%3D&t=4d5b0474&ps=13740610&shp=30310797&shcp=ff37627b&idc=useast5",
            "_total_reply": 0,
            "_replies": []
        },
        {
            "_comment_id": "7474568130545042198",
            "_username": "danielazizkova",
            "_nickname": "Dani",
            "_comment": "😍😍😍😍",
            "_create_time": "2025-02-23T11:02:37",
            "_avatar": "https://p16-common-sign-va.tiktokcdn-us.com/tos-maliva-avt-0068/0819a9e42448e924c440b042c5076b58~tplv-tiktokx-cropcenter:100:100.jpg?dr=9640&refresh_token=caf7bfc2&x-expires=1756281600&x-signature=joU7ybNoSiJDq4Z7Ms5Tzvo6AtE%3D&t=4d5b0474&ps=13740610&shp=30310797&shcp=ff37627b&idc=useast5",
            "_total_reply": 0,
            "_replies": []
        },
        {
            "_comment_id": "7473528644403593986",
            "_username": "dannadinca",
            "_nickname": "Danny|UGC",
            "_comment": "😍😍😍",
            "_create_time": "2025-02-20T16:48:50",
            "_avatar": "https://p16-common-sign-va.tiktokcdn-us.com/tos-maliva-avt-0068/eaa4f52346a23a960190f377b7df116d~tplv-tiktokx-cropcenter:100:100.jpg?dr=9640&refresh_token=1ceea138&x-expires=1756281600&x-signature=8pEo%2FNkP4iYPukowgTo%2BowaMT5Y%3D&t=4d5b0474&ps=13740610&shp=30310797&shcp=ff37627b&idc=useast5",
            "_total_reply": 0,
            "_replies": []
        },
        {
            "_comment_id": "7473665103177564974",
            "_username": "toyawiththetea",
            "_nickname": "Toyawiththetea  | UGC Creator",
            "_comment": "💕💕💕💕",
            "_create_time": "2025-02-21T01:38:03",
            "_avatar": "https://p16-sign.tiktokcdn-us.com/tos-useast5-avt-0068-tx/7640452526f02ca9bed5ab3c6e4b7a91~tplv-tiktokx-cropcenter:100:100.jpg?dr=9640&refresh_token=60e23b71&x-expires=1756281600&x-signature=Ms5Ry5g3t1UZ%2B4mkCQaF1i%2FWp74%3D&t=4d5b0474&ps=13740610&shp=30310797&shcp=ff37627b&idc=useast5",
            "_total_reply": 0,
            "_replies": []
        },
        {
            "_comment_id": "7473648116639974166",
            "_username": "noeminikita",
            "_nickname": "Noemi Nikita",
            "_comment": "😍😍😍",
            "_create_time": "2025-02-21T00:33:10",
            "_avatar": "https://p16-common-sign-va.tiktokcdn-us.com/tos-maliva-avt-0068/8f102dcc26f50e807fb7ff1f31ce4e84~tplv-tiktokx-cropcenter:100:100.jpg?dr=9640&refresh_token=09b70e8f&x-expires=1756281600&x-signature=LUKK6spksLlrNG%2FCwCti5Wo5p28%3D&t=4d5b0474&ps=13740610&shp=30310797&shcp=ff37627b&idc=useast5",
            "_total_reply": 0,
            "_replies": []
        },
        {
            "_comment_id": "7473644510477697834",
            "_username": "cclaire12348",
            "_nickname": "CCLAIRE1234",
            "_comment": "😻😻",
            "_create_time": "2025-02-21T00:18:10",
            "_avatar": "https://p16-pu-sign-useast8.tiktokcdn-us.com/tos-useast5-avt-0068-tx/0fa2cab8424fc9a523cd9d9b08281748~tplv-tiktokx-cropcenter:100:100.jpg?dr=9640&refresh_token=fea92a34&x-expires=1756281600&x-signature=Z7BIgCvrZCyk2RShUHG7xewmSSg%3D&t=4d5b0474&ps=13740610&shp=30310797&shcp=ff37627b&idc=useast5",
            "_total_reply": 0,
            "_replies": []
        },
        {
            "_comment_id": "7473481407605146390",
            "_username": "dailytouchofmakeup",
            "_nickname": "dailytouchofmakeup",
            "_comment": "l wanna work with you SOOOOO MUUUUCH ☺️",
            "_create_time": "2025-02-20T13:45:30",
            "_avatar": "https://p16-common-sign-va.tiktokcdn-us.com/tos-maliva-avt-0068/a631ca565e2a1f9e6220c96d9f618a9c~tplv-tiktokx-cropcenter:100:100.jpg?dr=9640&refresh_token=607f0c05&x-expires=1756281600&x-signature=fe2qjmffi5beHJ5VbxXofd2hBgQ%3D&t=4d5b0474&ps=13740610&shp=30310797&shcp=ff37627b&idc=useast5",
            "_total_reply": 0,
            "_replies": []
        },
        {
            "_comment_id": "7473444676101129003",
            "_username": "marandasdiary",
            "_nickname": "MARANDA",
            "_comment": "Oooh these look so juicy 😍💗",
            "_create_time": "2025-02-20T11:23:36",
            "_avatar": "https://p16-pu-sign-useast8.tiktokcdn-us.com/tos-useast5-avt-0068-tx/4598055dc8aedbf8fdd20dbcd9c0ff82~tplv-tiktokx-cropcenter:100:100.jpg?dr=9640&refresh_token=5a0d4db6&x-expires=1756281600&x-signature=CoeeFxld85gkJ4K6EK8kWFngwRQ%3D&t=4d5b0474&ps=13740610&shp=30310797&shcp=ff37627b&idc=useast5",
            "_total_reply": 1,
            "_replies": [
                {
                    "_comment_id": "7473044672001278752",
                    "_username": "lancome.official",
                    "_nickname": "Lancôme",
                    "_comment": "Perfection 🤭🩷",
                    "_create_time": "2025-02-20T11:55:51",
                    "_avatar": "https://p16-common-sign-va.tiktokcdn-us.com/tos-maliva-avt-0068/9424f6caa6a8781766ccf45ddf0a0a0d~tplv-tiktokx-cropcenter:100:100.jpg?dr=9640&refresh_token=2d0d7041&x-expires=1756281600&x-signature=6RRh0sV%2BMiFopbDnto6in1a21L8%3D&t=4d5b0474&ps=13740610&shp=30310797&shcp=ff37627b&idc=useast5",
                    "_total_reply": null,
                    "_replies": []
                }
            ]
        },
        {
            "_comment_id": "7473445695288115969",
            "_username": "mm_grrargh",
            "_nickname": "*ੈ꩜‧₊.ೃ࿔:⭑",
            "_comment": "I don't see enough cerise",
            "_create_time": "2025-02-20T11:26:36",
            "_avatar": "https://p19-common-sign-sg.tiktokcdn-us.com/tos-alisg-avt-0068/bfc542a6e23e80d860e6fef306032c91~tplv-tiktokx-cropcenter:100:100.jpg?dr=9640&refresh_token=5868a810&x-expires=1756281600&x-signature=JlyXoqBRibZyRF8OxPIJTZUJ%2F5c%3D&t=4d5b0474&ps=13740610&shp=30310797&shcp=ff37627b&idc=useast5",
            "_total_reply": 0,
            "_replies": []
        },
        {
            "_comment_id": "7473914601340863254",
            "_username": "09.basma",
            "_nickname": "09.basma",
            "_comment": "I want it soo much for moms day 😍",
            "_create_time": "2025-02-21T17:46:22",
            "_avatar": "https://p16-common-sign-va.tiktokcdn-us.com/tos-maliva-avt-0068/6a62970d3fdd24c4b7ecf5a7692b3d2e~tplv-tiktokx-cropcenter:100:100.jpg?dr=9640&refresh_token=88074012&x-expires=1756281600&x-signature=8jjuifE5Wpdiyi3jMnnCU153UhA%3D&t=4d5b0474&ps=13740610&shp=30310797&shcp=ff37627b&idc=useast5",
            "_total_reply": 0,
            "_replies": []
        },
        {
            "_comment_id": "7473874653221634824",
            "_username": "elenainvasion",
            "_nickname": "️elena",
            "_comment": "Will we be seeing more Olivia???",
            "_create_time": "2025-02-21T15:11:01",
            "_avatar": "https://p16-common-sign-sg.tiktokcdn-us.com/tos-alisg-avt-0068/4ace98c3eccb8f73c734fad63dedbf70~tplv-tiktokx-cropcenter:100:100.jpg?dr=9640&refresh_token=c01fa822&x-expires=1756281600&x-signature=rwFuqfpntozLAIvvhB39OoKjsrQ%3D&t=4d5b0474&ps=13740610&shp=30310797&shcp=ff37627b&idc=useast5",
            "_total_reply": 0,
            "_replies": []
        },
        {
            "_comment_id": "7473523842415608582",
            "_username": "eelrylaura",
            "_nickname": "Eelrybrandmanager | Laura",
            "_comment": "We’re looking for inspiring creators like you to join our ambassador program!🤝 Would love to have you on board DM us if interested!💥",
            "_create_time": "2025-02-20T16:30:05",
            "_avatar": "https://p16-common-sign-va.tiktokcdn-us.com/tos-maliva-avt-0068/e2697deec003c6b39a208506b96cdf70~tplv-tiktokx-cropcenter:100:100.jpg?dr=9640&refresh_token=f11db37a&x-expires=1756281600&x-signature=%2B9Qoj3pvXEWo%2B0iiMVqOJRxz0zM%3D&t=4d5b0474&ps=13740610&shp=30310797&shcp=ff37627b&idc=useast5",
            "_total_reply": 0,
            "_replies": []
        },
        {
            "_comment_id": "7473449954163393302",
            "_username": "toluwadara_13",
            "_nickname": "Toluwadara🫶🏾",
            "_comment": "sample",
            "_create_time": "2025-02-20T11:43:44",
            "_avatar": "https://p16-common-sign-va.tiktokcdn-us.com/tos-maliva-avt-0068/0c6332f26c6f17c5b70a5a5ab064a2b4~tplv-tiktokx-cropcenter:100:100.jpg?dr=9640&refresh_token=1ef3a867&x-expires=1756281600&x-signature=X5AVGw03vLALX0gAMczvqg8EVFo%3D&t=4d5b0474&ps=13740610&shp=30310797&shcp=ff37627b&idc=useast5",
            "_total_reply": 0,
            "_replies": []
        }
    ],
    "total_comments": 84
}