{
    "original_url": "https://www.tiktok.com/@lancome.official/video/7474554556290993430",
    "video_id": "7474554556290993430",
    "description": "One spritz is all it takes to fall in love with Idôle Power. Just ask guests at our Galentine’s Day Power Party in NYC 🤭 #Lancome #Fragrance #IdolePower #Fragrancetiktok #Fragrancetok #Galentines #SmellGood ",
    "video_url": "https://m.tiktok.com/v/7474554556290993430.html?_d=0&comment_author_id=7356968945129128965&preview_pb=0&share_comment_id=7493760032921895685&share_item_id=7474554556290993430&sharer_language=en&source=h5_m&u_code=0",
    "tags": [
        "#Lancome",
        "#Fragrance",
        "#IdolePower",
        "#Fragrancetiktok",
        "#Fragrancetok",
        "#Galentines",
        "#SmellGood"
    ],
    "comments": [
        {
            "_comment_id": "7493760032921895685",
            "_username": "ladygagahhahahahhah",
            "_nickname": "Livbedumb ❤️💜",
            "_comment": "I love you Lancôme ❤️🤍",
            "_create_time": "2025-04-16T05:17:11",
            "_avatar": "https://p19-common-sign-sg.tiktokcdn-us.com/tos-alisg-avt-0068/52b51ffd5de9dd7ce3b9faa984cba5dc~tplv-tiktokx-cropcenter:100:100.jpg?dr=9640&refresh_token=4b1bbeb6&x-expires=1756281600&x-signature=dChSm3cpel0KY4RweprMnHGfT4A%3D&t=4d5b0474&ps=13740610&shp=30310797&shcp=ff37627b&idc=useast5",
            "_total_reply": 0,
            "_replies": []
        },
        {
            "_comment_id": "7507665163992367894",
            "_username": "yves0399",
            "_nickname": "Yves",
            "_comment": "Where is my sample 💔",
            "_create_time": "2025-05-23T16:35:33",
            "_avatar": "https://p16-common-sign-useast2a.tiktokcdn-us.com/tos-useast2a-avt-0068-euttp/e9b21c0c2e89aca674de2fa8287865d6~tplv-tiktokx-cropcenter:100:100.jpg?dr=9640&refresh_token=a3981290&x-expires=1756281600&x-signature=YXFA4zvGMJ5jMsAJj1sjiodVi9w%3D&t=4d5b0474&ps=13740610&shp=30310797&shcp=ff37627b&idc=useast5",
            "_total_reply": 0,
            "_replies": []
        },
        {
            "_comment_id": "7474577220541072150",
            "_username": "domi.._12",
            "_nickname": "𝙻𝚒𝚟𝚒𝚎🐆🍒🪩",
            "_comment": "I'm so OBSESSED ❤️",
            "_create_time": "2025-02-23T11:37:47",
            "_avatar": "https://p16-common-sign-va.tiktokcdn-us.com/tos-maliva-avt-0068/105d2294d3311539ffc4e0c235cecab2~tplv-tiktokx-cropcenter:100:100.jpg?dr=9640&refresh_token=2c2a1bfa&x-expires=1756281600&x-signature=qDgPiy4F%2Fw8XWuZm8OFiXiuNyds%3D&t=4d5b0474&ps=13740610&shp=30310797&shcp=ff37627b&idc=useast5",
            "_total_reply": 2,
            "_replies": [
                {
                    "_comment_id": "7473048999327728417",
                    "_username": "lancome.official",
                    "_nickname": "Lancôme",
                    "_comment": "SO ARE WE 💜 🤭",
                    "_create_time": "2025-02-23T11:48:01",
                    "_avatar": "https://p16-common-sign-va.tiktokcdn-us.com/tos-maliva-avt-0068/9424f6caa6a8781766ccf45ddf0a0a0d~tplv-tiktokx-cropcenter:100:100.jpg?dr=9640&refresh_token=2d0d7041&x-expires=1756281600&x-signature=6RRh0sV%2BMiFopbDnto6in1a21L8%3D&t=4d5b0474&ps=13740610&shp=30310797&shcp=ff37627b&idc=useast5",
                    "_total_reply": null,
                    "_replies": []
                },
                {
                    "_comment_id": "7474580123627782934",
                    "_username": "domi.._12",
                    "_nickname": "𝙻𝚒𝚟𝚒𝚎🐆🍒🪩",
                    "_comment": "No surprise everyone should be obsessed🤭🤭🤭",
                    "_create_time": "2025-02-23T11:48:52",
                    "_avatar": "https://p19-common-sign-va.tiktokcdn-us.com/tos-maliva-avt-0068/105d2294d3311539ffc4e0c235cecab2~tplv-tiktokx-cropcenter:100:100.jpg?dr=9640&refresh_token=afc8d22b&x-expires=1756281600&x-signature=%2F940R5alIaCZrzkHviz38p2pCLk%3D&t=4d5b0474&ps=13740610&shp=30310797&shcp=ff37627b&idc=useast5",
                    "_total_reply": null,
                    "_replies": []
                }
            ]
        },
        {
            "_comment_id": "7503891792359981855",
            "_username": "madisonisanavocato",
            "_nickname": "🖇️🖇️ADISON❤️",
            "_comment": "I own the small one and it smells so freaking good",
            "_create_time": "2025-05-13T12:33:22",
            "_avatar": "https://p16-pu-sign-useast8.tiktokcdn-us.com/tos-useast8-avt-0068-tx2/5ce7a3010ba3c3430f352a903a980491~tplv-tiktokx-cropcenter:100:100.jpg?dr=9640&refresh_token=b9832cf3&x-expires=1756281600&x-signature=Vt1ntjwSItxsefhoyNRWE27x3Mg%3D&t=4d5b0474&ps=13740610&shp=30310797&shcp=ff37627b&idc=useast5",
            "_total_reply": 0,
            "_replies": []
        },
        {
            "_comment_id": "7474569893473010439",
            "_username": "skylarroses0",
            "_nickname": "️",
            "_comment": "OLIVIA RODRIGO WHAT HAVE YOU MADE I WANT It🤩🤩🤩",
            "_create_time": "2025-02-23T11:08:55",
            "_avatar": "https://p16-common-sign-sg.tiktokcdn-us.com/tos-alisg-avt-0068/7829dd266bfa58ef9daad1614f68a820~tplv-tiktokx-cropcenter:100:100.jpg?dr=9640&refresh_token=8d2822a6&x-expires=1756281600&x-signature=i5eTuyyUkj04p%2B8Hmf1afVCHbOY%3D&t=4d5b0474&ps=13740610&shp=30310797&shcp=ff37627b&idc=useast5",
            "_total_reply": 0,
            "_replies": []
        },
        {
            "_comment_id": "7474560566225519382",
            "_username": "popifarr",
            "_nickname": "𝒫ℴ𝓅𝒾 💞",
            "_comment": "OBSESSEDDD",
            "_create_time": "2025-02-23T10:32:57",
            "_avatar": "https://p16-common-sign-va.tiktokcdn-us.com/tos-maliva-avt-0068/b29e43c6749d105447b02a2cdede5932~tplv-tiktokx-cropcenter:100:100.jpg?dr=9640&refresh_token=66d1bc16&x-expires=1756281600&x-signature=1rEMS9GTSeJ0Hj8XxrwdVZ2M9P4%3D&t=4d5b0474&ps=13740610&shp=30310797&shcp=ff37627b&idc=useast5",
            "_total_reply": 0,
            "_replies": []
        },
        {
            "_comment_id": "7494039112577385238",
            "_username": "pamys610",
            "_nickname": "pamys",
            "_comment": "❤️❤️❤️must get ❤️smelll is amazing",
            "_create_time": "2025-04-16T23:19:21",
            "_avatar": "https://p16-common-sign-va.tiktokcdn-us.com/tos-maliva-avt-0068/3ea016b23e92397241c1afe3eed166cb~tplv-tiktokx-cropcenter:100:100.jpg?dr=9640&refresh_token=764b8833&x-expires=1756281600&x-signature=j%2FNp%2F5P6piilzNiwoOJyVJqoy8s%3D&t=4d5b0474&ps=13740610&shp=30310797&shcp=ff37627b&idc=useast5",
            "_total_reply": 0,
            "_replies": []
        },
        {
            "_comment_id": "7484705086524162821",
            "_username": "0602_komi",
            "_nickname": "ℒ⋆. 𐙚 ˚         ༝༚༝༚",
            "_comment": "Does the queen reply?💜💅",
            "_create_time": "2025-03-22T18:38:52",
            "_avatar": "https://p16-common-sign-sg.tiktokcdn-us.com/tos-alisg-avt-0068/458866969fa8a183c28ecc973f6275ed~tplv-tiktokx-cropcenter:100:100.jpg?dr=9640&refresh_token=393f55a4&x-expires=1756281600&x-signature=WYyscjuVrwXM9AQEemd22cJgyEE%3D&t=4d5b0474&ps=13740610&shp=30310797&shcp=ff37627b&idc=useast5",
            "_total_reply": 0,
            "_replies": []
        },
        {
            "_comment_id": "7475127383118856982",
            "_username": "liandryyyy",
            "_nickname": "Liandry",
            "_comment": "love itt",
            "_create_time": "2025-02-24T23:13:20",
            "_avatar": "https://p16-common-sign-useast2a.tiktokcdn-us.com/tos-useast2a-avt-0068-euttp/74d77482e09f80a12f290e84c8d7c644~tplv-tiktokx-cropcenter:100:100.jpg?dr=9640&refresh_token=b24a58a6&x-expires=1756281600&x-signature=6bAnTr65InPOZDHXsqqCAvHqpzU%3D&t=4d5b0474&ps=13740610&shp=30310797&shcp=ff37627b&idc=useast5",
            "_total_reply": 0,
            "_replies": []
        },
        {
            "_comment_id": "7477287733724742422",
            "_username": "lailabailas1",
            "_nickname": "Lailasharma",
            "_comment": "Obsessed 💜💜💜💜",
            "_create_time": "2025-03-02T18:55:28",
            "_avatar": "https://p16-common-sign-va.tiktokcdn-us.com/musically-maliva-obj/1594805258216454~tplv-tiktokx-cropcenter:100:100.jpg?dr=9640&refresh_token=e95abb24&x-expires=1756281600&x-signature=3sj6OaLiS8USBUJlFKzdpJPzweM%3D&t=4d5b0474&ps=13740610&shp=30310797&shcp=ff37627b&idc=useast5",
            "_total_reply": 0,
            "_replies": []
        },
        {
            "_comment_id": "7474759552341869367",
            "_username": "millyxglowy",
            "_nickname": "Milly glow 🌸",
            "_comment": "Love it",
            "_create_time": "2025-02-23T23:25:06",
            "_avatar": "https://p16-common-sign-va.tiktokcdn-us.com/tos-maliva-avt-0068/aa261697eb017256732935ff3246f2f6~tplv-tiktokx-cropcenter:100:100.jpg?dr=9640&refresh_token=051bb935&x-expires=1756281600&x-signature=ETTS6WBxX3HHa8verDz3pDJfWX8%3D&t=4d5b0474&ps=13740610&shp=30310797&shcp=ff37627b&idc=useast5",
            "_total_reply": 0,
            "_replies": []
        },
        {
            "_comment_id": "7474648346385203990",
            "_username": "iam_amandiiine",
            "_nickname": "Amandine 🥥",
            "_comment": "I’m so OBSESSED 🥰🤩",
            "_create_time": "2025-02-23T16:13:30",
            "_avatar": "https://p16-common-sign-va.tiktokcdn-us.com/tos-maliva-avt-0068/0a65508832c5c40103aecf0fa101436b~tplv-tiktokx-cropcenter:100:100.jpg?dr=9640&refresh_token=df6fae3a&x-expires=1756281600&x-signature=3VBmdQA7QpxXt%2B1sgpnUlJM2Mgk%3D&t=4d5b0474&ps=13740610&shp=30310797&shcp=ff37627b&idc=useast5",
            "_total_reply": 0,
            "_replies": []
        },
        {
            "_comment_id": "7474673424675406623",
            "_username": "sepibeauty",
            "_nickname": "SEPIBEAUTY",
            "_comment": "Wow so fun I wish I was there ♥️♥️♥️♥️",
            "_create_time": "2025-02-23T17:51:02",
            "_avatar": "https://p16-pu-sign-useast8.tiktokcdn-us.com/tos-useast8-avt-0068-tx2/9c9a53310c27848214db668f7df8fa31~tplv-tiktokx-cropcenter:100:100.jpg?dr=9640&refresh_token=1fbd1ac4&x-expires=1756281600&x-signature=QjsB0S0hEiot70cjsfoT8IX44Ac%3D&t=4d5b0474&ps=13740610&shp=30310797&shcp=ff37627b&idc=useast5",
            "_total_reply": 0,
            "_replies": []
        },
        {
            "_comment_id": "7476171771248395015",
            "_username": "sultan_savuk1",
            "_nickname": "Sultan🎀",
            "_comment": "I am very curious about the smell of that perfume but unfortunately I don't have money, I will try to save it",
            "_create_time": "2025-02-27T18:45:05",
            "_avatar": "https://p16-common-sign-sg.tiktokcdn-us.com/tos-alisg-avt-0068/5adb72c907df518726524193bd6c328a~tplv-tiktokx-cropcenter:100:100.jpg?dr=9640&refresh_token=eab2f8b0&x-expires=1756281600&x-signature=r80TckhxRzy%2ByujfOWlXis83pGA%3D&t=4d5b0474&ps=13740610&shp=30310797&shcp=ff37627b&idc=useast5",
            "_total_reply": 0,
            "_replies": []
        },
        {
            "_comment_id": "7475059003394229015",
            "_username": "emmar7788",
            "_nickname": "Emmalourafferty",
            "_comment": "Love Lancôme",
            "_create_time": "2025-02-24T18:47:16",
            "_avatar": "https://p16-common-sign-useast2a.tiktokcdn-us.com/tos-useast2a-avt-0068-euttp/d74d57ed35e733a760a1f74bcccc5b12~tplv-tiktokx-cropcenter:100:100.jpg?dr=9640&refresh_token=3ee15f03&x-expires=1756281600&x-signature=oCIz3LWJx9sYjRJ1a47MHSeKKmA%3D&t=4d5b0474&ps=13740610&shp=30310797&shcp=ff37627b&idc=useast5",
            "_total_reply": 0,
            "_replies": []
        },
        {
            "_comment_id": "7474555185459151659",
            "_username": "olivwife_",
            "_nickname": "𝑳𝒊𝒍𝒚",
            "_comment": "GORGEOUS 💜💜💜",
            "_create_time": "2025-02-23T10:13:30",
            "_avatar": "https://p16-pu-sign-useast8.tiktokcdn-us.com/tos-useast5-avt-0068-tx/b603e010ef212a0f4f6abce1fbb904a8~tplv-tiktokx-cropcenter:100:100.jpg?dr=9640&refresh_token=1b1749e1&x-expires=1756281600&x-signature=jQ6GGMofK4OUFaCaGjdET67xIDU%3D&t=4d5b0474&ps=13740610&shp=30310797&shcp=ff37627b&idc=useast5",
            "_total_reply": 3,
            "_replies": [
                {
                    "_comment_id": "7473053703281935137",
                    "_username": "lancome.official",
                    "_nickname": "Lancôme",
                    "_comment": "we're so obsessed 😍",
                    "_create_time": "2025-02-23T10:17:18",
                    "_avatar": "https://p16-common-sign-va.tiktokcdn-us.com/tos-maliva-avt-0068/9424f6caa6a8781766ccf45ddf0a0a0d~tplv-tiktokx-cropcenter:100:100.jpg?dr=9640&refresh_token=2d0d7041&x-expires=1756281600&x-signature=6RRh0sV%2BMiFopbDnto6in1a21L8%3D&t=4d5b0474&ps=13740610&shp=30310797&shcp=ff37627b&idc=useast5",
                    "_total_reply": null,
                    "_replies": []
                },
                {
                    "_comment_id": "7474556569826280238",
                    "_username": "olivwife_",
                    "_nickname": "𝑳𝒊𝒍𝒚",
                    "_comment": "YEAH LOVE YOUR PERFUME THEY SMELL AMAZING 💜💜💜💜",
                    "_create_time": "2025-02-23T10:18:10",
                    "_avatar": "https://p16-pu-sign-useast8.tiktokcdn-us.com/tos-useast5-avt-0068-tx/b603e010ef212a0f4f6abce1fbb904a8~tplv-tiktokx-cropcenter:100:100.jpg?dr=9640&refresh_token=1b1749e1&x-expires=1756281600&x-signature=jQ6GGMofK4OUFaCaGjdET67xIDU%3D&t=4d5b0474&ps=13740610&shp=30310797&shcp=ff37627b&idc=useast5",
                    "_total_reply": null,
                    "_replies": []
                },
                {
                    "_comment_id": "7473393595497005856",
                    "_username": "lancome.official",
                    "_nickname": "Lancôme",
                    "_comment": "aww 💜",
                    "_create_time": "2025-02-23T10:51:49",
                    "_avatar": "https://p16-common-sign-va.tiktokcdn-us.com/tos-maliva-avt-0068/9424f6caa6a8781766ccf45ddf0a0a0d~tplv-tiktokx-cropcenter:100:100.jpg?dr=9640&refresh_token=2d0d7041&x-expires=1756281600&x-signature=6RRh0sV%2BMiFopbDnto6in1a21L8%3D&t=4d5b0474&ps=13740610&shp=30310797&shcp=ff37627b&idc=useast5",
                    "_total_reply": null,
                    "_replies": []
                }
            ]
        },
        {
            "_comment_id": "7474608965733942046",
            "_username": "tagyoureit456",
            "_nickname": "Theresa",
            "_comment": "I'm in love with this scent 🤩🔥",
            "_create_time": "2025-02-23T13:40:55",
            "_avatar": "https://p16-common-sign-va.tiktokcdn-us.com/tos-maliva-avt-0068/ea7865d99f8410c0012e24364e1e9bb9~tplv-tiktokx-cropcenter:100:100.jpg?dr=9640&refresh_token=5a77d188&x-expires=1756281600&x-signature=%2BDa2g0pLJFIyvndQg7Futzxqq9o%3D&t=4d5b0474&ps=13740610&shp=30310797&shcp=ff37627b&idc=useast5",
            "_total_reply": 0,
            "_replies": []
        },
        {
            "_comment_id": "7474578668539642646",
            "_username": "ginte1990",
            "_nickname": "Gintare2004 🍓",
            "_comment": "Love it 💓",
            "_create_time": "2025-02-23T11:43:15",
            "_avatar": "https://p16-common-sign-useast2a.tiktokcdn-us.com/tos-useast2a-avt-0068-euttp/033f760a6798505855d5f7bc59afc238~tplv-tiktokx-cropcenter:100:100.jpg?dr=9640&refresh_token=37e170d8&x-expires=1756281600&x-signature=YLFG5GlnBQcWPAt6QRWNNcLRFyI%3D&t=4d5b0474&ps=13740610&shp=30310797&shcp=ff37627b&idc=useast5",
            "_total_reply": 0,
            "_replies": []
        },
        {
            "_comment_id": "7474580969183478550",
            "_username": "melirkl",
            "_nickname": "Meli 🌷",
            "_comment": "Lancôme, girlie, everything you make is a big slay!",
            "_create_time": "2025-02-23T11:52:21",
            "_avatar": "https://p16-common-sign-va.tiktokcdn-us.com/tos-maliva-avt-0068/c64710761e6adfc460922725f68d2f2c~tplv-tiktokx-cropcenter:100:100.jpg?dr=9640&refresh_token=6f2da50b&x-expires=1756281600&x-signature=abF4fwS%2FA28YBw2X%2FCOv2Efx%2F3c%3D&t=4d5b0474&ps=13740610&shp=30310797&shcp=ff37627b&idc=useast5",
            "_total_reply": 0,
            "_replies": []
        },
        {
            "_comment_id": "7474848703569642295",
            "_username": "alexasainzjuarez",
            "_nickname": "ིྀAlexa la Patrona ིྀ",
            "_comment": "I want the perfume I’m so obsessed with it",
            "_create_time": "2025-02-24T05:11:41",
            "_avatar": "https://p16-common-sign-sg.tiktokcdn-us.com/tos-alisg-avt-0068/3048d25354543a386256242f592bdac3~tplv-tiktokx-cropcenter:100:100.jpg?dr=9640&refresh_token=7aa025c8&x-expires=1756281600&x-signature=cayFyFuwjtxunli7UOan2Z2Jd0Y%3D&t=4d5b0474&ps=13740610&shp=30310797&shcp=ff37627b&idc=useast5",
            "_total_reply": 0,
            "_replies": []
        },
        {
            "_comment_id": "7474557634717532936",
            "_username": "alexandra_tate2",
            "_nickname": "Alexandra",
            "_comment": "OMGGG I need thisss",
            "_create_time": "2025-02-23T10:21:17",
            "_avatar": "https://p16-common-sign-sg.tiktokcdn-us.com/tos-alisg-avt-0068/7ca3636a17ab3dcb2c68948d6479ce6c~tplv-tiktokx-cropcenter:100:100.jpg?dr=9640&refresh_token=959d87cf&x-expires=1756281600&x-signature=AHY%2FVAdB9uxZbvEOv1UNXSlxNu4%3D&t=4d5b0474&ps=13740610&shp=30310797&shcp=ff37627b&idc=useast5",
            "_total_reply": 0,
            "_replies": []
        },
        {
            "_comment_id": "7474597281241957142",
            "_username": "anais89890",
            "_nickname": "anais89890",
            "_comment": "Je l adore 😍",
            "_create_time": "2025-02-23T12:55:24",
            "_avatar": "https://p16-common-sign-va.tiktokcdn-us.com/tos-maliva-avt-0068/7334296358361006085~tplv-tiktokx-cropcenter:100:100.jpg?dr=9640&refresh_token=83af97ce&x-expires=1756281600&x-signature=m%2Fk7AvT13gOly904sJLE%2FOo0G1Y%3D&t=4d5b0474&ps=13740610&shp=30310797&shcp=ff37627b&idc=useast5",
            "_total_reply": 0,
            "_replies": []
        },
        {
            "_comment_id": "7474853560648303378",
            "_username": "ads10123",
            "_nickname": "ads",
            "_comment": "Yes",
            "_create_time": "2025-02-24T05:29:38",
            "_avatar": "https://p16-common-sign-sg.tiktokcdn-us.com/tos-alisg-avt-0068/707380f462ff7ef19b2e66e14078e4fa~tplv-tiktokx-cropcenter:100:100.jpg?dr=9640&refresh_token=710caaa8&x-expires=1756281600&x-signature=3G2O%2F6EAKyA7r7N3hFFTB4Y72e0%3D&t=4d5b0474&ps=13740610&shp=30310797&shcp=ff37627b&idc=useast5",
            "_total_reply": 0,
            "_replies": []
        },
        {
            "_comment_id": "7474555972855317253",
            "_username": "roseconfidence1",
            "_nickname": "RosyHorno👩‍🍳🍟✅",
            "_comment": "I need🥺🥺❤️",
            "_create_time": "2025-02-23T10:15:29",
            "_avatar": "https://p16-common-sign-sg.tiktokcdn-us.com/tos-alisg-avt-0068/bcb96c0d81ae82ad07d9ee301a16de2d~tplv-tiktokx-cropcenter:100:100.jpg?dr=9640&refresh_token=e639e4a2&x-expires=1756281600&x-signature=8OsTbYjCh7j3izKt%2BDUIYaUTeZ4%3D&t=4d5b0474&ps=13740610&shp=30310797&shcp=ff37627b&idc=useast5",
            "_total_reply": 0,
            "_replies": []
        },
        {
            "_comment_id": "7474583985512841991",
            "_username": "zuziewithazeee",
            "_nickname": "suzie🍒",
            "_comment": "hello? I was stalking and I'm early??? 1 hour agoo",
            "_create_time": "2025-02-23T12:03:37",
            "_avatar": "https://p16-common-sign-sg.tiktokcdn-us.com/tos-alisg-avt-0068/14f0386e2b6010f2244ba53c064faa93~tplv-tiktokx-cropcenter:100:100.jpg?dr=9640&refresh_token=f198d30d&x-expires=1756281600&x-signature=mH6PFU5E0C%2FpG8uN2MWlgQtLCfw%3D&t=4d5b0474&ps=13740610&shp=30310797&shcp=ff37627b&idc=useast5",
            "_total_reply": 0,
            "_replies": []
        },
        {
            "_comment_id": "7477763141473059630",
            "_username": "livingwithjuliee",
            "_nickname": "Julie Medrano",
            "_comment": "My favorite perfume for sure 🤭❤️",
            "_create_time": "2025-03-04T01:40:18",
            "_avatar": "https://p19-sign.tiktokcdn-us.com/tos-useast5-avt-0068-tx/3fd6e0686130ea554c80ede72508bc75~tplv-tiktokx-cropcenter:100:100.jpg?dr=9640&refresh_token=6c08f878&x-expires=1756281600&x-signature=6sQDyuIZglINiSnRr28boKKM8yE%3D&t=4d5b0474&ps=13740610&shp=30310797&shcp=ff37627b&idc=useast5",
            "_total_reply": 0,
            "_replies": []
        },
        {
            "_comment_id": "7482236155158512414",
            "_username": "exclusiveones23",
            "_nickname": "Exclusive Ones",
            "_comment": "I should’ve been there 😩",
            "_create_time": "2025-03-16T02:58:09",
            "_avatar": "https://p19-pu-sign-useast8.tiktokcdn-us.com/tos-useast8-avt-0068-tx2/3379740653b6cfdd9d47e1fd26d5817b~tplv-tiktokx-cropcenter:100:100.jpg?dr=9640&refresh_token=e81550ba&x-expires=1756281600&x-signature=n5o%2Bdf%2B3%2BUky3ExSO9qwV9DM1Wk%3D&t=4d5b0474&ps=13740610&shp=30310797&shcp=ff37627b&idc=useast5",
            "_total_reply": 0,
            "_replies": []
        },
        {
            "_comment_id": "7474563371729847042",
            "_username": "nathaliches",
            "_nickname": "Nathaliches 🌹 Perfume Lover",
            "_comment": "I've never tried this perfume before... But your bottle! Wow!!! ♥️♥️♥️",
            "_create_time": "2025-02-23T10:44:00",
            "_avatar": "https://p16-common-sign-useast2a.tiktokcdn-us.com/tos-useast2a-avt-0068-euttp/e55422cc9ada032e2f3cb6b1c28f6531~tplv-tiktokx-cropcenter:100:100.jpg?dr=9640&refresh_token=dec6201d&x-expires=1756281600&x-signature=Tq%2B%2B1yFpBGh19qxEY5TsXIwLJm0%3D&t=4d5b0474&ps=13740610&shp=30310797&shcp=ff37627b&idc=useast5",
            "_total_reply": 0,
            "_replies": []
        },
        {
            "_comment_id": "7474632132283974443",
            "_username": "kgdkgskhclydlysktslyd",
            "_nickname": "💝",
            "_comment": "LOVE IT 🩷",
            "_create_time": "2025-02-23T15:10:31",
            "_avatar": "https://p19-pu-sign-useast8.tiktokcdn-us.com/tos-useast8-avt-0068-tx2/33ef35073e9998e76392b957cccfe655~tplv-tiktokx-cropcenter:100:100.jpg?dr=9640&refresh_token=43a879e6&x-expires=1756281600&x-signature=vvQjiF5vqbs7Mp0vwmmqBKtjUGA%3D&t=4d5b0474&ps=13740610&shp=30310797&shcp=ff37627b&idc=useast5",
            "_total_reply": 0,
            "_replies": []
        },
        {
            "_comment_id": "7503842162049499926",
            "_username": "obviidanni",
            "_nickname": "obviidanni",
            "_comment": "I can't believe olivia is the face of Lancome! I'm so happy for her and your company!",
            "_create_time": "2025-05-13T09:20:14",
            "_avatar": "https://p16-common-sign-va.tiktokcdn-us.com/tos-maliva-avt-0068/329e4783c1df0233f2ec7cf4bd04d98e~tplv-tiktokx-cropcenter:100:100.jpg?dr=9640&refresh_token=f8b92b27&x-expires=1756281600&x-signature=7wUJTWd5hgeAnMW2hvlguY4xoWg%3D&t=4d5b0474&ps=13740610&shp=30310797&shcp=ff37627b&idc=useast5",
            "_total_reply": 0,
            "_replies": []
        },
        {
            "_comment_id": "7491898643475514155",
            "_username": "lexiprice294",
            "_nickname": "Lexi",
            "_comment": "❤️❤️❤️❤️❤️",
            "_create_time": "2025-04-11T04:53:54",
            "_avatar": "https://p16-pu-sign-useast8.tiktokcdn-us.com/tos-useast5-avt-0068-tx/ee6f92a31404e6c30978db96ee2ed867~tplv-tiktokx-cropcenter:100:100.jpg?dr=9640&refresh_token=a6925d12&x-expires=1756281600&x-signature=XKe7rM4Q6xJKPwNeRhM3pQsjseA%3D&t=4d5b0474&ps=13740610&shp=30310797&shcp=ff37627b&idc=useast5",
            "_total_reply": 0,
            "_replies": []
        },
        {
            "_comment_id": "7477237828771791638",
            "_username": "unknowngone547",
            "_nickname": "Lou Lou🥰",
            "_comment": "🥰🥰🥰",
            "_create_time": "2025-03-02T15:41:53",
            "_avatar": "https://p16-common-sign-va.tiktokcdn-us.com/tos-maliva-avt-0068/a311939b14fa72252b540babc068bf12~tplv-tiktokx-cropcenter:100:100.jpg?dr=9640&refresh_token=3c34a169&x-expires=1756281600&x-signature=xcjhrFkQdJEFvtzWAlA8mJBpg6E%3D&t=4d5b0474&ps=13740610&shp=30310797&shcp=ff37627b&idc=useast5",
            "_total_reply": 0,
            "_replies": []
        },
        {
            "_comment_id": "7474755932385215254",
            "_username": "_nicolee.alexandraa_",
            "_nickname": "nicole",
            "_comment": "🥰",
            "_create_time": "2025-02-23T23:11:50",
            "_avatar": "https://p16-common-sign-va.tiktokcdn-us.com/tos-maliva-avt-0068/cb9cf42e32621aa1c73e846635b81f39~tplv-tiktokx-cropcenter:100:100.jpg?dr=9640&refresh_token=5c5c0886&x-expires=1756281600&x-signature=7a1RUvWKMWCVOdOtLHSIgEyRDQ4%3D&t=4d5b0474&ps=13740610&shp=30310797&shcp=ff37627b&idc=useast5",
            "_total_reply": 0,
            "_replies": []
        },
        {
            "_comment_id": "7522180077011256070",
            "_username": "christinenashenda",
            "_nickname": "Christine Nashenda",
            "_comment": "😁😁😁",
            "_create_time": "2025-07-01T19:20:40",
            "_avatar": "https://p16-common-sign-sg.tiktokcdn-us.com/tos-alisg-avt-0068/7335567564413763602~tplv-tiktokx-cropcenter:100:100.jpg?dr=9640&refresh_token=b8f7c7b5&x-expires=1756281600&x-signature=6qH8YWWq4NEodTTJh0YYN03wOGg%3D&t=4d5b0474&ps=13740610&shp=30310797&shcp=ff37627b&idc=useast5",
            "_total_reply": 0,
            "_replies": []
        },
        {
            "_comment_id": "7515084601196577566",
            "_username": "themakeupstationnyc",
            "_nickname": "The Makeup Station NYC",
            "_comment": "💖💖💖💖💖💖",
            "_create_time": "2025-06-12T16:27:02",
            "_avatar": "https://p19-pu-sign-useast8.tiktokcdn-us.com/tos-useast5-avt-0068-tx/aa09ea1b7aee8661d68c07f01def60f3~tplv-tiktokx-cropcenter:100:100.jpg?dr=9640&refresh_token=48bc5be4&x-expires=1756281600&x-signature=uQRKNXe6XALN0cNm9qw2r%2F5jvDQ%3D&t=4d5b0474&ps=13740610&shp=30310797&shcp=ff37627b&idc=useast5",
            "_total_reply": 0,
            "_replies": []
        },
        {
            "_comment_id": "7474607336474886934",
            "_username": "iliaanag",
            "_nickname": "Ilia Anag(Ήλια)😇",
            "_comment": "😇❤️🩷",
            "_create_time": "2025-02-23T13:34:25",
            "_avatar": "https://p16-common-sign-sg.tiktokcdn-us.com/tos-alisg-avt-0068/b21f2a83c4b855484b96ee18b57f5167~tplv-tiktokx-cropcenter:100:100.jpg?dr=9640&refresh_token=aff0a201&x-expires=1756281600&x-signature=B4Jrok5W9qMH%2B5nBVev5SHFXHWY%3D&t=4d5b0474&ps=13740610&shp=30310797&shcp=ff37627b&idc=useast5",
            "_total_reply": 0,
            "_replies": []
        },
        {
            "_comment_id": "7483047381769585410",
            "_username": "cleo48346",
            "_nickname": "Cleo",
            "_comment": "😍❤",
            "_create_time": "2025-03-18T07:25:59",
            "_avatar": "https://p16-common-sign-useast2a.tiktokcdn-us.com/tos-useast2a-avt-0068-euttp/fb47049ea1aa25285eeb333c568a08e5~tplv-tiktokx-cropcenter:100:100.jpg?dr=9640&refresh_token=e4f2a8af&x-expires=1756281600&x-signature=5Xylho8ZmDD1My8IVAAdBLStjVM%3D&t=4d5b0474&ps=13740610&shp=30310797&shcp=ff37627b&idc=useast5",
            "_total_reply": 0,
            "_replies": []
        },
        {
            "_comment_id": "7475165627474215682",
            "_username": "user2901536990581",
            "_nickname": "Emmie",
            "_comment": "😍😍😍",
            "_create_time": "2025-02-25T01:43:20",
            "_avatar": "https://p16-common-sign-useast2a.tiktokcdn-us.com/tos-useast2a-avt-0068-euttp/b6b2485cda36813fbff7bcc06285b279~tplv-tiktokx-cropcenter:100:100.jpg?dr=9640&refresh_token=c5bb0bda&x-expires=1756281600&x-signature=ocihSRDrhn16mC5Puyyo312OODM%3D&t=4d5b0474&ps=13740610&shp=30310797&shcp=ff37627b&idc=useast5",
            "_total_reply": 0,
            "_replies": []
        },
        {
            "_comment_id": "7474632031511642902",
            "_username": "annang042",
            "_nickname": "anna",
            "_comment": "🥰",
            "_create_time": "2025-02-23T15:10:14",
            "_avatar": "https://p16-common-sign-va.tiktokcdn-us.com/tos-maliva-avt-0068/7c3e761751fa337405fde2251afc615e~tplv-tiktokx-cropcenter:100:100.jpg?dr=9640&refresh_token=befccaa7&x-expires=1756281600&x-signature=OH9WjLfCva35OuknflOFPmIJqms%3D&t=4d5b0474&ps=13740610&shp=30310797&shcp=ff37627b&idc=useast5",
            "_total_reply": 0,
            "_replies": []
        },
        {
            "_comment_id": "7474576207792603926",
            "_username": "salz0305",
            "_nickname": "s@Lz",
            "_comment": "🙂❤️",
            "_create_time": "2025-02-23T11:33:50",
            "_avatar": "https://p19-common-sign-va.tiktokcdn-us.com/tos-maliva-avt-0068/7221678134432727046~tplv-tiktokx-cropcenter:100:100.jpg?dr=9640&refresh_token=95366a0f&x-expires=1756281600&x-signature=Pm3niOGuHw4U4QhFgVw5wNCftew%3D&t=4d5b0474&ps=13740610&shp=30310797&shcp=ff37627b&idc=useast5",
            "_total_reply": 0,
            "_replies": []
        },
        {
            "_comment_id": "7494202446448100098",
            "_username": "moni006197",
            "_nickname": "moni",
            "_comment": "🥰🥰🥰🥰",
            "_create_time": "2025-04-17T09:53:12",
            "_avatar": "https://p16-common-sign-useast2a.tiktokcdn-us.com/tos-useast2a-avt-0068-giso/d337f2d03acef3f525fd826ea4a78bed~tplv-tiktokx-cropcenter:100:100.jpg?dr=9640&refresh_token=14632763&x-expires=1756281600&x-signature=TRzJ9n3eJuRiR3pRjN4k2akv1WU%3D&t=4d5b0474&ps=13740610&shp=30310797&shcp=ff37627b&idc=useast5",
            "_total_reply": 0,
            "_replies": []
        },
        {
            "_comment_id": "7474787879295353618",
            "_username": "eeveenara",
            "_nickname": "Eeveenara",
            "_comment": "💕💕😍",
            "_create_time": "2025-02-24T01:15:07",
            "_avatar": "https://p16-common-sign-sg.tiktokcdn-us.com/tos-alisg-avt-0068/409b2bd1d2c92a66d3adf2b9e4f9d27c~tplv-tiktokx-cropcenter:100:100.jpg?dr=9640&refresh_token=523472d2&x-expires=1756281600&x-signature=BMVlAdFzqFJgtYJ%2F9kbay3oAw8g%3D&t=4d5b0474&ps=13740610&shp=30310797&shcp=ff37627b&idc=useast5",
            "_total_reply": 0,
            "_replies": []
        },
        {
            "_comment_id": "7486974260529070854",
            "_username": "beatriz.ayala712",
            "_nickname": "Beatriz Ayala",
            "_comment": "🥰",
            "_create_time": "2025-03-28T21:24:28",
            "_avatar": "https://p16-common-sign-va.tiktokcdn-us.com/tos-maliva-avt-0068/a513e88d65138675a8077f8bc1f2afe9~tplv-tiktokx-cropcenter:100:100.jpg?dr=9640&refresh_token=2d4a5a6c&x-expires=1756281600&x-signature=M%2Bgvg1dhh7wqlQBtiwjLBqwPMRs%3D&t=4d5b0474&ps=13740610&shp=30310797&shcp=ff37627b&idc=useast5",
            "_total_reply": 0,
            "_replies": []
        },
        {
            "_comment_id": "7482329210862732054",
            "_username": "ln907158",
            "_nickname": "🐙",
            "_comment": "😍🔥",
            "_create_time": "2025-03-16T08:58:56",
            "_avatar": "https://p16-common-sign-useast2a.tiktokcdn-us.com/tos-useast2a-avt-0068-euttp/3979da3a897be029ecbf1b9ef27f8767~tplv-tiktokx-cropcenter:100:100.jpg?dr=9640&refresh_token=c8beacb7&x-expires=1756281600&x-signature=U08xJZwNPLLkXkWTepCFFKbdv%2FQ%3D&t=4d5b0474&ps=13740610&shp=30310797&shcp=ff37627b&idc=useast5",
            "_total_reply": 0,
            "_replies": []
        },
        {
            "_comment_id": "7474634539131421462",
            "_username": "mezzy39",
            "_nickname": "Maryann Southern",
            "_comment": "❤️",
            "_create_time": "2025-02-23T15:20:06",
            "_avatar": "https://p16-common-sign-va.tiktokcdn-us.com/tos-maliva-avt-0068/7861fc792d12a2fe7e14e4e5bbcfa427~tplv-tiktokx-cropcenter:100:100.jpg?dr=9640&refresh_token=cdd80156&x-expires=1756281600&x-signature=RelaANZ%2FFVvzkCwy0SWMbs0Jty8%3D&t=4d5b0474&ps=13740610&shp=30310797&shcp=ff37627b&idc=useast5",
            "_total_reply": 0,
            "_replies": []
        },
        {
            "_comment_id": "7474662054550569750",
            "_username": "veroat87",
            "_nickname": "VeroAt",
            "_comment": "💖💖💖💖💖",
            "_create_time": "2025-02-23T17:07:05",
            "_avatar": "https://p16-common-sign-va.tiktokcdn-us.com/tos-maliva-avt-0068/ac0da8fdf1e1f20add92437e4895e5ee~tplv-tiktokx-cropcenter:100:100.jpg?dr=9640&refresh_token=ccff9829&x-expires=1756281600&x-signature=TB2cKExGD5eL7xvQXgx85GlXvJs%3D&t=4d5b0474&ps=13740610&shp=30310797&shcp=ff37627b&idc=useast5",
            "_total_reply": 0,
            "_replies": []
        },
        {
            "_comment_id": "7499877968530899734",
            "_username": "mbego_00",
            "_nickname": "✨️🐬☀️🦋mbego🦋☀️🐬✨️",
            "_comment": "🥰🥰🥰",
            "_create_time": "2025-05-02T16:57:04",
            "_avatar": "https://p16-common-sign-va.tiktokcdn-us.com/tos-maliva-avt-0068/d2b950870bd3e6e9a7580db0f537068c~tplv-tiktokx-cropcenter:100:100.jpg?dr=9640&refresh_token=aa3f0906&x-expires=1756281600&x-signature=I3NomdcK0IGavD226n9RpOdzdAM%3D&t=4d5b0474&ps=13740610&shp=30310797&shcp=ff37627b&idc=useast5",
            "_total_reply": 0,
            "_replies": []
        },
        {
            "_comment_id": "7482329210862732054",
            "_username": "ln907158",
            "_nickname": "🐙",
            "_comment": "😍🔥",
            "_create_time": "2025-03-16T08:58:56",
            "_avatar": "https://p16-common-sign-useast2a.tiktokcdn-us.com/tos-useast2a-avt-0068-euttp/3979da3a897be029ecbf1b9ef27f8767~tplv-tiktokx-cropcenter:100:100.jpg?dr=9640&refresh_token=c8beacb7&x-expires=1756281600&x-signature=U08xJZwNPLLkXkWTepCFFKbdv%2FQ%3D&t=4d5b0474&ps=13740610&shp=30310797&shcp=ff37627b&idc=useast5",
            "_total_reply": 0,
            "_replies": []
        },
        {
            "_comment_id": "7475020197608194838",
            "_username": "sylvias.random.account",
            "_nickname": "sylvia",
            "_comment": "sampleeeeetok",
            "_create_time": "2025-02-24T16:16:41",
            "_avatar": "https://p16-common-sign-va.tiktokcdn-us.com/tos-maliva-avt-0068/4424ce388e217b8477599cfbc377f3d3~tplv-tiktokx-cropcenter:100:100.jpg?dr=9640&refresh_token=28ead568&x-expires=1756281600&x-signature=F1NXN9zN3%2FkhLZsgBFTF8aAJbMA%3D&t=4d5b0474&ps=13740610&shp=30310797&shcp=ff37627b&idc=useast5",
            "_total_reply": 0,
            "_replies": []
        },
        {
            "_comment_id": "7482856223760941846",
            "_username": "luvforvampires",
            "_nickname": "Edits🧛",
            "_comment": "Sampletok",
            "_create_time": "2025-03-17T19:04:04",
            "_avatar": "https://p16-common-sign-va.tiktokcdn-us.com/tos-maliva-avt-0068/ae6fb89e7fb0d1d44d5637e937279c57~tplv-tiktokx-cropcenter:100:100.jpg?dr=9640&refresh_token=40565f81&x-expires=1756281600&x-signature=GH9NrVwbTSE8bRr%2FyzSM%2FTvo6rg%3D&t=4d5b0474&ps=13740610&shp=30310797&shcp=ff37627b&idc=useast5",
            "_total_reply": 0,
            "_replies": []
        },
        {
            "_comment_id": "7474649442038285077",
            "_username": "bahaar6951",
            "_nickname": "bahaar",
            "_comment": "Hello men I love your products very much but I have the opportunity to buy please send me your products through advertising I want to promote on tiktok but I haven't worked with any brand yet please",
            "_create_time": "2025-02-23T16:17:35",
            "_avatar": "https://p16-common-sign-va.tiktokcdn-us.com/musically-maliva-obj/1594805258216454~tplv-tiktokx-cropcenter:100:100.jpg?dr=9640&refresh_token=e95abb24&x-expires=1756281600&x-signature=3sj6OaLiS8USBUJlFKzdpJPzweM%3D&t=4d5b0474&ps=13740610&shp=30310797&shcp=ff37627b&idc=useast5",
            "_total_reply": 0,
            "_replies": []
        },
        {
            "_comment_id": "7474612307106349846",
            "_username": "lauras_pen",
            "_nickname": "lauras_pen",
            "_comment": "I need to smell this immediately 😍😍😍",
            "_create_time": "2025-02-23T13:53:46",
            "_avatar": "https://p16-common-sign-va.tiktokcdn-us.com/tos-maliva-avt-0068/366839d90362aa3ada3ef4dc807c895f~tplv-tiktokx-cropcenter:100:100.jpg?dr=9640&refresh_token=db3cffec&x-expires=1756281600&x-signature=pJ8nafg31RI2PKCvMJe62PCToKc%3D&t=4d5b0474&ps=13740610&shp=30310797&shcp=ff37627b&idc=useast5",
            "_total_reply": 0,
            "_replies": []
        },
        {
            "_comment_id": "7487003379391546134",
            "_username": "_ireneeeee_01",
            "_nickname": "ireneeeee",
            "_comment": "Que delicia💖",
            "_create_time": "2025-03-28T23:17:09",
            "_avatar": "https://p16-common-sign-va.tiktokcdn-us.com/tos-maliva-avt-0068/a6bf9a77df2988f9c030a20cd6d59dcc~tplv-tiktokx-cropcenter:100:100.jpg?dr=9640&refresh_token=00e4cab2&x-expires=1756281600&x-signature=wyTkeiK9mP%2FW6JOxVfq3f4ZZQbM%3D&t=4d5b0474&ps=13740610&shp=30310797&shcp=ff37627b&idc=useast5",
            "_total_reply": 0,
            "_replies": []
        },
        {
            "_comment_id": "7474622892895552278",
            "_username": "du_stiinkst1",
            "_nickname": "Chaya🧟‍♀️🫆𖤓",
            "_comment": "Samplessss",
            "_create_time": "2025-02-23T14:34:50",
            "_avatar": "https://p16-common-sign-va.tiktokcdn-us.com/tos-maliva-avt-0068/0fd9916b41d992cc0a1ea73778ea79d3~tplv-tiktokx-cropcenter:100:100.jpg?dr=9640&refresh_token=72704595&x-expires=1756281600&x-signature=zxme7Bc%2Bv4FyRuiZrP4THSsTKxk%3D&t=4d5b0474&ps=13740610&shp=30310797&shcp=ff37627b&idc=useast5",
            "_total_reply": 0,
            "_replies": []
        },
        {
            "_comment_id": "7476203781840995094",
            "_username": "adele.harding0",
            "_nickname": "Adele Harding",
            "_comment": "sampletok please.xx",
            "_create_time": "2025-02-27T20:49:11",
            "_avatar": "https://p16-common-sign-useast2a.tiktokcdn-us.com/tos-useast2a-avt-0068-euttp/7296238309477449760~tplv-tiktokx-cropcenter:100:100.jpg?dr=9640&refresh_token=37664558&x-expires=1756281600&x-signature=cpcTgDC%2BaTIGFIOwBh6%2Bgvte4TY%3D&t=4d5b0474&ps=13740610&shp=30310797&shcp=ff37627b&idc=useast5",
            "_total_reply": 0,
            "_replies": []
        },
        {
            "_comment_id": "7474600540020097814",
            "_username": "nina_belluci",
            "_nickname": "Nina Belluci✨InfluenceHer✨",
            "_comment": "I wanna smell that room😭😭😭😭 one day 🤞🏾🤞🏾🤞🏾",
            "_create_time": "2025-02-23T13:08:22",
            "_avatar": "https://p16-common-sign-useast2a.tiktokcdn-us.com/tos-useast2a-avt-0068-euttp/d73db7f03d5cc59508fe189612b65ee1~tplv-tiktokx-cropcenter:100:100.jpg?dr=9640&refresh_token=4852561d&x-expires=1756281600&x-signature=4JGHW8cccuBvOkiVzaJvVg6lYV0%3D&t=4d5b0474&ps=13740610&shp=30310797&shcp=ff37627b&idc=useast5",
            "_total_reply": 0,
            "_replies": []
        },
        {
            "_comment_id": "7484923040258704150",
            "_username": "tea91269",
            "_nickname": "tea",
            "_comment": "Sample",
            "_create_time": "2025-03-23T08:44:16",
            "_avatar": "https://p16-common-sign-va.tiktokcdn-us.com/musically-maliva-obj/1594805258216454~tplv-tiktokx-cropcenter:100:100.jpg?dr=9640&refresh_token=e95abb24&x-expires=1756281600&x-signature=3sj6OaLiS8USBUJlFKzdpJPzweM%3D&t=4d5b0474&ps=13740610&shp=30310797&shcp=ff37627b&idc=useast5",
            "_total_reply": 0,
            "_replies": []
        },
        {
            "_comment_id": "7476153366742663958",
            "_username": "fatima_nauman3",
            "_nickname": "𝐟𝐚𝐭𝐢𝐦𝐚 💕",
            "_comment": "sample",
            "_create_time": "2025-02-27T17:33:34",
            "_avatar": "https://p16-common-sign-va.tiktokcdn-us.com/tos-maliva-avt-0068/96c98e45d0f4f83958c916ae3b961eb9~tplv-tiktokx-cropcenter:100:100.jpg?dr=9640&refresh_token=dbe8140b&x-expires=1756281600&x-signature=jATJpTlrvHnVB%2Fd%2FSJPYmmXfWCQ%3D&t=4d5b0474&ps=13740610&shp=30310797&shcp=ff37627b&idc=useast5",
            "_total_reply": 0,
            "_replies": []
        },
        {
            "_comment_id": "7474572161195213573",
            "_username": "art_by_kelsey",
            "_nickname": "art_by_kelsey",
            "_comment": "Hello can I use one of your pictures as mural art, am currently on a project and you will be paid and credited for it",
            "_create_time": "2025-02-23T11:18:09",
            "_avatar": "https://p16-common-sign-sg.tiktokcdn-us.com/tos-alisg-avt-0068/56051be5c1833c49c0594502e880f9fa~tplv-tiktokx-cropcenter:100:100.jpg?dr=9640&refresh_token=9900575f&x-expires=1756281600&x-signature=jUqGsm2ot11GzlXThmvDwnW6yVE%3D&t=4d5b0474&ps=13740610&shp=30310797&shcp=ff37627b&idc=useast5",
            "_total_reply": 0,
            "_replies": []
        },
        {
            "_comment_id": "7474568102878675729",
            "_username": "laaavender_5",
            "_nickname": "💤🎧🎀",
            "_comment": "Olivia Rodrigo perfume😍😍😍",
            "_create_time": "2025-02-23T11:02:01",
            "_avatar": "https://p19-common-sign-sg.tiktokcdn-us.com/tos-alisg-avt-0068/6c6c3d8bf4ac101394e449efbd4bf7da~tplv-tiktokx-cropcenter:100:100.jpg?dr=9640&refresh_token=c70a4c52&x-expires=1756281600&x-signature=lkclqeQmeNr7wn%2Fb5B8%2FCOWy33g%3D&t=4d5b0474&ps=13740610&shp=30310797&shcp=ff37627b&idc=useast5",
            "_total_reply": 0,
            "_replies": []
        },
        {
            "_comment_id": "7474834988740379414",
            "_username": "user198748724",
            "_nickname": "user198748724",
            "_comment": "Sample?",
            "_create_time": "2025-02-24T04:20:34",
            "_avatar": "https://p16-common-sign-useast2a.tiktokcdn-us.com/tos-useast2a-avt-0068-euttp/77cd17e690947379b7b234ebb80f15a4~tplv-tiktokx-cropcenter:100:100.jpg?dr=9640&refresh_token=0aebbb91&x-expires=1756281600&x-signature=lOL3NhBnBYPnEmBqxAOT34A8inE%3D&t=4d5b0474&ps=13740610&shp=30310797&shcp=ff37627b&idc=useast5",
            "_total_reply": 0,
            "_replies": []
        },
        {
            "_comment_id": "7474729277269148438",
            "_username": "lararajberryavenue",
            "_nickname": "LARA RAJ",
            "_comment": "Lancôme can I have a mascara INCLUDING Olivia Rodrigo 😗",
            "_create_time": "2025-02-23T21:27:58",
            "_avatar": "https://p16-common-sign-va.tiktokcdn-us.com/tos-maliva-avt-0068/284fb95f49f287a93018c3b45d0cad2a~tplv-tiktokx-cropcenter:100:100.jpg?dr=9640&refresh_token=493163d4&x-expires=1756281600&x-signature=%2F8KIub6mWqmpqpIOwLNcnhNGQkY%3D&t=4d5b0474&ps=13740610&shp=30310797&shcp=ff37627b&idc=useast5",
            "_total_reply": 0,
            "_replies": []
        },
        {
            "_comment_id": "7476605004816630550",
            "_username": "ch4singayaka",
            "_nickname": "★ 𝐀𝐘𝐀𝐊𝐀 !! 🛍🧸🎀",
            "_comment": "😍❤️🥰💕🙏sampletok",
            "_create_time": "2025-02-28T22:46:08",
            "_avatar": "https://p16-common-sign-useast2a.tiktokcdn-us.com/tos-useast2a-avt-0068-euttp/c77b3838cc5cba92d651cc430ca5b769~tplv-tiktokx-cropcenter:100:100.jpg?dr=9640&refresh_token=9b9c3f35&x-expires=1756281600&x-signature=XNuw9ICRaK6WF9hRwI11sT9ZeD8%3D&t=4d5b0474&ps=13740610&shp=30310797&shcp=ff37627b&idc=useast5",
            "_total_reply": 0,
            "_replies": []
        },
        {
            "_comment_id": "7479411205319099138",
            "_username": "xxx._.daisy._xxx",
            "_nickname": "xxx._.daisy._xxx",
            "_comment": "Commenting to stay on sampletok!!",
            "_create_time": "2025-03-08T12:15:41",
            "_avatar": "https://p19-common-sign-va.tiktokcdn-us.com/tos-maliva-avt-0068/0108e474ff09bd3ca6400ba3afdbf1b0~tplv-tiktokx-cropcenter:100:100.jpg?dr=9640&refresh_token=2fb28407&x-expires=1756281600&x-signature=utZA5A8pWU28DiWqhKoLy3VIeZk%3D&t=4d5b0474&ps=13740610&shp=30310797&shcp=ff37627b&idc=useast5",
            "_total_reply": 0,
            "_replies": []
        },
        {
            "_comment_id": "7474673003557864214",
            "_username": "m1yathen",
            "_nickname": "M💭",
            "_comment": "Sampletok",
            "_create_time": "2025-02-23T17:49:13",
            "_avatar": "https://p16-common-sign-useast2a.tiktokcdn-us.com/tos-useast2a-avt-0068-euttp/09b5fb441b12d526fd77ffae3bf07b5b~tplv-tiktokx-cropcenter:100:100.jpg?dr=9640&refresh_token=b16e2126&x-expires=1756281600&x-signature=LIo7ckxgFDNYocnjY2PMLc4pI7M%3D&t=4d5b0474&ps=13740610&shp=30310797&shcp=ff37627b&idc=useast5",
            "_total_reply": 0,
            "_replies": []
        }
    ],
    "total_comments": 65
}