{
    "original_url": "https://www.tiktok.com/@lancome.official/video/7475289424474033430",
    "video_id": "7475289424474033430",
    "description": "What are your favorite Lancôme products to pack? 😋 #Lancome #Makeup #Essentials #MustHave #MakeupEssentials #Beauty #BeautyTok #Satisfying #Bag #Travel #MakeupTok #Skincare ",
    "video_url": "https://m.tiktok.com/v/7475289424474033430.html?_d=0&comment_author_id=7325066140769322016&preview_pb=0&share_comment_id=7476419304725742358&share_item_id=7475289424474033430&sharer_language=en&source=h5_m&u_code=0",
    "tags": [
        "#Lancome",
        "#Makeup",
        "#Essentials",
        "#MustHave",
        "#MakeupEssentials",
        "#Beauty",
        "#BeautyTok",
        "#Satisfying",
        "#Bag",
        "#Travel",
        "#MakeupTok",
        "#Skincare"
    ],
    "comments": [
        {
            "_comment_id": "7476419304725742358",
            "_username": "moomoomonn",
            "_nickname": "Mon | Food • Travel • UGC",
            "_comment": "Okay NEED especially for all my travels coming up 😍",
            "_create_time": "2025-02-28T10:45:43",
            "_avatar": "https://p16-common-sign-va.tiktokcdn-us.com/tos-maliva-avt-0068/ae677011c9e801700dae6ed8d588f755~tplv-tiktokx-cropcenter:100:100.jpg?dr=9640&refresh_token=04c91da9&x-expires=1756281600&x-signature=cFbc2J6EbZbiY4L2zn2yj3Qw1Mk%3D&t=4d5b0474&ps=13740610&shp=30310797&shcp=ff37627b&idc=useast5",
            "_total_reply": 0,
            "_replies": []
        },
        {
            "_comment_id": "7489429689636700959",
            "_username": "olivia4ever52",
            "_nickname": "oliviarodrigo3334466",
            "_comment": "Send it to me pls😭😭😭😭",
            "_create_time": "2025-04-04T12:13:09",
            "_avatar": "https://p19-pu-sign-useast8.tiktokcdn-us.com/tos-useast8-avt-0068-tx2/9f2a632a7740919726583e46ecb00d6c~tplv-tiktokx-cropcenter:100:100.jpg?dr=9640&refresh_token=d080878c&x-expires=1756281600&x-signature=raS%2FAihYXWk%2BxFK2yDbhkBw9ZTs%3D&t=4d5b0474&ps=13740610&shp=30310797&shcp=ff37627b&idc=useast5",
            "_total_reply": 0,
            "_replies": []
        },
        {
            "_comment_id": "7475879702755754798",
            "_username": "americandream_official",
            "_nickname": "American Dream",
            "_comment": "I do love a good Lancôme perfume",
            "_create_time": "2025-02-26T23:51:43",
            "_avatar": "https://p16-sign.tiktokcdn-us.com/tos-useast5-avt-0068-tx/aed5084052e7d91114369ea716024bc3~tplv-tiktokx-cropcenter:100:100.jpg?dr=9640&refresh_token=6ac9d4db&x-expires=1756281600&x-signature=mwN9uxdE5dJihmZ%2BQjCMSgcXQT8%3D&t=4d5b0474&ps=13740610&shp=30310797&shcp=ff37627b&idc=useast5",
            "_total_reply": 0,
            "_replies": []
        },
        {
            "_comment_id": "7497597519603254023",
            "_username": "jaynis96",
            "_nickname": "Jayarenu Nisansala",
            "_comment": "Hypnose doll eyes mascara 9 years in my bags ❤️",
            "_create_time": "2025-04-26T13:27:52",
            "_avatar": "https://p16-common-sign-sg.tiktokcdn-us.com/tos-alisg-avt-0068/fb7fb32bd194e0ce102a1865d9126822~tplv-tiktokx-cropcenter:100:100.jpg?dr=9640&refresh_token=af6befee&x-expires=1756281600&x-signature=GkKE%2BV18sGNyG%2FR4wqz57qPTFDU%3D&t=4d5b0474&ps=13740610&shp=30310797&shcp=ff37627b&idc=useast5",
            "_total_reply": 2,
            "_replies": [
                {
                    "_comment_id": "7496780120917918496",
                    "_username": "lancome.official",
                    "_nickname": "Lancôme",
                    "_comment": "omg you're an OG ✨ ❤️",
                    "_create_time": "2025-04-26T18:46:19",
                    "_avatar": "https://p16-common-sign-va.tiktokcdn-us.com/tos-maliva-avt-0068/9424f6caa6a8781766ccf45ddf0a0a0d~tplv-tiktokx-cropcenter:100:100.jpg?dr=9640&refresh_token=2d0d7041&x-expires=1756281600&x-signature=6RRh0sV%2BMiFopbDnto6in1a21L8%3D&t=4d5b0474&ps=13740610&shp=30310797&shcp=ff37627b&idc=useast5",
                    "_total_reply": null,
                    "_replies": []
                },
                {
                    "_comment_id": "7497808575186043666",
                    "_username": "jaynis96",
                    "_nickname": "Jayarenu Nisansala",
                    "_comment": "Hypnotized by the mascara ❤️❤️❤️",
                    "_create_time": "2025-04-27T03:07:05",
                    "_avatar": "https://p16-common-sign-sg.tiktokcdn-us.com/tos-alisg-avt-0068/fb7fb32bd194e0ce102a1865d9126822~tplv-tiktokx-cropcenter:100:100.jpg?dr=9640&refresh_token=af6befee&x-expires=1756281600&x-signature=GkKE%2BV18sGNyG%2FR4wqz57qPTFDU%3D&t=4d5b0474&ps=13740610&shp=30310797&shcp=ff37627b&idc=useast5",
                    "_total_reply": null,
                    "_replies": []
                }
            ]
        },
        {
            "_comment_id": "7483874791267812118",
            "_username": "ero.content.creator",
            "_nickname": "Ero.content.creator",
            "_comment": "Wow😍😍😍",
            "_create_time": "2025-03-20T12:56:34",
            "_avatar": "https://p16-common-sign-va.tiktokcdn-us.com/tos-maliva-avt-0068/6abd3b19cd0fd07dd89a8b09131d8cbc~tplv-tiktokx-cropcenter:100:100.jpg?dr=9640&refresh_token=b7ac7584&x-expires=1756281600&x-signature=hCRxp%2FjD2zDLmSGeD5Ul1glzThQ%3D&t=4d5b0474&ps=13740610&shp=30310797&shcp=ff37627b&idc=useast5",
            "_total_reply": 0,
            "_replies": []
        },
        {
            "_comment_id": "7476153299932119830",
            "_username": "fatima_nauman3",
            "_nickname": "𝐟𝐚𝐭𝐢𝐦𝐚 💕",
            "_comment": "sample",
            "_create_time": "2025-02-27T17:33:20",
            "_avatar": "https://p16-common-sign-va.tiktokcdn-us.com/tos-maliva-avt-0068/96c98e45d0f4f83958c916ae3b961eb9~tplv-tiktokx-cropcenter:100:100.jpg?dr=9640&refresh_token=dbe8140b&x-expires=1756281600&x-signature=jATJpTlrvHnVB%2Fd%2FSJPYmmXfWCQ%3D&t=4d5b0474&ps=13740610&shp=30310797&shcp=ff37627b&idc=useast5",
            "_total_reply": 0,
            "_replies": []
        },
        {
            "_comment_id": "7475289944434148118",
            "_username": "sofiam.246",
            "_nickname": "ˢᵒᶠⁱᵃᵃ⸆⸉",
            "_comment": "First!",
            "_create_time": "2025-02-25T09:43:52",
            "_avatar": "https://p19-common-sign-va.tiktokcdn-us.com/tos-maliva-avt-0068/5fe2d133f921e034bf5a7d86a0f894c2~tplv-tiktokx-cropcenter:100:100.jpg?dr=9640&refresh_token=f71d0736&x-expires=1756281600&x-signature=Y8i1GHFbDgJOfdQfes0nDqt5I94%3D&t=4d5b0474&ps=13740610&shp=30310797&shcp=ff37627b&idc=useast5",
            "_total_reply": 0,
            "_replies": []
        },
        {
            "_comment_id": "7476947989806744342",
            "_username": "luc.1120",
            "_nickname": "🌷Łucja🌷",
            "_comment": "we need this as sample",
            "_create_time": "2025-03-01T20:57:03",
            "_avatar": "https://p16-common-sign-va.tiktokcdn-us.com/tos-maliva-avt-0068/32f0276e1986fb685a9244a4be42ddc9~tplv-tiktokx-cropcenter:100:100.jpg?dr=9640&refresh_token=f8eace2e&x-expires=1756281600&x-signature=cy20JBI3%2F3hnF3x%2BM%2FFsIQzLeNs%3D&t=4d5b0474&ps=13740610&shp=30310797&shcp=ff37627b&idc=useast5",
            "_total_reply": 0,
            "_replies": []
        },
        {
            "_comment_id": "7477161532162376470",
            "_username": "livieeexxxo",
            "_nickname": "Olivia Rodrigo",
            "_comment": "I’ll buy all Olivia adverts",
            "_create_time": "2025-03-02T10:45:43",
            "_avatar": "https://p16-common-sign-va.tiktokcdn-us.com/tos-maliva-avt-0068/f22d36fad2467a69965d3556e54e84b2~tplv-tiktokx-cropcenter:100:100.jpg?dr=9640&refresh_token=eafe646f&x-expires=1756281600&x-signature=Hipgu6nOQFqc6gDMgK16J4q7YBI%3D&t=4d5b0474&ps=13740610&shp=30310797&shcp=ff37627b&idc=useast5",
            "_total_reply": 0,
            "_replies": []
        },
        {
            "_comment_id": "7478402878409720598",
            "_username": "sucs829",
            "_nickname": "S",
            "_comment": "I want to get everything",
            "_create_time": "2025-03-05T19:02:49",
            "_avatar": "https://p16-common-sign-va.tiktokcdn-us.com/tos-maliva-avt-0068/f0f14b54f493c1340c181adba8d29513~tplv-tiktokx-cropcenter:100:100.jpg?dr=9640&refresh_token=1c593990&x-expires=1756281600&x-signature=vnSzeRhhzqKnlO2phBZUpHJ1peU%3D&t=4d5b0474&ps=13740610&shp=30310797&shcp=ff37627b&idc=useast5",
            "_total_reply": 0,
            "_replies": []
        },
        {
            "_comment_id": "7484693167490499350",
            "_username": "carys.mua",
            "_nickname": "carys",
            "_comment": "urmm i need that makeup bag immediately please😍😩",
            "_create_time": "2025-03-22T17:52:17",
            "_avatar": "https://p16-common-sign-va.tiktokcdn-us.com/tos-maliva-avt-0068/7d1855f92772f6dd06ec9467ca728c58~tplv-tiktokx-cropcenter:100:100.jpg?dr=9640&refresh_token=4f874a0b&x-expires=1756281600&x-signature=zek%2F8invEE%2BKn94t5pdfZYNB6zg%3D&t=4d5b0474&ps=13740610&shp=30310797&shcp=ff37627b&idc=useast5",
            "_total_reply": 0,
            "_replies": []
        },
        {
            "_comment_id": "7475294506905043758",
            "_username": "bryancuhh",
            "_nickname": "bryancuhh",
            "_comment": "Soooo pretty omg! 🤭",
            "_create_time": "2025-02-25T10:01:49",
            "_avatar": "https://p16-pu-sign-useast8.tiktokcdn-us.com/tos-useast5-avt-0068-tx/3f1e8de467a4631af408e54f3267a20e~tplv-tiktokx-cropcenter:100:100.jpg?dr=9640&refresh_token=b35803a2&x-expires=1756281600&x-signature=O8auEUk2WBs3Noo7Ye8ujxNyGmY%3D&t=4d5b0474&ps=13740610&shp=30310797&shcp=ff37627b&idc=useast5",
            "_total_reply": 0,
            "_replies": []
        },
        {
            "_comment_id": "7475547900933653291",
            "_username": "bruna.findings",
            "_nickname": "Bruna Finds",
            "_comment": "You forgot the primer! Love my teint idole foundation combo with primer 🥰",
            "_create_time": "2025-02-26T02:24:10",
            "_avatar": "https://p19-pu-sign-useast8.tiktokcdn-us.com/tos-useast8-avt-0068-tx2/1f460550dddd6fd1979bc877fc42a6fc~tplv-tiktokx-cropcenter:100:100.jpg?dr=9640&refresh_token=b5e1ff8b&x-expires=1756281600&x-signature=rKh8Jlb6VvZ9cdhJWLHscloX9gg%3D&t=4d5b0474&ps=13740610&shp=30310797&shcp=ff37627b&idc=useast5",
            "_total_reply": 0,
            "_replies": []
        },
        {
            "_comment_id": "7481753526046327574",
            "_username": "madrepolux",
            "_nickname": "BOMBITA",
            "_comment": "Me están gustando mucho los productos qué estoy viendo!!!\nNo Tengo ninguno.....🤗💜💜💜💜",
            "_create_time": "2025-03-14T19:44:58",
            "_avatar": "https://p16-common-sign-useast2a.tiktokcdn-us.com/tos-useast2a-avt-0068-euttp/4916ebec0a7fbbf4adc23fddf0036ff3~tplv-tiktokx-cropcenter:100:100.jpg?dr=9640&refresh_token=68d34ed4&x-expires=1756281600&x-signature=zab8XaT2QqWyuGh4BbLelifwDAA%3D&t=4d5b0474&ps=13740610&shp=30310797&shcp=ff37627b&idc=useast5",
            "_total_reply": 0,
            "_replies": []
        },
        {
            "_comment_id": "7475600759553835831",
            "_username": "zainabmannoun",
            "_nickname": "Zai (Taylor’s+Liv’s version)",
            "_comment": "In love",
            "_create_time": "2025-02-26T05:50:07",
            "_avatar": "https://p16-common-sign-va.tiktokcdn-us.com/tos-maliva-avt-0068/b78f596326cb6cf623f9554ccd97647b~tplv-tiktokx-cropcenter:100:100.jpg?dr=9640&refresh_token=48c79f45&x-expires=1756281600&x-signature=6hozPk56EpGnenqrT0Tbk%2FBXmoE%3D&t=4d5b0474&ps=13740610&shp=30310797&shcp=ff37627b&idc=useast5",
            "_total_reply": 0,
            "_replies": []
        },
        {
            "_comment_id": "7475521953459307295",
            "_username": "aaila.imran",
            "_nickname": "aaila",
            "_comment": "hoping I wake up to Lancôme’s PR at my doorstep 😇",
            "_create_time": "2025-02-26T00:43:37",
            "_avatar": "https://p19-pu-sign-useast8.tiktokcdn-us.com/tos-useast8-avt-0068-tx2/303c3d8bcec9e8bef833d34b02c15944~tplv-tiktokx-cropcenter:100:100.jpg?dr=9640&refresh_token=8d058907&x-expires=1756281600&x-signature=S%2BZtled9LYsetqfdYIvfDlgTNk0%3D&t=4d5b0474&ps=13740610&shp=30310797&shcp=ff37627b&idc=useast5",
            "_total_reply": 0,
            "_replies": []
        },
        {
            "_comment_id": "7478465968894919455",
            "_username": "angelabell98",
            "_nickname": "Angela",
            "_comment": "Please bring back the grandiose extreme mascara!! I haven’t been the same since😭 I would do anything",
            "_create_time": "2025-03-05T23:07:55",
            "_avatar": "https://p16-pu-sign-useast8.tiktokcdn-us.com/tos-useast8-avt-0068-tx2/4c040d436320d9ffa6c6aac912b14481~tplv-tiktokx-cropcenter:100:100.jpg?dr=9640&refresh_token=af5889cd&x-expires=1756281600&x-signature=PMveqxVqFpYC7mSWvroSkylfeVg%3D&t=4d5b0474&ps=13740610&shp=30310797&shcp=ff37627b&idc=useast5",
            "_total_reply": 0,
            "_replies": []
        },
        {
            "_comment_id": "7476840127807161094",
            "_username": "barbiegurl437",
            "_nickname": "𝕨𝕖 𝕝𝕠𝕧𝕖 𝕙𝕖𝕣 💜",
            "_comment": "Can pls have one 💜💜💜",
            "_create_time": "2025-03-01T13:58:54",
            "_avatar": "https://p16-common-sign-va.tiktokcdn-us.com/tos-maliva-avt-0068/8eeef25792f871790046ca4c351c1891~tplv-tiktokx-cropcenter:100:100.jpg?dr=9640&refresh_token=373ba890&x-expires=1756281600&x-signature=WaaIA5qwbJC%2FszCTytuGIBFSc2Q%3D&t=4d5b0474&ps=13740610&shp=30310797&shcp=ff37627b&idc=useast5",
            "_total_reply": 0,
            "_replies": []
        },
        {
            "_comment_id": "7475305503448351510",
            "_username": "itsmeak503",
            "_nickname": "A",
            "_comment": "A MUST HAVE XX 😍😍😍",
            "_create_time": "2025-02-25T10:44:17",
            "_avatar": "https://p16-common-sign-va.tiktokcdn-us.com/tos-maliva-avt-0068/8266a4ff9592bb4171d3f1e0f7f474c3~tplv-tiktokx-cropcenter:100:100.jpg?dr=9640&refresh_token=626cc892&x-expires=1756281600&x-signature=DUi0u%2FN8RowhXSO82sYG54Xzq3I%3D&t=4d5b0474&ps=13740610&shp=30310797&shcp=ff37627b&idc=useast5",
            "_total_reply": 0,
            "_replies": []
        },
        {
            "_comment_id": "7475303908262183702",
            "_username": "veroat87",
            "_nickname": "VeroAt",
            "_comment": "Lash Idôle no puede faltar nunca en mi neceser 💖",
            "_create_time": "2025-02-25T10:38:08",
            "_avatar": "https://p16-common-sign-va.tiktokcdn-us.com/tos-maliva-avt-0068/ac0da8fdf1e1f20add92437e4895e5ee~tplv-tiktokx-cropcenter:100:100.jpg?dr=9640&refresh_token=ccff9829&x-expires=1756281600&x-signature=TB2cKExGD5eL7xvQXgx85GlXvJs%3D&t=4d5b0474&ps=13740610&shp=30310797&shcp=ff37627b&idc=useast5",
            "_total_reply": 0,
            "_replies": []
        },
        {
            "_comment_id": "7478794494294360887",
            "_username": "dark_diwav",
            "_nickname": "DARK by Di WAV",
            "_comment": "Necesitamos todo 🤍 increíbles todos los productos",
            "_create_time": "2025-03-06T20:22:45",
            "_avatar": "https://p16-common-sign-va.tiktokcdn-us.com/tos-maliva-avt-0068/e0a3658b1cb0171f3b8286b890f6f4df~tplv-tiktokx-cropcenter:100:100.jpg?dr=9640&refresh_token=1b9f11c5&x-expires=1756281600&x-signature=2GzYP7DJLmmHdO3PMA1Hc3qKlmM%3D&t=4d5b0474&ps=13740610&shp=30310797&shcp=ff37627b&idc=useast5",
            "_total_reply": 0,
            "_replies": []
        },
        {
            "_comment_id": "7475301617169302280",
            "_username": "siennaa..luvs",
            "_nickname": "🐒ienna",
            "_comment": "IM OBSESSED 💜",
            "_create_time": "2025-02-25T10:28:19",
            "_avatar": "https://p16-common-sign-sg.tiktokcdn-us.com/tos-alisg-avt-0068/fc9310501d0319c3251e35e833ba153a~tplv-tiktokx-cropcenter:100:100.jpg?dr=9640&refresh_token=54c7b771&x-expires=1756281600&x-signature=MBfhkHeaBw5a4GuBJORYx4dhUwk%3D&t=4d5b0474&ps=13740610&shp=30310797&shcp=ff37627b&idc=useast5",
            "_total_reply": 0,
            "_replies": []
        },
        {
            "_comment_id": "7475291509174485782",
            "_username": "_paddingtonlover_",
            "_nickname": "☆🍓M&M's🍓☆",
            "_comment": "Too broke for this💔😔",
            "_create_time": "2025-02-25T09:50:16",
            "_avatar": "https://p16-common-sign-va.tiktokcdn-us.com/tos-maliva-avt-0068/57f1c487546e68899251fb2388bede21~tplv-tiktokx-cropcenter:100:100.jpg?dr=9640&refresh_token=2e3c05c1&x-expires=1756281600&x-signature=qHOZYaTnQ%2FwCj%2F6VqeqlqDMtcZQ%3D&t=4d5b0474&ps=13740610&shp=30310797&shcp=ff37627b&idc=useast5",
            "_total_reply": 0,
            "_replies": []
        },
        {
            "_comment_id": "7475338142779097887",
            "_username": "tagyoureit456",
            "_nickname": "Theresa",
            "_comment": "I love Lacôme glosses always! 😍🩷",
            "_create_time": "2025-02-25T12:50:34",
            "_avatar": "https://p19-common-sign-va.tiktokcdn-us.com/tos-maliva-avt-0068/ea7865d99f8410c0012e24364e1e9bb9~tplv-tiktokx-cropcenter:100:100.jpg?dr=9640&refresh_token=eb0cae09&x-expires=1756281600&x-signature=sxmprgtRYEuDhF44nrd%2FDGLCaIc%3D&t=4d5b0474&ps=13740610&shp=30310797&shcp=ff37627b&idc=useast5",
            "_total_reply": 0,
            "_replies": []
        },
        {
            "_comment_id": "7506852375274078998",
            "_username": "yves0399",
            "_nickname": "Yves",
            "_comment": "Sample tok",
            "_create_time": "2025-05-21T12:01:18",
            "_avatar": "https://p16-common-sign-useast2a.tiktokcdn-us.com/tos-useast2a-avt-0068-euttp/e9b21c0c2e89aca674de2fa8287865d6~tplv-tiktokx-cropcenter:100:100.jpg?dr=9640&refresh_token=a3981290&x-expires=1756281600&x-signature=YXFA4zvGMJ5jMsAJj1sjiodVi9w%3D&t=4d5b0474&ps=13740610&shp=30310797&shcp=ff37627b&idc=useast5",
            "_total_reply": 0,
            "_replies": []
        },
        {
            "_comment_id": "7475446977157661472",
            "_username": "mitchthemommy",
            "_nickname": "Michelle Lynch",
            "_comment": "elite",
            "_create_time": "2025-02-25T19:52:39",
            "_avatar": "https://p16-common-sign-useast2a.tiktokcdn-us.com/tos-useast2a-avt-0068-euttp/6920f07878d573199beb7ecf33571583~tplv-tiktokx-cropcenter:100:100.jpg?dr=9640&refresh_token=f935d486&x-expires=1756281600&x-signature=MmR0vJ3LEheUoxoFQWPFNfpa29U%3D&t=4d5b0474&ps=13740610&shp=30310797&shcp=ff37627b&idc=useast5",
            "_total_reply": 0,
            "_replies": []
        },
        {
            "_comment_id": "7475355064829707038",
            "_username": "snuggles646",
            "_nickname": "Snuggles646",
            "_comment": "❤️It all! Love love the bag ❤️",
            "_create_time": "2025-02-25T13:56:31",
            "_avatar": "https://p19-pu-sign-useast8.tiktokcdn-us.com/tos-useast8-avt-0068-tx2/310757801160ec6723a43cab6aca6dcd~tplv-tiktokx-cropcenter:100:100.jpg?dr=9640&refresh_token=d16a1f36&x-expires=1756281600&x-signature=Xa1MfajP69%2BDX08%2Ft9MJtYN%2FR3E%3D&t=4d5b0474&ps=13740610&shp=30310797&shcp=ff37627b&idc=useast5",
            "_total_reply": 0,
            "_replies": []
        },
        {
            "_comment_id": "7475305704719860486",
            "_username": "mychellebotelho",
            "_nickname": "Mychelle Botelho",
            "_comment": "Olá",
            "_create_time": "2025-02-25T10:44:34",
            "_avatar": "https://p16-common-sign-va.tiktokcdn-us.com/tos-maliva-avt-0068/afa10dc83320d171ed115b8d5b07bbc8~tplv-tiktokx-cropcenter:100:100.jpg?dr=9640&refresh_token=57ad9c27&x-expires=1756281600&x-signature=%2BKhFNEnz3RuxtOvQjSUYvD9%2BElw%3D&t=4d5b0474&ps=13740610&shp=30310797&shcp=ff37627b&idc=useast5",
            "_total_reply": 0,
            "_replies": []
        },
        {
            "_comment_id": "7485449502686855954",
            "_username": "bavarilee",
            "_nickname": "Bavari Lee",
            "_comment": "Send me this bag I will send u ❤️",
            "_create_time": "2025-03-24T18:47:31",
            "_avatar": "https://p19-common-sign-sg.tiktokcdn-us.com/tos-alisg-avt-0068/52053800925c0d3ff16887bee1aa1ee5~tplv-tiktokx-cropcenter:100:100.jpg?dr=9640&refresh_token=d47e152a&x-expires=1756281600&x-signature=CZNRhchdZUnhFTw6HAD3VSX1i9k%3D&t=4d5b0474&ps=13740610&shp=30310797&shcp=ff37627b&idc=useast5",
            "_total_reply": 0,
            "_replies": []
        },
        {
            "_comment_id": "7475345638257066774",
            "_username": "abigailjaydebeauty",
            "_nickname": "Abi⚡beauty",
            "_comment": "the eyeshadow minis are the perfect edition to a makeup or handbag, petite yet so many possibilities 😉✨✨",
            "_create_time": "2025-02-25T13:19:49",
            "_avatar": "https://p16-common-sign-va.tiktokcdn-us.com/tos-maliva-avt-0068/082156c64ffb0e9c961cdd3c41db5fb7~tplv-tiktokx-cropcenter:100:100.jpg?dr=9640&refresh_token=6a85f9c0&x-expires=1756281600&x-signature=jOSEMb1h3GrVzZaIRdtNbm4ly5s%3D&t=4d5b0474&ps=13740610&shp=30310797&shcp=ff37627b&idc=useast5",
            "_total_reply": 0,
            "_replies": []
        },
        {
            "_comment_id": "7475289981777199918",
            "_username": "olivwife_",
            "_nickname": "𝑳𝒊𝒍𝒚",
            "_comment": "Omg a must have😱😱😱😱",
            "_create_time": "2025-02-25T09:44:49",
            "_avatar": "https://p19-pu-sign-useast8.tiktokcdn-us.com/tos-useast5-avt-0068-tx/b603e010ef212a0f4f6abce1fbb904a8~tplv-tiktokx-cropcenter:100:100.jpg?dr=9640&refresh_token=6053d5da&x-expires=1756281600&x-signature=OZ5RewpZZ22D2%2BEXqp0q9mga8zE%3D&t=4d5b0474&ps=13740610&shp=30310797&shcp=ff37627b&idc=useast5",
            "_total_reply": 0,
            "_replies": []
        },
        {
            "_comment_id": "7475366974593418004",
            "_username": "ugcwithsiennaa",
            "_nickname": "sienna andritsos",
            "_comment": "this is gorgeous",
            "_create_time": "2025-02-25T14:42:02",
            "_avatar": "https://p16-common-sign-sg.tiktokcdn-us.com/tos-alisg-avt-0068/109d30efc1479a5e8c1ac5cd271cc1b4~tplv-tiktokx-cropcenter:100:100.jpg?dr=9640&refresh_token=7d1774fb&x-expires=1756281600&x-signature=WLFAZZxBgX6r2NbVQActQDh7tYE%3D&t=4d5b0474&ps=13740610&shp=30310797&shcp=ff37627b&idc=useast5",
            "_total_reply": 0,
            "_replies": []
        },
        {
            "_comment_id": "7475343790807958304",
            "_username": "amyc3333",
            "_nickname": "amy",
            "_comment": "Want this bag",
            "_create_time": "2025-02-25T13:13:06",
            "_avatar": "https://p16-common-sign-useast2a.tiktokcdn-us.com/tos-useast2a-avt-0068-euttp/373c2741cc83811383913b9ee25c01d5~tplv-tiktokx-cropcenter:100:100.jpg?dr=9640&refresh_token=62ea7c95&x-expires=1756281600&x-signature=pHYUarwJiB6FavzYtsFGKJr0WhU%3D&t=4d5b0474&ps=13740610&shp=30310797&shcp=ff37627b&idc=useast5",
            "_total_reply": 0,
            "_replies": []
        },
        {
            "_comment_id": "7481702594873623319",
            "_username": "martagarcia4125",
            "_nickname": "martagarcia4125",
            "_comment": "♥️♥️",
            "_create_time": "2025-03-14T16:27:23",
            "_avatar": "https://p16-common-sign-va.tiktokcdn-us.com/tos-maliva-avt-0068/7104345707418812422~tplv-tiktokx-cropcenter:100:100.jpg?dr=9640&refresh_token=39cd2832&x-expires=1756281600&x-signature=BXlZwWnJWouUwsV%2F6uEYg5pjlXY%3D&t=4d5b0474&ps=13740610&shp=30310797&shcp=ff37627b&idc=useast5",
            "_total_reply": 0,
            "_replies": []
        },
        {
            "_comment_id": "7475297889101513494",
            "_username": "jscedric",
            "_nickname": "jscedric",
            "_comment": "🔥🥰",
            "_create_time": "2025-02-25T10:14:50",
            "_avatar": "https://p16-common-sign-useast2a.tiktokcdn-us.com/tos-useast2a-avt-0068-euttp/ce6213a0e1ce8436a972a01123756b71~tplv-tiktokx-cropcenter:100:100.jpg?dr=9640&refresh_token=e1d15ed2&x-expires=1756281600&x-signature=lkvF9aQDPvnkJHY2Mc1%2BYiZrRjk%3D&t=4d5b0474&ps=13740610&shp=30310797&shcp=ff37627b&idc=useast5",
            "_total_reply": 0,
            "_replies": []
        },
        {
            "_comment_id": "7484955941868208918",
            "_username": "katrinacooper462",
            "_nickname": "katrinacooper462",
            "_comment": "🥰",
            "_create_time": "2025-03-23T10:51:55",
            "_avatar": "https://p19-common-sign-va.tiktokcdn-us.com/tos-maliva-avt-0068/7106631062419144710~tplv-tiktokx-cropcenter:100:100.jpg?dr=9640&refresh_token=e055680c&x-expires=1756281600&x-signature=r2hLvfysv161DtgazVCA%2BAbPrG0%3D&t=4d5b0474&ps=13740610&shp=30310797&shcp=ff37627b&idc=useast5",
            "_total_reply": 0,
            "_replies": []
        },
        {
            "_comment_id": "7476604503158457119",
            "_username": "user6998668477071",
            "_nickname": "lexi!🤗",
            "_comment": "😁😁😁",
            "_create_time": "2025-02-28T22:44:38",
            "_avatar": "https://p16-pu-sign-useast8.tiktokcdn-us.com/tos-useast8-avt-0068-tx2/8c97156edc0e0e30a1a737ffe3ee2b8f~tplv-tiktokx-cropcenter:100:100.jpg?dr=9640&refresh_token=0398dca3&x-expires=1756281600&x-signature=BxfrFX4qsbfpNcg9N3lslnXJPK4%3D&t=4d5b0474&ps=13740610&shp=30310797&shcp=ff37627b&idc=useast5",
            "_total_reply": 0,
            "_replies": []
        },
        {
            "_comment_id": "7475752906738893623",
            "_username": "rmrzazu",
            "_nickname": "lauri😆😆",
            "_comment": "🥺",
            "_create_time": "2025-02-26T15:39:42",
            "_avatar": "https://p16-common-sign-va.tiktokcdn-us.com/tos-maliva-avt-0068/91c64f028327f3567e321c8135b32e44~tplv-tiktokx-cropcenter:100:100.jpg?dr=9640&refresh_token=741bce8a&x-expires=1756281600&x-signature=E78ANH9oe8IxuoMzhUXubH94vSU%3D&t=4d5b0474&ps=13740610&shp=30310797&shcp=ff37627b&idc=useast5",
            "_total_reply": 0,
            "_replies": []
        },
        {
            "_comment_id": "7475310445453263646",
            "_username": "alaaa_bt",
            "_nickname": "a l a ⭐️",
            "_comment": "Wishing receive a pr package from @Lancôme",
            "_create_time": "2025-02-25T11:03:23",
            "_avatar": "https://p16-pu-sign-useast8.tiktokcdn-us.com/tos-useast8-avt-0068-tx2/f567b4994003c8f8951afa2728bb5ec2~tplv-tiktokx-cropcenter:100:100.jpg?dr=9640&refresh_token=9851774a&x-expires=1756281600&x-signature=BEPgmJrCxYnZkWr%2FRQLnYxsf1zM%3D&t=4d5b0474&ps=13740610&shp=30310797&shcp=ff37627b&idc=useast5",
            "_total_reply": 0,
            "_replies": []
        },
        {
            "_comment_id": "7475321512825766678",
            "_username": "annang042",
            "_nickname": "anna",
            "_comment": "🥰",
            "_create_time": "2025-02-25T11:46:19",
            "_avatar": "https://p16-common-sign-va.tiktokcdn-us.com/tos-maliva-avt-0068/7c3e761751fa337405fde2251afc615e~tplv-tiktokx-cropcenter:100:100.jpg?dr=9640&refresh_token=befccaa7&x-expires=1756281600&x-signature=OH9WjLfCva35OuknflOFPmIJqms%3D&t=4d5b0474&ps=13740610&shp=30310797&shcp=ff37627b&idc=useast5",
            "_total_reply": 0,
            "_replies": []
        },
        {
            "_comment_id": "7475341786810942230",
            "_username": "leniechiik",
            "_nickname": "Lenie🎀✨",
            "_comment": "😍😍😍💘",
            "_create_time": "2025-02-25T13:04:30",
            "_avatar": "https://p16-common-sign-va.tiktokcdn-us.com/tos-maliva-avt-0068/b37acea6ebf0db3e281c8175e8ba692c~tplv-tiktokx-cropcenter:100:100.jpg?dr=9640&refresh_token=a5d56d31&x-expires=1756281600&x-signature=yJLG6T7m3n9OiGpiT%2FJ7Q24oCFQ%3D&t=4d5b0474&ps=13740610&shp=30310797&shcp=ff37627b&idc=useast5",
            "_total_reply": 0,
            "_replies": []
        },
        {
            "_comment_id": "7476520208305570582",
            "_username": "queeniesss5789",
            "_nickname": "tasha",
            "_comment": "❤️",
            "_create_time": "2025-02-28T17:17:08",
            "_avatar": "https://p16-common-sign-useast2a.tiktokcdn-us.com/tos-useast2a-avt-0068-euttp/b050c287b2caa6d79e833351538d3e02~tplv-tiktokx-cropcenter:100:100.jpg?dr=9640&refresh_token=c7834557&x-expires=1756281600&x-signature=pr8dXrxMhwEUBehYqILK6mo3Z7I%3D&t=4d5b0474&ps=13740610&shp=30310797&shcp=ff37627b&idc=useast5",
            "_total_reply": 0,
            "_replies": []
        },
        {
            "_comment_id": "7476163515594883873",
            "_username": "macie.louisexoxo",
            "_nickname": "macie.louisexoxo",
            "_comment": "😍😍😍",
            "_create_time": "2025-02-27T18:13:14",
            "_avatar": "https://p16-common-sign-va.tiktokcdn-us.com/tos-maliva-avt-0068/29954972b07e04f5d833e2919a7495a3~tplv-tiktokx-cropcenter:100:100.jpg?dr=9640&refresh_token=409eee32&x-expires=1756281600&x-signature=UiYpBGaS%2BPaEIOm%2FQBvx9d6DupY%3D&t=4d5b0474&ps=13740610&shp=30310797&shcp=ff37627b&idc=useast5",
            "_total_reply": 0,
            "_replies": []
        },
        {
            "_comment_id": "7475329444492968711",
            "_username": "lbokator.cambodia",
            "_nickname": "🥊KunKhmer🥊🙏Cambodia🇰🇭",
            "_comment": "😍😍😍",
            "_create_time": "2025-02-25T12:16:15",
            "_avatar": "https://p16-common-sign-sg.tiktokcdn-us.com/tos-alisg-avt-0068/9c56f72e9622b620309309802a6dcd57~tplv-tiktokx-cropcenter:100:100.jpg?dr=9640&refresh_token=e1afb15b&x-expires=1756281600&x-signature=f%2Fl47o97Ww9sPdDy%2FqaBqdtakaQ%3D&t=4d5b0474&ps=13740610&shp=30310797&shcp=ff37627b&idc=useast5",
            "_total_reply": 0,
            "_replies": []
        },
        {
            "_comment_id": "7481866752557794070",
            "_username": "aayshaa.a",
            "_nickname": "AYSHA🧸🎀",
            "_comment": "☹️",
            "_create_time": "2025-03-15T03:05:16",
            "_avatar": "https://p16-common-sign-useast2a.tiktokcdn-us.com/tos-useast2a-avt-0068-euttp/4a3bcd170d24cba95dd4778651358132~tplv-tiktokx-cropcenter:100:100.jpg?dr=9640&refresh_token=b1786eea&x-expires=1756281600&x-signature=hXaU15sV4ITR38A%2FIURpn75dNGA%3D&t=4d5b0474&ps=13740610&shp=30310797&shcp=ff37627b&idc=useast5",
            "_total_reply": 0,
            "_replies": []
        },
        {
            "_comment_id": "7475305556573651734",
            "_username": "itsmeak503",
            "_nickname": "A",
            "_comment": "Sampletok xx",
            "_create_time": "2025-02-25T10:44:35",
            "_avatar": "https://p16-common-sign-va.tiktokcdn-us.com/tos-maliva-avt-0068/8266a4ff9592bb4171d3f1e0f7f474c3~tplv-tiktokx-cropcenter:100:100.jpg?dr=9640&refresh_token=626cc892&x-expires=1756281600&x-signature=DUi0u%2FN8RowhXSO82sYG54Xzq3I%3D&t=4d5b0474&ps=13740610&shp=30310797&shcp=ff37627b&idc=useast5",
            "_total_reply": 0,
            "_replies": []
        },
        {
            "_comment_id": "7475305569361183510",
            "_username": "itsmeak503",
            "_nickname": "A",
            "_comment": "Samples",
            "_create_time": "2025-02-25T10:44:21",
            "_avatar": "https://p16-common-sign-va.tiktokcdn-us.com/tos-maliva-avt-0068/8266a4ff9592bb4171d3f1e0f7f474c3~tplv-tiktokx-cropcenter:100:100.jpg?dr=9640&refresh_token=626cc892&x-expires=1756281600&x-signature=DUi0u%2FN8RowhXSO82sYG54Xzq3I%3D&t=4d5b0474&ps=13740610&shp=30310797&shcp=ff37627b&idc=useast5",
            "_total_reply": 0,
            "_replies": []
        },
        {
            "_comment_id": "7500646648189649686",
            "_username": "vick_liv_laugh_love",
            "_nickname": "🇮🇹💗Miss_so_Italian❤️💋",
            "_comment": "Pack Olivia in it too so we can buy it❤️",
            "_create_time": "2025-05-04T18:39:52",
            "_avatar": "https://p16-common-sign-useast2a.tiktokcdn-us.com/tos-useast2a-avt-0068-euttp/38284899d3a3b37b825a6d4b3efa6008~tplv-tiktokx-cropcenter:100:100.jpg?dr=9640&refresh_token=1008da03&x-expires=1756281600&x-signature=sgSRc784z0DvY4m%2FpsjttN2iQrw%3D&t=4d5b0474&ps=13740610&shp=30310797&shcp=ff37627b&idc=useast5",
            "_total_reply": 0,
            "_replies": []
        },
        {
            "_comment_id": "7475384638581310254",
            "_username": "hannahcwilson",
            "_nickname": "Hannah🫧",
            "_comment": "I LOVE your products 💕 Let’s collab!",
            "_create_time": "2025-02-25T15:50:46",
            "_avatar": "https://p19-sign.tiktokcdn-us.com/tos-useast5-avt-0068-tx/df26f83d23891476b436b794f918b1fe~tplv-tiktokx-cropcenter:100:100.jpg?dr=9640&refresh_token=84b6c885&x-expires=1756281600&x-signature=OPFaYzyL2i9tOarbT9O0pr6egyU%3D&t=4d5b0474&ps=13740610&shp=30310797&shcp=ff37627b&idc=useast5",
            "_total_reply": 0,
            "_replies": []
        },
        {
            "_comment_id": "7475292179185140535",
            "_username": "pulgi_gl",
            "_nickname": "pulgi_gl",
            "_comment": "Does it come with Olivia included?",
            "_create_time": "2025-02-25T09:52:20",
            "_avatar": "https://p16-common-sign-va.tiktokcdn-us.com/tos-maliva-avt-0068/6ca916456f58ea4a6b88e301b9b9c9af~tplv-tiktokx-cropcenter:100:100.jpg?dr=9640&refresh_token=8aeb51cd&x-expires=1756281600&x-signature=uyuyxOkiiN1BxHGdx%2BHwRQQ%2Fkoo%3D&t=4d5b0474&ps=13740610&shp=30310797&shcp=ff37627b&idc=useast5",
            "_total_reply": 0,
            "_replies": []
        }
    ],
    "total_comments": 50
}