{
    "original_url": "https://www.tiktok.com/@lancome.official/video/7479131939438464278",
    "video_id": "7479131939438464278",
    "description": "A new limited-edition UGC is coming up on @Roblox, with a Juicy Tubes for a key chain 👛 Play starting March 8th to get it!*  *Game open to +18 year olds.  #Lancome #IdoleHouse #Roblox #RobloxTrends #Gamers #Gaming #GamersofTikTok #LancomexRoblox #LancomeIdole #JoinTheIdoles ",
    "video_url": "https://m.tiktok.com/v/7479131939438464278.html?_d=0&comment_author_id=6934814509509723141&preview_pb=0&share_comment_id=7479145576534180663&share_item_id=7479131939438464278&sharer_language=en&source=h5_m&u_code=0",
    "tags": [
        "#Lancome",
        "#IdoleHouse",
        "#Roblox",
        "#RobloxTrends",
        "#Gamers",
        "#Gaming",
        "#GamersofTikTok",
        "#LancomexRoblox",
        "#LancomeIdole",
        "#JoinTheIdoles"
    ],
    "comments": [
        {
            "_comment_id": "7479145576534180663",
            "_username": "damo17890",
            "_nickname": "elit star",
            "_comment": "puede hacer uno de Olivia Rodrigo 💜",
            "_create_time": "2025-03-07T19:04:56",
            "_avatar": "https://p16-common-sign-va.tiktokcdn-us.com/tos-maliva-avt-0068/6707d95e9fb298f39d0e985324ee3860~tplv-tiktokx-cropcenter:100:100.jpg?dr=9640&refresh_token=11b1c74c&x-expires=1756281600&x-signature=l%2BlLi6wF8Sv%2Fbmk53wYMCOaq%2BMU%3D&t=4d5b0474&ps=13740610&shp=30310797&shcp=ff37627b&idc=useast5",
            "_total_reply": 0,
            "_replies": []
        },
        {
            "_comment_id": "7482241758697964334",
            "_username": "lacy_oh_lacyy",
            "_nickname": "Blakely (Olivia’s version)",
            "_comment": "Is it js me or will it not let me joinn",
            "_create_time": "2025-03-16T03:19:52",
            "_avatar": "https://p16-sign.tiktokcdn-us.com/tos-useast5-avt-0068-tx/7d344f700e841a579ebaeb94fb7f96f4~tplv-tiktokx-cropcenter:100:100.jpg?dr=9640&refresh_token=015ded79&x-expires=1756281600&x-signature=WMSD15f3a2q50zioGco6yAMMmW4%3D&t=4d5b0474&ps=13740610&shp=30310797&shcp=ff37627b&idc=useast5",
            "_total_reply": 0,
            "_replies": []
        },
        {
            "_comment_id": "7482882851886744342",
            "_username": "sasha_takethatdih",
            "_nickname": "Sasha",
            "_comment": "sample tok pretty please guys 💕💕",
            "_create_time": "2025-03-17T20:47:23",
            "_avatar": "https://p16-common-sign-va.tiktokcdn-us.com/tos-maliva-avt-0068/6b29b81a41b1cc63dae7dda5334354c2~tplv-tiktokx-cropcenter:100:100.jpg?dr=9640&refresh_token=0229269d&x-expires=1756281600&x-signature=yp7ES%2FgIKRtUHSKryyJC9GQsoNk%3D&t=4d5b0474&ps=13740610&shp=30310797&shcp=ff37627b&idc=useast5",
            "_total_reply": 0,
            "_replies": []
        },
        {
            "_comment_id": "7482372011278648086",
            "_username": "claudiagiurlanda_",
            "_nickname": "Cla",
            "_comment": "commenting to stay on sampletok",
            "_create_time": "2025-03-16T11:45:10",
            "_avatar": "https://p16-common-sign-useast2a.tiktokcdn-us.com/tos-useast2a-avt-0068-euttp/ae854c95b72cfd17d6ffc62f5f442182~tplv-tiktokx-cropcenter:100:100.jpg?dr=9640&refresh_token=51e20432&x-expires=1756281600&x-signature=6MhPw3dHUNKgJtmhTnfoKosg7SA%3D&t=4d5b0474&ps=13740610&shp=30310797&shcp=ff37627b&idc=useast5",
            "_total_reply": 0,
            "_replies": []
        },
        {
            "_comment_id": "7483829866413753106",
            "_username": "anon271276",
            "_nickname": "おじぃ",
            "_comment": "It was sold out, what should I do? 😭",
            "_create_time": "2025-03-20T10:02:24",
            "_avatar": "https://p16-common-sign-sg.tiktokcdn-us.com/tos-alisg-avt-0068/fbc6a1b24a0ffff122247914ccda178c~tplv-tiktokx-cropcenter:100:100.jpg?dr=9640&refresh_token=212fea53&x-expires=1756281600&x-signature=cOqJt%2FZ3ogr6x%2FnsRGIGe3QlfzM%3D&t=4d5b0474&ps=13740610&shp=30310797&shcp=ff37627b&idc=useast5",
            "_total_reply": 0,
            "_replies": []
        },
        {
            "_comment_id": "7506172772599726870",
            "_username": "yves0399",
            "_nickname": "Yves",
            "_comment": "ROBLOXX",
            "_create_time": "2025-05-19T16:04:05",
            "_avatar": "https://p19-common-sign-useast2a.tiktokcdn-us.com/tos-useast2a-avt-0068-euttp/e9b21c0c2e89aca674de2fa8287865d6~tplv-tiktokx-cropcenter:100:100.jpg?dr=9640&refresh_token=48caf560&x-expires=1756281600&x-signature=OF1OMw7gzrjEyvwDBHopMVSN5Zc%3D&t=4d5b0474&ps=13740610&shp=30310797&shcp=ff37627b&idc=useast5",
            "_total_reply": 0,
            "_replies": []
        },
        {
            "_comment_id": "7479178766620427026",
            "_username": "rbx_ducman",
            "_nickname": "§•~✿𝔻𝕦𝕔𝕞𝕒𝕟✿✷Ⓓⓤⓒⓜⓐⓝ✷~•§",
            "_comment": "that item is sold so sad😔",
            "_create_time": "2025-03-07T21:14:01",
            "_avatar": "https://p16-common-sign-sg.tiktokcdn-us.com/tos-alisg-avt-0068/0a422f0a1c0c7e7f4ade9a1337b33e4b~tplv-tiktokx-cropcenter:100:100.jpg?dr=9640&refresh_token=634ee0c6&x-expires=1756281600&x-signature=ncadQMPiwmmOhQy%2Fo0WoEMzdf88%3D&t=4d5b0474&ps=13740610&shp=30310797&shcp=ff37627b&idc=useast5",
            "_total_reply": 4,
            "_replies": [
                {
                    "_comment_id": "7479278118680478484",
                    "_username": "slau_iw",
                    "_nickname": "모르겠어요👁️👁️👁️",
                    "_comment": "No???",
                    "_create_time": "2025-03-08T03:39:20",
                    "_avatar": "https://p16-common-sign-va.tiktokcdn-us.com/musically-maliva-obj/1594805258216454~tplv-tiktokx-cropcenter:100:100.jpg?dr=9640&refresh_token=e95abb24&x-expires=1756281600&x-signature=3sj6OaLiS8USBUJlFKzdpJPzweM%3D&t=4d5b0474&ps=13740610&shp=30310797&shcp=ff37627b&idc=useast5",
                    "_total_reply": null,
                    "_replies": []
                },
                {
                    "_comment_id": "7479433100805407496",
                    "_username": "rbx_ducman",
                    "_nickname": "§•~✿𝔻𝕦𝕔𝕞𝕒𝕟✿✷Ⓓⓤⓒⓜⓐⓝ✷~•§",
                    "_comment": "oh I'm wrong because when I first saw it was sold out but the second time I see that they have many stock😁I think it's bugged",
                    "_create_time": "2025-03-08T13:40:36",
                    "_avatar": "https://p16-common-sign-sg.tiktokcdn-us.com/tos-alisg-avt-0068/0a422f0a1c0c7e7f4ade9a1337b33e4b~tplv-tiktokx-cropcenter:100:100.jpg?dr=9640&refresh_token=634ee0c6&x-expires=1756281600&x-signature=ncadQMPiwmmOhQy%2Fo0WoEMzdf88%3D&t=4d5b0474&ps=13740610&shp=30310797&shcp=ff37627b&idc=useast5",
                    "_total_reply": null,
                    "_replies": []
                },
                {
                    "_comment_id": "7479632306707432200",
                    "_username": "slau_iw",
                    "_nickname": "모르겠어요👁️👁️👁️",
                    "_comment": "It's okay✨",
                    "_create_time": "2025-03-09T02:33:50",
                    "_avatar": "https://p16-common-sign-va.tiktokcdn-us.com/musically-maliva-obj/1594805258216454~tplv-tiktokx-cropcenter:100:100.jpg?dr=9640&refresh_token=e95abb24&x-expires=1756281600&x-signature=3sj6OaLiS8USBUJlFKzdpJPzweM%3D&t=4d5b0474&ps=13740610&shp=30310797&shcp=ff37627b&idc=useast5",
                    "_total_reply": null,
                    "_replies": []
                },
                {
                    "_comment_id": "7479721111032234772",
                    "_username": "cyaiiiiyyy",
                    "_nickname": "𓏲cyaaaaaa˚∘⊹",
                    "_comment": "but now it's out, I'm not part😭",
                    "_create_time": "2025-03-09T08:18:23",
                    "_avatar": "https://p19-common-sign-va.tiktokcdn-us.com/tos-maliva-avt-0068/5e29e0dae6331a089b2d59d342710eea~tplv-tiktokx-cropcenter:100:100.jpg?dr=9640&refresh_token=9a338c51&x-expires=1756281600&x-signature=ocZMohklBrUc0pjvyGS7zAn%2BwUM%3D&t=4d5b0474&ps=13740610&shp=30310797&shcp=ff37627b&idc=useast5",
                    "_total_reply": null,
                    "_replies": []
                }
            ]
        },
        {
            "_comment_id": "7481952954242335495",
            "_username": "k1tty.pawz_",
            "_nickname": "Lynn",
            "_comment": "no the item is out of stock 😭😭",
            "_create_time": "2025-03-15T08:39:04",
            "_avatar": "https://p16-common-sign-sg.tiktokcdn-us.com/tos-alisg-avt-0068/60e788a1bc01302b78fb7cb3983075f0~tplv-tiktokx-cropcenter:100:100.jpg?dr=9640&refresh_token=1298b8a9&x-expires=1756281600&x-signature=Z%2F0hwJTDNVlYwx%2FaWvFF8m8kJFo%3D&t=4d5b0474&ps=13740610&shp=30310797&shcp=ff37627b&idc=useast5",
            "_total_reply": 0,
            "_replies": []
        },
        {
            "_comment_id": "7479809869102793494",
            "_username": "cosyreadsclubxx",
            "_nickname": "cosyreadsclubxx",
            "_comment": "commenting to stay on sample tok",
            "_create_time": "2025-03-09T14:02:44",
            "_avatar": "https://p16-common-sign-va.tiktokcdn-us.com/tos-maliva-avt-0068/483c0c3509b265ed3a1b4e1edcbe8c01~tplv-tiktokx-cropcenter:100:100.jpg?dr=9640&refresh_token=4af577e7&x-expires=1756281600&x-signature=l8XYAqRHQCKX25pXMoYrhC7b9A0%3D&t=4d5b0474&ps=13740610&shp=30310797&shcp=ff37627b&idc=useast5",
            "_total_reply": 0,
            "_replies": []
        },
        {
            "_comment_id": "7482530098824348438",
            "_username": "sanaa_mittal240",
            "_nickname": "s a n a a",
            "_comment": "sample please",
            "_create_time": "2025-03-16T21:58:38",
            "_avatar": "https://p16-common-sign-va.tiktokcdn-us.com/tos-maliva-avt-0068/764f86a24ed2e004d7f9c590c03123e7~tplv-tiktokx-cropcenter:100:100.jpg?dr=9640&refresh_token=b01598fb&x-expires=1756281600&x-signature=76e3fvVdj%2BL%2BVFuI5G46iahgG34%3D&t=4d5b0474&ps=13740610&shp=30310797&shcp=ff37627b&idc=useast5",
            "_total_reply": 0,
            "_replies": []
        },
        {
            "_comment_id": "7479132786194268950",
            "_username": "jkimedits",
            "_nickname": "jkimedits",
            "_comment": "What’s the name of game",
            "_create_time": "2025-03-07T18:15:17",
            "_avatar": "https://p16-common-sign-va.tiktokcdn-us.com/tos-maliva-avt-0068/0e0c3550c646c21da4fc4e206ea2da73~tplv-tiktokx-cropcenter:100:100.jpg?dr=9640&refresh_token=e7bec888&x-expires=1756281600&x-signature=GvJNjyXKnILBwzL4YGFw5LxTa%2F8%3D&t=4d5b0474&ps=13740610&shp=30310797&shcp=ff37627b&idc=useast5",
            "_total_reply": 0,
            "_replies": []
        },
        {
            "_comment_id": "7479450590428267310",
            "_username": "alexisblake888",
            "_nickname": "Claire Voyance 🦢",
            "_comment": "I’m so sad I missed the headphones!!! They are so cute omg",
            "_create_time": "2025-03-08T14:48:42",
            "_avatar": "https://p19-sign.tiktokcdn-us.com/tos-useast5-avt-0068-tx/a70dd0a61ca8b3f69f951474f8ed39e1~tplv-tiktokx-cropcenter:100:100.jpg?dr=9640&refresh_token=0e30a876&x-expires=1756281600&x-signature=1BN3Ag4jhW8EoMWdDHc3PmoYU%2FE%3D&t=4d5b0474&ps=13740610&shp=30310797&shcp=ff37627b&idc=useast5",
            "_total_reply": 0,
            "_replies": []
        },
        {
            "_comment_id": "7481264598349021974",
            "_username": "lifeofmrstlm2013",
            "_nickname": "lifeofmrstlm2013",
            "_comment": "brilliant 🌷🌷",
            "_create_time": "2025-03-13T12:07:51",
            "_avatar": "https://p16-common-sign-va.tiktokcdn-us.com/musically-maliva-obj/1594805258216454~tplv-tiktokx-cropcenter:100:100.jpg?dr=9640&refresh_token=e95abb24&x-expires=1756281600&x-signature=3sj6OaLiS8USBUJlFKzdpJPzweM%3D&t=4d5b0474&ps=13740610&shp=30310797&shcp=ff37627b&idc=useast5",
            "_total_reply": 0,
            "_replies": []
        },
        {
            "_comment_id": "7481326985786131222",
            "_username": "literally.just..a",
            "_nickname": "Benjamin Taylor",
            "_comment": "commenting to stay on sampletok 🥰",
            "_create_time": "2025-03-13T16:09:52",
            "_avatar": "https://p16-common-sign-va.tiktokcdn-us.com/tos-maliva-avt-0068/95206a7c61fea2ef0789f46e4d4143fa~tplv-tiktokx-cropcenter:100:100.jpg?dr=9640&refresh_token=bb3c4c37&x-expires=1756281600&x-signature=zvhbmc9TxobRsNYWKvMbHmizNds%3D&t=4d5b0474&ps=13740610&shp=30310797&shcp=ff37627b&idc=useast5",
            "_total_reply": 0,
            "_replies": []
        },
        {
            "_comment_id": "7479720171243242260",
            "_username": "cyaiiiiyyy",
            "_nickname": "𓏲cyaaaaaa˚∘⊹",
            "_comment": "please restock, i really like this but it's sold out😭😭😭😭😭😭PLS 🙏🙏🙏",
            "_create_time": "2025-03-09T08:14:39",
            "_avatar": "https://p16-common-sign-va.tiktokcdn-us.com/tos-maliva-avt-0068/5e29e0dae6331a089b2d59d342710eea~tplv-tiktokx-cropcenter:100:100.jpg?dr=9640&refresh_token=e5740082&x-expires=1756281600&x-signature=3G1W2iiDvaADwterk8pNBnKqW8w%3D&t=4d5b0474&ps=13740610&shp=30310797&shcp=ff37627b&idc=useast5",
            "_total_reply": 0,
            "_replies": []
        },
        {
            "_comment_id": "7479359150230881040",
            "_username": "cherry_reem",
            "_nickname": "Cherry_ReeM",
            "_comment": "I CANT GET THE 3RD ITEMS OF THE WEEK 3 THO",
            "_create_time": "2025-03-08T08:53:49",
            "_avatar": "https://p16-common-sign-sg.tiktokcdn-us.com/tos-alisg-avt-0068/953a085beca9c113637a62beb0f2dd4a~tplv-tiktokx-cropcenter:100:100.jpg?dr=9640&refresh_token=794f5a2f&x-expires=1756281600&x-signature=AhwOrkyUpvDleqY9gs5V2bEh%2Blc%3D&t=4d5b0474&ps=13740610&shp=30310797&shcp=ff37627b&idc=useast5",
            "_total_reply": 0,
            "_replies": []
        },
        {
            "_comment_id": "7480552527953183493",
            "_username": "r3dv3lv3tc4k",
            "_nickname": "🩰ᥣαυʋҽɾ_ ᰔᩚ",
            "_comment": "I can't pass on this way from 4 zone",
            "_create_time": "2025-03-11T14:04:57",
            "_avatar": "https://p16-common-sign-va.tiktokcdn-us.com/tos-maliva-avt-0068/aae3010b730a40ab06e4863145bb47fe~tplv-tiktokx-cropcenter:100:100.jpg?dr=9640&refresh_token=82c8425e&x-expires=1756281600&x-signature=JMKY%2BzuNLdEI8qGdGRrFpfy%2F0Zc%3D&t=4d5b0474&ps=13740610&shp=30310797&shcp=ff37627b&idc=useast5",
            "_total_reply": 0,
            "_replies": []
        },
        {
            "_comment_id": "7479380935939523350",
            "_username": "th_hanna2",
            "_nickname": "Hanna",
            "_comment": "what is the name of the game?",
            "_create_time": "2025-03-08T10:18:09",
            "_avatar": "https://p16-common-sign-va.tiktokcdn-us.com/tos-maliva-avt-0068/3e1f25a78994ca2563836aa0780326b3~tplv-tiktokx-cropcenter:100:100.jpg?dr=9640&refresh_token=196824d2&x-expires=1756281600&x-signature=jhNI%2F5b1IwZyY7ktVxol2NiQm6s%3D&t=4d5b0474&ps=13740610&shp=30310797&shcp=ff37627b&idc=useast5",
            "_total_reply": 0,
            "_replies": []
        },
        {
            "_comment_id": "7479444357600707349",
            "_username": "radittt.oldaccount",
            "_nickname": "𝐑αᑯ𝗂𝗍𝗍ᶻ 𝗓 𐰁 .ᐟ",
            "_comment": "I can't take ugc even though I have a lot of roses",
            "_create_time": "2025-03-08T14:24:19",
            "_avatar": "https://p16-common-sign-sg.tiktokcdn-us.com/tos-alisg-avt-0068/7210b90dbd36e4cb5f59b927feb017d8~tplv-tiktokx-cropcenter:100:100.jpg?dr=9640&refresh_token=397ff43f&x-expires=1756281600&x-signature=P4v3uPL33C33ar%2F%2F%2FCv%2BxfzSdaQ%3D&t=4d5b0474&ps=13740610&shp=30310797&shcp=ff37627b&idc=useast5",
            "_total_reply": 3,
            "_replies": [
                {
                    "_comment_id": "7479450792778203947",
                    "_username": "alexisblake888",
                    "_nickname": "Claire Voyance 🦢",
                    "_comment": "I had this problem too. Make sure you do all weekly events. And if it still won’t let you, wait until the timer resets then try to click it again",
                    "_create_time": "2025-03-08T14:49:29",
                    "_avatar": "https://p16-sign.tiktokcdn-us.com/tos-useast5-avt-0068-tx/a70dd0a61ca8b3f69f951474f8ed39e1~tplv-tiktokx-cropcenter:100:100.jpg?dr=9640&refresh_token=c0ad59f0&x-expires=1756281600&x-signature=IJBJU6XR%2FfRQLSMeOEntIU8%2Bm00%3D&t=4d5b0474&ps=13740610&shp=30310797&shcp=ff37627b&idc=useast5",
                    "_total_reply": null,
                    "_replies": []
                },
                {
                    "_comment_id": "7479454248947024658",
                    "_username": "radittt.oldaccount",
                    "_nickname": "𝐑αᑯ𝗂𝗍𝗍ᶻ 𝗓 𐰁 .ᐟ",
                    "_comment": "thanks for the advice, yeah",
                    "_create_time": "2025-03-08T15:02:35",
                    "_avatar": "https://p16-common-sign-sg.tiktokcdn-us.com/tos-alisg-avt-0068/7210b90dbd36e4cb5f59b927feb017d8~tplv-tiktokx-cropcenter:100:100.jpg?dr=9640&refresh_token=397ff43f&x-expires=1756281600&x-signature=P4v3uPL33C33ar%2F%2F%2FCv%2BxfzSdaQ%3D&t=4d5b0474&ps=13740610&shp=30310797&shcp=ff37627b&idc=useast5",
                    "_total_reply": null,
                    "_replies": []
                },
                {
                    "_comment_id": "7482205997567279879",
                    "_username": "the_artist081",
                    "_nickname": "Chal",
                    "_comment": "I will try, hopefully I can :(",
                    "_create_time": "2025-03-16T01:01:04",
                    "_avatar": "https://p16-common-sign-sg.tiktokcdn-us.com/tos-alisg-avt-0068/2ef12ccb83c8764a46bdc13055263f90~tplv-tiktokx-cropcenter:100:100.jpg?dr=9640&refresh_token=54bd76ec&x-expires=1756281600&x-signature=F9imWkjZMTvip5pr6M1Rt8x1Bcw%3D&t=4d5b0474&ps=13740610&shp=30310797&shcp=ff37627b&idc=useast5",
                    "_total_reply": null,
                    "_replies": []
                }
            ]
        },
        {
            "_comment_id": "7479132430683947798",
            "_username": "carminhov_",
            "_nickname": "𝓒armo has a 𝒮𝐸𝒞𝑅𝐸𝒯💌",
            "_comment": "Hi",
            "_create_time": "2025-03-07T18:13:48",
            "_avatar": "https://p16-common-sign-useast2a.tiktokcdn-us.com/tos-useast2a-avt-0068-euttp/62cdbd5fad372ddbd76f76ef7b6b3c88~tplv-tiktokx-cropcenter:100:100.jpg?dr=9640&refresh_token=14a50428&x-expires=1756281600&x-signature=N27NliEj1xIyJ%2FXC65q0TavHo4k%3D&t=4d5b0474&ps=13740610&shp=30310797&shcp=ff37627b&idc=useast5",
            "_total_reply": 0,
            "_replies": []
        },
        {
            "_comment_id": "7482262494909448981",
            "_username": "kikas1359",
            "_nickname": "💗Christine💗",
            "_comment": "lancomeee I am late !! for the hair but I am done at the roses,minutes,tiles but the play 2 days in this week is not bc I only joined at 16!!! is it okay if I will join at Monday???",
            "_create_time": "2025-03-16T04:40:13",
            "_avatar": "https://p19-common-sign-sg.tiktokcdn-us.com/tos-alisg-avt-0068/8c8199e3ba56fb71466140f2f58d4120~tplv-tiktokx-cropcenter:100:100.jpg?dr=9640&refresh_token=9fbeaa1b&x-expires=1756281600&x-signature=6AhLQ0i2LBx0ZFMV4wasWatosNs%3D&t=4d5b0474&ps=13740610&shp=30310797&shcp=ff37627b&idc=useast5",
            "_total_reply": 0,
            "_replies": []
        },
        {
            "_comment_id": "7479349477745689366",
            "_username": "itsyourgirlyeden",
            "_nickname": "itsyourgirlyeden",
            "_comment": "IM PLAYING RN",
            "_create_time": "2025-03-08T08:16:07",
            "_avatar": "https://p16-common-sign-va.tiktokcdn-us.com/tos-maliva-avt-0068/7144f838e37db7b6d1c6f83ef9c4ab25~tplv-tiktokx-cropcenter:100:100.jpg?dr=9640&refresh_token=f156acb1&x-expires=1756281600&x-signature=uTgMQ6zhe5qLsrTHYu6%2B2jSMhJk%3D&t=4d5b0474&ps=13740610&shp=30310797&shcp=ff37627b&idc=useast5",
            "_total_reply": 0,
            "_replies": []
        },
        {
            "_comment_id": "7479479220264534806",
            "_username": "glamourrr18",
            "_nickname": "Diesha💗",
            "_comment": "Manifesting",
            "_create_time": "2025-03-08T16:39:35",
            "_avatar": "https://p16-common-sign-va.tiktokcdn-us.com/tos-maliva-avt-0068/1b4404d16dbf6593ce52c4a00a170038~tplv-tiktokx-cropcenter:100:100.jpg?dr=9640&refresh_token=bfae3fcc&x-expires=1756281600&x-signature=qAVHGAg7Kbvz5uh6WWAj1JzK82E%3D&t=4d5b0474&ps=13740610&shp=30310797&shcp=ff37627b&idc=useast5",
            "_total_reply": 0,
            "_replies": []
        },
        {
            "_comment_id": "7479699521416528642",
            "_username": "aggeliki54332",
            "_nickname": "aggeliki",
            "_comment": "So cute 🥰",
            "_create_time": "2025-03-09T06:54:59",
            "_avatar": "https://p16-common-sign-va.tiktokcdn-us.com/tos-maliva-avt-0068/a4b392ae1fc94dbb3036362ae988377e~tplv-tiktokx-cropcenter:100:100.jpg?dr=9640&refresh_token=599cc6b4&x-expires=1756281600&x-signature=HzGLp8yaOwekj1XQeejHCEJkVtc%3D&t=4d5b0474&ps=13740610&shp=30310797&shcp=ff37627b&idc=useast5",
            "_total_reply": 0,
            "_replies": []
        },
        {
            "_comment_id": "7479170315873387269",
            "_username": "vihwthchaey",
            "_nickname": "Dahh 🏰𝕷𝕴𝕷 𝕱𝕬𝕹𝕿𝕬𝕾𝖄🏰",
            "_comment": "to esperando o cabelo que me disseram que iria ter, mas vou pegar esse tb",
            "_create_time": "2025-03-07T20:41:01",
            "_avatar": "https://p16-common-sign-va.tiktokcdn-us.com/tos-maliva-avt-0068/695131c878b248d6a1a173aa02fb02c7~tplv-tiktokx-cropcenter:100:100.jpg?dr=9640&refresh_token=f2a5ea24&x-expires=1756281600&x-signature=L0JlOY3L0BErevxdhJD%2FUWLKlig%3D&t=4d5b0474&ps=13740610&shp=30310797&shcp=ff37627b&idc=useast5",
            "_total_reply": 0,
            "_replies": []
        },
        {
            "_comment_id": "7479587843250733829",
            "_username": "floppacore0",
            "_nickname": "Zyybx",
            "_comment": "+18",
            "_create_time": "2025-03-08T23:41:21",
            "_avatar": "https://p16-common-sign-sg.tiktokcdn-us.com/tos-alisg-avt-0068/282efc008f1bad0cbcf2b3eed2799e94~tplv-tiktokx-cropcenter:100:100.jpg?dr=9640&refresh_token=f38ed0e1&x-expires=1756281600&x-signature=o%2BthBk2oqRCplgLt33P4uMgXGDM%3D&t=4d5b0474&ps=13740610&shp=30310797&shcp=ff37627b&idc=useast5",
            "_total_reply": 0,
            "_replies": []
        },
        {
            "_comment_id": "7479148244494467862",
            "_username": "spicypiscesrules",
            "_nickname": "spicypiscesrules",
            "_comment": "Early 71st like",
            "_create_time": "2025-03-07T19:15:14",
            "_avatar": "https://p19-common-sign-va.tiktokcdn-us.com/tos-maliva-avt-0068/ec94cb9723caced6bfc5d03e6f3dde91~tplv-tiktokx-cropcenter:100:100.jpg?dr=9640&refresh_token=f3ce5b2c&x-expires=1756281600&x-signature=AWQTsgLfjBVAH81yAOgrI14k3V4%3D&t=4d5b0474&ps=13740610&shp=30310797&shcp=ff37627b&idc=useast5",
            "_total_reply": 0,
            "_replies": []
        },
        {
            "_comment_id": "7479137286946226964",
            "_username": "j_ninyourheart",
            "_nickname": "🍧 jen ⭑.ᐟ",
            "_comment": "OH MY GOD",
            "_create_time": "2025-03-07T18:32:55",
            "_avatar": "https://p16-common-sign-sg.tiktokcdn-us.com/tos-alisg-avt-0068/a08021c98470b2260a5d1aa91bc24923~tplv-tiktokx-cropcenter:100:100.jpg?dr=9640&refresh_token=30829cd9&x-expires=1756281600&x-signature=g%2FeixB3CCgSmTmI%2FIE5bbTf081I%3D&t=4d5b0474&ps=13740610&shp=30310797&shcp=ff37627b&idc=useast5",
            "_total_reply": 0,
            "_replies": []
        },
        {
            "_comment_id": "7479396926967038742",
            "_username": "xxx._.daisy._xxx",
            "_nickname": "xxx._.daisy._xxx",
            "_comment": "HAHAHAHHWWH I NEVER EXPECTED THIS COLLAB",
            "_create_time": "2025-03-08T11:20:11",
            "_avatar": "https://p19-common-sign-va.tiktokcdn-us.com/tos-maliva-avt-0068/0108e474ff09bd3ca6400ba3afdbf1b0~tplv-tiktokx-cropcenter:100:100.jpg?dr=9640&refresh_token=2fb28407&x-expires=1756281600&x-signature=utZA5A8pWU28DiWqhKoLy3VIeZk%3D&t=4d5b0474&ps=13740610&shp=30310797&shcp=ff37627b&idc=useast5",
            "_total_reply": 1,
            "_replies": [
                {
                    "_comment_id": "7478575851668407073",
                    "_username": "lancome.official",
                    "_nickname": "Lancôme",
                    "_comment": "Hehehe 🤭",
                    "_create_time": "2025-03-09T09:01:19",
                    "_avatar": "https://p16-common-sign-va.tiktokcdn-us.com/tos-maliva-avt-0068/9424f6caa6a8781766ccf45ddf0a0a0d~tplv-tiktokx-cropcenter:100:100.jpg?dr=9640&refresh_token=2d0d7041&x-expires=1756281600&x-signature=6RRh0sV%2BMiFopbDnto6in1a21L8%3D&t=4d5b0474&ps=13740610&shp=30310797&shcp=ff37627b&idc=useast5",
                    "_total_reply": null,
                    "_replies": []
                }
            ]
        },
        {
            "_comment_id": "7479216705433535254",
            "_username": "melirkl",
            "_nickname": "Meli 🌷",
            "_comment": "Guess this is my sign to start playing Roblox",
            "_create_time": "2025-03-07T23:41:03",
            "_avatar": "https://p16-common-sign-va.tiktokcdn-us.com/tos-maliva-avt-0068/c64710761e6adfc460922725f68d2f2c~tplv-tiktokx-cropcenter:100:100.jpg?dr=9640&refresh_token=6f2da50b&x-expires=1756281600&x-signature=abF4fwS%2FA28YBw2X%2FCOv2Efx%2F3c%3D&t=4d5b0474&ps=13740610&shp=30310797&shcp=ff37627b&idc=useast5",
            "_total_reply": 0,
            "_replies": []
        },
        {
            "_comment_id": "7479132849905402647",
            "_username": "acc.alizay",
            "_nickname": "alizay 🪐",
            "_comment": "what the flip 😭😭😭",
            "_create_time": "2025-03-07T18:15:27",
            "_avatar": "https://p16-common-sign-va.tiktokcdn-us.com/tos-maliva-avt-0068/18059b3764eaa7e0980e131411353a99~tplv-tiktokx-cropcenter:100:100.jpg?dr=9640&refresh_token=bff4e2eb&x-expires=1756281600&x-signature=2GW4KATJw1xzOMm4AHmk0ITBMcE%3D&t=4d5b0474&ps=13740610&shp=30310797&shcp=ff37627b&idc=useast5",
            "_total_reply": 0,
            "_replies": []
        },
        {
            "_comment_id": "7479238779015856903",
            "_username": "kuzushichiru0",
            "_nickname": "🌧️",
            "_comment": "i can't get it",
            "_create_time": "2025-03-08T01:06:38",
            "_avatar": "https://p16-common-sign-sg.tiktokcdn-us.com/tos-alisg-avt-0068/00ca9efc6b185f9aa4b054527fd3e3a8~tplv-tiktokx-cropcenter:100:100.jpg?dr=9640&refresh_token=07ce79aa&x-expires=1756281600&x-signature=%2Brdd09JMuA4zNQbU07qGrWaeTH0%3D&t=4d5b0474&ps=13740610&shp=30310797&shcp=ff37627b&idc=useast5",
            "_total_reply": 0,
            "_replies": []
        },
        {
            "_comment_id": "7481223763817399048",
            "_username": "speedrun827",
            "_nickname": "#_-",
            "_comment": "😂",
            "_create_time": "2025-03-13T09:29:28",
            "_avatar": "https://p16-common-sign-sg.tiktokcdn-us.com/tos-alisg-avt-0068/49e9491aa768161e6ce0138b3a782bfd~tplv-tiktokx-cropcenter:100:100.jpg?dr=9640&refresh_token=fd788f5a&x-expires=1756281600&x-signature=wl1%2BVUNcFh2kaYkFR%2BBvgJFpKhc%3D&t=4d5b0474&ps=13740610&shp=30310797&shcp=ff37627b&idc=useast5",
            "_total_reply": 0,
            "_replies": []
        },
        {
            "_comment_id": "7479763504842031894",
            "_username": "funny..yume",
            "_nickname": "𐙚⁺˖ ⸝⸝ 𝒫𝒶𝓇𝓌ℯ𝓃 ⁺໒꒱ིྀ༝",
            "_comment": "💜",
            "_create_time": "2025-03-09T11:02:47",
            "_avatar": "https://p16-common-sign-va.tiktokcdn-us.com/tos-maliva-avt-0068/6b7bff50b28f3dfc8ced145eb56f4416~tplv-tiktokx-cropcenter:100:100.jpg?dr=9640&refresh_token=7368e179&x-expires=1756281600&x-signature=75c3iTbPEk79%2B7pgb%2FhnS739tls%3D&t=4d5b0474&ps=13740610&shp=30310797&shcp=ff37627b&idc=useast5",
            "_total_reply": 0,
            "_replies": []
        },
        {
            "_comment_id": "7497015592306737942",
            "_username": "sea2108",
            "_nickname": "SEA💙",
            "_comment": "🥰",
            "_create_time": "2025-04-24T23:49:35",
            "_avatar": "https://p16-common-sign-va.tiktokcdn-us.com/tos-maliva-avt-0068/6c71247e7bcad0691e887682a51ca050~tplv-tiktokx-cropcenter:100:100.jpg?dr=9640&refresh_token=4e7f8602&x-expires=1756281600&x-signature=WM35W%2FMsfih2WU9%2FziHhPMXipe4%3D&t=4d5b0474&ps=13740610&shp=30310797&shcp=ff37627b&idc=useast5",
            "_total_reply": 0,
            "_replies": []
        },
        {
            "_comment_id": "7479186815384421142",
            "_username": "l.j.ramsey",
            "_nickname": "L.J.Ramsey",
            "_comment": "😢",
            "_create_time": "2025-03-07T21:44:52",
            "_avatar": "https://p16-common-sign-va.tiktokcdn-us.com/tos-maliva-avt-0068/93a7d0fa0f456ca590637afa1ff91410~tplv-tiktokx-cropcenter:100:100.jpg?dr=9640&refresh_token=44828d10&x-expires=1756281600&x-signature=nIA54%2Bue7J6TXBNud60Ba0PoO1Q%3D&t=4d5b0474&ps=13740610&shp=30310797&shcp=ff37627b&idc=useast5",
            "_total_reply": 0,
            "_replies": []
        },
        {
            "_comment_id": "7479132910185775894",
            "_username": "luna_louanerblx",
            "_nickname": "𝐋𝐋_𝐑𝐁𝐋𝐗👾",
            "_comment": "✨✨✨",
            "_create_time": "2025-03-07T18:15:42",
            "_avatar": "https://p16-common-sign-va.tiktokcdn-us.com/tos-maliva-avt-0068/471c04a830fdbb12a6c25e9c5de0d355~tplv-tiktokx-cropcenter:100:100.jpg?dr=9640&refresh_token=31de6543&x-expires=1756281600&x-signature=I4MoMGWvSaCsNCXAcn9PRKCmxfo%3D&t=4d5b0474&ps=13740610&shp=30310797&shcp=ff37627b&idc=useast5",
            "_total_reply": 0,
            "_replies": []
        },
        {
            "_comment_id": "7479418600441791254",
            "_username": "queeniesss5789",
            "_nickname": "tasha",
            "_comment": "❤️",
            "_create_time": "2025-03-08T12:44:20",
            "_avatar": "https://p16-common-sign-useast2a.tiktokcdn-us.com/tos-useast2a-avt-0068-euttp/b050c287b2caa6d79e833351538d3e02~tplv-tiktokx-cropcenter:100:100.jpg?dr=9640&refresh_token=c7834557&x-expires=1756281600&x-signature=pr8dXrxMhwEUBehYqILK6mo3Z7I%3D&t=4d5b0474&ps=13740610&shp=30310797&shcp=ff37627b&idc=useast5",
            "_total_reply": 0,
            "_replies": []
        },
        {
            "_comment_id": "7492526604490556168",
            "_username": "mooona8251192447558",
            "_nickname": "Mama's heart ❤",
            "_comment": "😏",
            "_create_time": "2025-04-12T21:30:29",
            "_avatar": "https://p16-common-sign-va.tiktokcdn-us.com/tos-maliva-avt-0068/53c03ada81e34943224b39937d0a5171~tplv-tiktokx-cropcenter:100:100.jpg?dr=9640&refresh_token=5649b323&x-expires=1756281600&x-signature=aGFYUgKKa2Zn%2FbxlKcxX4lPvk9Q%3D&t=4d5b0474&ps=13740610&shp=30310797&shcp=ff37627b&idc=useast5",
            "_total_reply": 0,
            "_replies": []
        },
        {
            "_comment_id": "7481814633718186807",
            "_username": "xddviscabarca",
            "_nickname": "🦩❆ᥬ𝓑᭄❆🦩",
            "_comment": "hay un bug con el pelo 😭 no me aparece la barra de jugar 2 dias@Lancôme",
            "_create_time": "2025-03-14T23:42:40",
            "_avatar": "https://p16-common-sign-va.tiktokcdn-us.com/tos-maliva-avt-0068/c351ab19b1e680fb0920cfb7b5d9f0df~tplv-tiktokx-cropcenter:100:100.jpg?dr=9640&refresh_token=2b33a174&x-expires=1756281600&x-signature=AbNWSGKnwrTvNepMTjNwrnXEVHk%3D&t=4d5b0474&ps=13740610&shp=30310797&shcp=ff37627b&idc=useast5",
            "_total_reply": 0,
            "_replies": []
        },
        {
            "_comment_id": "7481794919654064897",
            "_username": "amnieyyan3",
            "_nickname": "𝓪 𝓶 𝓷 𝓲𐙚",
            "_comment": "😆",
            "_create_time": "2025-03-14T22:26:05",
            "_avatar": "https://p16-common-sign-sg.tiktokcdn-us.com/tos-alisg-avt-0068/22553efaf72591f6f440a5cf8a1cf241~tplv-tiktokx-cropcenter:100:100.jpg?dr=9640&refresh_token=e31c1370&x-expires=1756281600&x-signature=v6sGTRUtdRrDbLNACU1N5cY7xl4%3D&t=4d5b0474&ps=13740610&shp=30310797&shcp=ff37627b&idc=useast5",
            "_total_reply": 0,
            "_replies": []
        },
        {
            "_comment_id": "7479146636883641110",
            "_username": "annang042",
            "_nickname": "anna",
            "_comment": "🥰",
            "_create_time": "2025-03-07T19:08:53",
            "_avatar": "https://p16-common-sign-va.tiktokcdn-us.com/tos-maliva-avt-0068/7c3e761751fa337405fde2251afc615e~tplv-tiktokx-cropcenter:100:100.jpg?dr=9640&refresh_token=befccaa7&x-expires=1756281600&x-signature=OH9WjLfCva35OuknflOFPmIJqms%3D&t=4d5b0474&ps=13740610&shp=30310797&shcp=ff37627b&idc=useast5",
            "_total_reply": 0,
            "_replies": []
        },
        {
            "_comment_id": "7479328527973597974",
            "_username": "randommm9794",
            "_nickname": "randommm",
            "_comment": "😌😌😌😌",
            "_create_time": "2025-03-08T06:55:06",
            "_avatar": "https://p16-common-sign-useast2a.tiktokcdn-us.com/tos-useast2a-avt-0068-euttp/46e8210795a93327726da2d10b3f878c~tplv-tiktokx-cropcenter:100:100.jpg?dr=9640&refresh_token=89df4f5e&x-expires=1756281600&x-signature=ieEKO0I0wGNJGamixwhicjHZyvU%3D&t=4d5b0474&ps=13740610&shp=30310797&shcp=ff37627b&idc=useast5",
            "_total_reply": 0,
            "_replies": []
        },
        {
            "_comment_id": "7492526590540530439",
            "_username": "mooona8251192447558",
            "_nickname": "Mama's heart ❤",
            "_comment": "🥰",
            "_create_time": "2025-04-12T21:30:29",
            "_avatar": "https://p16-common-sign-va.tiktokcdn-us.com/tos-maliva-avt-0068/53c03ada81e34943224b39937d0a5171~tplv-tiktokx-cropcenter:100:100.jpg?dr=9640&refresh_token=5649b323&x-expires=1756281600&x-signature=aGFYUgKKa2Zn%2FbxlKcxX4lPvk9Q%3D&t=4d5b0474&ps=13740610&shp=30310797&shcp=ff37627b&idc=useast5",
            "_total_reply": 0,
            "_replies": []
        },
        {
            "_comment_id": "7521401156909155079",
            "_username": "ngua54",
            "_nickname": "ngáo🍴",
            "_comment": "😭",
            "_create_time": "2025-06-29T16:57:57",
            "_avatar": "https://p19-common-sign-sg.tiktokcdn-us.com/tos-alisg-avt-0068/2519e893d6e5acde485a12ee22f52b5b~tplv-tiktokx-cropcenter:100:100.jpg?dr=9640&refresh_token=80cef943&x-expires=1756281600&x-signature=no0neDLZ73lqmj20oEHprlgWYxs%3D&t=4d5b0474&ps=13740610&shp=30310797&shcp=ff37627b&idc=useast5",
            "_total_reply": 0,
            "_replies": []
        },
        {
            "_comment_id": "7482736881421124394",
            "_username": "thuyvanvuthi1",
            "_nickname": "Thuy Van Vu Thi567",
            "_comment": "❤️❤️❤️❤️",
            "_create_time": "2025-03-17T11:21:58",
            "_avatar": "https://p19-pu-sign-useast8.tiktokcdn-us.com/tos-useast5-avt-0068-tx/7343629106849939498~tplv-tiktokx-cropcenter:100:100.jpg?dr=9640&refresh_token=607037fa&x-expires=1756281600&x-signature=kJla1CkCPM%2Fco1p2S1%2FIhl%2B%2BItk%3D&t=4d5b0474&ps=13740610&shp=30310797&shcp=ff37627b&idc=useast5",
            "_total_reply": 0,
            "_replies": []
        },
        {
            "_comment_id": "7479380899345171208",
            "_username": "nexoria.dti",
            "_nickname": "Youdon'tNaomi",
            "_comment": "Hey sorry I find that I have enough roses but I can't buy the UGC I even joined the group and liked",
            "_create_time": "2025-03-08T10:18:03",
            "_avatar": "https://p16-common-sign-sg.tiktokcdn-us.com/tos-alisg-avt-0068/d7e85c3f703571605d4540dd4a3b6964~tplv-tiktokx-cropcenter:100:100.jpg?dr=9640&refresh_token=7a4736e6&x-expires=1756281600&x-signature=7jxiMbUHp95eEVo3%2BhC0GmkZdmM%3D&t=4d5b0474&ps=13740610&shp=30310797&shcp=ff37627b&idc=useast5",
            "_total_reply": 0,
            "_replies": []
        },
        {
            "_comment_id": "7482381850226377480",
            "_username": "skin_luvv",
            "_nickname": "ugc||skin luvv🌸",
            "_comment": "lanĉome i need you🥰🥰",
            "_create_time": "2025-03-16T12:23:23",
            "_avatar": "https://p16-common-sign-sg.tiktokcdn-us.com/tos-alisg-avt-0068/427619c2fe953478ef7e275a027a9203~tplv-tiktokx-cropcenter:100:100.jpg?dr=9640&refresh_token=d16583d3&x-expires=1756281600&x-signature=xex0bi%2F76TEkGjhC91CkUg5NEio%3D&t=4d5b0474&ps=13740610&shp=30310797&shcp=ff37627b&idc=useast5",
            "_total_reply": 0,
            "_replies": []
        },
        {
            "_comment_id": "7481314023851688710",
            "_username": "paat12343",
            "_nickname": "paat",
            "_comment": "hello, why does it have to be 18+ now? :( i really want the hair to come:(",
            "_create_time": "2025-03-13T15:19:58",
            "_avatar": "https://p16-common-sign-sg.tiktokcdn-us.com/tos-alisg-avt-0068/c1068df833fe2ce48f967d012aa205b0~tplv-tiktokx-cropcenter:100:100.jpg?dr=9640&refresh_token=fe71824e&x-expires=1756281600&x-signature=Ys3USBqGXUcqjkbCquToZCJ369w%3D&t=4d5b0474&ps=13740610&shp=30310797&shcp=ff37627b&idc=useast5",
            "_total_reply": 0,
            "_replies": []
        },
        {
            "_comment_id": "7492526589420274440",
            "_username": "mooona8251192447558",
            "_nickname": "Mama's heart ❤",
            "_comment": "😋",
            "_create_time": "2025-04-12T21:30:33",
            "_avatar": "https://p16-common-sign-va.tiktokcdn-us.com/tos-maliva-avt-0068/53c03ada81e34943224b39937d0a5171~tplv-tiktokx-cropcenter:100:100.jpg?dr=9640&refresh_token=5649b323&x-expires=1756281600&x-signature=aGFYUgKKa2Zn%2FbxlKcxX4lPvk9Q%3D&t=4d5b0474&ps=13740610&shp=30310797&shcp=ff37627b&idc=useast5",
            "_total_reply": 0,
            "_replies": []
        },
        {
            "_comment_id": "7481389196441404166",
            "_username": "t.bonnie.t",
            "_nickname": "T.Bonnie",
            "_comment": "the ugc restock is not loading and I am unable to redeem",
            "_create_time": "2025-03-13T20:11:38",
            "_avatar": "https://p16-common-sign-va.tiktokcdn-us.com/tos-maliva-avt-0068/3c28d304f1643673b4b1db9fc8f395bd~tplv-tiktokx-cropcenter:100:100.jpg?dr=9640&refresh_token=55ace8ce&x-expires=1756281600&x-signature=CneUKUz%2FkqHfzoy5yR4YSw%2BVpVA%3D&t=4d5b0474&ps=13740610&shp=30310797&shcp=ff37627b&idc=useast5",
            "_total_reply": 0,
            "_replies": []
        }
    ],
    "total_comments": 51
}