{
    "original_url": "https://www.tiktok.com/@lancome.official/video/7481974064978955542",
    "video_id": "7481974064978955542",
    "description": "Some well-deserved rest after all that hard work 🫶 #Lancome #Genifique #GenifiqueUltimate #Serum #Skincare #Skincaretiktok #Skintok #Relax #Massage #Glow #GlowingSkin #Spa",
    "video_url": "https://m.tiktok.com/v/7481974064978955542.html?_d=0&comment_author_id=7126969584884188165&preview_pb=0&share_comment_id=7500528986360726327&share_item_id=7481974064978955542&sharer_language=en&source=h5_m&u_code=0",
    "tags": [
        "#Lancome",
        "#Genifique",
        "#GenifiqueUltimate",
        "#Serum",
        "#Skincare",
        "#Skincaretiktok",
        "#Skintok",
        "#Relax",
        "#Massage",
        "#Glow",
        "#GlowingSkin",
        "#Spa"
    ],
    "comments": [
        {
            "_comment_id": "7500528986360726327",
            "_username": "itz_a.livie",
            "_nickname": "🏎️Bia (LN4 version)🏎️💨",
            "_comment": "Pls sent me a liv collab😭😭",
            "_create_time": "2025-05-04T11:04:01",
            "_avatar": "https://p16-common-sign-sg.tiktokcdn-us.com/tos-alisg-avt-0068/e2304e84216d12ef583d4d342a380f0c~tplv-tiktokx-cropcenter:100:100.jpg?dr=9640&refresh_token=c5ad2838&x-expires=1756281600&x-signature=M3ru9ouraKUwpnxmQTauZ1EzFjw%3D&t=4d5b0474&ps=13740610&shp=30310797&shcp=ff37627b&idc=useast5",
            "_total_reply": 0,
            "_replies": []
        },
        {
            "_comment_id": "7504575723555406600",
            "_username": "terry_ugc",
            "_nickname": "ugcbyTerry",
            "_comment": "hahaha top tier ✨",
            "_create_time": "2025-05-15T08:46:52",
            "_avatar": "https://p16-common-sign-sg.tiktokcdn-us.com/tos-alisg-avt-0068/d0be4e2474bea15791f382eed00eef72~tplv-tiktokx-cropcenter:100:100.jpg?dr=9640&refresh_token=6d7a0806&x-expires=1756281600&x-signature=6ca6rtR9Go1Sjd630rZ3zJivnDg%3D&t=4d5b0474&ps=13740610&shp=30310797&shcp=ff37627b&idc=useast5",
            "_total_reply": 0,
            "_replies": []
        },
        {
            "_comment_id": "7482031031084647175",
            "_username": "wubblybuns_secret",
            "_nickname": "￴wubbly",
            "_comment": "fix the bug pls 😓🤍",
            "_create_time": "2025-03-15T13:41:50",
            "_avatar": "https://p16-common-sign-sg.tiktokcdn-us.com/tos-alisg-avt-0068/d0fcdbe92079ea17a6bacec38b7eec26~tplv-tiktokx-cropcenter:100:100.jpg?dr=9640&refresh_token=0acb2a75&x-expires=1756281600&x-signature=v0KsAxDEo4ajaXV5c0ipPlpUJDw%3D&t=4d5b0474&ps=13740610&shp=30310797&shcp=ff37627b&idc=useast5",
            "_total_reply": 1,
            "_replies": [
                {
                    "_comment_id": "7482263761131258632",
                    "_username": "lun44uu_",
                    "_nickname": "﹅ꮺଘ𓂅:𖣂︎",
                    "_comment": "yes i want the hair 😭😭",
                    "_create_time": "2025-03-16T04:45:02",
                    "_avatar": "https://p16-common-sign-sg.tiktokcdn-us.com/tos-alisg-avt-0068/95fff9069e2f6ee70333ced0aa9ec9fa~tplv-tiktokx-cropcenter:100:100.jpg?dr=9640&refresh_token=c72e8524&x-expires=1756281600&x-signature=WmPI86UavesJTTOBiwrhZ2OM7cg%3D&t=4d5b0474&ps=13740610&shp=30310797&shcp=ff37627b&idc=useast5",
                    "_total_reply": null,
                    "_replies": []
                }
            ]
        },
        {
            "_comment_id": "7483134715530445589",
            "_username": "ramilio",
            "_nickname": "ranny",
            "_comment": "im 19yo can i use it?",
            "_create_time": "2025-03-18T13:04:53",
            "_avatar": "https://p16-common-sign-sg.tiktokcdn-us.com/tos-alisg-avt-0068/f068b9994f0753fe2ee18e7b454f4f72~tplv-tiktokx-cropcenter:100:100.jpg?dr=9640&refresh_token=f803b12c&x-expires=1756281600&x-signature=Ef3ynj9uv6kqpHAduTH9e0XJgzQ%3D&t=4d5b0474&ps=13740610&shp=30310797&shcp=ff37627b&idc=useast5",
            "_total_reply": 0,
            "_replies": []
        },
        {
            "_comment_id": "7482882760107410198",
            "_username": "sasha_takethatdih",
            "_nickname": "Sasha",
            "_comment": "sample tok pretty please guys 💕💕",
            "_create_time": "2025-03-17T20:47:01",
            "_avatar": "https://p16-common-sign-va.tiktokcdn-us.com/tos-maliva-avt-0068/6b29b81a41b1cc63dae7dda5334354c2~tplv-tiktokx-cropcenter:100:100.jpg?dr=9640&refresh_token=0229269d&x-expires=1756281600&x-signature=yp7ES%2FgIKRtUHSKryyJC9GQsoNk%3D&t=4d5b0474&ps=13740610&shp=30310797&shcp=ff37627b&idc=useast5",
            "_total_reply": 0,
            "_replies": []
        },
        {
            "_comment_id": "7482571527579190062",
            "_username": "livinglucki",
            "_nickname": "abby | amazon fashion finds",
            "_comment": "the best!!",
            "_create_time": "2025-03-17T00:39:26",
            "_avatar": "https://p19-pu-sign-useast8.tiktokcdn-us.com/tos-useast5-avt-0068-tx/7317836233516777514~tplv-tiktokx-cropcenter:100:100.jpg?dr=9640&refresh_token=76954d4f&x-expires=1756281600&x-signature=Bc33l9oMSkjR3pgiip3iPWMf5Jg%3D&t=4d5b0474&ps=13740610&shp=30310797&shcp=ff37627b&idc=useast5",
            "_total_reply": 0,
            "_replies": []
        },
        {
            "_comment_id": "7482018594432516894",
            "_username": "smehlman",
            "_nickname": "sarah",
            "_comment": "Genifique is working TOO hard at getting rid of those fine lines!!!",
            "_create_time": "2025-03-15T12:54:04",
            "_avatar": "https://p16-pu-sign-useast8.tiktokcdn-us.com/tos-useast8-avt-0068-tx2/049f2ccbb9b663c5b32b7608547a416f~tplv-tiktokx-cropcenter:100:100.jpg?dr=9640&refresh_token=231c5667&x-expires=1756281600&x-signature=YCCzAfx8%2B8TP0tI1ps%2FtyFGgreM%3D&t=4d5b0474&ps=13740610&shp=30310797&shcp=ff37627b&idc=useast5",
            "_total_reply": 1,
            "_replies": [
                {
                    "_comment_id": "7480539374057685792",
                    "_username": "lancome.official",
                    "_nickname": "Lancôme",
                    "_comment": "exactly 😫",
                    "_create_time": "2025-03-16T10:28:30",
                    "_avatar": "https://p19-common-sign-va.tiktokcdn-us.com/tos-maliva-avt-0068/9424f6caa6a8781766ccf45ddf0a0a0d~tplv-tiktokx-cropcenter:100:100.jpg?dr=9640&refresh_token=4e732867&x-expires=1756281600&x-signature=5PN4EHVgtRvUll6IF2OIT9lcCWk%3D&t=4d5b0474&ps=13740610&shp=30310797&shcp=ff37627b&idc=useast5",
                    "_total_reply": null,
                    "_replies": []
                }
            ]
        },
        {
            "_comment_id": "7486430914357478166",
            "_username": "the.life.magazine",
            "_nickname": "THE LIFE MAGAZINE",
            "_comment": "It’s really important you’re right ! ❤️",
            "_create_time": "2025-03-27T10:15:42",
            "_avatar": "https://p16-common-sign-va.tiktokcdn-us.com/tos-maliva-avt-0068/ee03306edd1e5f569ce8e848be92e3d0~tplv-tiktokx-cropcenter:100:100.jpg?dr=9640&refresh_token=6d8172ae&x-expires=1756281600&x-signature=CmbA7IHBR4QQFfeBJEnOfcTdZp4%3D&t=4d5b0474&ps=13740610&shp=30310797&shcp=ff37627b&idc=useast5",
            "_total_reply": 0,
            "_replies": []
        },
        {
            "_comment_id": "7486891785843852054",
            "_username": "themeganreview",
            "_nickname": "themeganreview",
            "_comment": "Why does this make me feel so relaxed 😂",
            "_create_time": "2025-03-28T16:04:01",
            "_avatar": "https://p16-common-sign-va.tiktokcdn-us.com/tos-maliva-avt-0068/3557be708132f8ebb855a6f5e25bf8e7~tplv-tiktokx-cropcenter:100:100.jpg?dr=9640&refresh_token=a570ee82&x-expires=1756281600&x-signature=TugHwQ4dcoseNhi%2FCzimvuYSemw%3D&t=4d5b0474&ps=13740610&shp=30310797&shcp=ff37627b&idc=useast5",
            "_total_reply": 0,
            "_replies": []
        },
        {
            "_comment_id": "7482521865699984150",
            "_username": "oliviaisyoursx",
            "_nickname": "olivia💕",
            "_comment": "sample x",
            "_create_time": "2025-03-16T21:26:38",
            "_avatar": "https://p16-common-sign-va.tiktokcdn-us.com/tos-maliva-avt-0068/2660a180b78bf280cb8867dbb24500a8~tplv-tiktokx-cropcenter:100:100.jpg?dr=9640&refresh_token=b8e15cd3&x-expires=1756281600&x-signature=MAPzuZR5zPG%2BTC7mBgr1RoscV3c%3D&t=4d5b0474&ps=13740610&shp=30310797&shcp=ff37627b&idc=useast5",
            "_total_reply": 0,
            "_replies": []
        },
        {
            "_comment_id": "7483203595899568918",
            "_username": "lifeofmrstlm2013",
            "_nickname": "lifeofmrstlm2013",
            "_comment": "this is pure heaven in a bottle 🎀🌷🎀",
            "_create_time": "2025-03-18T17:32:01",
            "_avatar": "https://p16-common-sign-va.tiktokcdn-us.com/musically-maliva-obj/1594805258216454~tplv-tiktokx-cropcenter:100:100.jpg?dr=9640&refresh_token=e95abb24&x-expires=1756281600&x-signature=3sj6OaLiS8USBUJlFKzdpJPzweM%3D&t=4d5b0474&ps=13740610&shp=30310797&shcp=ff37627b&idc=useast5",
            "_total_reply": 0,
            "_replies": []
        },
        {
            "_comment_id": "7482117611150082821",
            "_username": "afsana_mimi0919",
            "_nickname": "Mimi 🎀",
            "_comment": "On my 2nd bottle 🔥 bestttttt serum ❤️🥰",
            "_create_time": "2025-03-15T19:18:06",
            "_avatar": "https://p16-common-sign-va.tiktokcdn-us.com/tos-maliva-avt-0068/3e93756213b03f5646a61f58533ae46a~tplv-tiktokx-cropcenter:100:100.jpg?dr=9640&refresh_token=2373fa81&x-expires=1756281600&x-signature=7RN0MLyH%2BsAb%2F5eGtHYzjrJaAzQ%3D&t=4d5b0474&ps=13740610&shp=30310797&shcp=ff37627b&idc=useast5",
            "_total_reply": 1,
            "_replies": [
                {
                    "_comment_id": "7478611817343238944",
                    "_username": "lancome.official",
                    "_nickname": "Lancôme",
                    "_comment": "sounds like you've met your match ❤️",
                    "_create_time": "2025-03-16T12:30:03",
                    "_avatar": "https://p16-common-sign-va.tiktokcdn-us.com/tos-maliva-avt-0068/9424f6caa6a8781766ccf45ddf0a0a0d~tplv-tiktokx-cropcenter:100:100.jpg?dr=9640&refresh_token=2d0d7041&x-expires=1756281600&x-signature=6RRh0sV%2BMiFopbDnto6in1a21L8%3D&t=4d5b0474&ps=13740610&shp=30310797&shcp=ff37627b&idc=useast5",
                    "_total_reply": null,
                    "_replies": []
                }
            ]
        },
        {
            "_comment_id": "7482477246603739934",
            "_username": "ellie_4.4eva",
            "_nickname": "ℰ𝓵𝓮𝓷𝒶❀",
            "_comment": "CAN U TELL OLIVIA I SAY HIII!🥰❤️",
            "_create_time": "2025-03-16T18:33:33",
            "_avatar": "https://p19-pu-sign-useast8.tiktokcdn-us.com/tos-useast8-avt-0068-tx2/e57feadc5ef7e2c59d941c676f3d5855~tplv-tiktokx-cropcenter:100:100.jpg?dr=9640&refresh_token=91644257&x-expires=1756281600&x-signature=QBdtANoIM9TU85VAnP1MnEQWVmo%3D&t=4d5b0474&ps=13740610&shp=30310797&shcp=ff37627b&idc=useast5",
            "_total_reply": 0,
            "_replies": []
        },
        {
            "_comment_id": "7482466750291870466",
            "_username": "ewelina.mcnamara",
            "_nickname": "ewelina.mcnamara",
            "_comment": "I’ve just run out! Need to restock",
            "_create_time": "2025-03-16T17:52:40",
            "_avatar": "https://p16-common-sign-va.tiktokcdn-us.com/tos-maliva-avt-0068/16f175e3536ea5d376780bfd52f93962~tplv-tiktokx-cropcenter:100:100.jpg?dr=9640&refresh_token=40dc97e3&x-expires=1756281600&x-signature=38cPXPxVUJ7QQgQALdrcjBaPqkI%3D&t=4d5b0474&ps=13740610&shp=30310797&shcp=ff37627b&idc=useast5",
            "_total_reply": 0,
            "_replies": []
        },
        {
            "_comment_id": "7485379019593843478",
            "_username": "usertiktok.18.2026",
            "_nickname": "bleh😝😈",
            "_comment": "Yess",
            "_create_time": "2025-03-24T14:13:47",
            "_avatar": "https://p16-common-sign-va.tiktokcdn-us.com/tos-maliva-avt-0068/e4d0e5db17543a38e51b2b50b818be33~tplv-tiktokx-cropcenter:100:100.jpg?dr=9640&refresh_token=6a95706f&x-expires=1756281600&x-signature=0dFRbQcw0XdVJF5Oh0504Bqc8%2Fo%3D&t=4d5b0474&ps=13740610&shp=30310797&shcp=ff37627b&idc=useast5",
            "_total_reply": 0,
            "_replies": []
        },
        {
            "_comment_id": "7481976282440581910",
            "_username": "your._fav._zana",
            "_nickname": "️",
            "_comment": "EARLYY",
            "_create_time": "2025-03-15T10:09:26",
            "_avatar": "https://p16-common-sign-va.tiktokcdn-us.com/tos-maliva-avt-0068/771760651cd6811cab97103f0c6a5621~tplv-tiktokx-cropcenter:100:100.jpg?dr=9640&refresh_token=8de6ae39&x-expires=1756281600&x-signature=aIAbaym5S%2BmZhyHXpoZz9QJjpUE%3D&t=4d5b0474&ps=13740610&shp=30310797&shcp=ff37627b&idc=useast5",
            "_total_reply": 2,
            "_replies": [
                {
                    "_comment_id": "7480142954590995232",
                    "_username": "lancome.official",
                    "_nickname": "Lancôme",
                    "_comment": "hey ❤️",
                    "_create_time": "2025-03-15T11:52:30",
                    "_avatar": "https://p16-common-sign-va.tiktokcdn-us.com/tos-maliva-avt-0068/9424f6caa6a8781766ccf45ddf0a0a0d~tplv-tiktokx-cropcenter:100:100.jpg?dr=9640&refresh_token=2d0d7041&x-expires=1756281600&x-signature=6RRh0sV%2BMiFopbDnto6in1a21L8%3D&t=4d5b0474&ps=13740610&shp=30310797&shcp=ff37627b&idc=useast5",
                    "_total_reply": null,
                    "_replies": []
                },
                {
                    "_comment_id": "7482214592731546398",
                    "_username": "quillerademente",
                    "_nickname": "Juliette",
                    "_comment": "I sign up for the sample and was approved but was never delivered I wanted to try before purchasing because my skin reacting to some skincare products before 😭 so sad",
                    "_create_time": "2025-03-16T01:34:18",
                    "_avatar": "https://p19-common-sign-sg.tiktokcdn-us.com/tos-alisg-avt-0068/dea8328214159c98f15baeeb375a3766~tplv-tiktokx-cropcenter:100:100.jpg?dr=9640&refresh_token=55a33bd9&x-expires=1756281600&x-signature=0k%2BLKVeH%2BQkff6wo9Go7FjhRCQw%3D&t=4d5b0474&ps=13740610&shp=30310797&shcp=ff37627b&idc=useast5",
                    "_total_reply": null,
                    "_replies": []
                }
            ]
        },
        {
            "_comment_id": "7482529740370707222",
            "_username": "sanaa_mittal240",
            "_nickname": "s a n a a",
            "_comment": "sample please",
            "_create_time": "2025-03-16T21:57:13",
            "_avatar": "https://p16-common-sign-va.tiktokcdn-us.com/tos-maliva-avt-0068/764f86a24ed2e004d7f9c590c03123e7~tplv-tiktokx-cropcenter:100:100.jpg?dr=9640&refresh_token=b01598fb&x-expires=1756281600&x-signature=76e3fvVdj%2BL%2BVFuI5G46iahgG34%3D&t=4d5b0474&ps=13740610&shp=30310797&shcp=ff37627b&idc=useast5",
            "_total_reply": 0,
            "_replies": []
        },
        {
            "_comment_id": "7482831995392787222",
            "_username": "carys.mua",
            "_nickname": "carys",
            "_comment": "my holy grail always🙌🏼",
            "_create_time": "2025-03-17T17:30:03",
            "_avatar": "https://p16-common-sign-va.tiktokcdn-us.com/tos-maliva-avt-0068/7d1855f92772f6dd06ec9467ca728c58~tplv-tiktokx-cropcenter:100:100.jpg?dr=9640&refresh_token=4f874a0b&x-expires=1756281600&x-signature=zek%2F8invEE%2BKn94t5pdfZYNB6zg%3D&t=4d5b0474&ps=13740610&shp=30310797&shcp=ff37627b&idc=useast5",
            "_total_reply": 1,
            "_replies": [
                {
                    "_comment_id": "7483045087702729505",
                    "_username": "lancome.official",
                    "_nickname": "Lancôme",
                    "_comment": "Hehe 👑",
                    "_create_time": "2025-03-20T08:59:45",
                    "_avatar": "https://p16-common-sign-va.tiktokcdn-us.com/tos-maliva-avt-0068/9424f6caa6a8781766ccf45ddf0a0a0d~tplv-tiktokx-cropcenter:100:100.jpg?dr=9640&refresh_token=2d0d7041&x-expires=1756281600&x-signature=6RRh0sV%2BMiFopbDnto6in1a21L8%3D&t=4d5b0474&ps=13740610&shp=30310797&shcp=ff37627b&idc=useast5",
                    "_total_reply": null,
                    "_replies": []
                }
            ]
        },
        {
            "_comment_id": "7482115732400767766",
            "_username": "user6141013131857x",
            "_nickname": "𝓢𝓪𝓿𝓪𝓷𝓷𝓪𝓱 ✪",
            "_comment": "TELL LIV I LOVE HER💜🫶🏼IF U REPLY I WILL SCREAM💕",
            "_create_time": "2025-03-15T19:10:34",
            "_avatar": "https://p19-common-sign-va.tiktokcdn-us.com/tos-maliva-avt-0068/7e8d8ce0177705621aa2150f3790d827~tplv-tiktokx-cropcenter:100:100.jpg?dr=9640&refresh_token=9d992500&x-expires=1756281600&x-signature=AeQwZ8KoNcOYCqnVd0VhKj0xXU8%3D&t=4d5b0474&ps=13740610&shp=30310797&shcp=ff37627b&idc=useast5",
            "_total_reply": 4,
            "_replies": [
                {
                    "_comment_id": "7480922916566188832",
                    "_username": "lancome.official",
                    "_nickname": "Lancôme",
                    "_comment": "SCREAMING WITH YOU",
                    "_create_time": "2025-03-16T12:25:54",
                    "_avatar": "https://p16-common-sign-va.tiktokcdn-us.com/tos-maliva-avt-0068/9424f6caa6a8781766ccf45ddf0a0a0d~tplv-tiktokx-cropcenter:100:100.jpg?dr=9640&refresh_token=2d0d7041&x-expires=1756281600&x-signature=6RRh0sV%2BMiFopbDnto6in1a21L8%3D&t=4d5b0474&ps=13740610&shp=30310797&shcp=ff37627b&idc=useast5",
                    "_total_reply": null,
                    "_replies": []
                },
                {
                    "_comment_id": "7482491757747012374",
                    "_username": "user6141013131857x",
                    "_nickname": "𝓢𝓪𝓿𝓪𝓷𝓷𝓪𝓱 ✪",
                    "_comment": "OMGGGG💜",
                    "_create_time": "2025-03-16T19:29:43",
                    "_avatar": "https://p16-common-sign-va.tiktokcdn-us.com/tos-maliva-avt-0068/7e8d8ce0177705621aa2150f3790d827~tplv-tiktokx-cropcenter:100:100.jpg?dr=9640&refresh_token=fb1f7ab4&x-expires=1756281600&x-signature=d8PfTBpvYwcFR55grhJf%2BP2P%2FNU%3D&t=4d5b0474&ps=13740610&shp=30310797&shcp=ff37627b&idc=useast5",
                    "_total_reply": null,
                    "_replies": []
                },
                {
                    "_comment_id": "7500529119827100422",
                    "_username": "itz_a.livie",
                    "_nickname": "🏎️Bia (LN4 version)🏎️💨",
                    "_comment": "Hiiii",
                    "_create_time": "2025-05-04T11:04:23",
                    "_avatar": "https://p16-common-sign-sg.tiktokcdn-us.com/tos-alisg-avt-0068/e2304e84216d12ef583d4d342a380f0c~tplv-tiktokx-cropcenter:100:100.jpg?dr=9640&refresh_token=c5ad2838&x-expires=1756281600&x-signature=M3ru9ouraKUwpnxmQTauZ1EzFjw%3D&t=4d5b0474&ps=13740610&shp=30310797&shcp=ff37627b&idc=useast5",
                    "_total_reply": null,
                    "_replies": []
                },
                {
                    "_comment_id": "7500529133731709701",
                    "_username": "itz_a.livie",
                    "_nickname": "🏎️Bia (LN4 version)🏎️💨",
                    "_comment": "Me toooooooo",
                    "_create_time": "2025-05-04T11:04:32",
                    "_avatar": "https://p16-common-sign-sg.tiktokcdn-us.com/tos-alisg-avt-0068/e2304e84216d12ef583d4d342a380f0c~tplv-tiktokx-cropcenter:100:100.jpg?dr=9640&refresh_token=c5ad2838&x-expires=1756281600&x-signature=M3ru9ouraKUwpnxmQTauZ1EzFjw%3D&t=4d5b0474&ps=13740610&shp=30310797&shcp=ff37627b&idc=useast5",
                    "_total_reply": null,
                    "_replies": []
                }
            ]
        },
        {
            "_comment_id": "7482013848867537695",
            "_username": "jessicalynlive",
            "_nickname": "Jessica Stevenson",
            "_comment": "This girl works *hard* 🖤",
            "_create_time": "2025-03-15T12:35:57",
            "_avatar": "https://p16-pu-sign-useast8.tiktokcdn-us.com/tos-useast5-avt-0068-tx/7319865140487143470~tplv-tiktokx-cropcenter:100:100.jpg?dr=9640&refresh_token=c10020bb&x-expires=1756281600&x-signature=qqawfK4qd6kHRxx3RDPIIHCtU68%3D&t=4d5b0474&ps=13740610&shp=30310797&shcp=ff37627b&idc=useast5",
            "_total_reply": 1,
            "_replies": [
                {
                    "_comment_id": "7480315583675155232",
                    "_username": "lancome.official",
                    "_nickname": "Lancôme",
                    "_comment": "preach",
                    "_create_time": "2025-03-16T10:27:48",
                    "_avatar": "https://p16-common-sign-va.tiktokcdn-us.com/tos-maliva-avt-0068/9424f6caa6a8781766ccf45ddf0a0a0d~tplv-tiktokx-cropcenter:100:100.jpg?dr=9640&refresh_token=2d0d7041&x-expires=1756281600&x-signature=6RRh0sV%2BMiFopbDnto6in1a21L8%3D&t=4d5b0474&ps=13740610&shp=30310797&shcp=ff37627b&idc=useast5",
                    "_total_reply": null,
                    "_replies": []
                }
            ]
        },
        {
            "_comment_id": "7482149170675335978",
            "_username": "ladamedechat",
            "_nickname": "Michelle Santini 💖🔮✨",
            "_comment": "That how I feel when Génifique does the hard work.",
            "_create_time": "2025-03-15T21:20:45",
            "_avatar": "https://p16-pu-sign-useast8.tiktokcdn-us.com/tos-useast5-avt-0068-tx/b3f18120ec3a6801d1543b2b2bd52e9a~tplv-tiktokx-cropcenter:100:100.jpg?dr=9640&refresh_token=1e8d75b3&x-expires=1756281600&x-signature=5clmy%2F3KND8Vp9T6FulJ174eSrQ%3D&t=4d5b0474&ps=13740610&shp=30310797&shcp=ff37627b&idc=useast5",
            "_total_reply": 1,
            "_replies": [
                {
                    "_comment_id": "7480471069397566241",
                    "_username": "lancome.official",
                    "_nickname": "Lancôme",
                    "_comment": "Same 🥹",
                    "_create_time": "2025-03-16T12:41:37",
                    "_avatar": "https://p16-common-sign-va.tiktokcdn-us.com/tos-maliva-avt-0068/9424f6caa6a8781766ccf45ddf0a0a0d~tplv-tiktokx-cropcenter:100:100.jpg?dr=9640&refresh_token=2d0d7041&x-expires=1756281600&x-signature=6RRh0sV%2BMiFopbDnto6in1a21L8%3D&t=4d5b0474&ps=13740610&shp=30310797&shcp=ff37627b&idc=useast5",
                    "_total_reply": null,
                    "_replies": []
                }
            ]
        },
        {
            "_comment_id": "7483282538438820630",
            "_username": "isabeldida",
            "_nickname": "isabeldida",
            "_comment": "Love this💞",
            "_create_time": "2025-03-18T22:38:28",
            "_avatar": "https://p16-common-sign-va.tiktokcdn-us.com/tos-maliva-avt-0068/022162cc2744f68a415e986191cc3cb5~tplv-tiktokx-cropcenter:100:100.jpg?dr=9640&refresh_token=5e011f1e&x-expires=1756281600&x-signature=dmKaW9vlSX%2FvbBEPxXlrcTMJRdM%3D&t=4d5b0474&ps=13740610&shp=30310797&shcp=ff37627b&idc=useast5",
            "_total_reply": 0,
            "_replies": []
        },
        {
            "_comment_id": "7482513056527565590",
            "_username": "skibidi_livvv",
            "_nickname": "𝐋𝐢𝐥𝐚𝐡 ᴼᴿ",
            "_comment": "DO YOU REPLY IM SCREAMINGGG 💜😩😩",
            "_create_time": "2025-03-16T20:52:22",
            "_avatar": "https://p16-common-sign-va.tiktokcdn-us.com/tos-maliva-avt-0068/c44345d35b50750431a4ad7a5fb89a88~tplv-tiktokx-cropcenter:100:100.jpg?dr=9640&refresh_token=bb8da7d1&x-expires=1756281600&x-signature=g7XKNBcmixEjBmd0Q9aDr8M421w%3D&t=4d5b0474&ps=13740610&shp=30310797&shcp=ff37627b&idc=useast5",
            "_total_reply": 0,
            "_replies": []
        },
        {
            "_comment_id": "7482398598043419423",
            "_username": "tayspeer",
            "_nickname": "Taylor Speer",
            "_comment": "She works hard!",
            "_create_time": "2025-03-16T13:28:32",
            "_avatar": "https://p19-pu-sign-useast8.tiktokcdn-us.com/tos-useast8-avt-0068-tx2/db37c1b60e12fe3915b0eb85942e15e4~tplv-tiktokx-cropcenter:100:100.jpg?dr=9640&refresh_token=b83314df&x-expires=1756281600&x-signature=rvg48JOIanc9PyCc9fU69%2BNImm4%3D&t=4d5b0474&ps=13740610&shp=30310797&shcp=ff37627b&idc=useast5",
            "_total_reply": 0,
            "_replies": []
        },
        {
            "_comment_id": "7482290711083631415",
            "_username": "krystalsingh21",
            "_nickname": "Krystal Singh",
            "_comment": "I just started using this serum today, can’t wait for the results! 😊",
            "_create_time": "2025-03-16T06:30:37",
            "_avatar": "https://p16-common-sign-va.tiktokcdn-us.com/tos-maliva-avt-0068/a78965fede7f082802b04c43c711aea0~tplv-tiktokx-cropcenter:100:100.jpg?dr=9640&refresh_token=e08107a5&x-expires=1756281600&x-signature=97Uw2f%2B53VqXpbE15u9C57HTtmo%3D&t=4d5b0474&ps=13740610&shp=30310797&shcp=ff37627b&idc=useast5",
            "_total_reply": 1,
            "_replies": [
                {
                    "_comment_id": "7478603438243791649",
                    "_username": "lancome.official",
                    "_nickname": "Lancôme",
                    "_comment": "keep us posted 🥰",
                    "_create_time": "2025-03-16T12:53:24",
                    "_avatar": "https://p16-common-sign-va.tiktokcdn-us.com/tos-maliva-avt-0068/9424f6caa6a8781766ccf45ddf0a0a0d~tplv-tiktokx-cropcenter:100:100.jpg?dr=9640&refresh_token=2d0d7041&x-expires=1756281600&x-signature=6RRh0sV%2BMiFopbDnto6in1a21L8%3D&t=4d5b0474&ps=13740610&shp=30310797&shcp=ff37627b&idc=useast5",
                    "_total_reply": null,
                    "_replies": []
                }
            ]
        },
        {
            "_comment_id": "7482346530637546262",
            "_username": "jazz.qxtt",
            "_nickname": "sweetener.",
            "_comment": "Hahaha",
            "_create_time": "2025-03-16T10:06:12",
            "_avatar": "https://p16-common-sign-va.tiktokcdn-us.com/tos-maliva-avt-0068/8462824551b34130e5a098b7257e8f00~tplv-tiktokx-cropcenter:100:100.jpg?dr=9640&refresh_token=d123f808&x-expires=1756281600&x-signature=5xGW3hODyCdw5HB0o1y06X93Vzk%3D&t=4d5b0474&ps=13740610&shp=30310797&shcp=ff37627b&idc=useast5",
            "_total_reply": 0,
            "_replies": []
        },
        {
            "_comment_id": "7481993898597597974",
            "_username": "mitchthemommy",
            "_nickname": "Michelle Lynch",
            "_comment": "love it",
            "_create_time": "2025-03-15T11:17:52",
            "_avatar": "https://p16-common-sign-useast2a.tiktokcdn-us.com/tos-useast2a-avt-0068-euttp/6920f07878d573199beb7ecf33571583~tplv-tiktokx-cropcenter:100:100.jpg?dr=9640&refresh_token=f935d486&x-expires=1756281600&x-signature=MmR0vJ3LEheUoxoFQWPFNfpa29U%3D&t=4d5b0474&ps=13740610&shp=30310797&shcp=ff37627b&idc=useast5",
            "_total_reply": 1,
            "_replies": [
                {
                    "_comment_id": "7479906285216269088",
                    "_username": "lancome.official",
                    "_nickname": "Lancôme",
                    "_comment": "glad to hear that ❤️",
                    "_create_time": "2025-03-15T11:55:14",
                    "_avatar": "https://p16-common-sign-va.tiktokcdn-us.com/tos-maliva-avt-0068/9424f6caa6a8781766ccf45ddf0a0a0d~tplv-tiktokx-cropcenter:100:100.jpg?dr=9640&refresh_token=2d0d7041&x-expires=1756281600&x-signature=6RRh0sV%2BMiFopbDnto6in1a21L8%3D&t=4d5b0474&ps=13740610&shp=30310797&shcp=ff37627b&idc=useast5",
                    "_total_reply": null,
                    "_replies": []
                }
            ]
        },
        {
            "_comment_id": "7492864857659523858",
            "_username": "thequeennko",
            "_nickname": "NKO 🐝",
            "_comment": "Best ever ❤️",
            "_create_time": "2025-04-13T19:22:50",
            "_avatar": "https://p16-common-sign-va.tiktokcdn-us.com/tos-maliva-avt-0068/7320524755948765189~tplv-tiktokx-cropcenter:100:100.jpg?dr=9640&refresh_token=cdc116b2&x-expires=1756281600&x-signature=pwim5RGh2mEGrlH49lPMkRisa4M%3D&t=4d5b0474&ps=13740610&shp=30310797&shcp=ff37627b&idc=useast5",
            "_total_reply": 0,
            "_replies": []
        },
        {
            "_comment_id": "7482143993147966254",
            "_username": "kristinanguyenn",
            "_nickname": "kristina ♡ ˖⁺‧",
            "_comment": "the best",
            "_create_time": "2025-03-15T21:00:36",
            "_avatar": "https://p19-sign.tiktokcdn-us.com/tos-useast5-avt-0068-tx/76dc41912d5e658db4b353204de847e0~tplv-tiktokx-cropcenter:100:100.jpg?dr=9640&refresh_token=7ec3cf7b&x-expires=1756281600&x-signature=m0uN2y9%2B50GXCotQKoEcU1ZIz0o%3D&t=4d5b0474&ps=13740610&shp=30310797&shcp=ff37627b&idc=useast5",
            "_total_reply": 1,
            "_replies": [
                {
                    "_comment_id": "7480478456527094560",
                    "_username": "lancome.official",
                    "_nickname": "Lancôme",
                    "_comment": "blushing",
                    "_create_time": "2025-03-16T12:40:31",
                    "_avatar": "https://p16-common-sign-va.tiktokcdn-us.com/tos-maliva-avt-0068/9424f6caa6a8781766ccf45ddf0a0a0d~tplv-tiktokx-cropcenter:100:100.jpg?dr=9640&refresh_token=2d0d7041&x-expires=1756281600&x-signature=6RRh0sV%2BMiFopbDnto6in1a21L8%3D&t=4d5b0474&ps=13740610&shp=30310797&shcp=ff37627b&idc=useast5",
                    "_total_reply": null,
                    "_replies": []
                }
            ]
        },
        {
            "_comment_id": "7482343559196312342",
            "_username": "livbedumb4life301",
            "_nickname": "★ ~miss.so.american~⋆.˚✮🎧✮˚.⋆",
            "_comment": "Tell Liv I love her 💜✨👑",
            "_create_time": "2025-03-16T09:54:44",
            "_avatar": "https://p16-common-sign-va.tiktokcdn-us.com/tos-maliva-avt-0068/78aae6c53d7b0c0679e60f045149f680~tplv-tiktokx-cropcenter:100:100.jpg?dr=9640&refresh_token=6e001f0d&x-expires=1756281600&x-signature=Q5JPcs8Ki22rXA2QsVAPJvryAWA%3D&t=4d5b0474&ps=13740610&shp=30310797&shcp=ff37627b&idc=useast5",
            "_total_reply": 0,
            "_replies": []
        },
        {
            "_comment_id": "7481999935891161886",
            "_username": "tagyoureit456",
            "_nickname": "Theresa",
            "_comment": "The hardest working serum!",
            "_create_time": "2025-03-15T11:42:13",
            "_avatar": "https://p16-common-sign-va.tiktokcdn-us.com/tos-maliva-avt-0068/ea7865d99f8410c0012e24364e1e9bb9~tplv-tiktokx-cropcenter:100:100.jpg?dr=9640&refresh_token=5a77d188&x-expires=1756281600&x-signature=%2BDa2g0pLJFIyvndQg7Futzxqq9o%3D&t=4d5b0474&ps=13740610&shp=30310797&shcp=ff37627b&idc=useast5",
            "_total_reply": 1,
            "_replies": [
                {
                    "_comment_id": "7480395481936380704",
                    "_username": "lancome.official",
                    "_nickname": "Lancôme",
                    "_comment": "it really is 🥹",
                    "_create_time": "2025-03-15T11:57:36",
                    "_avatar": "https://p19-common-sign-va.tiktokcdn-us.com/tos-maliva-avt-0068/9424f6caa6a8781766ccf45ddf0a0a0d~tplv-tiktokx-cropcenter:100:100.jpg?dr=9640&refresh_token=4e732867&x-expires=1756281600&x-signature=5PN4EHVgtRvUll6IF2OIT9lcCWk%3D&t=4d5b0474&ps=13740610&shp=30310797&shcp=ff37627b&idc=useast5",
                    "_total_reply": null,
                    "_replies": []
                }
            ]
        },
        {
            "_comment_id": "7482403122930205462",
            "_username": "amyc3333",
            "_nickname": "amy",
            "_comment": "Love it",
            "_create_time": "2025-03-16T13:45:47",
            "_avatar": "https://p16-common-sign-useast2a.tiktokcdn-us.com/tos-useast2a-avt-0068-euttp/373c2741cc83811383913b9ee25c01d5~tplv-tiktokx-cropcenter:100:100.jpg?dr=9640&refresh_token=62ea7c95&x-expires=1756281600&x-signature=pHYUarwJiB6FavzYtsFGKJr0WhU%3D&t=4d5b0474&ps=13740610&shp=30310797&shcp=ff37627b&idc=useast5",
            "_total_reply": 0,
            "_replies": []
        },
        {
            "_comment_id": "7482512112344204078",
            "_username": "luckycharmanders",
            "_nickname": "Amanda | Beauty/Fashion 🧸🎀",
            "_comment": "Genefique is THAT girl she deserves a vaca for all that she’s done for me 🖤",
            "_create_time": "2025-03-16T20:48:49",
            "_avatar": "https://p16-pu-sign-useast8.tiktokcdn-us.com/tos-useast5-avt-0068-tx/8f9602caa89ef39c6fe1bfef821eb5ea~tplv-tiktokx-cropcenter:100:100.jpg?dr=9640&refresh_token=01f37c17&x-expires=1756281600&x-signature=ej72ocOMdmSv%2FFyecH9gH47sx08%3D&t=4d5b0474&ps=13740610&shp=30310797&shcp=ff37627b&idc=useast5",
            "_total_reply": 1,
            "_replies": [
                {
                    "_comment_id": "7480201747236471585",
                    "_username": "lancome.official",
                    "_nickname": "Lancôme",
                    "_comment": "A well deserved vacation 🤭✨",
                    "_create_time": "2025-03-17T13:52:51",
                    "_avatar": "https://p16-common-sign-va.tiktokcdn-us.com/tos-maliva-avt-0068/9424f6caa6a8781766ccf45ddf0a0a0d~tplv-tiktokx-cropcenter:100:100.jpg?dr=9640&refresh_token=2d0d7041&x-expires=1756281600&x-signature=6RRh0sV%2BMiFopbDnto6in1a21L8%3D&t=4d5b0474&ps=13740610&shp=30310797&shcp=ff37627b&idc=useast5",
                    "_total_reply": null,
                    "_replies": []
                }
            ]
        },
        {
            "_comment_id": "7495367064854135607",
            "_username": "blushedbeautybysim",
            "_nickname": "Makeup by Sim 🇨🇦",
            "_comment": "must be so exhausting 🤣🤣🤣",
            "_create_time": "2025-04-20T13:12:54",
            "_avatar": "https://p16-common-sign-va.tiktokcdn-us.com/tos-maliva-avt-0068/f3ad6b88b6e5cc28a23c17144e41d42a~tplv-tiktokx-cropcenter:100:100.jpg?dr=9640&refresh_token=c09f7b60&x-expires=1756281600&x-signature=bjFBIkn1wFCv2RDZPBrXGeeMklo%3D&t=4d5b0474&ps=13740610&shp=30310797&shcp=ff37627b&idc=useast5",
            "_total_reply": 0,
            "_replies": []
        },
        {
            "_comment_id": "7482094794354836246",
            "_username": "percy.jackson23.12",
            "_nickname": "percy jackson 🌊🐬💿",
            "_comment": "hii tell olivia she is the best singer in the world 💜💜💜💜💜💜💜💜💜💜💜💜💜💜💜💜💜💜💜 @Olivia Rodrigo",
            "_create_time": "2025-03-15T17:49:22",
            "_avatar": "https://p16-common-sign-va.tiktokcdn-us.com/tos-maliva-avt-0068/bf7e0e4f854cd933f578c8ab9c380bc6~tplv-tiktokx-cropcenter:100:100.jpg?dr=9640&refresh_token=1c2d4d71&x-expires=1756281600&x-signature=jc3P6SyQhBKEYAbvmjhi7RqJBVA%3D&t=4d5b0474&ps=13740610&shp=30310797&shcp=ff37627b&idc=useast5",
            "_total_reply": 0,
            "_replies": []
        },
        {
            "_comment_id": "7481977548739642113",
            "_username": "lifeasagirlllll",
            "_nickname": "lifeasagirlllll🇧🇩",
            "_comment": "😍😍😍",
            "_create_time": "2025-03-15T10:14:32",
            "_avatar": "https://p16-common-sign-sg.tiktokcdn-us.com/tos-alisg-avt-0068/56a786e0d1d8304cae228413b5acf9e2~tplv-tiktokx-cropcenter:100:100.jpg?dr=9640&refresh_token=1ea0a3ee&x-expires=1756281600&x-signature=KGEkmC7nrljVldUm2Yqhq39ud3k%3D&t=4d5b0474&ps=13740610&shp=30310797&shcp=ff37627b&idc=useast5",
            "_total_reply": 0,
            "_replies": []
        },
        {
            "_comment_id": "7501054359049421590",
            "_username": "sea2108",
            "_nickname": "SEA💙",
            "_comment": "❤️",
            "_create_time": "2025-05-05T21:01:59",
            "_avatar": "https://p16-common-sign-va.tiktokcdn-us.com/tos-maliva-avt-0068/6c71247e7bcad0691e887682a51ca050~tplv-tiktokx-cropcenter:100:100.jpg?dr=9640&refresh_token=4e7f8602&x-expires=1756281600&x-signature=WM35W%2FMsfih2WU9%2FziHhPMXipe4%3D&t=4d5b0474&ps=13740610&shp=30310797&shcp=ff37627b&idc=useast5",
            "_total_reply": 0,
            "_replies": []
        },
        {
            "_comment_id": "7482837151546524438",
            "_username": "chuck.fl",
            "_nickname": "chuck🎩",
            "_comment": "❤️❤️❤️",
            "_create_time": "2025-03-17T17:50:01",
            "_avatar": "https://p16-common-sign-useast2a.tiktokcdn-us.com/tos-useast2a-avt-0068-euttp/48dfc7de8f250481587219823e38df7d~tplv-tiktokx-cropcenter:100:100.jpg?dr=9640&refresh_token=5a047f67&x-expires=1756281600&x-signature=nKQSSPAESF9qP2YLXMEfXUteMy4%3D&t=4d5b0474&ps=13740610&shp=30310797&shcp=ff37627b&idc=useast5",
            "_total_reply": 0,
            "_replies": []
        },
        {
            "_comment_id": "7485459474606867222",
            "_username": "user2901536990581",
            "_nickname": "Emmie",
            "_comment": "😍😍",
            "_create_time": "2025-03-24T19:25:53",
            "_avatar": "https://p16-common-sign-useast2a.tiktokcdn-us.com/tos-useast2a-avt-0068-euttp/b6b2485cda36813fbff7bcc06285b279~tplv-tiktokx-cropcenter:100:100.jpg?dr=9640&refresh_token=c5bb0bda&x-expires=1756281600&x-signature=ocihSRDrhn16mC5Puyyo312OODM%3D&t=4d5b0474&ps=13740610&shp=30310797&shcp=ff37627b&idc=useast5",
            "_total_reply": 0,
            "_replies": []
        },
        {
            "_comment_id": "7482112682251387691",
            "_username": "ohitsmags",
            "_nickname": "Maggie",
            "_comment": "😌🧖🏽‍♀️✨",
            "_create_time": "2025-03-15T18:58:48",
            "_avatar": "https://p19-sign.tiktokcdn-us.com/tos-useast5-avt-0068-tx/787566ea278140e2a572404456c60f56~tplv-tiktokx-cropcenter:100:100.jpg?dr=9640&refresh_token=1d33865f&x-expires=1756281600&x-signature=UD%2F5RoglM8KvQjlp9ScHQ9p%2FOjo%3D&t=4d5b0474&ps=13740610&shp=30310797&shcp=ff37627b&idc=useast5",
            "_total_reply": 0,
            "_replies": []
        },
        {
            "_comment_id": "7482094650363282182",
            "_username": "puntomay1",
            "_nickname": "HONDURAS 🇭🇳 SPS",
            "_comment": "🥰",
            "_create_time": "2025-03-15T17:48:56",
            "_avatar": "https://p16-common-sign-va.tiktokcdn-us.com/tos-maliva-avt-0068/5f64aa07813cab84efad91d5d4ecb051~tplv-tiktokx-cropcenter:100:100.jpg?dr=9640&refresh_token=58c59319&x-expires=1756281600&x-signature=L6fBZ%2F88be%2FMhEOzL4NXd%2FfPyoM%3D&t=4d5b0474&ps=13740610&shp=30310797&shcp=ff37627b&idc=useast5",
            "_total_reply": 0,
            "_replies": []
        },
        {
            "_comment_id": "7482070170535068438",
            "_username": "annang042",
            "_nickname": "anna",
            "_comment": "🥰",
            "_create_time": "2025-03-15T16:13:47",
            "_avatar": "https://p16-common-sign-va.tiktokcdn-us.com/tos-maliva-avt-0068/7c3e761751fa337405fde2251afc615e~tplv-tiktokx-cropcenter:100:100.jpg?dr=9640&refresh_token=befccaa7&x-expires=1756281600&x-signature=OH9WjLfCva35OuknflOFPmIJqms%3D&t=4d5b0474&ps=13740610&shp=30310797&shcp=ff37627b&idc=useast5",
            "_total_reply": 0,
            "_replies": []
        },
        {
            "_comment_id": "7482012375878992662",
            "_username": "queeniesss5789",
            "_nickname": "tasha",
            "_comment": "♥️",
            "_create_time": "2025-03-15T12:29:38",
            "_avatar": "https://p16-common-sign-useast2a.tiktokcdn-us.com/tos-useast2a-avt-0068-euttp/b050c287b2caa6d79e833351538d3e02~tplv-tiktokx-cropcenter:100:100.jpg?dr=9640&refresh_token=c7834557&x-expires=1756281600&x-signature=pr8dXrxMhwEUBehYqILK6mo3Z7I%3D&t=4d5b0474&ps=13740610&shp=30310797&shcp=ff37627b&idc=useast5",
            "_total_reply": 0,
            "_replies": []
        },
        {
            "_comment_id": "7482000898907505426",
            "_username": "skin_luvv",
            "_nickname": "ugc||skin luvv🌸",
            "_comment": "😭😭😭",
            "_create_time": "2025-03-15T11:45:00",
            "_avatar": "https://p16-common-sign-sg.tiktokcdn-us.com/tos-alisg-avt-0068/427619c2fe953478ef7e275a027a9203~tplv-tiktokx-cropcenter:100:100.jpg?dr=9640&refresh_token=d16583d3&x-expires=1756281600&x-signature=xex0bi%2F76TEkGjhC91CkUg5NEio%3D&t=4d5b0474&ps=13740610&shp=30310797&shcp=ff37627b&idc=useast5",
            "_total_reply": 0,
            "_replies": []
        },
        {
            "_comment_id": "7483104943311782678",
            "_username": "noeminikita",
            "_nickname": "Noemi Nikita",
            "_comment": "🥺😂",
            "_create_time": "2025-03-18T11:09:26",
            "_avatar": "https://p16-common-sign-va.tiktokcdn-us.com/tos-maliva-avt-0068/8f102dcc26f50e807fb7ff1f31ce4e84~tplv-tiktokx-cropcenter:100:100.jpg?dr=9640&refresh_token=09b70e8f&x-expires=1756281600&x-signature=LUKK6spksLlrNG%2FCwCti5Wo5p28%3D&t=4d5b0474&ps=13740610&shp=30310797&shcp=ff37627b&idc=useast5",
            "_total_reply": 0,
            "_replies": []
        },
        {
            "_comment_id": "7501203163211662086",
            "_username": "euquepaguei",
            "_nickname": "euquepaguei",
            "_comment": "🤩🤩🤩🤩",
            "_create_time": "2025-05-06T06:40:19",
            "_avatar": "https://p19-common-sign-va.tiktokcdn-us.com/tos-maliva-avt-0068/8eb650d02b0da983a38867a51beadaf2~tplv-tiktokx-cropcenter:100:100.jpg?dr=9640&refresh_token=0d63444a&x-expires=1756281600&x-signature=uI4aw1i9wg2dk0duq8j3aoEeZV4%3D&t=4d5b0474&ps=13740610&shp=30310797&shcp=ff37627b&idc=useast5",
            "_total_reply": 0,
            "_replies": []
        },
        {
            "_comment_id": "7481994792877720322",
            "_username": "merita9949",
            "_nickname": "Merita",
            "_comment": "😍😍😍",
            "_create_time": "2025-03-15T11:21:16",
            "_avatar": "https://p16-common-sign-va.tiktokcdn-us.com/tos-maliva-avt-0068/e10c3a57deb265a6e6ddee1b121b29f4~tplv-tiktokx-cropcenter:100:100.jpg?dr=9640&refresh_token=d9e88659&x-expires=1756281600&x-signature=HycV6PdablY66%2BC%2BDcDlT8BLg0U%3D&t=4d5b0474&ps=13740610&shp=30310797&shcp=ff37627b&idc=useast5",
            "_total_reply": 0,
            "_replies": []
        },
        {
            "_comment_id": "7481977704792621831",
            "_username": "lbokator.cambodia",
            "_nickname": "🥊KunKhmer🥊🙏Cambodia🇰🇭",
            "_comment": "💗",
            "_create_time": "2025-03-15T10:15:04",
            "_avatar": "https://p16-common-sign-sg.tiktokcdn-us.com/tos-alisg-avt-0068/9c56f72e9622b620309309802a6dcd57~tplv-tiktokx-cropcenter:100:100.jpg?dr=9640&refresh_token=e1afb15b&x-expires=1756281600&x-signature=f%2Fl47o97Ww9sPdDy%2FqaBqdtakaQ%3D&t=4d5b0474&ps=13740610&shp=30310797&shcp=ff37627b&idc=useast5",
            "_total_reply": 0,
            "_replies": []
        },
        {
            "_comment_id": "7482125819511522094",
            "_username": "thecowgirl4forlife",
            "_nickname": "farmgirl",
            "_comment": "sample",
            "_create_time": "2025-03-15T19:49:54",
            "_avatar": "https://p19-sign.tiktokcdn-us.com/tos-useast5-avt-0068-tx/900ec4cc3041535f6a6ad03c4c93c3f7~tplv-tiktokx-cropcenter:100:100.jpg?dr=9640&refresh_token=04d2445f&x-expires=1756281600&x-signature=J%2FoDPPa7TGQjrY94cvXzGpzotg4%3D&t=4d5b0474&ps=13740610&shp=30310797&shcp=ff37627b&idc=useast5",
            "_total_reply": 0,
            "_replies": []
        },
        {
            "_comment_id": "7482926861036929814",
            "_username": "youbetsybelieveit",
            "_nickname": "🪼🪼🪼",
            "_comment": "samplesss",
            "_create_time": "2025-03-17T23:38:41",
            "_avatar": "https://p16-common-sign-va.tiktokcdn-us.com/tos-maliva-avt-0068/f602efb7c07c2c6ef978699d72ec5b65~tplv-tiktokx-cropcenter:100:100.jpg?dr=9640&refresh_token=9057146b&x-expires=1756281600&x-signature=EAaNjtWU3sF035W14WKyNFS40PI%3D&t=4d5b0474&ps=13740610&shp=30310797&shcp=ff37627b&idc=useast5",
            "_total_reply": 0,
            "_replies": []
        },
        {
            "_comment_id": "7482018539256890118",
            "_username": "xddviscabarca",
            "_nickname": "🦩❆ᥬ𝓑᭄❆🦩",
            "_comment": "oigan arreglen el bug de del pelo algunos no les carga el contador 😭@Lancôme",
            "_create_time": "2025-03-15T12:53:50",
            "_avatar": "https://p16-common-sign-va.tiktokcdn-us.com/tos-maliva-avt-0068/c351ab19b1e680fb0920cfb7b5d9f0df~tplv-tiktokx-cropcenter:100:100.jpg?dr=9640&refresh_token=2b33a174&x-expires=1756281600&x-signature=AbNWSGKnwrTvNepMTjNwrnXEVHk%3D&t=4d5b0474&ps=13740610&shp=30310797&shcp=ff37627b&idc=useast5",
            "_total_reply": 0,
            "_replies": []
        }
    ],
    "total_comments": 51
}