{
    "original_url": "https://www.tiktok.com/@lancome.official/video/7481698722779532567",
    "video_id": "7481698722779532567",
    "description": "When your mascara has places to be and lashes to lift. Lash Idôle Mascara will be on sale at @Ulta Beauty for #21DaysofBeauty on March 14th*. Run don’t walk! *US-only #Lancome #UltaBeauty #LashIdole #Mascara #Makeup #Beauty",
    "video_url": "https://m.tiktok.com/v/7481698722779532567.html?_d=0&comment_author_id=6668808624678846470&preview_pb=0&share_comment_id=7481707899950809899&share_item_id=7481698722779532567&sharer_language=en&source=h5_m&u_code=0",
    "tags": [
        "#21DaysofBeauty",
        "#Lancome",
        "#UltaBeauty",
        "#LashIdole",
        "#Mascara",
        "#Makeup",
        "#Beauty"
    ],
    "comments": [
        {
            "_comment_id": "7481707899950809899",
            "_username": "ultabeauty",
            "_nickname": "Ulta Beauty",
            "_comment": "getting enough to last us the rest of this year!",
            "_create_time": "2025-03-14T16:48:19",
            "_avatar": "https://p19-pu-sign-useast8.tiktokcdn-us.com/tos-useast5-avt-0068-tx/4667b939a2a22c8b460becd88a705b3b~tplv-tiktokx-cropcenter:100:100.jpg?dr=9640&refresh_token=b45642bf&x-expires=1756281600&x-signature=wxOqWzcPB17NvBA8ylHa%2BXkTX%2Fw%3D&t=4d5b0474&ps=13740610&shp=30310797&shcp=ff37627b&idc=useast5",
            "_total_reply": 2,
            "_replies": [
                {
                    "_comment_id": "7480082716038677281",
                    "_username": "lancome.official",
                    "_nickname": "Lancôme",
                    "_comment": "that's the spirit 🤭 ✨",
                    "_create_time": "2025-03-15T11:15:34",
                    "_avatar": "https://p16-common-sign-va.tiktokcdn-us.com/tos-maliva-avt-0068/9424f6caa6a8781766ccf45ddf0a0a0d~tplv-tiktokx-cropcenter:100:100.jpg?dr=9640&refresh_token=2d0d7041&x-expires=1756281600&x-signature=6RRh0sV%2BMiFopbDnto6in1a21L8%3D&t=4d5b0474&ps=13740610&shp=30310797&shcp=ff37627b&idc=useast5",
                    "_total_reply": null,
                    "_replies": []
                },
                {
                    "_comment_id": "7487722265551897375",
                    "_username": "ceciliabarrientos",
                    "_nickname": "Cecilia Barrientos",
                    "_comment": "Actually can yall send this to me with a car magnet and I’ll drive around with it on my roof 😉💋 @Lancôme",
                    "_create_time": "2025-03-30T21:46:51",
                    "_avatar": "https://p16-pu-sign-useast8.tiktokcdn-us.com/tos-useast5-avt-0068-tx/7351528852578893867~tplv-tiktokx-cropcenter:100:100.jpg?dr=9640&refresh_token=40a6a05f&x-expires=1756281600&x-signature=wsJbVWQVUb7TWskj41jO3EaZ%2BhU%3D&t=4d5b0474&ps=13740610&shp=30310797&shcp=ff37627b&idc=useast5",
                    "_total_reply": null,
                    "_replies": []
                }
            ]
        },
        {
            "_comment_id": "7481736305763386158",
            "_username": "the.cute.house4",
            "_nickname": "The cute house! 💕🪩🎀",
            "_comment": "Going ulta right now!!",
            "_create_time": "2025-03-14T18:38:37",
            "_avatar": "https://p19-pu-sign-useast8.tiktokcdn-us.com/tos-useast5-avt-0068-tx/e2548544ef77d71dbb1eb82559503377~tplv-tiktokx-cropcenter:100:100.jpg?dr=9640&refresh_token=344272b8&x-expires=1756281600&x-signature=dDhRRpKEvIlqAF%2BZbVZ788izPK0%3D&t=4d5b0474&ps=13740610&shp=30310797&shcp=ff37627b&idc=useast5",
            "_total_reply": 1,
            "_replies": [
                {
                    "_comment_id": "7479001019188314913",
                    "_username": "lancome.official",
                    "_nickname": "Lancôme",
                    "_comment": "!!!!",
                    "_create_time": "2025-03-15T11:29:25",
                    "_avatar": "https://p16-common-sign-va.tiktokcdn-us.com/tos-maliva-avt-0068/9424f6caa6a8781766ccf45ddf0a0a0d~tplv-tiktokx-cropcenter:100:100.jpg?dr=9640&refresh_token=2d0d7041&x-expires=1756281600&x-signature=6RRh0sV%2BMiFopbDnto6in1a21L8%3D&t=4d5b0474&ps=13740610&shp=30310797&shcp=ff37627b&idc=useast5",
                    "_total_reply": null,
                    "_replies": []
                }
            ]
        },
        {
            "_comment_id": "7482352314641531670",
            "_username": "hannaaa_0077",
            "_nickname": "hannaa👻",
            "_comment": "sample tok",
            "_create_time": "2025-03-16T10:28:38",
            "_avatar": "https://p16-common-sign-va.tiktokcdn-us.com/tos-maliva-avt-0068/b4d6189286dc1137c31225a3db29039b~tplv-tiktokx-cropcenter:100:100.jpg?dr=9640&refresh_token=f68639e7&x-expires=1756281600&x-signature=KD5rM%2B1R86vWV9ROUdnCNWhinP0%3D&t=4d5b0474&ps=13740610&shp=30310797&shcp=ff37627b&idc=useast5",
            "_total_reply": 0,
            "_replies": []
        },
        {
            "_comment_id": "7503267704901747478",
            "_username": "armani_anaser",
            "_nickname": "⚜️Armani⚜️",
            "_comment": "freesamples",
            "_create_time": "2025-05-11T20:10:55",
            "_avatar": "https://p16-common-sign-useast2a.tiktokcdn-us.com/tos-useast2a-avt-0068-giso/d434b474cb478201ee43d562cae13590~tplv-tiktokx-cropcenter:100:100.jpg?dr=9640&refresh_token=d00ac86a&x-expires=1756281600&x-signature=Kl6zg%2FKRZlhRslJ%2B251nZc6LAHY%3D&t=4d5b0474&ps=13740610&shp=30310797&shcp=ff37627b&idc=useast5",
            "_total_reply": 0,
            "_replies": []
        },
        {
            "_comment_id": "7481716836498342676",
            "_username": "xsa.6710",
            "_nickname": "qooqi",
            "_comment": "Iam in love😍",
            "_create_time": "2025-03-14T17:22:43",
            "_avatar": "https://p16-common-sign-sg.tiktokcdn-us.com/tos-alisg-avt-0068/cb16743e663b7c43c0ab4ad08be5753d~tplv-tiktokx-cropcenter:100:100.jpg?dr=9640&refresh_token=bd562fa7&x-expires=1756281600&x-signature=ycQnAU1PCAeSwqArJtzLtkeWS8A%3D&t=4d5b0474&ps=13740610&shp=30310797&shcp=ff37627b&idc=useast5",
            "_total_reply": 2,
            "_replies": [
                {
                    "_comment_id": "7480065325057966881",
                    "_username": "lancome.official",
                    "_nickname": "Lancôme",
                    "_comment": "it's love at first sight",
                    "_create_time": "2025-03-15T11:26:14",
                    "_avatar": "https://p16-common-sign-va.tiktokcdn-us.com/tos-maliva-avt-0068/9424f6caa6a8781766ccf45ddf0a0a0d~tplv-tiktokx-cropcenter:100:100.jpg?dr=9640&refresh_token=2d0d7041&x-expires=1756281600&x-signature=6RRh0sV%2BMiFopbDnto6in1a21L8%3D&t=4d5b0474&ps=13740610&shp=30310797&shcp=ff37627b&idc=useast5",
                    "_total_reply": null,
                    "_replies": []
                },
                {
                    "_comment_id": "7482023560799388436",
                    "_username": "xsa.6710",
                    "_nickname": "qooqi",
                    "_comment": "YESS!!!",
                    "_create_time": "2025-03-15T13:12:56",
                    "_avatar": "https://p16-common-sign-sg.tiktokcdn-us.com/tos-alisg-avt-0068/cb16743e663b7c43c0ab4ad08be5753d~tplv-tiktokx-cropcenter:100:100.jpg?dr=9640&refresh_token=bd562fa7&x-expires=1756281600&x-signature=ycQnAU1PCAeSwqArJtzLtkeWS8A%3D&t=4d5b0474&ps=13740610&shp=30310797&shcp=ff37627b&idc=useast5",
                    "_total_reply": null,
                    "_replies": []
                }
            ]
        },
        {
            "_comment_id": "7481699792155394824",
            "_username": "ifraindontpourandsundont",
            "_nickname": "rain✪⚓︎(spilled)",
            "_comment": "there isn't even 8 letters in Lancome but they always eat",
            "_create_time": "2025-03-14T16:16:30",
            "_avatar": "https://p19-common-sign-sg.tiktokcdn-us.com/tos-alisg-avt-0068/944b707aba6e6644cafc789eb6fb7a9a~tplv-tiktokx-cropcenter:100:100.jpg?dr=9640&refresh_token=f39ecb46&x-expires=1756281600&x-signature=Sjcajs4TvQ2Ihds3RGv59VuRg%2Fs%3D&t=4d5b0474&ps=13740610&shp=30310797&shcp=ff37627b&idc=useast5",
            "_total_reply": 1,
            "_replies": [
                {
                    "_comment_id": "7480554035243008800",
                    "_username": "lancome.official",
                    "_nickname": "Lancôme",
                    "_comment": "and we leave no crumbs 🤭",
                    "_create_time": "2025-03-15T11:12:39",
                    "_avatar": "https://p16-common-sign-va.tiktokcdn-us.com/tos-maliva-avt-0068/9424f6caa6a8781766ccf45ddf0a0a0d~tplv-tiktokx-cropcenter:100:100.jpg?dr=9640&refresh_token=2d0d7041&x-expires=1756281600&x-signature=6RRh0sV%2BMiFopbDnto6in1a21L8%3D&t=4d5b0474&ps=13740610&shp=30310797&shcp=ff37627b&idc=useast5",
                    "_total_reply": null,
                    "_replies": []
                }
            ]
        },
        {
            "_comment_id": "7481729836575671046",
            "_username": "jana_saurus",
            "_nickname": "Јана?",
            "_comment": "Pleaseee tell oliviaaa i love her so so muchh💜💜💜",
            "_create_time": "2025-03-14T18:13:23",
            "_avatar": "https://p16-common-sign-va.tiktokcdn-us.com/tos-maliva-avt-0068/d0b70185c9cafee4ddca23e1f3a5009c~tplv-tiktokx-cropcenter:100:100.jpg?dr=9640&refresh_token=8c8ff544&x-expires=1756281600&x-signature=dq2%2FXI2tbEX7cHa%2BShUUk4ak%2Bwo%3D&t=4d5b0474&ps=13740610&shp=30310797&shcp=ff37627b&idc=useast5",
            "_total_reply": 5,
            "_replies": [
                {
                    "_comment_id": "7479050920035549985",
                    "_username": "lancome.official",
                    "_nickname": "Lancôme",
                    "_comment": "okay 🥰",
                    "_create_time": "2025-03-15T11:27:24",
                    "_avatar": "https://p16-common-sign-va.tiktokcdn-us.com/tos-maliva-avt-0068/9424f6caa6a8781766ccf45ddf0a0a0d~tplv-tiktokx-cropcenter:100:100.jpg?dr=9640&refresh_token=2d0d7041&x-expires=1756281600&x-signature=6RRh0sV%2BMiFopbDnto6in1a21L8%3D&t=4d5b0474&ps=13740610&shp=30310797&shcp=ff37627b&idc=useast5",
                    "_total_reply": null,
                    "_replies": []
                },
                {
                    "_comment_id": "7482015713125958406",
                    "_username": "jana_saurus",
                    "_nickname": "Јана?",
                    "_comment": "Omgggg💜💜💜 u replied loveee uu💜",
                    "_create_time": "2025-03-15T12:42:43",
                    "_avatar": "https://p16-common-sign-va.tiktokcdn-us.com/tos-maliva-avt-0068/d0b70185c9cafee4ddca23e1f3a5009c~tplv-tiktokx-cropcenter:100:100.jpg?dr=9640&refresh_token=8c8ff544&x-expires=1756281600&x-signature=dq2%2FXI2tbEX7cHa%2BShUUk4ak%2Bwo%3D&t=4d5b0474&ps=13740610&shp=30310797&shcp=ff37627b&idc=useast5",
                    "_total_reply": null,
                    "_replies": []
                },
                {
                    "_comment_id": "7482015897345295109",
                    "_username": "jana_saurus",
                    "_nickname": "Јана?",
                    "_comment": "Imm literally framing this in my room",
                    "_create_time": "2025-03-15T12:43:48",
                    "_avatar": "https://p16-common-sign-va.tiktokcdn-us.com/tos-maliva-avt-0068/d0b70185c9cafee4ddca23e1f3a5009c~tplv-tiktokx-cropcenter:100:100.jpg?dr=9640&refresh_token=8c8ff544&x-expires=1756281600&x-signature=dq2%2FXI2tbEX7cHa%2BShUUk4ak%2Bwo%3D&t=4d5b0474&ps=13740610&shp=30310797&shcp=ff37627b&idc=useast5",
                    "_total_reply": null,
                    "_replies": []
                },
                {
                    "_comment_id": "7480579586477687584",
                    "_username": "lancome.official",
                    "_nickname": "Lancôme",
                    "_comment": "awww, love you 💜",
                    "_create_time": "2025-03-16T10:24:35",
                    "_avatar": "https://p16-common-sign-va.tiktokcdn-us.com/tos-maliva-avt-0068/9424f6caa6a8781766ccf45ddf0a0a0d~tplv-tiktokx-cropcenter:100:100.jpg?dr=9640&refresh_token=2d0d7041&x-expires=1756281600&x-signature=6RRh0sV%2BMiFopbDnto6in1a21L8%3D&t=4d5b0474&ps=13740610&shp=30310797&shcp=ff37627b&idc=useast5",
                    "_total_reply": null,
                    "_replies": []
                },
                {
                    "_comment_id": "7482352053945058054",
                    "_username": "jana_saurus",
                    "_nickname": "Јана?",
                    "_comment": "Waittt whatt u replieddd againnn💜💜",
                    "_create_time": "2025-03-16T10:28:15",
                    "_avatar": "https://p16-common-sign-va.tiktokcdn-us.com/tos-maliva-avt-0068/d0b70185c9cafee4ddca23e1f3a5009c~tplv-tiktokx-cropcenter:100:100.jpg?dr=9640&refresh_token=8c8ff544&x-expires=1756281600&x-signature=dq2%2FXI2tbEX7cHa%2BShUUk4ak%2Bwo%3D&t=4d5b0474&ps=13740610&shp=30310797&shcp=ff37627b&idc=useast5",
                    "_total_reply": null,
                    "_replies": []
                }
            ]
        },
        {
            "_comment_id": "7481699594684105494",
            "_username": "percy.jackson23.12",
            "_nickname": "percy jackson 🌊🐬💿",
            "_comment": "hii tell olivia she is the best singer in the world 💜💜💜💜💜💜💜💜💜💜💜💜💜💜💜💜💜💜💜",
            "_create_time": "2025-03-14T16:15:50",
            "_avatar": "https://p16-common-sign-va.tiktokcdn-us.com/tos-maliva-avt-0068/bf7e0e4f854cd933f578c8ab9c380bc6~tplv-tiktokx-cropcenter:100:100.jpg?dr=9640&refresh_token=1c2d4d71&x-expires=1756281600&x-signature=jc3P6SyQhBKEYAbvmjhi7RqJBVA%3D&t=4d5b0474&ps=13740610&shp=30310797&shcp=ff37627b&idc=useast5",
            "_total_reply": 5,
            "_replies": [
                {
                    "_comment_id": "7481699874351104789",
                    "_username": "ifraindontpourandsundont",
                    "_nickname": "rain✪⚓︎(spilled)",
                    "_comment": "TWINNING 💜",
                    "_create_time": "2025-03-14T16:16:50",
                    "_avatar": "https://p16-common-sign-sg.tiktokcdn-us.com/tos-alisg-avt-0068/944b707aba6e6644cafc789eb6fb7a9a~tplv-tiktokx-cropcenter:100:100.jpg?dr=9640&refresh_token=474d0177&x-expires=1756281600&x-signature=uCCuEy801BYLd2XYMx0jHNbBFeY%3D&t=4d5b0474&ps=13740610&shp=30310797&shcp=ff37627b&idc=useast5",
                    "_total_reply": null,
                    "_replies": []
                },
                {
                    "_comment_id": "7481699961638322966",
                    "_username": "percy.jackson23.12",
                    "_nickname": "percy jackson 🌊🐬💿",
                    "_comment": "YASSSSS",
                    "_create_time": "2025-03-14T16:17:07",
                    "_avatar": "https://p16-common-sign-va.tiktokcdn-us.com/tos-maliva-avt-0068/bf7e0e4f854cd933f578c8ab9c380bc6~tplv-tiktokx-cropcenter:100:100.jpg?dr=9640&refresh_token=1c2d4d71&x-expires=1756281600&x-signature=jc3P6SyQhBKEYAbvmjhi7RqJBVA%3D&t=4d5b0474&ps=13740610&shp=30310797&shcp=ff37627b&idc=useast5",
                    "_total_reply": null,
                    "_replies": []
                },
                {
                    "_comment_id": "7481699946720346902",
                    "_username": "percy.jackson23.12",
                    "_nickname": "percy jackson 🌊🐬💿",
                    "_comment": "💜💜",
                    "_create_time": "2025-03-14T16:17:13",
                    "_avatar": "https://p16-common-sign-va.tiktokcdn-us.com/tos-maliva-avt-0068/bf7e0e4f854cd933f578c8ab9c380bc6~tplv-tiktokx-cropcenter:100:100.jpg?dr=9640&refresh_token=1c2d4d71&x-expires=1756281600&x-signature=jc3P6SyQhBKEYAbvmjhi7RqJBVA%3D&t=4d5b0474&ps=13740610&shp=30310797&shcp=ff37627b&idc=useast5",
                    "_total_reply": null,
                    "_replies": []
                },
                {
                    "_comment_id": "7481702229944271636",
                    "_username": "ifraindontpourandsundont",
                    "_nickname": "rain✪⚓︎(spilled)",
                    "_comment": "YIPPEE",
                    "_create_time": "2025-03-14T16:26:08",
                    "_avatar": "https://p16-common-sign-sg.tiktokcdn-us.com/tos-alisg-avt-0068/944b707aba6e6644cafc789eb6fb7a9a~tplv-tiktokx-cropcenter:100:100.jpg?dr=9640&refresh_token=474d0177&x-expires=1756281600&x-signature=uCCuEy801BYLd2XYMx0jHNbBFeY%3D&t=4d5b0474&ps=13740610&shp=30310797&shcp=ff37627b&idc=useast5",
                    "_total_reply": null,
                    "_replies": []
                },
                {
                    "_comment_id": "7481736758043788054",
                    "_username": "percy.jackson23.12",
                    "_nickname": "percy jackson 🌊🐬💿",
                    "_comment": "💜💜",
                    "_create_time": "2025-03-14T18:40:02",
                    "_avatar": "https://p16-common-sign-va.tiktokcdn-us.com/tos-maliva-avt-0068/bf7e0e4f854cd933f578c8ab9c380bc6~tplv-tiktokx-cropcenter:100:100.jpg?dr=9640&refresh_token=1c2d4d71&x-expires=1756281600&x-signature=jc3P6SyQhBKEYAbvmjhi7RqJBVA%3D&t=4d5b0474&ps=13740610&shp=30310797&shcp=ff37627b&idc=useast5",
                    "_total_reply": null,
                    "_replies": []
                }
            ]
        },
        {
            "_comment_id": "7481792251459814166",
            "_username": "bring.2020.back.dance",
            "_nickname": "bring 2020 back!!!",
            "_comment": "sample plsss",
            "_create_time": "2025-03-14T22:15:20",
            "_avatar": "https://p19-common-sign-useast2a.tiktokcdn-us.com/tos-useast2a-avt-0068-euttp/86685671dfa0fdc20128af20a3aa5549~tplv-tiktokx-cropcenter:100:100.jpg?dr=9640&refresh_token=4a3764f4&x-expires=1756281600&x-signature=Uk%2FmV1E1iiaMcO7rlr1TF%2B9BUDw%3D&t=4d5b0474&ps=13740610&shp=30310797&shcp=ff37627b&idc=useast5",
            "_total_reply": 0,
            "_replies": []
        },
        {
            "_comment_id": "7481753176519443230",
            "_username": "jaleesajaikaran",
            "_nickname": "Jaleesa Jaikaran Pro MUA",
            "_comment": "That’s the size we need next 🤭😂",
            "_create_time": "2025-03-14T19:44:09",
            "_avatar": "https://p19-pu-sign-useast8.tiktokcdn-us.com/tos-useast8-avt-0068-tx2/a0cf7ef671c6222e0a61127f265abc49~tplv-tiktokx-cropcenter:100:100.jpg?dr=9640&refresh_token=2b0891e3&x-expires=1756281600&x-signature=wR%2BgsxQqUggtxT9JFJMz66NbNtc%3D&t=4d5b0474&ps=13740610&shp=30310797&shcp=ff37627b&idc=useast5",
            "_total_reply": 0,
            "_replies": []
        },
        {
            "_comment_id": "7482067116698059566",
            "_username": "postcardsfromabi",
            "_nickname": "Abi Grace",
            "_comment": "This is iconic ✨",
            "_create_time": "2025-03-15T16:02:16",
            "_avatar": "https://p16-pu-sign-useast8.tiktokcdn-us.com/tos-useast5-avt-0068-tx/f365d2bab08730051305a9d69887580d~tplv-tiktokx-cropcenter:100:100.jpg?dr=9640&refresh_token=e5f69e76&x-expires=1756281600&x-signature=r3CSy4tgZX4LYGcLXbJy64G3mo4%3D&t=4d5b0474&ps=13740610&shp=30310797&shcp=ff37627b&idc=useast5",
            "_total_reply": 2,
            "_replies": [
                {
                    "_comment_id": "7480497595102872353",
                    "_username": "lancome.official",
                    "_nickname": "Lancôme",
                    "_comment": "totally 💅 ❤️",
                    "_create_time": "2025-03-16T12:02:57",
                    "_avatar": "https://p16-common-sign-va.tiktokcdn-us.com/tos-maliva-avt-0068/9424f6caa6a8781766ccf45ddf0a0a0d~tplv-tiktokx-cropcenter:100:100.jpg?dr=9640&refresh_token=2d0d7041&x-expires=1756281600&x-signature=6RRh0sV%2BMiFopbDnto6in1a21L8%3D&t=4d5b0474&ps=13740610&shp=30310797&shcp=ff37627b&idc=useast5",
                    "_total_reply": null,
                    "_replies": []
                },
                {
                    "_comment_id": "7482152392528888598",
                    "_username": "hibxh.h",
                    "_nickname": "hibah",
                    "_comment": "❤️",
                    "_create_time": "2025-03-15T21:32:47",
                    "_avatar": "https://p16-common-sign-va.tiktokcdn-us.com/tos-maliva-avt-0068/8d885b892814b61ae2ceaaf9f5195e98~tplv-tiktokx-cropcenter:100:100.jpg?dr=9640&refresh_token=4e3fe715&x-expires=1756281600&x-signature=GmUEHi3WKxiSiSm9uugdCIYzEFE%3D&t=4d5b0474&ps=13740610&shp=30310797&shcp=ff37627b&idc=useast5",
                    "_total_reply": null,
                    "_replies": []
                }
            ]
        },
        {
            "_comment_id": "7481806235522056982",
            "_username": "mollvlogss",
            "_nickname": "𝐦𝐨𝐥𝐥𝐢𝐞 💓",
            "_comment": "commenting to stay on sample tok please 🙏🏼",
            "_create_time": "2025-03-14T23:09:51",
            "_avatar": "https://p16-common-sign-va.tiktokcdn-us.com/tos-maliva-avt-0068/1d03e06ce8ddc62eda32c16c8b56976f~tplv-tiktokx-cropcenter:100:100.jpg?dr=9640&refresh_token=7cf4d688&x-expires=1756281600&x-signature=90zx%2Ff8C4gRpRm1HKWCewQEFYBg%3D&t=4d5b0474&ps=13740610&shp=30310797&shcp=ff37627b&idc=useast5",
            "_total_reply": 0,
            "_replies": []
        },
        {
            "_comment_id": "7481778396805841694",
            "_username": "jenzbeautystyle",
            "_nickname": "Jenzbeautystyle",
            "_comment": "my favorite mascara in waterproof 😍",
            "_create_time": "2025-03-14T21:21:52",
            "_avatar": "https://p16-pu-sign-useast8.tiktokcdn-us.com/tos-useast5-avt-0068-tx/7351537868034506794~tplv-tiktokx-cropcenter:100:100.jpg?dr=9640&refresh_token=416c356a&x-expires=1756281600&x-signature=v6PGXi0WIiX9m0nRMASUwmhvEhQ%3D&t=4d5b0474&ps=13740610&shp=30310797&shcp=ff37627b&idc=useast5",
            "_total_reply": 0,
            "_replies": []
        },
        {
            "_comment_id": "7481720055916806942",
            "_username": "sepibeauty",
            "_nickname": "SEPIBEAUTY",
            "_comment": "OHMG I wish I have that big mascara ♥️♥️♥️♥️♥️♥️",
            "_create_time": "2025-03-14T17:35:43",
            "_avatar": "https://p19-pu-sign-useast8.tiktokcdn-us.com/tos-useast8-avt-0068-tx2/9c9a53310c27848214db668f7df8fa31~tplv-tiktokx-cropcenter:100:100.jpg?dr=9640&refresh_token=2773f74f&x-expires=1756281600&x-signature=U2vJua0AcJvB3VNgjFwFUfEsQuY%3D&t=4d5b0474&ps=13740610&shp=30310797&shcp=ff37627b&idc=useast5",
            "_total_reply": 1,
            "_replies": [
                {
                    "_comment_id": "7479388983412212513",
                    "_username": "lancome.official",
                    "_nickname": "Lancôme",
                    "_comment": "Hehehe 🤭 ❤️",
                    "_create_time": "2025-03-15T11:18:53",
                    "_avatar": "https://p16-common-sign-va.tiktokcdn-us.com/tos-maliva-avt-0068/9424f6caa6a8781766ccf45ddf0a0a0d~tplv-tiktokx-cropcenter:100:100.jpg?dr=9640&refresh_token=2d0d7041&x-expires=1756281600&x-signature=6RRh0sV%2BMiFopbDnto6in1a21L8%3D&t=4d5b0474&ps=13740610&shp=30310797&shcp=ff37627b&idc=useast5",
                    "_total_reply": null,
                    "_replies": []
                }
            ]
        },
        {
            "_comment_id": "7481839317351367454",
            "_username": "shirleybinot",
            "_nickname": "SHIRLEY 49 Beauty Fashion",
            "_comment": "I love 😆this big mascara. If I had one in this size at home. All my problems would be solved",
            "_create_time": "2025-03-15T01:18:09",
            "_avatar": "https://p19-pu-sign-useast8.tiktokcdn-us.com/tos-useast8-avt-0068-tx2/21a2dd9d5323abe8a9ef78f93c9d7da2~tplv-tiktokx-cropcenter:100:100.jpg?dr=9640&refresh_token=4c66e81f&x-expires=1756281600&x-signature=%2FC0ADQWJeWBSbKr19JjoG5qANAU%3D&t=4d5b0474&ps=13740610&shp=30310797&shcp=ff37627b&idc=useast5",
            "_total_reply": 0,
            "_replies": []
        },
        {
            "_comment_id": "7481763332379788078",
            "_username": "siadietz",
            "_nickname": "Sia Dietz",
            "_comment": "NEEEED😍",
            "_create_time": "2025-03-14T20:23:14",
            "_avatar": "https://p19-common-sign-va.tiktokcdn-us.com/tos-maliva-avt-0068/7318249727702204421~tplv-tiktokx-cropcenter:100:100.jpg?dr=9640&refresh_token=32dc2390&x-expires=1756281600&x-signature=mm5dkl7piWNXE%2FMj6w80mJGvIVI%3D&t=4d5b0474&ps=13740610&shp=30310797&shcp=ff37627b&idc=useast5",
            "_total_reply": 1,
            "_replies": [
                {
                    "_comment_id": "7479055367163724576",
                    "_username": "lancome.official",
                    "_nickname": "Lancôme",
                    "_comment": "Time to get yours 🥰",
                    "_create_time": "2025-03-15T11:33:28",
                    "_avatar": "https://p16-common-sign-va.tiktokcdn-us.com/tos-maliva-avt-0068/9424f6caa6a8781766ccf45ddf0a0a0d~tplv-tiktokx-cropcenter:100:100.jpg?dr=9640&refresh_token=2d0d7041&x-expires=1756281600&x-signature=6RRh0sV%2BMiFopbDnto6in1a21L8%3D&t=4d5b0474&ps=13740610&shp=30310797&shcp=ff37627b&idc=useast5",
                    "_total_reply": null,
                    "_replies": []
                }
            ]
        },
        {
            "_comment_id": "7481720065239352119",
            "_username": "julzxcollection",
            "_nickname": "JULES 🤍",
            "_comment": "I needddd 🥺",
            "_create_time": "2025-03-14T17:35:18",
            "_avatar": "https://p19-common-sign-va.tiktokcdn-us.com/tos-maliva-avt-0068/954c8ea1e9dd7446b63746f08866546c~tplv-tiktokx-cropcenter:100:100.jpg?dr=9640&refresh_token=eca0b23a&x-expires=1756281600&x-signature=j9GL1N3Zt7Ig5in9Qj1CCvjrS%2BI%3D&t=4d5b0474&ps=13740610&shp=30310797&shcp=ff37627b&idc=useast5",
            "_total_reply": 1,
            "_replies": [
                {
                    "_comment_id": "7478593829420401440",
                    "_username": "lancome.official",
                    "_nickname": "Lancôme",
                    "_comment": "run, don't walk",
                    "_create_time": "2025-03-15T11:24:36",
                    "_avatar": "https://p16-common-sign-va.tiktokcdn-us.com/tos-maliva-avt-0068/9424f6caa6a8781766ccf45ddf0a0a0d~tplv-tiktokx-cropcenter:100:100.jpg?dr=9640&refresh_token=2d0d7041&x-expires=1756281600&x-signature=6RRh0sV%2BMiFopbDnto6in1a21L8%3D&t=4d5b0474&ps=13740610&shp=30310797&shcp=ff37627b&idc=useast5",
                    "_total_reply": null,
                    "_replies": []
                }
            ]
        },
        {
            "_comment_id": "7481699653015864110",
            "_username": "ranialiviesversion",
            "_nickname": "🌷𝓻𝓪𝓷𝓲🌷",
            "_comment": "Hey! I just bought ur mascara cause I saw Olivia! Please tell her I love her sm and say hi!💜",
            "_create_time": "2025-03-14T16:16:33",
            "_avatar": "https://p19-sign.tiktokcdn-us.com/tos-useast5-avt-0068-tx/d94677c78c4e159283a8f0f5d02cee64~tplv-tiktokx-cropcenter:100:100.jpg?dr=9640&refresh_token=bd58e3ff&x-expires=1756281600&x-signature=n25L65NgJh0D4c7PDclzWIADKAU%3D&t=4d5b0474&ps=13740610&shp=30310797&shcp=ff37627b&idc=useast5",
            "_total_reply": 1,
            "_replies": [
                {
                    "_comment_id": "7478588504495702817",
                    "_username": "lancome.official",
                    "_nickname": "Lancôme",
                    "_comment": "we will 🤗 💜",
                    "_create_time": "2025-03-15T10:44:01",
                    "_avatar": "https://p16-common-sign-va.tiktokcdn-us.com/tos-maliva-avt-0068/9424f6caa6a8781766ccf45ddf0a0a0d~tplv-tiktokx-cropcenter:100:100.jpg?dr=9640&refresh_token=2d0d7041&x-expires=1756281600&x-signature=6RRh0sV%2BMiFopbDnto6in1a21L8%3D&t=4d5b0474&ps=13740610&shp=30310797&shcp=ff37627b&idc=useast5",
                    "_total_reply": null,
                    "_replies": []
                }
            ]
        },
        {
            "_comment_id": "7481948963852927751",
            "_username": "olgabaileys.ugc",
            "_nickname": "Olga💄UGC Creator📹 Australia",
            "_comment": "Wow!!! That’s great!!!",
            "_create_time": "2025-03-15T08:23:31",
            "_avatar": "https://p16-common-sign-sg.tiktokcdn-us.com/tos-alisg-avt-0068/1e868c25e3bb4edc076147c92d5fbc45~tplv-tiktokx-cropcenter:100:100.jpg?dr=9640&refresh_token=8b1e312f&x-expires=1756281600&x-signature=fLjh9SL3yMtc2D67Pdg99b%2Bkqm8%3D&t=4d5b0474&ps=13740610&shp=30310797&shcp=ff37627b&idc=useast5",
            "_total_reply": 1,
            "_replies": [
                {
                    "_comment_id": "7479100707287876384",
                    "_username": "lancome.official",
                    "_nickname": "Lancôme",
                    "_comment": "thanks 🥰",
                    "_create_time": "2025-03-15T11:52:06",
                    "_avatar": "https://p16-common-sign-va.tiktokcdn-us.com/tos-maliva-avt-0068/9424f6caa6a8781766ccf45ddf0a0a0d~tplv-tiktokx-cropcenter:100:100.jpg?dr=9640&refresh_token=2d0d7041&x-expires=1756281600&x-signature=6RRh0sV%2BMiFopbDnto6in1a21L8%3D&t=4d5b0474&ps=13740610&shp=30310797&shcp=ff37627b&idc=useast5",
                    "_total_reply": null,
                    "_replies": []
                }
            ]
        },
        {
            "_comment_id": "7481699335219921686",
            "_username": "amir._.cmoi",
            "_nickname": "A M I R🇵🇸🇩🇿",
            "_comment": "First",
            "_create_time": "2025-03-14T16:14:47",
            "_avatar": "https://p16-common-sign-va.tiktokcdn-us.com/tos-maliva-avt-0068/533bbc6a968be89efa67cf292420026f~tplv-tiktokx-cropcenter:100:100.jpg?dr=9640&refresh_token=ec0b5818&x-expires=1756281600&x-signature=XdOwK8rWf%2FhcFczMWPACA5YO98o%3D&t=4d5b0474&ps=13740610&shp=30310797&shcp=ff37627b&idc=useast5",
            "_total_reply": 0,
            "_replies": []
        },
        {
            "_comment_id": "7485445157136925448",
            "_username": "bavarilee",
            "_nickname": "Bavari Lee",
            "_comment": "My best mascara ever .. any women with short thin eyelashes must have ❤️",
            "_create_time": "2025-03-24T18:30:39",
            "_avatar": "https://p16-common-sign-sg.tiktokcdn-us.com/tos-alisg-avt-0068/52053800925c0d3ff16887bee1aa1ee5~tplv-tiktokx-cropcenter:100:100.jpg?dr=9640&refresh_token=90623bb8&x-expires=1756281600&x-signature=E0JlbmVuBHoffAt0tGpZHf%2FpeQ8%3D&t=4d5b0474&ps=13740610&shp=30310797&shcp=ff37627b&idc=useast5",
            "_total_reply": 1,
            "_replies": [
                {
                    "_comment_id": "7485674533400298272",
                    "_username": "lancome.official",
                    "_nickname": "Lancôme",
                    "_comment": "We see no lies here 🤭❤️",
                    "_create_time": "2025-03-25T14:49:59",
                    "_avatar": "https://p16-common-sign-va.tiktokcdn-us.com/tos-maliva-avt-0068/9424f6caa6a8781766ccf45ddf0a0a0d~tplv-tiktokx-cropcenter:100:100.jpg?dr=9640&refresh_token=2d0d7041&x-expires=1756281600&x-signature=6RRh0sV%2BMiFopbDnto6in1a21L8%3D&t=4d5b0474&ps=13740610&shp=30310797&shcp=ff37627b&idc=useast5",
                    "_total_reply": null,
                    "_replies": []
                }
            ]
        },
        {
            "_comment_id": "7482521946548306710",
            "_username": "oliviaisyoursx",
            "_nickname": "olivia💕",
            "_comment": "sample x",
            "_create_time": "2025-03-16T21:26:52",
            "_avatar": "https://p16-common-sign-va.tiktokcdn-us.com/tos-maliva-avt-0068/2660a180b78bf280cb8867dbb24500a8~tplv-tiktokx-cropcenter:100:100.jpg?dr=9640&refresh_token=b8e15cd3&x-expires=1756281600&x-signature=MAPzuZR5zPG%2BTC7mBgr1RoscV3c%3D&t=4d5b0474&ps=13740610&shp=30310797&shcp=ff37627b&idc=useast5",
            "_total_reply": 0,
            "_replies": []
        },
        {
            "_comment_id": "7482570398828741398",
            "_username": "abeerkhafayad55",
            "_nickname": "abeerkhafayad55",
            "_comment": "sample 😍",
            "_create_time": "2025-03-17T00:35:27",
            "_avatar": "https://p19-common-sign-va.tiktokcdn-us.com/tos-maliva-avt-0068/4a3241b890ea8af6a87ef6fe46ddbcd5~tplv-tiktokx-cropcenter:100:100.jpg?dr=9640&refresh_token=128bb87c&x-expires=1756281600&x-signature=JgUvFVjv7nJVlTXDl%2BIBY4ZKCBY%3D&t=4d5b0474&ps=13740610&shp=30310797&shcp=ff37627b&idc=useast5",
            "_total_reply": 0,
            "_replies": []
        },
        {
            "_comment_id": "7493894194520687382",
            "_username": "pasando_rato",
            "_nickname": "esencia",
            "_comment": "woauu",
            "_create_time": "2025-04-16T13:56:54",
            "_avatar": "https://p16-common-sign-va.tiktokcdn-us.com/tos-maliva-avt-0068/06d4068a1f03d064baf07dd955c6442c~tplv-tiktokx-cropcenter:100:100.jpg?dr=9640&refresh_token=69f8041b&x-expires=1756281600&x-signature=R595NzJHuTNEHEIt3GtjvwX6ilk%3D&t=4d5b0474&ps=13740610&shp=30310797&shcp=ff37627b&idc=useast5",
            "_total_reply": 0,
            "_replies": []
        },
        {
            "_comment_id": "7482125179431355158",
            "_username": "jennievibcs00",
            "_nickname": "지수번니ꨄ☙✥",
            "_comment": "Where kan i find it?",
            "_create_time": "2025-03-15T19:47:10",
            "_avatar": "https://p19-common-sign-va.tiktokcdn-us.com/tos-maliva-avt-0068/0320f5c597b582da1a8160015b9c8c6d~tplv-tiktokx-cropcenter:100:100.jpg?dr=9640&refresh_token=0052dc0b&x-expires=1756281600&x-signature=1zb2PLyJ8UdyqOLT8yysN2K9AuQ%3D&t=4d5b0474&ps=13740610&shp=30310797&shcp=ff37627b&idc=useast5",
            "_total_reply": 0,
            "_replies": []
        },
        {
            "_comment_id": "7481718674241700630",
            "_username": "skyemarson",
            "_nickname": "skye 🧉🏄🏼‍♀️",
            "_comment": "Commenting to stay on sample tok ❤️",
            "_create_time": "2025-03-14T17:29:50",
            "_avatar": "https://p16-common-sign-va.tiktokcdn-us.com/tos-maliva-avt-0068/1dc48bdbf382304d09c9bc639360540e~tplv-tiktokx-cropcenter:100:100.jpg?dr=9640&refresh_token=116b202a&x-expires=1756281600&x-signature=HP%2Fm%2F8ig7CzE6Y10CN0FJrJLlj4%3D&t=4d5b0474&ps=13740610&shp=30310797&shcp=ff37627b&idc=useast5",
            "_total_reply": 0,
            "_replies": []
        },
        {
            "_comment_id": "7481722455070819114",
            "_username": "user59918211",
            "_nickname": "Madi",
            "_comment": "Obsessed!!!!",
            "_create_time": "2025-03-14T17:44:51",
            "_avatar": "https://p16-common-sign-va.tiktokcdn-us.com/tos-maliva-avt-0068/7326260988611821574~tplv-tiktokx-cropcenter:100:100.jpg?dr=9640&refresh_token=6a33b06a&x-expires=1756281600&x-signature=437TOeLn9VSKieAR2WqiLN%2BxSQk%3D&t=4d5b0474&ps=13740610&shp=30310797&shcp=ff37627b&idc=useast5",
            "_total_reply": 1,
            "_replies": [
                {
                    "_comment_id": "7480254601472574241",
                    "_username": "lancome.official",
                    "_nickname": "Lancôme",
                    "_comment": "so are we ❤️",
                    "_create_time": "2025-03-15T11:25:20",
                    "_avatar": "https://p16-common-sign-va.tiktokcdn-us.com/tos-maliva-avt-0068/9424f6caa6a8781766ccf45ddf0a0a0d~tplv-tiktokx-cropcenter:100:100.jpg?dr=9640&refresh_token=2d0d7041&x-expires=1756281600&x-signature=6RRh0sV%2BMiFopbDnto6in1a21L8%3D&t=4d5b0474&ps=13740610&shp=30310797&shcp=ff37627b&idc=useast5",
                    "_total_reply": null,
                    "_replies": []
                }
            ]
        },
        {
            "_comment_id": "7482882667728012054",
            "_username": "sasha_takethatdih",
            "_nickname": "Sasha",
            "_comment": "sample tok pretty please guys 💕💕",
            "_create_time": "2025-03-17T20:46:39",
            "_avatar": "https://p16-common-sign-va.tiktokcdn-us.com/tos-maliva-avt-0068/6b29b81a41b1cc63dae7dda5334354c2~tplv-tiktokx-cropcenter:100:100.jpg?dr=9640&refresh_token=0229269d&x-expires=1756281600&x-signature=yp7ES%2FgIKRtUHSKryyJC9GQsoNk%3D&t=4d5b0474&ps=13740610&shp=30310797&shcp=ff37627b&idc=useast5",
            "_total_reply": 0,
            "_replies": []
        },
        {
            "_comment_id": "7481824161620673311",
            "_username": "kinsleystanacc",
            "_nickname": "k 🤍💛",
            "_comment": "obsessed with this mascara !!!",
            "_create_time": "2025-03-15T00:19:30",
            "_avatar": "https://p16-pu-sign-useast8.tiktokcdn-us.com/tos-useast8-avt-0068-tx2/48d02dde494d38dbe850e5ab3f72e925~tplv-tiktokx-cropcenter:100:100.jpg?dr=9640&refresh_token=aea4e8a7&x-expires=1756281600&x-signature=Ghp24%2FX1Sy5GvIown03uf6JhXeg%3D&t=4d5b0474&ps=13740610&shp=30310797&shcp=ff37627b&idc=useast5",
            "_total_reply": 1,
            "_replies": [
                {
                    "_comment_id": "7480116340339573536",
                    "_username": "lancome.official",
                    "_nickname": "Lancôme",
                    "_comment": "totally obsession-worthy",
                    "_create_time": "2025-03-15T11:42:39",
                    "_avatar": "https://p16-common-sign-va.tiktokcdn-us.com/tos-maliva-avt-0068/9424f6caa6a8781766ccf45ddf0a0a0d~tplv-tiktokx-cropcenter:100:100.jpg?dr=9640&refresh_token=2d0d7041&x-expires=1756281600&x-signature=6RRh0sV%2BMiFopbDnto6in1a21L8%3D&t=4d5b0474&ps=13740610&shp=30310797&shcp=ff37627b&idc=useast5",
                    "_total_reply": null,
                    "_replies": []
                }
            ]
        },
        {
            "_comment_id": "7482009354972218142",
            "_username": "tagyoureit456",
            "_nickname": "Theresa",
            "_comment": "I'm on my way! 😍",
            "_create_time": "2025-03-15T12:18:23",
            "_avatar": "https://p16-common-sign-va.tiktokcdn-us.com/tos-maliva-avt-0068/ea7865d99f8410c0012e24364e1e9bb9~tplv-tiktokx-cropcenter:100:100.jpg?dr=9640&refresh_token=5a77d188&x-expires=1756281600&x-signature=%2BDa2g0pLJFIyvndQg7Futzxqq9o%3D&t=4d5b0474&ps=13740610&shp=30310797&shcp=ff37627b&idc=useast5",
            "_total_reply": 0,
            "_replies": []
        },
        {
            "_comment_id": "7483282573800604438",
            "_username": "isabeldida",
            "_nickname": "isabeldida",
            "_comment": "Wow😍",
            "_create_time": "2025-03-18T22:38:35",
            "_avatar": "https://p16-common-sign-va.tiktokcdn-us.com/tos-maliva-avt-0068/022162cc2744f68a415e986191cc3cb5~tplv-tiktokx-cropcenter:100:100.jpg?dr=9640&refresh_token=5e011f1e&x-expires=1756281600&x-signature=dmKaW9vlSX%2FvbBEPxXlrcTMJRdM%3D&t=4d5b0474&ps=13740610&shp=30310797&shcp=ff37627b&idc=useast5",
            "_total_reply": 0,
            "_replies": []
        },
        {
            "_comment_id": "7482099030022062878",
            "_username": "witneyshaw",
            "_nickname": "Witney Shaw",
            "_comment": "✨Iconic✨",
            "_create_time": "2025-03-15T18:05:53",
            "_avatar": "https://p16-pu-sign-useast8.tiktokcdn-us.com/tos-useast8-avt-0068-tx2/0ea58f0f01c665efbff756e2fa26db5f~tplv-tiktokx-cropcenter:100:100.jpg?dr=9640&refresh_token=41443dfd&x-expires=1756281600&x-signature=Tw4zZXn%2BVb%2BxzLMRWnUWb9%2Bc1HY%3D&t=4d5b0474&ps=13740610&shp=30310797&shcp=ff37627b&idc=useast5",
            "_total_reply": 0,
            "_replies": []
        },
        {
            "_comment_id": "7482115197822878486",
            "_username": "user6141013131857x",
            "_nickname": "𝓢𝓪𝓿𝓪𝓷𝓷𝓪𝓱 ✪",
            "_comment": "I GOT IT IM SO HAPPY💕",
            "_create_time": "2025-03-15T19:08:29",
            "_avatar": "https://p16-common-sign-va.tiktokcdn-us.com/tos-maliva-avt-0068/7e8d8ce0177705621aa2150f3790d827~tplv-tiktokx-cropcenter:100:100.jpg?dr=9640&refresh_token=fb1f7ab4&x-expires=1756281600&x-signature=d8PfTBpvYwcFR55grhJf%2BP2P%2FNU%3D&t=4d5b0474&ps=13740610&shp=30310797&shcp=ff37627b&idc=useast5",
            "_total_reply": 1,
            "_replies": [
                {
                    "_comment_id": "7480155456137478944",
                    "_username": "lancome.official",
                    "_nickname": "Lancôme",
                    "_comment": "and that makes us so happy 🥰",
                    "_create_time": "2025-03-16T12:28:50",
                    "_avatar": "https://p19-common-sign-va.tiktokcdn-us.com/tos-maliva-avt-0068/9424f6caa6a8781766ccf45ddf0a0a0d~tplv-tiktokx-cropcenter:100:100.jpg?dr=9640&refresh_token=4e732867&x-expires=1756281600&x-signature=5PN4EHVgtRvUll6IF2OIT9lcCWk%3D&t=4d5b0474&ps=13740610&shp=30310797&shcp=ff37627b&idc=useast5",
                    "_total_reply": null,
                    "_replies": []
                }
            ]
        },
        {
            "_comment_id": "7500290304937247510",
            "_username": "raul.garcia.duran7",
            "_nickname": "Raul Garcia Duran",
            "_comment": "Me encanta!!",
            "_create_time": "2025-05-03T19:37:07",
            "_avatar": "https://p16-common-sign-va.tiktokcdn-us.com/tos-maliva-avt-0068/12d1438002268e946b81d5ba3d89a22e~tplv-tiktokx-cropcenter:100:100.jpg?dr=9640&refresh_token=8813d8fe&x-expires=1756281600&x-signature=yKsIdfUk25nHtTtXTisfNbO8vFg%3D&t=4d5b0474&ps=13740610&shp=30310797&shcp=ff37627b&idc=useast5",
            "_total_reply": 0,
            "_replies": []
        },
        {
            "_comment_id": "7486236794331185942",
            "_username": "kasienkadul",
            "_nickname": "Kasia Sieńko Dul",
            "_comment": "Love this ❤️",
            "_create_time": "2025-03-26T21:42:21",
            "_avatar": "https://p16-common-sign-va.tiktokcdn-us.com/tos-maliva-avt-0068/9135ab7db630f5b61cdc9293bd19aa28~tplv-tiktokx-cropcenter:100:100.jpg?dr=9640&refresh_token=50c9a348&x-expires=1756281600&x-signature=3Sm5ui5Tpp%2F7gpKlVvl0i3FPsXU%3D&t=4d5b0474&ps=13740610&shp=30310797&shcp=ff37627b&idc=useast5",
            "_total_reply": 0,
            "_replies": []
        },
        {
            "_comment_id": "7490902324601291542",
            "_username": "kaur__sandy__0001",
            "_nickname": "SKaur🥰",
            "_comment": "Sample",
            "_create_time": "2025-04-08T12:26:57",
            "_avatar": "https://p16-common-sign-useast2a.tiktokcdn-us.com/tos-useast2a-avt-0068-euttp/e4eed9da071e8b6704954f4151018719~tplv-tiktokx-cropcenter:100:100.jpg?dr=9640&refresh_token=5387865e&x-expires=1756281600&x-signature=3SIU80VeUf2Mnrw8Mocil%2BMVdHU%3D&t=4d5b0474&ps=13740610&shp=30310797&shcp=ff37627b&idc=useast5",
            "_total_reply": 0,
            "_replies": []
        },
        {
            "_comment_id": "7481721456251650859",
            "_username": "sadianaqshbandi",
            "_nickname": "Sadia",
            "_comment": "OMGG",
            "_create_time": "2025-03-14T17:40:56",
            "_avatar": "https://p16-pu-sign-useast8.tiktokcdn-us.com/tos-useast8-avt-0068-tx2/cb504678745dff7065a9c9670fcb167a~tplv-tiktokx-cropcenter:100:100.jpg?dr=9640&refresh_token=403f7575&x-expires=1756281600&x-signature=m3244boAqYP1KmMN%2FjBExEcwdK8%3D&t=4d5b0474&ps=13740610&shp=30310797&shcp=ff37627b&idc=useast5",
            "_total_reply": 0,
            "_replies": []
        },
        {
            "_comment_id": "7481744543253070614",
            "_username": "amarachi.celestin",
            "_nickname": "Amarachi Celestina",
            "_comment": "lovely",
            "_create_time": "2025-03-14T19:10:10",
            "_avatar": "https://p16-common-sign-useast2a.tiktokcdn-us.com/tos-useast2a-avt-0068-euttp/7266832678194774049~tplv-tiktokx-cropcenter:100:100.jpg?dr=9640&refresh_token=1536b948&x-expires=1756281600&x-signature=ree5UmZG2t6rG2GHDS3OwUcaJ7o%3D&t=4d5b0474&ps=13740610&shp=30310797&shcp=ff37627b&idc=useast5",
            "_total_reply": 0,
            "_replies": []
        },
        {
            "_comment_id": "7481747259731641110",
            "_username": "mitchthemommy",
            "_nickname": "Michelle Lynch",
            "_comment": "please make it in this size",
            "_create_time": "2025-03-14T19:20:43",
            "_avatar": "https://p16-common-sign-useast2a.tiktokcdn-us.com/tos-useast2a-avt-0068-euttp/6920f07878d573199beb7ecf33571583~tplv-tiktokx-cropcenter:100:100.jpg?dr=9640&refresh_token=f935d486&x-expires=1756281600&x-signature=MmR0vJ3LEheUoxoFQWPFNfpa29U%3D&t=4d5b0474&ps=13740610&shp=30310797&shcp=ff37627b&idc=useast5",
            "_total_reply": 1,
            "_replies": [
                {
                    "_comment_id": "7479954706807276320",
                    "_username": "lancome.official",
                    "_nickname": "Lancôme",
                    "_comment": "taking notes ✍️",
                    "_create_time": "2025-03-15T11:31:27",
                    "_avatar": "https://p19-common-sign-va.tiktokcdn-us.com/tos-maliva-avt-0068/9424f6caa6a8781766ccf45ddf0a0a0d~tplv-tiktokx-cropcenter:100:100.jpg?dr=9640&refresh_token=4e732867&x-expires=1756281600&x-signature=5PN4EHVgtRvUll6IF2OIT9lcCWk%3D&t=4d5b0474&ps=13740610&shp=30310797&shcp=ff37627b&idc=useast5",
                    "_total_reply": null,
                    "_replies": []
                }
            ]
        },
        {
            "_comment_id": "7488320058129826590",
            "_username": "tania_ugc_creator",
            "_nickname": "Tania | UGC & Content Creator",
            "_comment": "Manifesting to be on your PR list one day 💕",
            "_create_time": "2025-04-01T12:26:51",
            "_avatar": "https://p19-pu-sign-useast8.tiktokcdn-us.com/tos-useast8-avt-0068-tx2/64f563c505e87d0ae2cf17799357cac4~tplv-tiktokx-cropcenter:100:100.jpg?dr=9640&refresh_token=0ba900df&x-expires=1756281600&x-signature=Vjo%2FxXkFCdEKSXxmD2qLG3Guuqk%3D&t=4d5b0474&ps=13740610&shp=30310797&shcp=ff37627b&idc=useast5",
            "_total_reply": 0,
            "_replies": []
        },
        {
            "_comment_id": "7483046794383344427",
            "_username": "hearteyes4coralinee",
            "_nickname": "emilia",
            "_comment": "MY FAVORITE MASCARAAAAA",
            "_create_time": "2025-03-18T07:25:42",
            "_avatar": "https://p19-sign.tiktokcdn-us.com/tos-useast5-avt-0068-tx/76e76fda9662fcad338887659b4f61cd~tplv-tiktokx-cropcenter:100:100.jpg?dr=9640&refresh_token=53a694c9&x-expires=1756281600&x-signature=QYb3%2F6d4SwTHgc8N4wJKbeHsE2Q%3D&t=4d5b0474&ps=13740610&shp=30310797&shcp=ff37627b&idc=useast5",
            "_total_reply": 0,
            "_replies": []
        },
        {
            "_comment_id": "7482529859887055638",
            "_username": "sanaa_mittal240",
            "_nickname": "s a n a a",
            "_comment": "sample please",
            "_create_time": "2025-03-16T21:57:42",
            "_avatar": "https://p16-common-sign-va.tiktokcdn-us.com/tos-maliva-avt-0068/764f86a24ed2e004d7f9c590c03123e7~tplv-tiktokx-cropcenter:100:100.jpg?dr=9640&refresh_token=b01598fb&x-expires=1756281600&x-signature=76e3fvVdj%2BL%2BVFuI5G46iahgG34%3D&t=4d5b0474&ps=13740610&shp=30310797&shcp=ff37627b&idc=useast5",
            "_total_reply": 0,
            "_replies": []
        },
        {
            "_comment_id": "7488453579817337622",
            "_username": "kasienkadul",
            "_nickname": "Kasia Sieńko Dul",
            "_comment": "Love❤️❤️❤️❤️it ❤️❤️❤️🔥🔥🔥🔥❤️❤️❤️❤️🔥🔥🔥",
            "_create_time": "2025-04-01T21:04:33",
            "_avatar": "https://p16-common-sign-va.tiktokcdn-us.com/tos-maliva-avt-0068/9135ab7db630f5b61cdc9293bd19aa28~tplv-tiktokx-cropcenter:100:100.jpg?dr=9640&refresh_token=50c9a348&x-expires=1756281600&x-signature=3Sm5ui5Tpp%2F7gpKlVvl0i3FPsXU%3D&t=4d5b0474&ps=13740610&shp=30310797&shcp=ff37627b&idc=useast5",
            "_total_reply": 0,
            "_replies": []
        },
        {
            "_comment_id": "7481704595041059590",
            "_username": "giu.corna_",
            "_nickname": "Gıuu",
            "_comment": "WHO'S MY LADY LIV?💘",
            "_create_time": "2025-03-14T16:35:37",
            "_avatar": "https://p16-common-sign-va.tiktokcdn-us.com/tos-maliva-avt-0068/93012ecaf87c755e58fc099233612a8d~tplv-tiktokx-cropcenter:100:100.jpg?dr=9640&refresh_token=0b554c4c&x-expires=1756281600&x-signature=DSd%2BDo8XmIHIgurssMUmCBk9SJ4%3D&t=4d5b0474&ps=13740610&shp=30310797&shcp=ff37627b&idc=useast5",
            "_total_reply": 0,
            "_replies": []
        },
        {
            "_comment_id": "7482927057710957334",
            "_username": "youbetsybelieveit",
            "_nickname": "🪼🪼🪼",
            "_comment": "need a sample of the mascara",
            "_create_time": "2025-03-17T23:39:10",
            "_avatar": "https://p16-common-sign-va.tiktokcdn-us.com/tos-maliva-avt-0068/f602efb7c07c2c6ef978699d72ec5b65~tplv-tiktokx-cropcenter:100:100.jpg?dr=9640&refresh_token=9057146b&x-expires=1756281600&x-signature=EAaNjtWU3sF035W14WKyNFS40PI%3D&t=4d5b0474&ps=13740610&shp=30310797&shcp=ff37627b&idc=useast5",
            "_total_reply": 0,
            "_replies": []
        },
        {
            "_comment_id": "7492037094417285910",
            "_username": "elliey1204",
            "_nickname": "ellie",
            "_comment": "Samplee",
            "_create_time": "2025-04-11T13:50:29",
            "_avatar": "https://p16-common-sign-va.tiktokcdn-us.com/tos-maliva-avt-0068/0b0f9a866e04e8b56330ac5ab405b1ce~tplv-tiktokx-cropcenter:100:100.jpg?dr=9640&refresh_token=7e656969&x-expires=1756281600&x-signature=ubrX1ungwg4QZ%2BzFzDCAYx48G84%3D&t=4d5b0474&ps=13740610&shp=30310797&shcp=ff37627b&idc=useast5",
            "_total_reply": 0,
            "_replies": []
        },
        {
            "_comment_id": "7482089478900679431",
            "_username": "oliviamainn789",
            "_nickname": "oliviamainn789",
            "_comment": "I NEED so bad does ulta actually reply",
            "_create_time": "2025-03-15T17:28:48",
            "_avatar": "https://p16-common-sign-va.tiktokcdn-us.com/tos-maliva-avt-0068/eda64681be345be8b6786db7565b1b6f~tplv-tiktokx-cropcenter:100:100.jpg?dr=9640&refresh_token=ec1fbe52&x-expires=1756281600&x-signature=l9lR3NtcNPP5FPSQKwGJsPfXhvA%3D&t=4d5b0474&ps=13740610&shp=30310797&shcp=ff37627b&idc=useast5",
            "_total_reply": 0,
            "_replies": []
        },
        {
            "_comment_id": "7482761106651792150",
            "_username": "__its_harriet__",
            "_nickname": "Harriet",
            "_comment": "The packaginggggff",
            "_create_time": "2025-03-17T12:55:10",
            "_avatar": "https://p16-common-sign-va.tiktokcdn-us.com/tos-maliva-avt-0068/deda19988fb8d1fcd4fc3501cd20c36c~tplv-tiktokx-cropcenter:100:100.jpg?dr=9640&refresh_token=b2000cbb&x-expires=1756281600&x-signature=5DP9HWrAZh3OMJ3HNiNXcW9c6vo%3D&t=4d5b0474&ps=13740610&shp=30310797&shcp=ff37627b&idc=useast5",
            "_total_reply": 0,
            "_replies": []
        },
        {
            "_comment_id": "7481699853477069590",
            "_username": "ninaaaaaadatbenik",
            "_nickname": "𝓃𝒾𝓃𝒶",
            "_comment": "EARLYY",
            "_create_time": "2025-03-14T16:16:52",
            "_avatar": "https://p16-common-sign-va.tiktokcdn-us.com/tos-maliva-avt-0068/2a41463436b1df85004634b7b1655ffe~tplv-tiktokx-cropcenter:100:100.jpg?dr=9640&refresh_token=9d6c78b9&x-expires=1756281600&x-signature=vE2e4BlPwyDcKUlB6wFKJWppH80%3D&t=4d5b0474&ps=13740610&shp=30310797&shcp=ff37627b&idc=useast5",
            "_total_reply": 0,
            "_replies": []
        },
        {
            "_comment_id": "7482147650508374815",
            "_username": "joanna4420",
            "_nickname": "Jo 🎀✨",
            "_comment": "I love this, my fav mascara!!!! Just made a video about it !",
            "_create_time": "2025-03-15T21:14:50",
            "_avatar": "https://p19-pu-sign-useast8.tiktokcdn-us.com/tos-useast8-avt-0068-tx2/b4e002e6f91d76cda7701196296f0c63~tplv-tiktokx-cropcenter:100:100.jpg?dr=9640&refresh_token=6152b085&x-expires=1756281600&x-signature=%2FDZ6xStCK4qjqp4fGmLoCDJnO6M%3D&t=4d5b0474&ps=13740610&shp=30310797&shcp=ff37627b&idc=useast5",
            "_total_reply": 0,
            "_replies": []
        },
        {
            "_comment_id": "7481722455070819114",
            "_username": "user59918211",
            "_nickname": "Madi",
            "_comment": "Obsessed!!!!",
            "_create_time": "2025-03-14T17:44:51",
            "_avatar": "https://p16-common-sign-va.tiktokcdn-us.com/tos-maliva-avt-0068/7326260988611821574~tplv-tiktokx-cropcenter:100:100.jpg?dr=9640&refresh_token=6a33b06a&x-expires=1756281600&x-signature=437TOeLn9VSKieAR2WqiLN%2BxSQk%3D&t=4d5b0474&ps=13740610&shp=30310797&shcp=ff37627b&idc=useast5",
            "_total_reply": 1,
            "_replies": [
                {
                    "_comment_id": "7480254601472574241",
                    "_username": "lancome.official",
                    "_nickname": "Lancôme",
                    "_comment": "so are we ❤️",
                    "_create_time": "2025-03-15T11:25:20",
                    "_avatar": "https://p16-common-sign-va.tiktokcdn-us.com/tos-maliva-avt-0068/9424f6caa6a8781766ccf45ddf0a0a0d~tplv-tiktokx-cropcenter:100:100.jpg?dr=9640&refresh_token=2d0d7041&x-expires=1756281600&x-signature=6RRh0sV%2BMiFopbDnto6in1a21L8%3D&t=4d5b0474&ps=13740610&shp=30310797&shcp=ff37627b&idc=useast5",
                    "_total_reply": null,
                    "_replies": []
                }
            ]
        },
        {
            "_comment_id": "7485445157136925448",
            "_username": "bavarilee",
            "_nickname": "Bavari Lee",
            "_comment": "My best mascara ever .. any women with short thin eyelashes must have ❤️",
            "_create_time": "2025-03-24T18:30:39",
            "_avatar": "https://p16-common-sign-sg.tiktokcdn-us.com/tos-alisg-avt-0068/52053800925c0d3ff16887bee1aa1ee5~tplv-tiktokx-cropcenter:100:100.jpg?dr=9640&refresh_token=90623bb8&x-expires=1756281600&x-signature=E0JlbmVuBHoffAt0tGpZHf%2FpeQ8%3D&t=4d5b0474&ps=13740610&shp=30310797&shcp=ff37627b&idc=useast5",
            "_total_reply": 1,
            "_replies": [
                {
                    "_comment_id": "7485674533400298272",
                    "_username": "lancome.official",
                    "_nickname": "Lancôme",
                    "_comment": "We see no lies here 🤭❤️",
                    "_create_time": "2025-03-25T14:49:59",
                    "_avatar": "https://p16-common-sign-va.tiktokcdn-us.com/tos-maliva-avt-0068/9424f6caa6a8781766ccf45ddf0a0a0d~tplv-tiktokx-cropcenter:100:100.jpg?dr=9640&refresh_token=2d0d7041&x-expires=1756281600&x-signature=6RRh0sV%2BMiFopbDnto6in1a21L8%3D&t=4d5b0474&ps=13740610&shp=30310797&shcp=ff37627b&idc=useast5",
                    "_total_reply": null,
                    "_replies": []
                }
            ]
        },
        {
            "_comment_id": "7482286594533196566",
            "_username": "ln907158",
            "_nickname": "🐙",
            "_comment": "Amazing 💕",
            "_create_time": "2025-03-16T06:14:12",
            "_avatar": "https://p16-common-sign-useast2a.tiktokcdn-us.com/tos-useast2a-avt-0068-euttp/3979da3a897be029ecbf1b9ef27f8767~tplv-tiktokx-cropcenter:100:100.jpg?dr=9640&refresh_token=c8beacb7&x-expires=1756281600&x-signature=U08xJZwNPLLkXkWTepCFFKbdv%2FQ%3D&t=4d5b0474&ps=13740610&shp=30310797&shcp=ff37627b&idc=useast5",
            "_total_reply": 0,
            "_replies": []
        },
        {
            "_comment_id": "7482162989602439958",
            "_username": "plaitanboy",
            "_nickname": "prahya",
            "_comment": "begging for a sample",
            "_create_time": "2025-03-15T22:14:02",
            "_avatar": "https://p16-common-sign-useast2a.tiktokcdn-us.com/tos-useast2a-avt-0068-euttp/aa1d6b996a2884cb957b0b976098fc51~tplv-tiktokx-cropcenter:100:100.jpg?dr=9640&refresh_token=6d229c8b&x-expires=1756281600&x-signature=TX6rLjRMIk1lVdpC3PvzOY3fFlU%3D&t=4d5b0474&ps=13740610&shp=30310797&shcp=ff37627b&idc=useast5",
            "_total_reply": 0,
            "_replies": []
        },
        {
            "_comment_id": "7482147650508374815",
            "_username": "joanna4420",
            "_nickname": "Jo 🎀✨",
            "_comment": "I love this, my fav mascara!!!! Just made a video about it !",
            "_create_time": "2025-03-15T21:14:50",
            "_avatar": "https://p19-pu-sign-useast8.tiktokcdn-us.com/tos-useast8-avt-0068-tx2/b4e002e6f91d76cda7701196296f0c63~tplv-tiktokx-cropcenter:100:100.jpg?dr=9640&refresh_token=6152b085&x-expires=1756281600&x-signature=%2FDZ6xStCK4qjqp4fGmLoCDJnO6M%3D&t=4d5b0474&ps=13740610&shp=30310797&shcp=ff37627b&idc=useast5",
            "_total_reply": 0,
            "_replies": []
        },
        {
            "_comment_id": "7481744543253070614",
            "_username": "amarachi.celestin",
            "_nickname": "Amarachi Celestina",
            "_comment": "lovely",
            "_create_time": "2025-03-14T19:10:10",
            "_avatar": "https://p16-common-sign-useast2a.tiktokcdn-us.com/tos-useast2a-avt-0068-euttp/7266832678194774049~tplv-tiktokx-cropcenter:100:100.jpg?dr=9640&refresh_token=1536b948&x-expires=1756281600&x-signature=ree5UmZG2t6rG2GHDS3OwUcaJ7o%3D&t=4d5b0474&ps=13740610&shp=30310797&shcp=ff37627b&idc=useast5",
            "_total_reply": 0,
            "_replies": []
        },
        {
            "_comment_id": "7494428824756683542",
            "_username": "aylinlovesmakeup",
            "_nickname": "🩷",
            "_comment": "😍😍😍",
            "_create_time": "2025-04-18T00:31:46",
            "_avatar": "https://p16-common-sign-va.tiktokcdn-us.com/tos-maliva-avt-0068/879243df4e907bc921aee6cd549610df~tplv-tiktokx-cropcenter:100:100.jpg?dr=9640&refresh_token=30d6f352&x-expires=1756281600&x-signature=rW3xVHzmOAYITXiMGjXTBD%2FptMs%3D&t=4d5b0474&ps=13740610&shp=30310797&shcp=ff37627b&idc=useast5",
            "_total_reply": 0,
            "_replies": []
        },
        {
            "_comment_id": "7481706122614227717",
            "_username": "fabicorleto",
            "_nickname": "Fabi Corleto",
            "_comment": "✨✨✨🤝🤝",
            "_create_time": "2025-03-14T16:41:21",
            "_avatar": "https://p16-common-sign-va.tiktokcdn-us.com/tos-maliva-avt-0068/a83163df3daa03a9a56e090fc77f6816~tplv-tiktokx-cropcenter:100:100.jpg?dr=9640&refresh_token=56844ffa&x-expires=1756281600&x-signature=t2sS6F16tH0uPVa%2FpRxBbhv9LAA%3D&t=4d5b0474&ps=13740610&shp=30310797&shcp=ff37627b&idc=useast5",
            "_total_reply": 0,
            "_replies": []
        },
        {
            "_comment_id": "7486013783073162006",
            "_username": "jessikaunfiltered",
            "_nickname": "JESSIKA",
            "_comment": "❤️",
            "_create_time": "2025-03-26T07:16:59",
            "_avatar": "https://p16-common-sign-va.tiktokcdn-us.com/tos-maliva-avt-0068/2f549947d209147fac246b02b2efe291~tplv-tiktokx-cropcenter:100:100.jpg?dr=9640&refresh_token=dd7baca8&x-expires=1756281600&x-signature=CKXuS2eTYQUq26hrDMTykfBL8hE%3D&t=4d5b0474&ps=13740610&shp=30310797&shcp=ff37627b&idc=useast5",
            "_total_reply": 0,
            "_replies": []
        },
        {
            "_comment_id": "7482130858759258902",
            "_username": "leighanne1987",
            "_nickname": "leighanne hall",
            "_comment": "😍",
            "_create_time": "2025-03-15T20:09:20",
            "_avatar": "https://p16-common-sign-va.tiktokcdn-us.com/tos-maliva-avt-0068/33bf9f2023e37fc207137fd63649e995~tplv-tiktokx-cropcenter:100:100.jpg?dr=9640&refresh_token=a9876425&x-expires=1756281600&x-signature=thHQ50YglG9L3qm3tAcwN6xglWY%3D&t=4d5b0474&ps=13740610&shp=30310797&shcp=ff37627b&idc=useast5",
            "_total_reply": 0,
            "_replies": []
        },
        {
            "_comment_id": "7499053998005486358",
            "_username": "sea2108",
            "_nickname": "SEA💙",
            "_comment": "❤️❤️",
            "_create_time": "2025-04-30T11:39:43",
            "_avatar": "https://p19-common-sign-va.tiktokcdn-us.com/tos-maliva-avt-0068/6c71247e7bcad0691e887682a51ca050~tplv-tiktokx-cropcenter:100:100.jpg?dr=9640&refresh_token=0f7e1f17&x-expires=1756281600&x-signature=kyg%2FgsWm2KwyUEyvQLPC5RZFPjk%3D&t=4d5b0474&ps=13740610&shp=30310797&shcp=ff37627b&idc=useast5",
            "_total_reply": 0,
            "_replies": []
        },
        {
            "_comment_id": "7485379111361463062",
            "_username": "usertiktok.18.2026",
            "_nickname": "bleh😝😈",
            "_comment": "🥰🥰🥰",
            "_create_time": "2025-03-24T14:14:11",
            "_avatar": "https://p16-common-sign-va.tiktokcdn-us.com/tos-maliva-avt-0068/e4d0e5db17543a38e51b2b50b818be33~tplv-tiktokx-cropcenter:100:100.jpg?dr=9640&refresh_token=6a95706f&x-expires=1756281600&x-signature=0dFRbQcw0XdVJF5Oh0504Bqc8%2Fo%3D&t=4d5b0474&ps=13740610&shp=30310797&shcp=ff37627b&idc=useast5",
            "_total_reply": 0,
            "_replies": []
        },
        {
            "_comment_id": "7483639602739708694",
            "_username": "undercover.acc.shhhhhhhh",
            "_nickname": "alice🌺",
            "_comment": "🥰🥰🥰",
            "_create_time": "2025-03-19T21:44:03",
            "_avatar": "https://p16-common-sign-va.tiktokcdn-us.com/tos-maliva-avt-0068/b922a864a2d0337442c0aafa9fbf96a7~tplv-tiktokx-cropcenter:100:100.jpg?dr=9640&refresh_token=5a63ae8c&x-expires=1756281600&x-signature=%2BqpH5JUwtkqkJd6GAENM%2FtyIZ5E%3D&t=4d5b0474&ps=13740610&shp=30310797&shcp=ff37627b&idc=useast5",
            "_total_reply": 0,
            "_replies": []
        },
        {
            "_comment_id": "7489549737124758274",
            "_username": "akisdabst",
            "_nickname": "akisdabst",
            "_comment": "😁",
            "_create_time": "2025-04-04T19:58:16",
            "_avatar": "https://p16-common-sign-useast2a.tiktokcdn-us.com/tos-useast2a-avt-0068-euttp/96584106326a188696e2b86a2b99251e~tplv-tiktokx-cropcenter:100:100.jpg?dr=9640&refresh_token=4cbf7d96&x-expires=1756281600&x-signature=Sdln5o9gWHErwqngLwZBN%2FjkjuY%3D&t=4d5b0474&ps=13740610&shp=30310797&shcp=ff37627b&idc=useast5",
            "_total_reply": 0,
            "_replies": []
        },
        {
            "_comment_id": "7482041405050438446",
            "_username": "ohitsmags",
            "_nickname": "Maggie",
            "_comment": "🤩✨",
            "_create_time": "2025-03-15T14:22:24",
            "_avatar": "https://p16-sign.tiktokcdn-us.com/tos-useast5-avt-0068-tx/787566ea278140e2a572404456c60f56~tplv-tiktokx-cropcenter:100:100.jpg?dr=9640&refresh_token=6e47bf29&x-expires=1756281600&x-signature=vqQ7Si9lttmt%2Fujlk2reIhpWewI%3D&t=4d5b0474&ps=13740610&shp=30310797&shcp=ff37627b&idc=useast5",
            "_total_reply": 0,
            "_replies": []
        },
        {
            "_comment_id": "7481864186940916523",
            "_username": "julie_selig",
            "_nickname": "Julie Selig",
            "_comment": "🔥🔥🔥",
            "_create_time": "2025-03-15T02:54:44",
            "_avatar": "https://p19-pu-sign-useast8.tiktokcdn-us.com/tos-useast5-avt-0068-tx/7e3e395b5d23129c16786b8fe6163dd0~tplv-tiktokx-cropcenter:100:100.jpg?dr=9640&refresh_token=7c41677e&x-expires=1756281600&x-signature=LTPQzUVf02sb0X3QoT77yYsQuEs%3D&t=4d5b0474&ps=13740610&shp=30310797&shcp=ff37627b&idc=useast5",
            "_total_reply": 0,
            "_replies": []
        },
        {
            "_comment_id": "7483252593779737399",
            "_username": "mi.daminny.7",
            "_nickname": "Mi Daminny  7",
            "_comment": "🥰🥰🥰",
            "_create_time": "2025-03-18T20:42:20",
            "_avatar": "https://p16-common-sign-va.tiktokcdn-us.com/tos-maliva-avt-0068/a298893e9fb5c8e4db52e8583eedd754~tplv-tiktokx-cropcenter:100:100.jpg?dr=9640&refresh_token=d19021d3&x-expires=1756281600&x-signature=kG2WwXY1D0loZ9iZklJxUW6QW3E%3D&t=4d5b0474&ps=13740610&shp=30310797&shcp=ff37627b&idc=useast5",
            "_total_reply": 0,
            "_replies": []
        },
        {
            "_comment_id": "7482012549722981142",
            "_username": "queeniesss5789",
            "_nickname": "tasha",
            "_comment": "♥️♥️",
            "_create_time": "2025-03-15T12:30:08",
            "_avatar": "https://p19-common-sign-useast2a.tiktokcdn-us.com/tos-useast2a-avt-0068-euttp/b050c287b2caa6d79e833351538d3e02~tplv-tiktokx-cropcenter:100:100.jpg?dr=9640&refresh_token=92c3bd27&x-expires=1756281600&x-signature=ZwQsWYJSri%2F%2B6dV75EHUVodwe9k%3D&t=4d5b0474&ps=13740610&shp=30310797&shcp=ff37627b&idc=useast5",
            "_total_reply": 0,
            "_replies": []
        },
        {
            "_comment_id": "7483194155986256686",
            "_username": "_ml443",
            "_nickname": "⠀  ︎ ︎⠀ ⠀⠀ ⠀",
            "_comment": "😂",
            "_create_time": "2025-03-18T16:55:46",
            "_avatar": "https://p19-pu-sign-useast8.tiktokcdn-us.com/tos-useast5-avt-0068-tx/128480dbc97f20f65a1f4f2de361072d~tplv-tiktokx-cropcenter:100:100.jpg?dr=9640&refresh_token=91371600&x-expires=1756281600&x-signature=F9sJJ83yYW9jOYzU6gVZHjFn2kc%3D&t=4d5b0474&ps=13740610&shp=30310797&shcp=ff37627b&idc=useast5",
            "_total_reply": 0,
            "_replies": []
        },
        {
            "_comment_id": "7481884111423963926",
            "_username": "veroat87",
            "_nickname": "VeroAt",
            "_comment": "😍✨😍✨😍✨😍✨",
            "_create_time": "2025-03-15T04:13:07",
            "_avatar": "https://p16-common-sign-va.tiktokcdn-us.com/tos-maliva-avt-0068/ac0da8fdf1e1f20add92437e4895e5ee~tplv-tiktokx-cropcenter:100:100.jpg?dr=9640&refresh_token=ccff9829&x-expires=1756281600&x-signature=TB2cKExGD5eL7xvQXgx85GlXvJs%3D&t=4d5b0474&ps=13740610&shp=30310797&shcp=ff37627b&idc=useast5",
            "_total_reply": 0,
            "_replies": []
        },
        {
            "_comment_id": "7483076353144062722",
            "_username": "mia74057",
            "_nickname": "Mia",
            "_comment": "❤️❤️❤️",
            "_create_time": "2025-03-18T09:18:24",
            "_avatar": "https://p16-common-sign-va.tiktokcdn-us.com/tos-maliva-avt-0068/260c8de1c3cf107a1ce452ec2e62fee4~tplv-tiktokx-cropcenter:100:100.jpg?dr=9640&refresh_token=c7d4a10f&x-expires=1756281600&x-signature=WidXDOShe%2FB8Z%2BPIjnkwpj2CjDY%3D&t=4d5b0474&ps=13740610&shp=30310797&shcp=ff37627b&idc=useast5",
            "_total_reply": 0,
            "_replies": []
        },
        {
            "_comment_id": "7481871952240886550",
            "_username": "user2901536990581",
            "_nickname": "Emmie",
            "_comment": "😍",
            "_create_time": "2025-03-15T03:25:51",
            "_avatar": "https://p16-common-sign-useast2a.tiktokcdn-us.com/tos-useast2a-avt-0068-euttp/b6b2485cda36813fbff7bcc06285b279~tplv-tiktokx-cropcenter:100:100.jpg?dr=9640&refresh_token=c5bb0bda&x-expires=1756281600&x-signature=ocihSRDrhn16mC5Puyyo312OODM%3D&t=4d5b0474&ps=13740610&shp=30310797&shcp=ff37627b&idc=useast5",
            "_total_reply": 0,
            "_replies": []
        },
        {
            "_comment_id": "7489874051528475414",
            "_username": "pamys610",
            "_nickname": "pamys",
            "_comment": "❤️❤️❤️❤️",
            "_create_time": "2025-04-05T16:56:44",
            "_avatar": "https://p16-common-sign-va.tiktokcdn-us.com/tos-maliva-avt-0068/3ea016b23e92397241c1afe3eed166cb~tplv-tiktokx-cropcenter:100:100.jpg?dr=9640&refresh_token=764b8833&x-expires=1756281600&x-signature=j%2FNp%2F5P6piilzNiwoOJyVJqoy8s%3D&t=4d5b0474&ps=13740610&shp=30310797&shcp=ff37627b&idc=useast5",
            "_total_reply": 0,
            "_replies": []
        },
        {
            "_comment_id": "7481809130603348782",
            "_username": "mama_bear_232",
            "_nickname": "♡Sina♡_♡Mama_Wife♡",
            "_comment": "🖤🖤🖤",
            "_create_time": "2025-03-14T23:21:02",
            "_avatar": "https://p19-pu-sign-useast8.tiktokcdn-us.com/tos-useast5-avt-0068-tx/c35319f3ff16755f4c6d3c90e649222e~tplv-tiktokx-cropcenter:100:100.jpg?dr=9640&refresh_token=c47f2a9b&x-expires=1756281600&x-signature=gr%2F58%2BpSdFc24gjyDL9LeKXx1kc%3D&t=4d5b0474&ps=13740610&shp=30310797&shcp=ff37627b&idc=useast5",
            "_total_reply": 0,
            "_replies": []
        },
        {
            "_comment_id": "7493610083437429526",
            "_username": "huahinlovee",
            "_nickname": "huahinlovee",
            "_comment": "🥰🥰🥰🥰",
            "_create_time": "2025-04-15T19:34:25",
            "_avatar": "https://p16-common-sign-useast2a.tiktokcdn-us.com/tos-useast2a-avt-0068-euttp/7303542055223951392~tplv-tiktokx-cropcenter:100:100.jpg?dr=9640&refresh_token=a053e613&x-expires=1756281600&x-signature=eECNM0ZOXBLHtbKbJmvy8pL6DN4%3D&t=4d5b0474&ps=13740610&shp=30310797&shcp=ff37627b&idc=useast5",
            "_total_reply": 0,
            "_replies": []
        },
        {
            "_comment_id": "7481758169363890960",
            "_username": "larisa.sarchisean",
            "_nickname": "larisa.sarchisean",
            "_comment": "💕💕💕",
            "_create_time": "2025-03-14T20:03:39",
            "_avatar": "https://p19-common-sign-sg.tiktokcdn-us.com/tos-alisg-avt-0068/594b494f7426e239c7bad93e4dcfcde2~tplv-tiktokx-cropcenter:100:100.jpg?dr=9640&refresh_token=532042b4&x-expires=1756281600&x-signature=Uwdx%2B1nRrbeHXYYmdjO5x2yrkc0%3D&t=4d5b0474&ps=13740610&shp=30310797&shcp=ff37627b&idc=useast5",
            "_total_reply": 0,
            "_replies": []
        },
        {
            "_comment_id": "7481701392517137174",
            "_username": "martagarcia4125",
            "_nickname": "martagarcia4125",
            "_comment": "♥️♥️",
            "_create_time": "2025-03-14T16:22:44",
            "_avatar": "https://p16-common-sign-va.tiktokcdn-us.com/tos-maliva-avt-0068/7104345707418812422~tplv-tiktokx-cropcenter:100:100.jpg?dr=9640&refresh_token=39cd2832&x-expires=1756281600&x-signature=BXlZwWnJWouUwsV%2F6uEYg5pjlXY%3D&t=4d5b0474&ps=13740610&shp=30310797&shcp=ff37627b&idc=useast5",
            "_total_reply": 0,
            "_replies": []
        },
        {
            "_comment_id": "7482830221315441430",
            "_username": "mxiemxie",
            "_nickname": "mxiemxie",
            "_comment": "@rznxi",
            "_create_time": "2025-03-17T17:23:11",
            "_avatar": "https://p19-common-sign-va.tiktokcdn-us.com/tos-maliva-avt-0068/1804fe57a1b10b2592e05daf47488fc5~tplv-tiktokx-cropcenter:100:100.jpg?dr=9640&refresh_token=48fdf492&x-expires=1756281600&x-signature=5DfgbnK8H%2BcNTomPT8voY5gfydc%3D&t=4d5b0474&ps=13740610&shp=30310797&shcp=ff37627b&idc=useast5",
            "_total_reply": 0,
            "_replies": []
        },
        {
            "_comment_id": "7481729393577100054",
            "_username": "annang042",
            "_nickname": "anna",
            "_comment": "🥰🥰",
            "_create_time": "2025-03-14T18:11:21",
            "_avatar": "https://p16-common-sign-va.tiktokcdn-us.com/tos-maliva-avt-0068/7c3e761751fa337405fde2251afc615e~tplv-tiktokx-cropcenter:100:100.jpg?dr=9640&refresh_token=befccaa7&x-expires=1756281600&x-signature=OH9WjLfCva35OuknflOFPmIJqms%3D&t=4d5b0474&ps=13740610&shp=30310797&shcp=ff37627b&idc=useast5",
            "_total_reply": 0,
            "_replies": []
        },
        {
            "_comment_id": "7481708817467802386",
            "_username": "skin_luvv",
            "_nickname": "ugc||skin luvv🌸",
            "_comment": "🥰🥰",
            "_create_time": "2025-03-14T16:51:39",
            "_avatar": "https://p16-common-sign-sg.tiktokcdn-us.com/tos-alisg-avt-0068/427619c2fe953478ef7e275a027a9203~tplv-tiktokx-cropcenter:100:100.jpg?dr=9640&refresh_token=d16583d3&x-expires=1756281600&x-signature=xex0bi%2F76TEkGjhC91CkUg5NEio%3D&t=4d5b0474&ps=13740610&shp=30310797&shcp=ff37627b&idc=useast5",
            "_total_reply": 0,
            "_replies": []
        },
        {
            "_comment_id": "7497585730932753174",
            "_username": ".mmxojjie",
            "_nickname": "…",
            "_comment": "SHE SO FINEEE😘😘😘",
            "_create_time": "2025-04-26T12:41:58",
            "_avatar": "https://p16-common-sign-va.tiktokcdn-us.com/tos-maliva-avt-0068/a2dbbf7c06a52c38677e21a3c4697646~tplv-tiktokx-cropcenter:100:100.jpg?dr=9640&refresh_token=5b4e6be7&x-expires=1756281600&x-signature=pdXL5A%2Fq2EDOzYLaDj3HiuW0PL8%3D&t=4d5b0474&ps=13740610&shp=30310797&shcp=ff37627b&idc=useast5",
            "_total_reply": 0,
            "_replies": []
        },
        {
            "_comment_id": "7481765596692448006",
            "_username": "brandemanager_sou",
            "_nickname": "brandemanager_souphia",
            "_comment": "We're impressed by your style 💕and would love to work together, please message us if you're interested.✨️📩🌸💕",
            "_create_time": "2025-03-14T20:32:18",
            "_avatar": "https://p16-common-sign-va.tiktokcdn-us.com/tos-maliva-avt-0068/6f7001aec84d2a5c4b6ef644b0ec69e2~tplv-tiktokx-cropcenter:100:100.jpg?dr=9640&refresh_token=3c2d471f&x-expires=1756281600&x-signature=RqcjWS0CXkwpwrRi5tvI4r3GCyM%3D&t=4d5b0474&ps=13740610&shp=30310797&shcp=ff37627b&idc=useast5",
            "_total_reply": 0,
            "_replies": []
        },
        {
            "_comment_id": "7482041048527373058",
            "_username": "literally.just..a",
            "_nickname": "Benjamin Taylor",
            "_comment": "Commenting to stay on sampletok 🥰",
            "_create_time": "2025-03-15T14:20:51",
            "_avatar": "https://p16-common-sign-va.tiktokcdn-us.com/tos-maliva-avt-0068/95206a7c61fea2ef0789f46e4d4143fa~tplv-tiktokx-cropcenter:100:100.jpg?dr=9640&refresh_token=bb3c4c37&x-expires=1756281600&x-signature=zvhbmc9TxobRsNYWKvMbHmizNds%3D&t=4d5b0474&ps=13740610&shp=30310797&shcp=ff37627b&idc=useast5",
            "_total_reply": 0,
            "_replies": []
        },
        {
            "_comment_id": "7481777713291526958",
            "_username": "lilwishingstar",
            "_nickname": "lilwishingstar",
            "_comment": "Sampletok",
            "_create_time": "2025-03-14T21:19:14",
            "_avatar": "https://p19-sign.tiktokcdn-us.com/tos-useast5-avt-0068-tx/7b299aa236ff45001911883b5565eaf6~tplv-tiktokx-cropcenter:100:100.jpg?dr=9640&refresh_token=2f197b77&x-expires=1756281600&x-signature=9DgfRyQfxHd%2B%2FwEz0NQ5POFSq0E%3D&t=4d5b0474&ps=13740610&shp=30310797&shcp=ff37627b&idc=useast5",
            "_total_reply": 0,
            "_replies": []
        },
        {
            "_comment_id": "7487905837228229398",
            "_username": "mira_hyo",
            "_nickname": "🍥ma",
            "_comment": "Sampletokkk💖🙏",
            "_create_time": "2025-03-31T09:39:13",
            "_avatar": "https://p19-common-sign-va.tiktokcdn-us.com/tos-maliva-avt-0068/9299e832e9b16e984834a7648e8e47b1~tplv-tiktokx-cropcenter:100:100.jpg?dr=9640&refresh_token=5305c729&x-expires=1756281600&x-signature=cQOAevIWWEdgtEy0pnTMZmg7b%2Fk%3D&t=4d5b0474&ps=13740610&shp=30310797&shcp=ff37627b&idc=useast5",
            "_total_reply": 0,
            "_replies": []
        },
        {
            "_comment_id": "7487311031062070038",
            "_username": "aedits.x",
            "_nickname": "Ash",
            "_comment": "SAMPLES",
            "_create_time": "2025-03-29T19:10:55",
            "_avatar": "https://p16-common-sign-va.tiktokcdn-us.com/tos-maliva-avt-0068/541767f6cac2da515fdb93416f719a2b~tplv-tiktokx-cropcenter:100:100.jpg?dr=9640&refresh_token=42324273&x-expires=1756281600&x-signature=NrMdAPmx01N3%2B0Ffy26DvUrwhW8%3D&t=4d5b0474&ps=13740610&shp=30310797&shcp=ff37627b&idc=useast5",
            "_total_reply": 0,
            "_replies": []
        }
    ],
    "total_comments": 86
}