{
    "original_url": "https://www.tiktok.com/@lancome.official/video/7482345213780970774",
    "video_id": "7482345213780970774",
    "description": "To sum it up: cute robots, beautiful scenery, amazing guests, plenty of rest, and the iconic Génifique Ultimate serum 💙 #Lancome #Genifique #GenifiqueUltimate #Serum #Skincare #Skincaretiktok #Skintok #Relax #Retreat #Massage #Glow #GlowingSkin #Spa",
    "video_url": "https://m.tiktok.com/v/7482345213780970774.html?_d=0&comment_author_id=6812242167873979397&preview_pb=0&share_comment_id=7482402084782064426&share_item_id=7482345213780970774&sharer_language=en&source=h5_m&u_code=0",
    "tags": [
        "#Lancome",
        "#Genifique",
        "#GenifiqueUltimate",
        "#Serum",
        "#Skincare",
        "#Skincaretiktok",
        "#Skintok",
        "#Relax",
        "#Retreat",
        "#Massage",
        "#Glow",
        "#GlowingSkin",
        "#Spa"
    ],
    "comments": [
        {
            "_comment_id": "7482402084782064426",
            "_username": "l.fronczak",
            "_nickname": "user2111174195819",
            "_comment": "Where is it.?",
            "_create_time": "2025-03-16T13:42:15",
            "_avatar": "https://p16-common-sign-va.tiktokcdn-us.com/tos-maliva-avt-0068/7325112707605905413~tplv-tiktokx-cropcenter:100:100.jpg?dr=9640&refresh_token=4c7a515a&x-expires=1756281600&x-signature=xbhkqwBm2fXApIPEKIBdpeMGCEk%3D&t=4d5b0474&ps=13740610&shp=30310797&shcp=ff37627b&idc=useast5",
            "_total_reply": 0,
            "_replies": []
        },
        {
            "_comment_id": "7482407427724919607",
            "_username": "xddviscabarca",
            "_nickname": "🦩❆ᥬ𝓑᭄❆🦩",
            "_comment": "pongan más copias 😭😭😭😭😭😭😭😭",
            "_create_time": "2025-03-16T14:02:47",
            "_avatar": "https://p19-common-sign-va.tiktokcdn-us.com/tos-maliva-avt-0068/c351ab19b1e680fb0920cfb7b5d9f0df~tplv-tiktokx-cropcenter:100:100.jpg?dr=9640&refresh_token=2a13f549&x-expires=1756281600&x-signature=mGv9U2n2jSCCuzV1tAvgbb7%2BweA%3D&t=4d5b0474&ps=13740610&shp=30310797&shcp=ff37627b&idc=useast5",
            "_total_reply": 0,
            "_replies": []
        },
        {
            "_comment_id": "7482515709039493895",
            "_username": "iz95445",
            "_nickname": "izzie💜❤️",
            "_comment": "Omg this looks fantastic!! Hope u have fun!",
            "_create_time": "2025-03-16T21:03:20",
            "_avatar": "https://p16-common-sign-sg.tiktokcdn-us.com/tos-alisg-avt-0068/6c17f5d2370be5daa4b3bd76e0b883f1~tplv-tiktokx-cropcenter:100:100.jpg?dr=9640&refresh_token=cbdeadfd&x-expires=1756281600&x-signature=%2B9Rn%2FgkKY%2FfHSVyrPeRmFV6Xelg%3D&t=4d5b0474&ps=13740610&shp=30310797&shcp=ff37627b&idc=useast5",
            "_total_reply": 0,
            "_replies": []
        },
        {
            "_comment_id": "7482571462001558318",
            "_username": "livinglucki",
            "_nickname": "abby | amazon fashion finds",
            "_comment": "yessss i love",
            "_create_time": "2025-03-17T00:39:16",
            "_avatar": "https://p16-pu-sign-useast8.tiktokcdn-us.com/tos-useast5-avt-0068-tx/7317836233516777514~tplv-tiktokx-cropcenter:100:100.jpg?dr=9640&refresh_token=be1799d4&x-expires=1756281600&x-signature=9rcryPbnvsyHLT0Nx4Lg8QoFji0%3D&t=4d5b0474&ps=13740610&shp=30310797&shcp=ff37627b&idc=useast5",
            "_total_reply": 0,
            "_replies": []
        },
        {
            "_comment_id": "7482413914685227798",
            "_username": "aanastaasiaa_",
            "_nickname": "Anastasia",
            "_comment": "That looks really nice, enjoy you guys💕",
            "_create_time": "2025-03-16T14:27:38",
            "_avatar": "https://p16-common-sign-va.tiktokcdn-us.com/tos-maliva-avt-0068/294dae1557c0316270b3eab573441927~tplv-tiktokx-cropcenter:100:100.jpg?dr=9640&refresh_token=de0425fa&x-expires=1756281600&x-signature=bSMCDD06J1HHShqzsymZIPFf%2F3g%3D&t=4d5b0474&ps=13740610&shp=30310797&shcp=ff37627b&idc=useast5",
            "_total_reply": 0,
            "_replies": []
        },
        {
            "_comment_id": "7482440465318462230",
            "_username": "makeupbyjessica_xo",
            "_nickname": "𝐌𝐀𝐊𝐄𝐔𝐏𝐁𝐘𝐉𝐄𝐒𝐒𝐈𝐂𝐀",
            "_comment": "Insane 😍",
            "_create_time": "2025-03-16T16:10:46",
            "_avatar": "https://p19-common-sign-va.tiktokcdn-us.com/tos-maliva-avt-0068/c441b65dfb3d9064c1ed2ee22db76eff~tplv-tiktokx-cropcenter:100:100.jpg?dr=9640&refresh_token=eeb0b325&x-expires=1756281600&x-signature=eXmgn7iKPwAeNsvq5BemqbWFqI8%3D&t=4d5b0474&ps=13740610&shp=30310797&shcp=ff37627b&idc=useast5",
            "_total_reply": 0,
            "_replies": []
        },
        {
            "_comment_id": "7482351855921201922",
            "_username": "patka._102",
            "_nickname": "Patrycja•Skincare",
            "_comment": "omg 😍😍",
            "_create_time": "2025-03-16T10:26:57",
            "_avatar": "https://p16-common-sign-va.tiktokcdn-us.com/tos-maliva-avt-0068/6071926d465a5938b82904419b717bde~tplv-tiktokx-cropcenter:100:100.jpg?dr=9640&refresh_token=0e218798&x-expires=1756281600&x-signature=N63MMZGVBGOlxvLaOlTg66PgGiM%3D&t=4d5b0474&ps=13740610&shp=30310797&shcp=ff37627b&idc=useast5",
            "_total_reply": 0,
            "_replies": []
        },
        {
            "_comment_id": "7482529781385708310",
            "_username": "sanaa_mittal240",
            "_nickname": "s a n a a",
            "_comment": "sample please",
            "_create_time": "2025-03-16T21:57:18",
            "_avatar": "https://p16-common-sign-va.tiktokcdn-us.com/tos-maliva-avt-0068/764f86a24ed2e004d7f9c590c03123e7~tplv-tiktokx-cropcenter:100:100.jpg?dr=9640&refresh_token=b01598fb&x-expires=1756281600&x-signature=76e3fvVdj%2BL%2BVFuI5G46iahgG34%3D&t=4d5b0474&ps=13740610&shp=30310797&shcp=ff37627b&idc=useast5",
            "_total_reply": 0,
            "_replies": []
        },
        {
            "_comment_id": "7482892388903469866",
            "_username": "leendaakar",
            "_nickname": "leendaakar",
            "_comment": "So dreamyyy 💞💞 love to experience 🥰",
            "_create_time": "2025-03-17T21:24:34",
            "_avatar": "https://p16-sign.tiktokcdn-us.com/tos-useast5-avt-0068-tx/1007c0dbb99070c428add25b938b4449~tplv-tiktokx-cropcenter:100:100.jpg?dr=9640&refresh_token=4fd563ac&x-expires=1756281600&x-signature=bxxaC5416CzTSCG29lRwmtHsuv0%3D&t=4d5b0474&ps=13740610&shp=30310797&shcp=ff37627b&idc=useast5",
            "_total_reply": 0,
            "_replies": []
        },
        {
            "_comment_id": "7482755397204673323",
            "_username": "postcardsfromabi",
            "_nickname": "Abi Grace",
            "_comment": "My ultimate dream! I love Lancôme!! 🥹",
            "_create_time": "2025-03-17T12:33:06",
            "_avatar": "https://p19-pu-sign-useast8.tiktokcdn-us.com/tos-useast5-avt-0068-tx/f365d2bab08730051305a9d69887580d~tplv-tiktokx-cropcenter:100:100.jpg?dr=9640&refresh_token=c489ea62&x-expires=1756281600&x-signature=xRzKp%2BrIfa6zONsiTbX7Kn0anTA%3D&t=4d5b0474&ps=13740610&shp=30310797&shcp=ff37627b&idc=useast5",
            "_total_reply": 0,
            "_replies": []
        },
        {
            "_comment_id": "7482360129820902166",
            "_username": "lmilie13",
            "_nickname": "Emi Lie",
            "_comment": "Rhoo le rêve 🔥♥️",
            "_create_time": "2025-03-16T10:58:57",
            "_avatar": "https://p16-common-sign-useast2a.tiktokcdn-us.com/tos-useast2a-avt-0068-euttp/edcc8ea0a439a83c1470a44d593215e6~tplv-tiktokx-cropcenter:100:100.jpg?dr=9640&refresh_token=2bfa1757&x-expires=1756281600&x-signature=lyEjlwiwBGIExcvcGRisA5VsFQo%3D&t=4d5b0474&ps=13740610&shp=30310797&shcp=ff37627b&idc=useast5",
            "_total_reply": 0,
            "_replies": []
        },
        {
            "_comment_id": "7482345729194181398",
            "_username": "iucielolz",
            "_nickname": "Luciee",
            "_comment": "I'd love to be here",
            "_create_time": "2025-03-16T10:03:06",
            "_avatar": "https://p16-common-sign-va.tiktokcdn-us.com/tos-maliva-avt-0068/ed0356ace5bdcf2d6b433ccf2eca44c2~tplv-tiktokx-cropcenter:100:100.jpg?dr=9640&refresh_token=ca586118&x-expires=1756281600&x-signature=TrtjbWO88h%2FRiaXJz1pEY%2Be9CI4%3D&t=4d5b0474&ps=13740610&shp=30310797&shcp=ff37627b&idc=useast5",
            "_total_reply": 0,
            "_replies": []
        },
        {
            "_comment_id": "7485052366061355806",
            "_username": "miadeluca",
            "_nickname": "Mia DeLuca",
            "_comment": "Manifesting this 💗",
            "_create_time": "2025-03-23T17:06:29",
            "_avatar": "https://p16-pu-sign-useast8.tiktokcdn-us.com/tos-useast8-avt-0068-tx2/d4bff78611226a182ee5b95ee7ef1147~tplv-tiktokx-cropcenter:100:100.jpg?dr=9640&refresh_token=f0abfae5&x-expires=1756281600&x-signature=OfNve0gwLiIdXGjInnLYKiln2Nc%3D&t=4d5b0474&ps=13740610&shp=30310797&shcp=ff37627b&idc=useast5",
            "_total_reply": 1,
            "_replies": [
                {
                    "_comment_id": "7483447489295794976",
                    "_username": "lancome.official",
                    "_nickname": "Lancôme",
                    "_comment": "manifesting with you ❤️",
                    "_create_time": "2025-03-23T22:03:44",
                    "_avatar": "https://p16-common-sign-va.tiktokcdn-us.com/tos-maliva-avt-0068/9424f6caa6a8781766ccf45ddf0a0a0d~tplv-tiktokx-cropcenter:100:100.jpg?dr=9640&refresh_token=2d0d7041&x-expires=1756281600&x-signature=6RRh0sV%2BMiFopbDnto6in1a21L8%3D&t=4d5b0474&ps=13740610&shp=30310797&shcp=ff37627b&idc=useast5",
                    "_total_reply": null,
                    "_replies": []
                }
            ]
        },
        {
            "_comment_id": "7482398778185941791",
            "_username": "tayspeer",
            "_nickname": "Taylor Speer",
            "_comment": "A dream 😍",
            "_create_time": "2025-03-16T13:29:40",
            "_avatar": "https://p19-pu-sign-useast8.tiktokcdn-us.com/tos-useast8-avt-0068-tx2/db37c1b60e12fe3915b0eb85942e15e4~tplv-tiktokx-cropcenter:100:100.jpg?dr=9640&refresh_token=b83314df&x-expires=1756281600&x-signature=rvg48JOIanc9PyCc9fU69%2BNImm4%3D&t=4d5b0474&ps=13740610&shp=30310797&shcp=ff37627b&idc=useast5",
            "_total_reply": 0,
            "_replies": []
        },
        {
            "_comment_id": "7483025502132749063",
            "_username": "luvvcletya_chey",
            "_nickname": "Cꭉ໋Yׂαׂׅ ♡Pᧉ֗ꬻׂ αׂׅׅᥣᥣ 👀👣",
            "_comment": "restock donk kak",
            "_create_time": "2025-03-18T06:01:08",
            "_avatar": "https://p16-common-sign-sg.tiktokcdn-us.com/tos-alisg-avt-0068/15909dce7e56f668dc22d6b6dde31bbd~tplv-tiktokx-cropcenter:100:100.jpg?dr=9640&refresh_token=9d45e444&x-expires=1756281600&x-signature=gUjgJ5eVVuVqAXDzTTin2Ya0r5U%3D&t=4d5b0474&ps=13740610&shp=30310797&shcp=ff37627b&idc=useast5",
            "_total_reply": 0,
            "_replies": []
        },
        {
            "_comment_id": "7482368114111595271",
            "_username": "skin_luvv",
            "_nickname": "ugc||skin luvv🌸",
            "_comment": "i wanna be lancome influencer 🥰",
            "_create_time": "2025-03-16T11:30:05",
            "_avatar": "https://p16-common-sign-sg.tiktokcdn-us.com/tos-alisg-avt-0068/427619c2fe953478ef7e275a027a9203~tplv-tiktokx-cropcenter:100:100.jpg?dr=9640&refresh_token=d16583d3&x-expires=1756281600&x-signature=xex0bi%2F76TEkGjhC91CkUg5NEio%3D&t=4d5b0474&ps=13740610&shp=30310797&shcp=ff37627b&idc=useast5",
            "_total_reply": 0,
            "_replies": []
        },
        {
            "_comment_id": "7482403120435659542",
            "_username": "amyc3333",
            "_nickname": "amy",
            "_comment": "Love it",
            "_create_time": "2025-03-16T13:45:53",
            "_avatar": "https://p19-common-sign-useast2a.tiktokcdn-us.com/tos-useast2a-avt-0068-euttp/373c2741cc83811383913b9ee25c01d5~tplv-tiktokx-cropcenter:100:100.jpg?dr=9640&refresh_token=4708988a&x-expires=1756281600&x-signature=mHEh4mbNM9Wzc3m2iFSOuIS7ogI%3D&t=4d5b0474&ps=13740610&shp=30310797&shcp=ff37627b&idc=useast5",
            "_total_reply": 0,
            "_replies": []
        },
        {
            "_comment_id": "7482512017887118123",
            "_username": "luckycharmanders",
            "_nickname": "Amanda | Beauty/Fashion 🧸🎀",
            "_comment": "this looks like a dream! 💕",
            "_create_time": "2025-03-16T20:48:24",
            "_avatar": "https://p16-pu-sign-useast8.tiktokcdn-us.com/tos-useast5-avt-0068-tx/8f9602caa89ef39c6fe1bfef821eb5ea~tplv-tiktokx-cropcenter:100:100.jpg?dr=9640&refresh_token=01f37c17&x-expires=1756281600&x-signature=ej72ocOMdmSv%2FFyecH9gH47sx08%3D&t=4d5b0474&ps=13740610&shp=30310797&shcp=ff37627b&idc=useast5",
            "_total_reply": 0,
            "_replies": []
        },
        {
            "_comment_id": "7482407454908072710",
            "_username": "xddviscabarca",
            "_nickname": "🦩❆ᥬ𝓑᭄❆🦩",
            "_comment": "porque fue un bug 😭😭😭😭",
            "_create_time": "2025-03-16T14:02:55",
            "_avatar": "https://p19-common-sign-va.tiktokcdn-us.com/tos-maliva-avt-0068/c351ab19b1e680fb0920cfb7b5d9f0df~tplv-tiktokx-cropcenter:100:100.jpg?dr=9640&refresh_token=2a13f549&x-expires=1756281600&x-signature=mGv9U2n2jSCCuzV1tAvgbb7%2BweA%3D&t=4d5b0474&ps=13740610&shp=30310797&shcp=ff37627b&idc=useast5",
            "_total_reply": 0,
            "_replies": []
        },
        {
            "_comment_id": "7482834509782270766",
            "_username": "alexandraxcorrine",
            "_nickname": "Alexandra Corrine",
            "_comment": "A dream 🥹🤍",
            "_create_time": "2025-03-17T17:39:59",
            "_avatar": "https://p16-pu-sign-useast8.tiktokcdn-us.com/tos-useast8-avt-0068-tx2/b6d3befc590e5f3b9e892c874091a7af~tplv-tiktokx-cropcenter:100:100.jpg?dr=9640&refresh_token=ca17188b&x-expires=1756281600&x-signature=RqtJVUi%2Bd8H%2BqBs4ewlJ5G6pLHg%3D&t=4d5b0474&ps=13740610&shp=30310797&shcp=ff37627b&idc=useast5",
            "_total_reply": 0,
            "_replies": []
        },
        {
            "_comment_id": "7482359780709581590",
            "_username": "melirkl",
            "_nickname": "Meli 🌷",
            "_comment": "Can I be invited next time please🙋‍♀️",
            "_create_time": "2025-03-16T10:57:40",
            "_avatar": "https://p16-common-sign-va.tiktokcdn-us.com/tos-maliva-avt-0068/c64710761e6adfc460922725f68d2f2c~tplv-tiktokx-cropcenter:100:100.jpg?dr=9640&refresh_token=6f2da50b&x-expires=1756281600&x-signature=abF4fwS%2FA28YBw2X%2FCOv2Efx%2F3c%3D&t=4d5b0474&ps=13740610&shp=30310797&shcp=ff37627b&idc=useast5",
            "_total_reply": 1,
            "_replies": [
                {
                    "_comment_id": "7482907022163591958",
                    "_username": "melirkl",
                    "_nickname": "Meli 🌷",
                    "_comment": "Hii",
                    "_create_time": "2025-03-17T22:21:15",
                    "_avatar": "https://p16-common-sign-va.tiktokcdn-us.com/tos-maliva-avt-0068/c64710761e6adfc460922725f68d2f2c~tplv-tiktokx-cropcenter:100:100.jpg?dr=9640&refresh_token=6f2da50b&x-expires=1756281600&x-signature=abF4fwS%2FA28YBw2X%2FCOv2Efx%2F3c%3D&t=4d5b0474&ps=13740610&shp=30310797&shcp=ff37627b&idc=useast5",
                    "_total_reply": null,
                    "_replies": []
                }
            ]
        },
        {
            "_comment_id": "7484494674121016094",
            "_username": "luisdelmar9",
            "_nickname": "luisdelmar9",
            "_comment": "A dream 😍",
            "_create_time": "2025-03-22T05:02:30",
            "_avatar": "https://p16-pu-sign-useast8.tiktokcdn-us.com/tos-useast8-avt-0068-tx2/a05692294becba8d43c4d3d77d7c4b84~tplv-tiktokx-cropcenter:100:100.jpg?dr=9640&refresh_token=f09805d8&x-expires=1756281600&x-signature=6WJlvM%2FOkSHgN6R1Wf6TXR4g4g0%3D&t=4d5b0474&ps=13740610&shp=30310797&shcp=ff37627b&idc=useast5",
            "_total_reply": 0,
            "_replies": []
        },
        {
            "_comment_id": "7482346480873292566",
            "_username": "jazz.qxtt",
            "_nickname": "sweetener.",
            "_comment": "Cuteee",
            "_create_time": "2025-03-16T10:06:05",
            "_avatar": "https://p16-common-sign-va.tiktokcdn-us.com/tos-maliva-avt-0068/8462824551b34130e5a098b7257e8f00~tplv-tiktokx-cropcenter:100:100.jpg?dr=9640&refresh_token=d123f808&x-expires=1756281600&x-signature=5xGW3hODyCdw5HB0o1y06X93Vzk%3D&t=4d5b0474&ps=13740610&shp=30310797&shcp=ff37627b&idc=useast5",
            "_total_reply": 0,
            "_replies": []
        },
        {
            "_comment_id": "7490928626499519263",
            "_username": ".suly99",
            "_nickname": ".Suly99💕✨",
            "_comment": "A dreammmm💕✨",
            "_create_time": "2025-04-08T14:09:41",
            "_avatar": "https://p16-pu-sign-useast8.tiktokcdn-us.com/tos-useast8-avt-0068-tx2/01d22806b8bb6c7cbfd36559128b066f~tplv-tiktokx-cropcenter:100:100.jpg?dr=9640&refresh_token=675cc2ec&x-expires=1756281600&x-signature=dmJiLaeAyDNur55dDcDXzf3Qgug%3D&t=4d5b0474&ps=13740610&shp=30310797&shcp=ff37627b&idc=useast5",
            "_total_reply": 0,
            "_replies": []
        },
        {
            "_comment_id": "7482371087796667158",
            "_username": "alexandras.opinio7",
            "_nickname": "Alexandra's opinions",
            "_comment": "Wow 🤩🤩",
            "_create_time": "2025-03-16T11:41:29",
            "_avatar": "https://p16-common-sign-useast2a.tiktokcdn-us.com/tos-useast2a-avt-0068-euttp/7327191277282263072~tplv-tiktokx-cropcenter:100:100.jpg?dr=9640&refresh_token=0ee6ef9d&x-expires=1756281600&x-signature=ksVt5M9bALtd0eu8P7c0SNsdw98%3D&t=4d5b0474&ps=13740610&shp=30310797&shcp=ff37627b&idc=useast5",
            "_total_reply": 0,
            "_replies": []
        },
        {
            "_comment_id": "7482397858633958190",
            "_username": "nguyenkatarina",
            "_nickname": "Katarina Nguyen | 2026 Bride",
            "_comment": "Manifesting for me 🥺",
            "_create_time": "2025-03-16T13:25:53",
            "_avatar": "https://p19-pu-sign-useast8.tiktokcdn-us.com/tos-useast5-avt-0068-tx/7337761337365233710~tplv-tiktokx-cropcenter:100:100.jpg?dr=9640&refresh_token=2a7b90fb&x-expires=1756281600&x-signature=JvVMT%2BSk5AGAZAPiE1PmH5mrF0A%3D&t=4d5b0474&ps=13740610&shp=30310797&shcp=ff37627b&idc=useast5",
            "_total_reply": 0,
            "_replies": []
        },
        {
            "_comment_id": "7482367760929604395",
            "_username": "dianarose.beauty",
            "_nickname": "DianaRose Beauty Creator",
            "_comment": "Love",
            "_create_time": "2025-03-16T11:29:56",
            "_avatar": "https://p16-pu-sign-useast8.tiktokcdn-us.com/tos-useast5-avt-0068-tx/2515a55af3a252cadd384ff0be943c61~tplv-tiktokx-cropcenter:100:100.jpg?dr=9640&refresh_token=9ec31865&x-expires=1756281600&x-signature=FSdpoQeLzaQAVDFVtLfADkkiyEk%3D&t=4d5b0474&ps=13740610&shp=30310797&shcp=ff37627b&idc=useast5",
            "_total_reply": 0,
            "_replies": []
        },
        {
            "_comment_id": "7484988373204828959",
            "_username": "eatstyleamore",
            "_nickname": "AKW | Lifestyle Creator",
            "_comment": "Unreal 🤩",
            "_create_time": "2025-03-23T12:58:37",
            "_avatar": "https://p19-pu-sign-useast8.tiktokcdn-us.com/tos-useast8-avt-0068-tx2/1a2310a141436b622385f2f62f1dd683~tplv-tiktokx-cropcenter:100:100.jpg?dr=9640&refresh_token=9ea3caa8&x-expires=1756281600&x-signature=EgPykvbeyyXW56Dcc96YpbNduFQ%3D&t=4d5b0474&ps=13740610&shp=30310797&shcp=ff37627b&idc=useast5",
            "_total_reply": 0,
            "_replies": []
        },
        {
            "_comment_id": "7483507437941818134",
            "_username": "lauras_pen",
            "_nickname": "lauras_pen",
            "_comment": "um.. amazing",
            "_create_time": "2025-03-19T13:11:09",
            "_avatar": "https://p16-common-sign-va.tiktokcdn-us.com/tos-maliva-avt-0068/366839d90362aa3ada3ef4dc807c895f~tplv-tiktokx-cropcenter:100:100.jpg?dr=9640&refresh_token=db3cffec&x-expires=1756281600&x-signature=pJ8nafg31RI2PKCvMJe62PCToKc%3D&t=4d5b0474&ps=13740610&shp=30310797&shcp=ff37627b&idc=useast5",
            "_total_reply": 0,
            "_replies": []
        },
        {
            "_comment_id": "7483204084763181846",
            "_username": "lifeofmrstlm2013",
            "_nickname": "lifeofmrstlm2013",
            "_comment": "complete heaven 🥰🎀🌷🎀",
            "_create_time": "2025-03-18T17:33:57",
            "_avatar": "https://p16-common-sign-va.tiktokcdn-us.com/musically-maliva-obj/1594805258216454~tplv-tiktokx-cropcenter:100:100.jpg?dr=9640&refresh_token=e95abb24&x-expires=1756281600&x-signature=3sj6OaLiS8USBUJlFKzdpJPzweM%3D&t=4d5b0474&ps=13740610&shp=30310797&shcp=ff37627b&idc=useast5",
            "_total_reply": 0,
            "_replies": []
        },
        {
            "_comment_id": "7482438434700002094",
            "_username": "thehungryhungryhermit",
            "_nickname": "thehungryhungryhermit",
            "_comment": "Such a dream 🤍",
            "_create_time": "2025-03-16T16:02:56",
            "_avatar": "https://p16-pu-sign-useast8.tiktokcdn-us.com/tos-useast5-avt-0068-tx/66f87aca13e41c03058ed6ad8c2c11dc~tplv-tiktokx-cropcenter:100:100.jpg?dr=9640&refresh_token=cfc71e37&x-expires=1756281600&x-signature=VHfdex%2FSpp25nt5mtGyMkkulHAM%3D&t=4d5b0474&ps=13740610&shp=30310797&shcp=ff37627b&idc=useast5",
            "_total_reply": 0,
            "_replies": []
        },
        {
            "_comment_id": "7482926824865235734",
            "_username": "youbetsybelieveit",
            "_nickname": "🪼🪼🪼",
            "_comment": "samplesss",
            "_create_time": "2025-03-17T23:38:33",
            "_avatar": "https://p16-common-sign-va.tiktokcdn-us.com/tos-maliva-avt-0068/f602efb7c07c2c6ef978699d72ec5b65~tplv-tiktokx-cropcenter:100:100.jpg?dr=9640&refresh_token=9057146b&x-expires=1756281600&x-signature=EAaNjtWU3sF035W14WKyNFS40PI%3D&t=4d5b0474&ps=13740610&shp=30310797&shcp=ff37627b&idc=useast5",
            "_total_reply": 0,
            "_replies": []
        },
        {
            "_comment_id": "7482923148766266158",
            "_username": "itsashleyxnicole",
            "_nickname": "Ashley 🤍 | Content Creator",
            "_comment": "A literal dream 😍❤️",
            "_create_time": "2025-03-17T23:23:53",
            "_avatar": "https://p19-sign.tiktokcdn-us.com/tos-useast5-avt-0068-tx/631d7c11e3ee54743c59c3669580c15f~tplv-tiktokx-cropcenter:100:100.jpg?dr=9640&refresh_token=e04f3153&x-expires=1756281600&x-signature=FTUiLY3tWPibHf2q3x0dJxEEzKo%3D&t=4d5b0474&ps=13740610&shp=30310797&shcp=ff37627b&idc=useast5",
            "_total_reply": 0,
            "_replies": []
        },
        {
            "_comment_id": "7482347751751107333",
            "_username": "jana_saurus",
            "_nickname": "Јана?",
            "_comment": "Sooooo cuteeee anddd demureee💜💜",
            "_create_time": "2025-03-16T10:11:46",
            "_avatar": "https://p19-common-sign-va.tiktokcdn-us.com/tos-maliva-avt-0068/d0b70185c9cafee4ddca23e1f3a5009c~tplv-tiktokx-cropcenter:100:100.jpg?dr=9640&refresh_token=9db9706b&x-expires=1756281600&x-signature=QztAiqdIakMThM3EWPOqftvGmKI%3D&t=4d5b0474&ps=13740610&shp=30310797&shcp=ff37627b&idc=useast5",
            "_total_reply": 1,
            "_replies": [
                {
                    "_comment_id": "7480202439778566944",
                    "_username": "lancome.official",
                    "_nickname": "Lancôme",
                    "_comment": "you know it 💅",
                    "_create_time": "2025-03-16T12:50:17",
                    "_avatar": "https://p16-common-sign-va.tiktokcdn-us.com/tos-maliva-avt-0068/9424f6caa6a8781766ccf45ddf0a0a0d~tplv-tiktokx-cropcenter:100:100.jpg?dr=9640&refresh_token=2d0d7041&x-expires=1756281600&x-signature=6RRh0sV%2BMiFopbDnto6in1a21L8%3D&t=4d5b0474&ps=13740610&shp=30310797&shcp=ff37627b&idc=useast5",
                    "_total_reply": null,
                    "_replies": []
                }
            ]
        },
        {
            "_comment_id": "7482360823558456095",
            "_username": "tagyoureit456",
            "_nickname": "Theresa",
            "_comment": "The perfect getaway! 😍💙",
            "_create_time": "2025-03-16T11:02:32",
            "_avatar": "https://p16-common-sign-va.tiktokcdn-us.com/tos-maliva-avt-0068/ea7865d99f8410c0012e24364e1e9bb9~tplv-tiktokx-cropcenter:100:100.jpg?dr=9640&refresh_token=5a77d188&x-expires=1756281600&x-signature=%2BDa2g0pLJFIyvndQg7Futzxqq9o%3D&t=4d5b0474&ps=13740610&shp=30310797&shcp=ff37627b&idc=useast5",
            "_total_reply": 1,
            "_replies": [
                {
                    "_comment_id": "7479112843678958368",
                    "_username": "lancome.official",
                    "_nickname": "Lancôme",
                    "_comment": "exactly 🌊 🌹 💙",
                    "_create_time": "2025-03-16T12:40:05",
                    "_avatar": "https://p16-common-sign-va.tiktokcdn-us.com/tos-maliva-avt-0068/9424f6caa6a8781766ccf45ddf0a0a0d~tplv-tiktokx-cropcenter:100:100.jpg?dr=9640&refresh_token=2d0d7041&x-expires=1756281600&x-signature=6RRh0sV%2BMiFopbDnto6in1a21L8%3D&t=4d5b0474&ps=13740610&shp=30310797&shcp=ff37627b&idc=useast5",
                    "_total_reply": null,
                    "_replies": []
                }
            ]
        },
        {
            "_comment_id": "7483641457178805034",
            "_username": "saherhussainiquinn",
            "_nickname": "saherhussainiquinn",
            "_comment": "So dreamy",
            "_create_time": "2025-03-19T21:51:26",
            "_avatar": "https://p16-sign.tiktokcdn-us.com/tos-useast5-avt-0068-tx/40bd1dc7cb3b2313af5d1bc8281a2831~tplv-tiktokx-cropcenter:100:100.jpg?dr=9640&refresh_token=4315516a&x-expires=1756281600&x-signature=DHi1aNaWAWWbiyJpnDn%2FD5pokhw%3D&t=4d5b0474&ps=13740610&shp=30310797&shcp=ff37627b&idc=useast5",
            "_total_reply": 0,
            "_replies": []
        },
        {
            "_comment_id": "7482349411667428118",
            "_username": "beghi_d",
            "_nickname": "Beghi Di",
            "_comment": "A dream 💓",
            "_create_time": "2025-03-16T10:17:25",
            "_avatar": "https://p19-common-sign-va.tiktokcdn-us.com/tos-maliva-avt-0068/b99a7df6881061553ce05893d19d9745~tplv-tiktokx-cropcenter:100:100.jpg?dr=9640&refresh_token=466217d7&x-expires=1756281600&x-signature=nORJ3Ix5M84VtJEzncc%2BqqbHdU0%3D&t=4d5b0474&ps=13740610&shp=30310797&shcp=ff37627b&idc=useast5",
            "_total_reply": 0,
            "_replies": []
        },
        {
            "_comment_id": "7482579703640392478",
            "_username": "jessicalynlive",
            "_nickname": "Jessica Stevenson",
            "_comment": "What a fun event!!",
            "_create_time": "2025-03-17T01:11:10",
            "_avatar": "https://p16-pu-sign-useast8.tiktokcdn-us.com/tos-useast5-avt-0068-tx/7319865140487143470~tplv-tiktokx-cropcenter:100:100.jpg?dr=9640&refresh_token=c10020bb&x-expires=1756281600&x-signature=qqawfK4qd6kHRxx3RDPIIHCtU68%3D&t=4d5b0474&ps=13740610&shp=30310797&shcp=ff37627b&idc=useast5",
            "_total_reply": 0,
            "_replies": []
        },
        {
            "_comment_id": "7483593034995909382",
            "_username": "melouellettee",
            "_nickname": "melouellettee💌✨",
            "_comment": "i need to be there",
            "_create_time": "2025-03-19T18:43:28",
            "_avatar": "https://p16-common-sign-va.tiktokcdn-us.com/tos-maliva-avt-0068/cca9a649618ac1c17932b4f880c5bdd6~tplv-tiktokx-cropcenter:100:100.jpg?dr=9640&refresh_token=aeb874bc&x-expires=1756281600&x-signature=fM%2FO%2FQZEsi3ZYTkor9p83XUOvJw%3D&t=4d5b0474&ps=13740610&shp=30310797&shcp=ff37627b&idc=useast5",
            "_total_reply": 0,
            "_replies": []
        },
        {
            "_comment_id": "7482512799034770198",
            "_username": "skibidi_livvv",
            "_nickname": "𝐋𝐢𝐥𝐚𝐡 ᴼᴿ",
            "_comment": "DOES THE SLAY QUEEN REPLY AND TELL OLIVIA I LOVE HER? PLEASE NOTICE ME :))) 💅💅💅",
            "_create_time": "2025-03-16T20:51:21",
            "_avatar": "https://p16-common-sign-va.tiktokcdn-us.com/tos-maliva-avt-0068/c44345d35b50750431a4ad7a5fb89a88~tplv-tiktokx-cropcenter:100:100.jpg?dr=9640&refresh_token=bb8da7d1&x-expires=1756281600&x-signature=g7XKNBcmixEjBmd0Q9aDr8M421w%3D&t=4d5b0474&ps=13740610&shp=30310797&shcp=ff37627b&idc=useast5",
            "_total_reply": 0,
            "_replies": []
        },
        {
            "_comment_id": "7482477853373924127",
            "_username": "ellie_4.4eva",
            "_nickname": "ℰ𝓵𝓮𝓷𝒶❀",
            "_comment": "CAN U TELL OLIVIA I SAID HI. ALSO THIS PLACE IS REALLY PRETTY❤️❤️❤️",
            "_create_time": "2025-03-16T18:36:08",
            "_avatar": "https://p19-pu-sign-useast8.tiktokcdn-us.com/tos-useast8-avt-0068-tx2/e57feadc5ef7e2c59d941c676f3d5855~tplv-tiktokx-cropcenter:100:100.jpg?dr=9640&refresh_token=91644257&x-expires=1756281600&x-signature=QBdtANoIM9TU85VAnP1MnEQWVmo%3D&t=4d5b0474&ps=13740610&shp=30310797&shcp=ff37627b&idc=useast5",
            "_total_reply": 0,
            "_replies": []
        },
        {
            "_comment_id": "7482466557215343382",
            "_username": "ewelina.mcnamara",
            "_nickname": "ewelina.mcnamara",
            "_comment": "So relaxing",
            "_create_time": "2025-03-16T17:51:59",
            "_avatar": "https://p16-common-sign-va.tiktokcdn-us.com/tos-maliva-avt-0068/16f175e3536ea5d376780bfd52f93962~tplv-tiktokx-cropcenter:100:100.jpg?dr=9640&refresh_token=40dc97e3&x-expires=1756281600&x-signature=38cPXPxVUJ7QQgQALdrcjBaPqkI%3D&t=4d5b0474&ps=13740610&shp=30310797&shcp=ff37627b&idc=useast5",
            "_total_reply": 0,
            "_replies": []
        },
        {
            "_comment_id": "7482399002191037206",
            "_username": "marnsnation",
            "_nickname": "Amani",
            "_comment": "So pretty",
            "_create_time": "2025-03-16T13:29:55",
            "_avatar": "https://p16-common-sign-va.tiktokcdn-us.com/tos-maliva-avt-0068/7446d472560d058612e136ed55422075~tplv-tiktokx-cropcenter:100:100.jpg?dr=9640&refresh_token=44e84407&x-expires=1756281600&x-signature=vGdy8Dujdc%2FEUCGUcM7y3iA8VXA%3D&t=4d5b0474&ps=13740610&shp=30310797&shcp=ff37627b&idc=useast5",
            "_total_reply": 0,
            "_replies": []
        },
        {
            "_comment_id": "7484933029867619118",
            "_username": "elenaduquebeauty",
            "_nickname": "Elena Duque Beauty Skincare 🩵",
            "_comment": "Stunning",
            "_create_time": "2025-03-23T09:24:32",
            "_avatar": "https://p19-sign.tiktokcdn-us.com/tos-useast5-avt-0068-tx/df5fdb879d87bc2dfab0bf2d178d26a3~tplv-tiktokx-cropcenter:100:100.jpg?dr=9640&refresh_token=aa9bc246&x-expires=1756281600&x-signature=Po2FkGqi5aqt0G7RILj606wkbyA%3D&t=4d5b0474&ps=13740610&shp=30310797&shcp=ff37627b&idc=useast5",
            "_total_reply": 0,
            "_replies": []
        },
        {
            "_comment_id": "7482408896864437034",
            "_username": "kelbyshianne",
            "_nickname": "Kelby❤️‍🔥🥂",
            "_comment": "Goals 🤩🔥",
            "_create_time": "2025-03-16T14:08:29",
            "_avatar": "https://p16-pu-sign-useast8.tiktokcdn-us.com/tos-useast5-avt-0068-tx/f1268cb98cf383b8cfab6642b43a5192~tplv-tiktokx-cropcenter:100:100.jpg?dr=9640&refresh_token=cfa99d4e&x-expires=1756281600&x-signature=vRikvd9ormnmYhCp3%2BUENrYybDg%3D&t=4d5b0474&ps=13740610&shp=30310797&shcp=ff37627b&idc=useast5",
            "_total_reply": 0,
            "_replies": []
        },
        {
            "_comment_id": "7482407149977715478",
            "_username": "dear.ekaterina",
            "_nickname": "Ekaterina Steffen",
            "_comment": "Amazing!😍 I’d love to be here! ❤️",
            "_create_time": "2025-03-16T14:01:25",
            "_avatar": "https://p19-common-sign-va.tiktokcdn-us.com/tos-maliva-avt-0068/5816a2dfd47b5d358a9792266abe468b~tplv-tiktokx-cropcenter:100:100.jpg?dr=9640&refresh_token=a06b0c5b&x-expires=1756281600&x-signature=ZQAGlcu30poPtLIUB%2FY1pYjKPqc%3D&t=4d5b0474&ps=13740610&shp=30310797&shcp=ff37627b&idc=useast5",
            "_total_reply": 0,
            "_replies": []
        },
        {
            "_comment_id": "7482400311157015327",
            "_username": "_enrichbeauty_",
            "_nickname": "_enrichbeauty_",
            "_comment": "Omg a dream 🥰",
            "_create_time": "2025-03-16T13:35:20",
            "_avatar": "https://p16-pu-sign-useast8.tiktokcdn-us.com/tos-useast8-avt-0068-tx2/731985c916c0827aa0a1d493275c0799~tplv-tiktokx-cropcenter:100:100.jpg?dr=9640&refresh_token=67d1389f&x-expires=1756281600&x-signature=LmABtyhPPHFY5J4GiwOeEg8Oy80%3D&t=4d5b0474&ps=13740610&shp=30310797&shcp=ff37627b&idc=useast5",
            "_total_reply": 0,
            "_replies": []
        },
        {
            "_comment_id": "7482866140809741086",
            "_username": "maliasky",
            "_nickname": "maliasky",
            "_comment": "perfect✨✨🤭",
            "_create_time": "2025-03-17T19:42:49",
            "_avatar": "https://p16-pu-sign-useast8.tiktokcdn-us.com/tos-useast8-avt-0068-tx2/ea7d0ca77f42f159a57f4bbc8b6f95ba~tplv-tiktokx-cropcenter:100:100.jpg?dr=9640&refresh_token=82474599&x-expires=1756281600&x-signature=gOYtzUobmay948MwvSHkQLwj3qs%3D&t=4d5b0474&ps=13740610&shp=30310797&shcp=ff37627b&idc=useast5",
            "_total_reply": 0,
            "_replies": []
        },
        {
            "_comment_id": "7483104862734631702",
            "_username": "noeminikita",
            "_nickname": "Noemi Nikita",
            "_comment": "💗💗💗💗",
            "_create_time": "2025-03-18T11:09:05",
            "_avatar": "https://p16-common-sign-va.tiktokcdn-us.com/tos-maliva-avt-0068/8f102dcc26f50e807fb7ff1f31ce4e84~tplv-tiktokx-cropcenter:100:100.jpg?dr=9640&refresh_token=09b70e8f&x-expires=1756281600&x-signature=LUKK6spksLlrNG%2FCwCti5Wo5p28%3D&t=4d5b0474&ps=13740610&shp=30310797&shcp=ff37627b&idc=useast5",
            "_total_reply": 0,
            "_replies": []
        },
        {
            "_comment_id": "7482715938973025047",
            "_username": "theturquoiseflamingo",
            "_nickname": "Sammy Duder",
            "_comment": "❤️❤️❤️",
            "_create_time": "2025-03-17T09:59:59",
            "_avatar": "https://p16-common-sign-useast2a.tiktokcdn-us.com/tos-useast2a-avt-0068-euttp/a84a71914ce538443e4d09bdaf1e1f1b~tplv-tiktokx-cropcenter:100:100.jpg?dr=9640&refresh_token=afef0aee&x-expires=1756281600&x-signature=K8PHPMybX6IlW4sN%2Fwxt0kWu8qI%3D&t=4d5b0474&ps=13740610&shp=30310797&shcp=ff37627b&idc=useast5",
            "_total_reply": 0,
            "_replies": []
        },
        {
            "_comment_id": "7482382002223825719",
            "_username": "xddviscabarca",
            "_nickname": "🦩❆ᥬ𝓑᭄❆🦩",
            "_comment": "@Lancôme",
            "_create_time": "2025-03-16T12:24:23",
            "_avatar": "https://p16-common-sign-va.tiktokcdn-us.com/tos-maliva-avt-0068/c351ab19b1e680fb0920cfb7b5d9f0df~tplv-tiktokx-cropcenter:100:100.jpg?dr=9640&refresh_token=2b33a174&x-expires=1756281600&x-signature=AbNWSGKnwrTvNepMTjNwrnXEVHk%3D&t=4d5b0474&ps=13740610&shp=30310797&shcp=ff37627b&idc=useast5",
            "_total_reply": 0,
            "_replies": []
        },
        {
            "_comment_id": "7483981850253689622",
            "_username": "martic_1911",
            "_nickname": "Martina🩶",
            "_comment": "🥰",
            "_create_time": "2025-03-20T19:52:00",
            "_avatar": "https://p16-common-sign-va.tiktokcdn-us.com/tos-maliva-avt-0068/0f0ea358459323f41f27a4c9bc3d3d95~tplv-tiktokx-cropcenter:100:100.jpg?dr=9640&refresh_token=6f5cd6b3&x-expires=1756281600&x-signature=bdgl9F76hkYtueSsk275rbX4h9M%3D&t=4d5b0474&ps=13740610&shp=30310797&shcp=ff37627b&idc=useast5",
            "_total_reply": 0,
            "_replies": []
        },
        {
            "_comment_id": "7482851197898048287",
            "_username": "laurenhendrix92",
            "_nickname": "Lauren Hendrix 💖 2025 Bride",
            "_comment": "🤩🤩🤩",
            "_create_time": "2025-03-17T18:45:09",
            "_avatar": "https://p16-pu-sign-useast8.tiktokcdn-us.com/tos-useast8-avt-0068-tx2/a6c1f21dbba21d8473036e27ed11c595~tplv-tiktokx-cropcenter:100:100.jpg?dr=9640&refresh_token=24061de2&x-expires=1756281600&x-signature=ivK%2BiT6rXrBX4WbZ46IlRUE71O4%3D&t=4d5b0474&ps=13740610&shp=30310797&shcp=ff37627b&idc=useast5",
            "_total_reply": 0,
            "_replies": []
        },
        {
            "_comment_id": "7482837125317362434",
            "_username": "chuck.fl",
            "_nickname": "chuck🎩",
            "_comment": "❤️❤️❤️",
            "_create_time": "2025-03-17T17:49:58",
            "_avatar": "https://p16-common-sign-useast2a.tiktokcdn-us.com/tos-useast2a-avt-0068-euttp/48dfc7de8f250481587219823e38df7d~tplv-tiktokx-cropcenter:100:100.jpg?dr=9640&refresh_token=5a047f67&x-expires=1756281600&x-signature=nKQSSPAESF9qP2YLXMEfXUteMy4%3D&t=4d5b0474&ps=13740610&shp=30310797&shcp=ff37627b&idc=useast5",
            "_total_reply": 0,
            "_replies": []
        },
        {
            "_comment_id": "7482536637136765719",
            "_username": "imannabellerose",
            "_nickname": "Annabelle Rose",
            "_comment": "♥️♥️",
            "_create_time": "2025-03-16T22:23:59",
            "_avatar": "https://p16-common-sign-va.tiktokcdn-us.com/tos-maliva-avt-0068/1ebd2586a066c400bd7ea965d14da8ae~tplv-tiktokx-cropcenter:100:100.jpg?dr=9640&refresh_token=ff53c0ae&x-expires=1756281600&x-signature=nDI0jflac%2Fz8wIMcfDA3jt%2FBKG4%3D&t=4d5b0474&ps=13740610&shp=30310797&shcp=ff37627b&idc=useast5",
            "_total_reply": 0,
            "_replies": []
        },
        {
            "_comment_id": "7487826654179902263",
            "_username": "berthaaliciamendo0",
            "_nickname": "Alicia marin",
            "_comment": "🥰",
            "_create_time": "2025-03-31T04:32:41",
            "_avatar": "https://p16-common-sign-va.tiktokcdn-us.com/tos-maliva-avt-0068/652ba2928b135a2f2db362c45d927620~tplv-tiktokx-cropcenter:100:100.jpg?dr=9640&refresh_token=c5914923&x-expires=1756281600&x-signature=mQO7zRZCNtR91Yo7Ye5b0nDXzPE%3D&t=4d5b0474&ps=13740610&shp=30310797&shcp=ff37627b&idc=useast5",
            "_total_reply": 0,
            "_replies": []
        },
        {
            "_comment_id": "7482417186696577838",
            "_username": "bigbackkkkperioddd232",
            "_nickname": "🎸🎸nirvanas #1 fannn🎸🎸",
            "_comment": "CAN YOU PLEASE TELL OLIVIA I LOVE HER SM 💜💜💜AND YOUR MAKEUP SLAYSS@Olivia Rodrigo",
            "_create_time": "2025-03-16T14:40:43",
            "_avatar": "https://p16-pu-sign-useast8.tiktokcdn-us.com/tos-useast8-avt-0068-tx2/327651214ee2a45a69ce46b13306cd5f~tplv-tiktokx-cropcenter:100:100.jpg?dr=9640&refresh_token=461a0d8f&x-expires=1756281600&x-signature=n5bPN32xVc8U%2BS%2FACxVrsPcFd6g%3D&t=4d5b0474&ps=13740610&shp=30310797&shcp=ff37627b&idc=useast5",
            "_total_reply": 0,
            "_replies": []
        },
        {
            "_comment_id": "7482381959039582981",
            "_username": "xddviscabarca",
            "_nickname": "🦩❆ᥬ𝓑᭄❆🦩",
            "_comment": "más copias no miras que fue por culpa de un bug que las personas no pudieron reclamar @@Lancôme",
            "_create_time": "2025-03-16T12:24:14",
            "_avatar": "https://p16-common-sign-va.tiktokcdn-us.com/tos-maliva-avt-0068/c351ab19b1e680fb0920cfb7b5d9f0df~tplv-tiktokx-cropcenter:100:100.jpg?dr=9640&refresh_token=2b33a174&x-expires=1756281600&x-signature=AbNWSGKnwrTvNepMTjNwrnXEVHk%3D&t=4d5b0474&ps=13740610&shp=30310797&shcp=ff37627b&idc=useast5",
            "_total_reply": 0,
            "_replies": []
        }
    ],
    "total_comments": 58
}