{
    "original_url": "https://www.tiktok.com/@lancome.official/video/7484203293632236822",
    "video_id": "7484203293632236822",
    "description": "Yup, cancelling everything for the sake of our skincare routines 💙 Featuring: @Vidya @AVA @MELINDA BERRY  #Lancome #Genifique #GenifiqueUltimate #Serum #Skincare #Skincaretiktok #Skintok #Relax #Retreat #Massage #Glow #GlowingSkin #SkincareRoutine",
    "video_url": "https://m.tiktok.com/v/7484203293632236822.html?_d=0&comment_author_id=7402638189305562144&preview_pb=0&share_comment_id=7487995568984834838&share_item_id=7484203293632236822&sharer_language=en&source=h5_m&u_code=0",
    "tags": [
        "#Lancome",
        "#Genifique",
        "#GenifiqueUltimate",
        "#Serum",
        "#Skincare",
        "#Skincaretiktok",
        "#Skintok",
        "#Relax",
        "#Retreat",
        "#Massage",
        "#Glow",
        "#GlowingSkin",
        "#SkincareRoutine"
    ],
    "comments": [
        {
            "_comment_id": "7487995568984834838",
            "_username": "pinkglitterart",
            "_nickname": "maya",
            "_comment": "Literally me right now💕",
            "_create_time": "2025-03-31T15:27:17",
            "_avatar": "https://p16-common-sign-va.tiktokcdn-us.com/tos-maliva-avt-0068/23e05e240a690d4bb311a58fb0e027b3~tplv-tiktokx-cropcenter:100:100.jpg?dr=9640&refresh_token=b404277e&x-expires=1756281600&x-signature=X8oiVIi3cW%2FKAitU3leJveUzBLk%3D&t=4d5b0474&ps=13740610&shp=30310797&shcp=ff37627b&idc=useast5",
            "_total_reply": 0,
            "_replies": []
        },
        {
            "_comment_id": "7485721721816974088",
            "_username": "cute_clar_clar",
            "_nickname": "Clarissa • Beauty • Lifestyle",
            "_comment": "I do this so often 😭",
            "_create_time": "2025-03-25T12:23:41",
            "_avatar": "https://p16-common-sign-useast2a.tiktokcdn-us.com/tos-useast2a-avt-0068-euttp/6f1f96ac42727d93ee0752ca6fbf45df~tplv-tiktokx-cropcenter:100:100.jpg?dr=9640&refresh_token=41925dcd&x-expires=1756281600&x-signature=D%2B9On0LekklXbBaVIHhHJ6tUpXY%3D&t=4d5b0474&ps=13740610&shp=30310797&shcp=ff37627b&idc=useast5",
            "_total_reply": 0,
            "_replies": []
        },
        {
            "_comment_id": "7486028768946946839",
            "_username": "wuhshdhak",
            "_nickname": "Tik Toker",
            "_comment": "Sample🫶🏻🤞🏼",
            "_create_time": "2025-03-26T08:15:18",
            "_avatar": "https://p16-common-sign-useast2a.tiktokcdn-us.com/tos-useast2a-avt-0068-euttp/5dab83fb4fdc2b3eed9ad112cb3359a3~tplv-tiktokx-cropcenter:100:100.jpg?dr=9640&refresh_token=bbf3665c&x-expires=1756281600&x-signature=cTPK794kDxykNCoKXT%2BwgFWpzLM%3D&t=4d5b0474&ps=13740610&shp=30310797&shcp=ff37627b&idc=useast5",
            "_total_reply": 0,
            "_replies": []
        },
        {
            "_comment_id": "7484344885702689579",
            "_username": "melinda_melrose",
            "_nickname": "MELINDA BERRY",
            "_comment": "This is the only plans I want 😂",
            "_create_time": "2025-03-21T19:21:01",
            "_avatar": "https://p16-common-sign-va.tiktokcdn-us.com/tos-maliva-avt-0068/6fca8fc6e56ab95dd096dee7ac2c23a5~tplv-tiktokx-cropcenter:100:100.jpg?dr=9640&refresh_token=c296190f&x-expires=1756281600&x-signature=YNGfRhf3ZOBv86P4s9g4Go3XgRI%3D&t=4d5b0474&ps=13740610&shp=30310797&shcp=ff37627b&idc=useast5",
            "_total_reply": 1,
            "_replies": [
                {
                    "_comment_id": "7483026096536011552",
                    "_username": "lancome.official",
                    "_nickname": "Lancôme",
                    "_comment": "same 🤭 ❤️",
                    "_create_time": "2025-03-22T23:31:54",
                    "_avatar": "https://p19-common-sign-va.tiktokcdn-us.com/tos-maliva-avt-0068/9424f6caa6a8781766ccf45ddf0a0a0d~tplv-tiktokx-cropcenter:100:100.jpg?dr=9640&refresh_token=4e732867&x-expires=1756281600&x-signature=5PN4EHVgtRvUll6IF2OIT9lcCWk%3D&t=4d5b0474&ps=13740610&shp=30310797&shcp=ff37627b&idc=useast5",
                    "_total_reply": null,
                    "_replies": []
                }
            ]
        },
        {
            "_comment_id": "7484446628536140545",
            "_username": "possy820",
            "_nickname": "sokab",
            "_comment": "lancome please rostok hair pink🙏😭",
            "_create_time": "2025-03-22T01:55:54",
            "_avatar": "https://p16-common-sign-sg.tiktokcdn-us.com/tos-alisg-avt-0068/f4b589fe892a45b4de6b2e6300cedd3e~tplv-tiktokx-cropcenter:100:100.jpg?dr=9640&refresh_token=dee44097&x-expires=1756281600&x-signature=SyRQpQbEcg9TUETTuor%2F6aFxoxY%3D&t=4d5b0474&ps=13740610&shp=30310797&shcp=ff37627b&idc=useast5",
            "_total_reply": 0,
            "_replies": []
        },
        {
            "_comment_id": "7484502629599822598",
            "_username": "black.melonnn",
            "_nickname": "black.melonnn",
            "_comment": "Guilty ❤️😂",
            "_create_time": "2025-03-22T05:33:30",
            "_avatar": "https://p16-common-sign-va.tiktokcdn-us.com/tos-maliva-avt-0068/8a56781bc3b70e22c0c5cc9607bedefb~tplv-tiktokx-cropcenter:100:100.jpg?dr=9640&refresh_token=a72399f2&x-expires=1756281600&x-signature=%2BDX16uOz1Vd%2BXBeFi0qMUXzTK54%3D&t=4d5b0474&ps=13740610&shp=30310797&shcp=ff37627b&idc=useast5",
            "_total_reply": 0,
            "_replies": []
        },
        {
            "_comment_id": "7485466071294788374",
            "_username": "slavicskin",
            "_nickname": "slavicskin",
            "_comment": "I’m using this serum for so long and I can’t imagine anything better 💋💋💋",
            "_create_time": "2025-03-24T19:51:28",
            "_avatar": "https://p16-common-sign-va.tiktokcdn-us.com/tos-maliva-avt-0068/c2027403d8e547bbfc74d2b18a733a09~tplv-tiktokx-cropcenter:100:100.jpg?dr=9640&refresh_token=6ffe8dae&x-expires=1756281600&x-signature=O6Cg9KLdcROqCkC4GmNabC6j2CM%3D&t=4d5b0474&ps=13740610&shp=30310797&shcp=ff37627b&idc=useast5",
            "_total_reply": 1,
            "_replies": [
                {
                    "_comment_id": "7485670562606596896",
                    "_username": "lancome.official",
                    "_nickname": "Lancôme",
                    "_comment": "Ahhh! We love to hear that!! ❤️",
                    "_create_time": "2025-03-25T14:50:38",
                    "_avatar": "https://p16-common-sign-va.tiktokcdn-us.com/tos-maliva-avt-0068/9424f6caa6a8781766ccf45ddf0a0a0d~tplv-tiktokx-cropcenter:100:100.jpg?dr=9640&refresh_token=2d0d7041&x-expires=1756281600&x-signature=6RRh0sV%2BMiFopbDnto6in1a21L8%3D&t=4d5b0474&ps=13740610&shp=30310797&shcp=ff37627b&idc=useast5",
                    "_total_reply": null,
                    "_replies": []
                }
            ]
        },
        {
            "_comment_id": "7484204684694258438",
            "_username": "jana_saurus",
            "_nickname": "Јана?",
            "_comment": "Olivia is getting readyy too🤭",
            "_create_time": "2025-03-21T10:17:10",
            "_avatar": "https://p16-common-sign-va.tiktokcdn-us.com/tos-maliva-avt-0068/d0b70185c9cafee4ddca23e1f3a5009c~tplv-tiktokx-cropcenter:100:100.jpg?dr=9640&refresh_token=8c8ff544&x-expires=1756281600&x-signature=dq2%2FXI2tbEX7cHa%2BShUUk4ak%2Bwo%3D&t=4d5b0474&ps=13740610&shp=30310797&shcp=ff37627b&idc=useast5",
            "_total_reply": 0,
            "_replies": []
        },
        {
            "_comment_id": "7484559164856009494",
            "_username": "skibidi_livvv",
            "_nickname": "𝐋𝐢𝐥𝐚𝐡 ᴼᴿ",
            "_comment": "my plan is to listen to olivia while watching ur vids 😍",
            "_create_time": "2025-03-22T09:12:22",
            "_avatar": "https://p16-common-sign-va.tiktokcdn-us.com/tos-maliva-avt-0068/c44345d35b50750431a4ad7a5fb89a88~tplv-tiktokx-cropcenter:100:100.jpg?dr=9640&refresh_token=bb8da7d1&x-expires=1756281600&x-signature=g7XKNBcmixEjBmd0Q9aDr8M421w%3D&t=4d5b0474&ps=13740610&shp=30310797&shcp=ff37627b&idc=useast5",
            "_total_reply": 0,
            "_replies": []
        },
        {
            "_comment_id": "7484228599211655958",
            "_username": "sandy32807",
            "_nickname": "sandy",
            "_comment": "i have this serum veeeeery good!! I love it😍",
            "_create_time": "2025-03-21T11:49:39",
            "_avatar": "https://p16-common-sign-useast2a.tiktokcdn-us.com/tos-useast2a-avt-0068-euttp/d462794418f4f00ac3680023dbda4788~tplv-tiktokx-cropcenter:100:100.jpg?dr=9640&refresh_token=fc0f67a4&x-expires=1756281600&x-signature=6XaBFUrez7Pn0tXBp9Yc8rQQivs%3D&t=4d5b0474&ps=13740610&shp=30310797&shcp=ff37627b&idc=useast5",
            "_total_reply": 1,
            "_replies": [
                {
                    "_comment_id": "7483044154730808096",
                    "_username": "lancome.official",
                    "_nickname": "Lancôme",
                    "_comment": "Ahhh! We love to hear that! ❤️",
                    "_create_time": "2025-03-21T15:28:40",
                    "_avatar": "https://p16-common-sign-va.tiktokcdn-us.com/tos-maliva-avt-0068/9424f6caa6a8781766ccf45ddf0a0a0d~tplv-tiktokx-cropcenter:100:100.jpg?dr=9640&refresh_token=2d0d7041&x-expires=1756281600&x-signature=6RRh0sV%2BMiFopbDnto6in1a21L8%3D&t=4d5b0474&ps=13740610&shp=30310797&shcp=ff37627b&idc=useast5",
                    "_total_reply": null,
                    "_replies": []
                }
            ]
        },
        {
            "_comment_id": "7484262794029024022",
            "_username": "amarachi.celestin",
            "_nickname": "Amarachi Celestina",
            "_comment": "lovely 😍",
            "_create_time": "2025-03-21T14:02:11",
            "_avatar": "https://p16-common-sign-useast2a.tiktokcdn-us.com/tos-useast2a-avt-0068-euttp/7266832678194774049~tplv-tiktokx-cropcenter:100:100.jpg?dr=9640&refresh_token=1536b948&x-expires=1756281600&x-signature=ree5UmZG2t6rG2GHDS3OwUcaJ7o%3D&t=4d5b0474&ps=13740610&shp=30310797&shcp=ff37627b&idc=useast5",
            "_total_reply": 0,
            "_replies": []
        },
        {
            "_comment_id": "7484352841977676566",
            "_username": "amyc3333",
            "_nickname": "amy",
            "_comment": "So pretty",
            "_create_time": "2025-03-21T19:51:34",
            "_avatar": "https://p16-common-sign-useast2a.tiktokcdn-us.com/tos-useast2a-avt-0068-euttp/373c2741cc83811383913b9ee25c01d5~tplv-tiktokx-cropcenter:100:100.jpg?dr=9640&refresh_token=62ea7c95&x-expires=1756281600&x-signature=pHYUarwJiB6FavzYtsFGKJr0WhU%3D&t=4d5b0474&ps=13740610&shp=30310797&shcp=ff37627b&idc=useast5",
            "_total_reply": 1,
            "_replies": [
                {
                    "_comment_id": "7483045566239638305",
                    "_username": "lancome.official",
                    "_nickname": "Lancôme",
                    "_comment": "thanks 🥰",
                    "_create_time": "2025-03-22T23:32:27",
                    "_avatar": "https://p16-common-sign-va.tiktokcdn-us.com/tos-maliva-avt-0068/9424f6caa6a8781766ccf45ddf0a0a0d~tplv-tiktokx-cropcenter:100:100.jpg?dr=9640&refresh_token=2d0d7041&x-expires=1756281600&x-signature=6RRh0sV%2BMiFopbDnto6in1a21L8%3D&t=4d5b0474&ps=13740610&shp=30310797&shcp=ff37627b&idc=useast5",
                    "_total_reply": null,
                    "_replies": []
                }
            ]
        },
        {
            "_comment_id": "7485103090098537238",
            "_username": "xxh34rtsfordamlaxx",
            "_nickname": "-`,★🗽𝐃𝐀𝐌𝐋𝐀!!🐕🌏´",
            "_comment": "sample",
            "_create_time": "2025-03-23T20:22:57",
            "_avatar": "https://p16-common-sign-useast2a.tiktokcdn-us.com/tos-useast2a-avt-0068-euttp/f8f0595fc15d8c0480ab1b278d52ee1d~tplv-tiktokx-cropcenter:100:100.jpg?dr=9640&refresh_token=9a973cfa&x-expires=1756281600&x-signature=mhe6VYjrAI2VXE6CKUQu988x%2FCo%3D&t=4d5b0474&ps=13740610&shp=30310797&shcp=ff37627b&idc=useast5",
            "_total_reply": 0,
            "_replies": []
        },
        {
            "_comment_id": "7484204505749160710",
            "_username": "jana_saurus",
            "_nickname": "Јана?",
            "_comment": "Soo truee💜💜💜",
            "_create_time": "2025-03-21T10:16:44",
            "_avatar": "https://p16-common-sign-va.tiktokcdn-us.com/tos-maliva-avt-0068/d0b70185c9cafee4ddca23e1f3a5009c~tplv-tiktokx-cropcenter:100:100.jpg?dr=9640&refresh_token=8c8ff544&x-expires=1756281600&x-signature=dq2%2FXI2tbEX7cHa%2BShUUk4ak%2Bwo%3D&t=4d5b0474&ps=13740610&shp=30310797&shcp=ff37627b&idc=useast5",
            "_total_reply": 0,
            "_replies": []
        },
        {
            "_comment_id": "7493875132315222806",
            "_username": "strep_and",
            "_nickname": "Strep_and",
            "_comment": "💕",
            "_create_time": "2025-04-16T12:42:59",
            "_avatar": "https://p16-common-sign-useast2a.tiktokcdn-us.com/tos-useast2a-avt-0068-euttp/8f120708c2ba5d1b42accd1e62b95518~tplv-tiktokx-cropcenter:100:100.jpg?dr=9640&refresh_token=e80540f4&x-expires=1756281600&x-signature=jQa%2BuNlFyzsBmLRFpCBLEYlPQqQ%3D&t=4d5b0474&ps=13740610&shp=30310797&shcp=ff37627b&idc=useast5",
            "_total_reply": 0,
            "_replies": []
        },
        {
            "_comment_id": "7493185266115511062",
            "_username": "laurajrn_",
            "_nickname": "LJ",
            "_comment": "🥰🥰🥰",
            "_create_time": "2025-04-14T16:05:54",
            "_avatar": "https://p16-common-sign-va.tiktokcdn-us.com/tos-maliva-avt-0068/de47d8ca132febcfa670782a96b8f108~tplv-tiktokx-cropcenter:100:100.jpg?dr=9640&refresh_token=c23f7d12&x-expires=1756281600&x-signature=GRqy%2Fj5lvuL9WSc3mFP9cFlsfOE%3D&t=4d5b0474&ps=13740610&shp=30310797&shcp=ff37627b&idc=useast5",
            "_total_reply": 0,
            "_replies": []
        },
        {
            "_comment_id": "7484227123872858902",
            "_username": "annang042",
            "_nickname": "anna",
            "_comment": "🥰",
            "_create_time": "2025-03-21T11:43:50",
            "_avatar": "https://p16-common-sign-va.tiktokcdn-us.com/tos-maliva-avt-0068/7c3e761751fa337405fde2251afc615e~tplv-tiktokx-cropcenter:100:100.jpg?dr=9640&refresh_token=befccaa7&x-expires=1756281600&x-signature=OH9WjLfCva35OuknflOFPmIJqms%3D&t=4d5b0474&ps=13740610&shp=30310797&shcp=ff37627b&idc=useast5",
            "_total_reply": 0,
            "_replies": []
        },
        {
            "_comment_id": "7505770330318668566",
            "_username": "user1276532088220",
            "_nickname": "user1276532088220",
            "_comment": "😳😳😳",
            "_create_time": "2025-05-18T14:02:25",
            "_avatar": "https://p16-common-sign-va.tiktokcdn-us.com/musically-maliva-obj/1594805258216454~tplv-tiktokx-cropcenter:100:100.jpg?dr=9640&refresh_token=e95abb24&x-expires=1756281600&x-signature=3sj6OaLiS8USBUJlFKzdpJPzweM%3D&t=4d5b0474&ps=13740610&shp=30310797&shcp=ff37627b&idc=useast5",
            "_total_reply": 0,
            "_replies": []
        },
        {
            "_comment_id": "7484374786715730710",
            "_username": "user2901536990581",
            "_nickname": "Emmie",
            "_comment": "😍😍",
            "_create_time": "2025-03-21T21:16:49",
            "_avatar": "https://p16-common-sign-useast2a.tiktokcdn-us.com/tos-useast2a-avt-0068-euttp/b6b2485cda36813fbff7bcc06285b279~tplv-tiktokx-cropcenter:100:100.jpg?dr=9640&refresh_token=c5bb0bda&x-expires=1756281600&x-signature=ocihSRDrhn16mC5Puyyo312OODM%3D&t=4d5b0474&ps=13740610&shp=30310797&shcp=ff37627b&idc=useast5",
            "_total_reply": 0,
            "_replies": []
        },
        {
            "_comment_id": "7484348483869672214",
            "_username": "niaworth10",
            "_nickname": "Nia Worth",
            "_comment": "❤️❤️❤️",
            "_create_time": "2025-03-21T19:34:41",
            "_avatar": "https://p16-common-sign-va.tiktokcdn-us.com/tos-maliva-avt-0068/7322170587002519557~tplv-tiktokx-cropcenter:100:100.jpg?dr=9640&refresh_token=3a6fe647&x-expires=1756281600&x-signature=B5VDZrWL0IZAG%2FHCd0AzA8nDHpU%3D&t=4d5b0474&ps=13740610&shp=30310797&shcp=ff37627b&idc=useast5",
            "_total_reply": 0,
            "_replies": []
        },
        {
            "_comment_id": "7484322564844749590",
            "_username": "queeniesss5789",
            "_nickname": "tasha",
            "_comment": "🥰",
            "_create_time": "2025-03-21T17:54:06",
            "_avatar": "https://p16-common-sign-useast2a.tiktokcdn-us.com/tos-useast2a-avt-0068-euttp/b050c287b2caa6d79e833351538d3e02~tplv-tiktokx-cropcenter:100:100.jpg?dr=9640&refresh_token=c7834557&x-expires=1756281600&x-signature=pr8dXrxMhwEUBehYqILK6mo3Z7I%3D&t=4d5b0474&ps=13740610&shp=30310797&shcp=ff37627b&idc=useast5",
            "_total_reply": 0,
            "_replies": []
        },
        {
            "_comment_id": "7501039608840307478",
            "_username": "sea2108",
            "_nickname": "SEA💙",
            "_comment": "❤️",
            "_create_time": "2025-05-05T20:04:47",
            "_avatar": "https://p19-common-sign-va.tiktokcdn-us.com/tos-maliva-avt-0068/6c71247e7bcad0691e887682a51ca050~tplv-tiktokx-cropcenter:100:100.jpg?dr=9640&refresh_token=0f7e1f17&x-expires=1756281600&x-signature=kyg%2FgsWm2KwyUEyvQLPC5RZFPjk%3D&t=4d5b0474&ps=13740610&shp=30310797&shcp=ff37627b&idc=useast5",
            "_total_reply": 0,
            "_replies": []
        },
        {
            "_comment_id": "7485582445896336134",
            "_username": "brand.managermilisa",
            "_nickname": "brand manager milisa",
            "_comment": "Big fan of your page! Sent you a message let me know what you think",
            "_create_time": "2025-03-25T03:23:44",
            "_avatar": "https://p16-common-sign-va.tiktokcdn-us.com/tos-maliva-avt-0068/5fd3ba87d0ac41ea4616e7b8efdd48fd~tplv-tiktokx-cropcenter:100:100.jpg?dr=9640&refresh_token=f0ac9540&x-expires=1756281600&x-signature=CLaX96FIAjk%2BPUd7ylfa1jxDI1w%3D&t=4d5b0474&ps=13740610&shp=30310797&shcp=ff37627b&idc=useast5",
            "_total_reply": 0,
            "_replies": []
        },
        {
            "_comment_id": "7485465052577923846",
            "_username": "brand.manager.elina1",
            "_nickname": "Brand manager Elina",
            "_comment": "We love your energy! Just sent you a message with an opportunity!",
            "_create_time": "2025-03-24T19:47:46",
            "_avatar": "https://p16-common-sign-va.tiktokcdn-us.com/tos-maliva-avt-0068/cd00284fa12537ff408f220b332538a0~tplv-tiktokx-cropcenter:100:100.jpg?dr=9640&refresh_token=2dc7a600&x-expires=1756281600&x-signature=S8q3MIdUGxYbPiJDNDYle%2BVsSXM%3D&t=4d5b0474&ps=13740610&shp=30310797&shcp=ff37627b&idc=useast5",
            "_total_reply": 0,
            "_replies": []
        }
    ],
    "total_comments": 24
}