{
    "original_url": "https://www.tiktok.com/@lancome.official/video/7485304114348379414",
    "video_id": "7485304114348379414",
    "description": "New season, new colors. Lancôme’s newest Blush Subtil shades 🌸  #Lancome #Blush #Colors #Springs #Makeup #BeautyTok #MakeupTok #Pink #Essentials #MustHave #MakeupEssentials #Beauty #Satisfying #Swatches #RedBlush #Blushhack ",
    "video_url": "https://m.tiktok.com/v/7485304114348379414.html?_d=0&comment_author_id=6885295434387293185&preview_pb=0&share_comment_id=7485721605198856968&share_item_id=7485304114348379414&sharer_language=en&source=h5_m&u_code=0",
    "tags": [
        "#Lancome",
        "#Blush",
        "#Colors",
        "#Springs",
        "#Makeup",
        "#BeautyTok",
        "#MakeupTok",
        "#Pink",
        "#Essentials",
        "#MustHave",
        "#MakeupEssentials",
        "#Beauty",
        "#Satisfying",
        "#Swatches",
        "#RedBlush",
        "#Blushhack"
    ],
    "comments": [
        {
            "_comment_id": "7485721605198856968",
            "_username": "cute_clar_clar",
            "_nickname": "Clarissa • Beauty • Lifestyle",
            "_comment": "The pigment though 😍",
            "_create_time": "2025-03-25T12:23:28",
            "_avatar": "https://p16-common-sign-useast2a.tiktokcdn-us.com/tos-useast2a-avt-0068-euttp/6f1f96ac42727d93ee0752ca6fbf45df~tplv-tiktokx-cropcenter:100:100.jpg?dr=9640&refresh_token=41925dcd&x-expires=1756281600&x-signature=D%2B9On0LekklXbBaVIHhHJ6tUpXY%3D&t=4d5b0474&ps=13740610&shp=30310797&shcp=ff37627b&idc=useast5",
            "_total_reply": 0,
            "_replies": []
        },
        {
            "_comment_id": "7501179243780047634",
            "_username": "1234523mmm",
            "_nickname": "Lila",
            "_comment": "No entiendo porque siguen poniendo la brocha literal nadie la usa",
            "_create_time": "2025-05-06T05:06:53",
            "_avatar": "https://p16-common-sign-va.tiktokcdn-us.com/tos-maliva-avt-0068/7322777776195371013~tplv-tiktokx-cropcenter:100:100.jpg?dr=9640&refresh_token=117d366c&x-expires=1756281600&x-signature=JCvBWfQKI2ZIhG3n81eDR3YdJjY%3D&t=4d5b0474&ps=13740610&shp=30310797&shcp=ff37627b&idc=useast5",
            "_total_reply": 2,
            "_replies": [
                {
                    "_comment_id": "7511413815390716690",
                    "_username": "mafemanzano7",
                    "_nickname": "Mafe Manzano",
                    "_comment": "😳 Yo si",
                    "_create_time": "2025-06-02T19:02:04",
                    "_avatar": "https://p16-common-sign-va.tiktokcdn-us.com/tos-maliva-avt-0068/7331793500282355717~tplv-tiktokx-cropcenter:100:100.jpg?dr=9640&refresh_token=ad5e9b2f&x-expires=1756281600&x-signature=VFWLdJyMmDXkIK2qYnvQHNNPAVo%3D&t=4d5b0474&ps=13740610&shp=30310797&shcp=ff37627b&idc=useast5",
                    "_total_reply": null,
                    "_replies": []
                },
                {
                    "_comment_id": "7517404453009163016",
                    "_username": "burbuja592",
                    "_nickname": "burbuja592",
                    "_comment": "jajaja es super practica para los retoques 😭✨️",
                    "_create_time": "2025-06-18T22:28:55",
                    "_avatar": "https://p16-common-sign-va.tiktokcdn-us.com/tos-maliva-avt-0068/7331780029225336838~tplv-tiktokx-cropcenter:100:100.jpg?dr=9640&refresh_token=96191558&x-expires=1756281600&x-signature=RQFREfOQCLngFTXDvHZdpWH%2F04Y%3D&t=4d5b0474&ps=13740610&shp=30310797&shcp=ff37627b&idc=useast5",
                    "_total_reply": null,
                    "_replies": []
                }
            ]
        },
        {
            "_comment_id": "7488023620738335510",
            "_username": "katrinestr",
            "_nickname": "Katrine 🍒",
            "_comment": "Need them aaaaall💯😍",
            "_create_time": "2025-03-31T17:16:10",
            "_avatar": "https://p16-common-sign-va.tiktokcdn-us.com/tos-maliva-avt-0068/8bac66a29bce50c95cbfc8806d5726c6~tplv-tiktokx-cropcenter:100:100.jpg?dr=9640&refresh_token=a5dad9be&x-expires=1756281600&x-signature=YE1NW%2BwcLBcfEP6BVoTs4UcSI5Y%3D&t=4d5b0474&ps=13740610&shp=30310797&shcp=ff37627b&idc=useast5",
            "_total_reply": 0,
            "_replies": []
        },
        {
            "_comment_id": "7490790294301967110",
            "_username": "chibiriika",
            "_nickname": "chibirika",
            "_comment": "Girl bring them to mexico I beggggggggg I need the fushia one plsss",
            "_create_time": "2025-04-08T05:12:59",
            "_avatar": "https://p16-common-sign-va.tiktokcdn-us.com/tos-maliva-avt-0068/ae54d23cc53d71abf7339b1f6999342f~tplv-tiktokx-cropcenter:100:100.jpg?dr=9640&refresh_token=e610abc0&x-expires=1756281600&x-signature=B8aatMfXZfuF8iRKlHt23XAOW%2F4%3D&t=4d5b0474&ps=13740610&shp=30310797&shcp=ff37627b&idc=useast5",
            "_total_reply": 0,
            "_replies": []
        },
        {
            "_comment_id": "7486028695921345302",
            "_username": "wuhshdhak",
            "_nickname": "Tik Toker",
            "_comment": "Sample🫶🏻❤️",
            "_create_time": "2025-03-26T08:14:54",
            "_avatar": "https://p16-common-sign-useast2a.tiktokcdn-us.com/tos-useast2a-avt-0068-euttp/5dab83fb4fdc2b3eed9ad112cb3359a3~tplv-tiktokx-cropcenter:100:100.jpg?dr=9640&refresh_token=bbf3665c&x-expires=1756281600&x-signature=cTPK794kDxykNCoKXT%2BwgFWpzLM%3D&t=4d5b0474&ps=13740610&shp=30310797&shcp=ff37627b&idc=useast5",
            "_total_reply": 0,
            "_replies": []
        },
        {
            "_comment_id": "7486806789548376854",
            "_username": "oliviarodregosfan",
            "_nickname": "Gracie❤️",
            "_comment": "I NEED MORE OLIVIA VIDEOS",
            "_create_time": "2025-03-28T10:34:18",
            "_avatar": "https://p16-common-sign-useast2a.tiktokcdn-us.com/tos-useast2a-avt-0068-euttp/c7fb8fdf7ba454581d0a08fbf1c68dcb~tplv-tiktokx-cropcenter:100:100.jpg?dr=9640&refresh_token=c27936d3&x-expires=1756281600&x-signature=RLoVQ0zMfUvt1iRDwGUjz3PamEs%3D&t=4d5b0474&ps=13740610&shp=30310797&shcp=ff37627b&idc=useast5",
            "_total_reply": 0,
            "_replies": []
        },
        {
            "_comment_id": "7490297197740491566",
            "_username": "ghadamalo",
            "_nickname": "غا",
            "_comment": "ITS A NEED SO PRETTY",
            "_create_time": "2025-04-06T21:19:14",
            "_avatar": "https://p16-pu-sign-useast8.tiktokcdn-us.com/tos-useast8-avt-0068-tx2/1d542f6da61c0698b0823327315a89a4~tplv-tiktokx-cropcenter:100:100.jpg?dr=9640&refresh_token=9a83148b&x-expires=1756281600&x-signature=IekVkE9w%2FYvzbR8E6sMPGUU9WE8%3D&t=4d5b0474&ps=13740610&shp=30310797&shcp=ff37627b&idc=useast5",
            "_total_reply": 0,
            "_replies": []
        },
        {
            "_comment_id": "7485675136684540694",
            "_username": "ciriellemuk",
            "_nickname": "Cirielle",
            "_comment": "SOLD😭😍",
            "_create_time": "2025-03-25T09:22:59",
            "_avatar": "https://p16-common-sign-va.tiktokcdn-us.com/tos-maliva-avt-0068/2247e92b6a12f7c5f65b0b689954e843~tplv-tiktokx-cropcenter:100:100.jpg?dr=9640&refresh_token=1f7dc76d&x-expires=1756281600&x-signature=3vWVEODDd%2Bd1Q6qLuDNS%2FhOis%2FE%3D&t=4d5b0474&ps=13740610&shp=30310797&shcp=ff37627b&idc=useast5",
            "_total_reply": 0,
            "_replies": []
        },
        {
            "_comment_id": "7486209667220816662",
            "_username": "dxi716",
            "_nickname": "dominic🎀",
            "_comment": "gorgeous 😍",
            "_create_time": "2025-03-26T19:57:02",
            "_avatar": "https://p16-common-sign-va.tiktokcdn-us.com/tos-maliva-avt-0068/87a622fd38359cfd37ea4f1e102852bc~tplv-tiktokx-cropcenter:100:100.jpg?dr=9640&refresh_token=d7bb618d&x-expires=1756281600&x-signature=WP9%2FUEqnlPytezCJKozAxuUKASk%3D&t=4d5b0474&ps=13740610&shp=30310797&shcp=ff37627b&idc=useast5",
            "_total_reply": 0,
            "_replies": []
        },
        {
            "_comment_id": "7486489699404415790",
            "_username": "itsashleyxnicole",
            "_nickname": "Ashley 🤍 | Content Creator",
            "_comment": "Wow! Just stunning! 😍",
            "_create_time": "2025-03-27T14:04:25",
            "_avatar": "https://p19-sign.tiktokcdn-us.com/tos-useast5-avt-0068-tx/631d7c11e3ee54743c59c3669580c15f~tplv-tiktokx-cropcenter:100:100.jpg?dr=9640&refresh_token=e04f3153&x-expires=1756281600&x-signature=FTUiLY3tWPibHf2q3x0dJxEEzKo%3D&t=4d5b0474&ps=13740610&shp=30310797&shcp=ff37627b&idc=useast5",
            "_total_reply": 0,
            "_replies": []
        },
        {
            "_comment_id": "7487280134804177695",
            "_username": "avery._.jalbert",
            "_nickname": "Aves🌺",
            "_comment": "gorgeoussss",
            "_create_time": "2025-03-29T17:11:29",
            "_avatar": "https://p19-pu-sign-useast8.tiktokcdn-us.com/tos-useast8-avt-0068-tx2/e99229fc2b1462ffdfdd38fd50b736cd~tplv-tiktokx-cropcenter:100:100.jpg?dr=9640&refresh_token=70cfa9c4&x-expires=1756281600&x-signature=z3xWj%2F49TEk5MD6MsryxBsavek8%3D&t=4d5b0474&ps=13740610&shp=30310797&shcp=ff37627b&idc=useast5",
            "_total_reply": 0,
            "_replies": []
        },
        {
            "_comment_id": "7485359365844108063",
            "_username": "pam.dsouza",
            "_nickname": "Pam Dsouza",
            "_comment": "so pretty",
            "_create_time": "2025-03-24T12:58:05",
            "_avatar": "https://p16-pu-sign-useast8.tiktokcdn-us.com/tos-useast8-avt-0068-tx2/8ac3115bd7fca0c17ae532b50a26a779~tplv-tiktokx-cropcenter:100:100.jpg?dr=9640&refresh_token=535cb1b4&x-expires=1756281600&x-signature=FYA6xz64WlB5DOmaERvFe2rEuEM%3D&t=4d5b0474&ps=13740610&shp=30310797&shcp=ff37627b&idc=useast5",
            "_total_reply": 0,
            "_replies": []
        },
        {
            "_comment_id": "7486363147428889366",
            "_username": "ncireasa",
            "_nickname": "Nicole 🍒",
            "_comment": "Lancome I need this ❤️",
            "_create_time": "2025-03-27T05:52:54",
            "_avatar": "https://p16-common-sign-va.tiktokcdn-us.com/tos-maliva-avt-0068/45d5f41214f0c5f850040adab5cd9314~tplv-tiktokx-cropcenter:100:100.jpg?dr=9640&refresh_token=d68fa622&x-expires=1756281600&x-signature=PhG7zSA5wkIa2gn11%2FywiT0YwvQ%3D&t=4d5b0474&ps=13740610&shp=30310797&shcp=ff37627b&idc=useast5",
            "_total_reply": 0,
            "_replies": []
        },
        {
            "_comment_id": "7485491726015202070",
            "_username": "mads_461",
            "_nickname": "maddie🤍👸🏼",
            "_comment": "so cutee",
            "_create_time": "2025-03-24T21:31:03",
            "_avatar": "https://p16-common-sign-va.tiktokcdn-us.com/tos-maliva-avt-0068/aa334e44b01683e9ee6767cf3e041819~tplv-tiktokx-cropcenter:100:100.jpg?dr=9640&refresh_token=c6b019a2&x-expires=1756281600&x-signature=Rf%2FohJNNWLhuapMCdtIUUkfUPlM%3D&t=4d5b0474&ps=13740610&shp=30310797&shcp=ff37627b&idc=useast5",
            "_total_reply": 0,
            "_replies": []
        },
        {
            "_comment_id": "7485826375234372358",
            "_username": "lilyfosger",
            "_nickname": "LilyFG",
            "_comment": "Lancome ruined the iconic Teint Idole Ultra Wear foundation that was perfection in a bottle messing with the formula and new shades. So sad! Couldn’t find a matching shade for me.",
            "_create_time": "2025-03-25T19:10:07",
            "_avatar": "https://p16-common-sign-sg.tiktokcdn-us.com/tos-alisg-avt-0068/32da5ae8c123aeb397747ace5889b884~tplv-tiktokx-cropcenter:100:100.jpg?dr=9640&refresh_token=39883486&x-expires=1756281600&x-signature=ay84jM1OTSc8WbckN6tl8uIajAE%3D&t=4d5b0474&ps=13740610&shp=30310797&shcp=ff37627b&idc=useast5",
            "_total_reply": 0,
            "_replies": []
        },
        {
            "_comment_id": "7487590741221704479",
            "_username": "thepinksage_13",
            "_nickname": "Thepinksage",
            "_comment": "Folie rouge, coral clash, orange phoria are the ones I got and love! Folie Rouge is my favorite so far🥰",
            "_create_time": "2025-03-30T13:16:49",
            "_avatar": "https://p19-pu-sign-useast8.tiktokcdn-us.com/tos-useast8-avt-0068-tx2/b2029a8dd058785059f0440c4ca7222b~tplv-tiktokx-cropcenter:100:100.jpg?dr=9640&refresh_token=5dc872df&x-expires=1756281600&x-signature=L5JCzSTiMMrMqUMPZTtvyT3x0AM%3D&t=4d5b0474&ps=13740610&shp=30310797&shcp=ff37627b&idc=useast5",
            "_total_reply": 1,
            "_replies": [
                {
                    "_comment_id": "7486439360255132449",
                    "_username": "lancome.official",
                    "_nickname": "Lancôme",
                    "_comment": "that makes us so happy 🌸 😍",
                    "_create_time": "2025-03-30T21:00:39",
                    "_avatar": "https://p16-common-sign-va.tiktokcdn-us.com/tos-maliva-avt-0068/9424f6caa6a8781766ccf45ddf0a0a0d~tplv-tiktokx-cropcenter:100:100.jpg?dr=9640&refresh_token=2d0d7041&x-expires=1756281600&x-signature=6RRh0sV%2BMiFopbDnto6in1a21L8%3D&t=4d5b0474&ps=13740610&shp=30310797&shcp=ff37627b&idc=useast5",
                    "_total_reply": null,
                    "_replies": []
                }
            ]
        },
        {
            "_comment_id": "7485677448055571218",
            "_username": "alicellure",
            "_nickname": "𝒜𝓁𝒾𝓈𝒶 ᡣ𐭩 •｡ꪆৎ ˚⋅",
            "_comment": "🌸Pink oh la la🌸💗",
            "_create_time": "2025-03-25T09:31:51",
            "_avatar": "https://p16-common-sign-sg.tiktokcdn-us.com/tos-alisg-avt-0068/a58b23304e2e32869855ce58787bb4f0~tplv-tiktokx-cropcenter:100:100.jpg?dr=9640&refresh_token=722b7a06&x-expires=1756281600&x-signature=SgfBAyrztfu5ULZqMgZXSuVmp9w%3D&t=4d5b0474&ps=13740610&shp=30310797&shcp=ff37627b&idc=useast5",
            "_total_reply": 0,
            "_replies": []
        },
        {
            "_comment_id": "7497420072912634629",
            "_username": "pilu4766",
            "_nickname": "Pilu🤍",
            "_comment": "They are very beautiful",
            "_create_time": "2025-04-26T01:59:51",
            "_avatar": "https://p16-common-sign-va.tiktokcdn-us.com/tos-maliva-avt-0068/d60a4848e47f4a40db0203e8e4ba95b7~tplv-tiktokx-cropcenter:100:100.jpg?dr=9640&refresh_token=3a387574&x-expires=1756281600&x-signature=bQ%2FkBEo79IEoFgusBQTGOraoMQg%3D&t=4d5b0474&ps=13740610&shp=30310797&shcp=ff37627b&idc=useast5",
            "_total_reply": 1,
            "_replies": [
                {
                    "_comment_id": "7496773690139935520",
                    "_username": "lancome.official",
                    "_nickname": "Lancôme",
                    "_comment": "We can’t stop yapping about this 😍",
                    "_create_time": "2025-04-26T09:27:28",
                    "_avatar": "https://p19-common-sign-va.tiktokcdn-us.com/tos-maliva-avt-0068/9424f6caa6a8781766ccf45ddf0a0a0d~tplv-tiktokx-cropcenter:100:100.jpg?dr=9640&refresh_token=4e732867&x-expires=1756281600&x-signature=5PN4EHVgtRvUll6IF2OIT9lcCWk%3D&t=4d5b0474&ps=13740610&shp=30310797&shcp=ff37627b&idc=useast5",
                    "_total_reply": null,
                    "_replies": []
                }
            ]
        },
        {
            "_comment_id": "7491163969953514282",
            "_username": "vivelavibes",
            "_nickname": "Danny ♊️",
            "_comment": "😍😍😍 need",
            "_create_time": "2025-04-09T05:22:39",
            "_avatar": "https://p19-sign.tiktokcdn-us.com/tos-useast5-avt-0068-tx/47d8525067fd20976e506a15dce5b6ff~tplv-tiktokx-cropcenter:100:100.jpg?dr=9640&refresh_token=eed7c2aa&x-expires=1756281600&x-signature=QO2vtOmE81bl2D9omuVvQNwT%2Bcc%3D&t=4d5b0474&ps=13740610&shp=30310797&shcp=ff37627b&idc=useast5",
            "_total_reply": 0,
            "_replies": []
        },
        {
            "_comment_id": "7485900347316486934",
            "_username": "lettylauren",
            "_nickname": "LettyLauren",
            "_comment": "These are beautiful 🥺🥺",
            "_create_time": "2025-03-25T23:56:56",
            "_avatar": "https://p16-common-sign-va.tiktokcdn-us.com/tos-maliva-avt-0068/5137eac0f76df7a95aaf201ae747e60e~tplv-tiktokx-cropcenter:100:100.jpg?dr=9640&refresh_token=2fb2edc2&x-expires=1756281600&x-signature=Wrgi50i%2F1FeLrUF%2BaeHeZwn%2Bae8%3D&t=4d5b0474&ps=13740610&shp=30310797&shcp=ff37627b&idc=useast5",
            "_total_reply": 1,
            "_replies": [
                {
                    "_comment_id": "7485670108451767072",
                    "_username": "lancome.official",
                    "_nickname": "Lancôme",
                    "_comment": "We're truly mesmerized 🥹🩷",
                    "_create_time": "2025-03-26T14:20:33",
                    "_avatar": "https://p19-common-sign-va.tiktokcdn-us.com/tos-maliva-avt-0068/9424f6caa6a8781766ccf45ddf0a0a0d~tplv-tiktokx-cropcenter:100:100.jpg?dr=9640&refresh_token=4e732867&x-expires=1756281600&x-signature=5PN4EHVgtRvUll6IF2OIT9lcCWk%3D&t=4d5b0474&ps=13740610&shp=30310797&shcp=ff37627b&idc=useast5",
                    "_total_reply": null,
                    "_replies": []
                }
            ]
        },
        {
            "_comment_id": "7485395162253247254",
            "_username": "selestine100",
            "_nickname": "🖤𝔖𝔢𝔩𝔢𝔰𝔱𝔦𝔫𝔢🖤",
            "_comment": "I can’t believe I’ve never tried Lancôme blushes , I need to correct that ❤️",
            "_create_time": "2025-03-24T15:16:21",
            "_avatar": "https://p16-common-sign-va.tiktokcdn-us.com/tos-maliva-avt-0068/9acd22ec6b279e5f78827f7416a0f17c~tplv-tiktokx-cropcenter:100:100.jpg?dr=9640&refresh_token=7f189d9b&x-expires=1756281600&x-signature=xnmk21HGXSHR1h2VHfPj61xDh30%3D&t=4d5b0474&ps=13740610&shp=30310797&shcp=ff37627b&idc=useast5",
            "_total_reply": 1,
            "_replies": [
                {
                    "_comment_id": "7483071513643172641",
                    "_username": "lancome.official",
                    "_nickname": "Lancôme",
                    "_comment": "You'll be hooked 🤭🩷",
                    "_create_time": "2025-03-24T15:39:47",
                    "_avatar": "https://p16-common-sign-va.tiktokcdn-us.com/tos-maliva-avt-0068/9424f6caa6a8781766ccf45ddf0a0a0d~tplv-tiktokx-cropcenter:100:100.jpg?dr=9640&refresh_token=2d0d7041&x-expires=1756281600&x-signature=6RRh0sV%2BMiFopbDnto6in1a21L8%3D&t=4d5b0474&ps=13740610&shp=30310797&shcp=ff37627b&idc=useast5",
                    "_total_reply": null,
                    "_replies": []
                }
            ]
        },
        {
            "_comment_id": "7485310916796613398",
            "_username": "amarachi.celestin",
            "_nickname": "Amarachi Celestina",
            "_comment": "lovely 😍",
            "_create_time": "2025-03-24T09:49:32",
            "_avatar": "https://p16-common-sign-useast2a.tiktokcdn-us.com/tos-useast2a-avt-0068-euttp/7266832678194774049~tplv-tiktokx-cropcenter:100:100.jpg?dr=9640&refresh_token=1536b948&x-expires=1756281600&x-signature=ree5UmZG2t6rG2GHDS3OwUcaJ7o%3D&t=4d5b0474&ps=13740610&shp=30310797&shcp=ff37627b&idc=useast5",
            "_total_reply": 0,
            "_replies": []
        },
        {
            "_comment_id": "7485325167867036438",
            "_username": "beghi_d",
            "_nickname": "Beghi Di",
            "_comment": "These shades are everything 💓😱",
            "_create_time": "2025-03-24T10:44:49",
            "_avatar": "https://p16-common-sign-va.tiktokcdn-us.com/tos-maliva-avt-0068/b99a7df6881061553ce05893d19d9745~tplv-tiktokx-cropcenter:100:100.jpg?dr=9640&refresh_token=65b8ab39&x-expires=1756281600&x-signature=vwAmv7lUrsQHxWxJasDDblUzKsE%3D&t=4d5b0474&ps=13740610&shp=30310797&shcp=ff37627b&idc=useast5",
            "_total_reply": 1,
            "_replies": [
                {
                    "_comment_id": "7485760464661037846",
                    "_username": "lancome.official",
                    "_nickname": "Lancôme",
                    "_comment": "Right!? ✨",
                    "_create_time": "2025-03-25T14:53:57",
                    "_avatar": "https://p16-common-sign-va.tiktokcdn-us.com/tos-maliva-avt-0068/9424f6caa6a8781766ccf45ddf0a0a0d~tplv-tiktokx-cropcenter:100:100.jpg?dr=9640&refresh_token=2d0d7041&x-expires=1756281600&x-signature=6RRh0sV%2BMiFopbDnto6in1a21L8%3D&t=4d5b0474&ps=13740610&shp=30310797&shcp=ff37627b&idc=useast5",
                    "_total_reply": null,
                    "_replies": []
                }
            ]
        },
        {
            "_comment_id": "7485357253921604398",
            "_username": "ladamedechat",
            "_nickname": "Michelle Santini 💖🔮✨",
            "_comment": "Those pigment got me 💖💖💖💖",
            "_create_time": "2025-03-24T12:49:59",
            "_avatar": "https://p16-pu-sign-useast8.tiktokcdn-us.com/tos-useast5-avt-0068-tx/b3f18120ec3a6801d1543b2b2bd52e9a~tplv-tiktokx-cropcenter:100:100.jpg?dr=9640&refresh_token=1e8d75b3&x-expires=1756281600&x-signature=5clmy%2F3KND8Vp9T6FulJ174eSrQ%3D&t=4d5b0474&ps=13740610&shp=30310797&shcp=ff37627b&idc=useast5",
            "_total_reply": 0,
            "_replies": []
        },
        {
            "_comment_id": "7485524767689999122",
            "_username": "sabinesinno_",
            "_nickname": "Sabine Sinno",
            "_comment": "i want all of them",
            "_create_time": "2025-03-24T23:39:43",
            "_avatar": "https://p16-common-sign-sg.tiktokcdn-us.com/tos-alisg-avt-0068/7e32a842b6e918859b3445595bbbbf7e~tplv-tiktokx-cropcenter:100:100.jpg?dr=9640&refresh_token=223bc812&x-expires=1756281600&x-signature=Q5Lcrq0OgSHzKcKGhbiOM0oM5MQ%3D&t=4d5b0474&ps=13740610&shp=30310797&shcp=ff37627b&idc=useast5",
            "_total_reply": 1,
            "_replies": [
                {
                    "_comment_id": "7485672507325023008",
                    "_username": "lancome.official",
                    "_nickname": "Lancôme",
                    "_comment": "It's a must 🤭🩷",
                    "_create_time": "2025-03-25T14:51:28",
                    "_avatar": "https://p16-common-sign-va.tiktokcdn-us.com/tos-maliva-avt-0068/9424f6caa6a8781766ccf45ddf0a0a0d~tplv-tiktokx-cropcenter:100:100.jpg?dr=9640&refresh_token=2d0d7041&x-expires=1756281600&x-signature=6RRh0sV%2BMiFopbDnto6in1a21L8%3D&t=4d5b0474&ps=13740610&shp=30310797&shcp=ff37627b&idc=useast5",
                    "_total_reply": null,
                    "_replies": []
                }
            ]
        },
        {
            "_comment_id": "7485305679567225608",
            "_username": "lolopina3",
            "_nickname": "lolopin",
            "_comment": "ask oliva to wear this",
            "_create_time": "2025-03-24T09:29:22",
            "_avatar": "https://p16-common-sign-sg.tiktokcdn-us.com/tos-alisg-avt-0068/877b0931b94b03bc7e95abdb563cff16~tplv-tiktokx-cropcenter:100:100.jpg?dr=9640&refresh_token=78220a63&x-expires=1756281600&x-signature=EZNXFyKqqHvFQyyS2yOn%2FLIixqY%3D&t=4d5b0474&ps=13740610&shp=30310797&shcp=ff37627b&idc=useast5",
            "_total_reply": 0,
            "_replies": []
        },
        {
            "_comment_id": "7485310372769989398",
            "_username": "miasbeautydose",
            "_nickname": "miasbeautydose",
            "_comment": "shade 600 😍",
            "_create_time": "2025-03-24T09:47:23",
            "_avatar": "https://p16-common-sign-va.tiktokcdn-us.com/tos-maliva-avt-0068/41cd3ee65eabff3dd06db44d04807f9f~tplv-tiktokx-cropcenter:100:100.jpg?dr=9640&refresh_token=887c2a83&x-expires=1756281600&x-signature=77FjcuNIRYCBY7uW0LgayqWruBg%3D&t=4d5b0474&ps=13740610&shp=30310797&shcp=ff37627b&idc=useast5",
            "_total_reply": 0,
            "_replies": []
        },
        {
            "_comment_id": "7485313125459378964",
            "_username": "golda393",
            "_nickname": "Golda",
            "_comment": "incredible 🤩the orange phoria is calling my name 🧡",
            "_create_time": "2025-03-24T09:58:16",
            "_avatar": "https://p19-common-sign-sg.tiktokcdn-us.com/tos-alisg-avt-0068/6bc8466150b700a14bc2fbec55299fb1~tplv-tiktokx-cropcenter:100:100.jpg?dr=9640&refresh_token=9ecfa8a7&x-expires=1756281600&x-signature=gkn4tgCLlAT0TeL%2FRA3stF4aIwM%3D&t=4d5b0474&ps=13740610&shp=30310797&shcp=ff37627b&idc=useast5",
            "_total_reply": 1,
            "_replies": [
                {
                    "_comment_id": "7485760539337032470",
                    "_username": "lancome.official",
                    "_nickname": "Lancôme",
                    "_comment": "🤭🤭 Run, don’t walk",
                    "_create_time": "2025-03-25T14:54:18",
                    "_avatar": "https://p16-common-sign-va.tiktokcdn-us.com/tos-maliva-avt-0068/9424f6caa6a8781766ccf45ddf0a0a0d~tplv-tiktokx-cropcenter:100:100.jpg?dr=9640&refresh_token=2d0d7041&x-expires=1756281600&x-signature=6RRh0sV%2BMiFopbDnto6in1a21L8%3D&t=4d5b0474&ps=13740610&shp=30310797&shcp=ff37627b&idc=useast5",
                    "_total_reply": null,
                    "_replies": []
                }
            ]
        },
        {
            "_comment_id": "7485323304518877974",
            "_username": "ginte1990",
            "_nickname": "Gintare2004 🍓",
            "_comment": "Love it 💗",
            "_create_time": "2025-03-24T10:37:40",
            "_avatar": "https://p19-common-sign-useast2a.tiktokcdn-us.com/tos-useast2a-avt-0068-euttp/033f760a6798505855d5f7bc59afc238~tplv-tiktokx-cropcenter:100:100.jpg?dr=9640&refresh_token=885e2959&x-expires=1756281600&x-signature=WdQL560%2BrtKWaok8O2TgK6dJEHg%3D&t=4d5b0474&ps=13740610&shp=30310797&shcp=ff37627b&idc=useast5",
            "_total_reply": 0,
            "_replies": []
        },
        {
            "_comment_id": "7485327557144216375",
            "_username": "aniemakeup",
            "_nickname": "AnieMakeup💄 makeup & skincare",
            "_comment": "Bientôt au Canada ?",
            "_create_time": "2025-03-24T10:54:29",
            "_avatar": "https://p16-common-sign-va.tiktokcdn-us.com/tos-maliva-avt-0068/3e928150b2221caacfc7e5ffce64d869~tplv-tiktokx-cropcenter:100:100.jpg?dr=9640&refresh_token=71d3e91a&x-expires=1756281600&x-signature=Gmvafl22G3Dc7p1u6V0GT7PDtyI%3D&t=4d5b0474&ps=13740610&shp=30310797&shcp=ff37627b&idc=useast5",
            "_total_reply": 0,
            "_replies": []
        },
        {
            "_comment_id": "7485506690302690070",
            "_username": "dexh9904",
            "_nickname": "De",
            "_comment": "sample.pls",
            "_create_time": "2025-03-24T22:29:13",
            "_avatar": "https://p16-common-sign-useast2a.tiktokcdn-us.com/tos-useast2a-avt-0068-euttp/c00cf9bc03667f7585a2a4a7bbcb8fd0~tplv-tiktokx-cropcenter:100:100.jpg?dr=9640&refresh_token=ce784364&x-expires=1756281600&x-signature=pI920MYGHRjUbeetFzjNHYlRtL0%3D&t=4d5b0474&ps=13740610&shp=30310797&shcp=ff37627b&idc=useast5",
            "_total_reply": 0,
            "_replies": []
        },
        {
            "_comment_id": "7485366558597415702",
            "_username": "mitchthemommy",
            "_nickname": "Michelle Lynch",
            "_comment": "all of them please",
            "_create_time": "2025-03-24T13:25:24",
            "_avatar": "https://p16-common-sign-useast2a.tiktokcdn-us.com/tos-useast2a-avt-0068-euttp/6920f07878d573199beb7ecf33571583~tplv-tiktokx-cropcenter:100:100.jpg?dr=9640&refresh_token=f935d486&x-expires=1756281600&x-signature=MmR0vJ3LEheUoxoFQWPFNfpa29U%3D&t=4d5b0474&ps=13740610&shp=30310797&shcp=ff37627b&idc=useast5",
            "_total_reply": 1,
            "_replies": [
                {
                    "_comment_id": "7485760403286721302",
                    "_username": "lancome.official",
                    "_nickname": "Lancôme",
                    "_comment": "adds to cart immediately ✨🤭",
                    "_create_time": "2025-03-25T14:53:48",
                    "_avatar": "https://p16-common-sign-va.tiktokcdn-us.com/tos-maliva-avt-0068/9424f6caa6a8781766ccf45ddf0a0a0d~tplv-tiktokx-cropcenter:100:100.jpg?dr=9640&refresh_token=2d0d7041&x-expires=1756281600&x-signature=6RRh0sV%2BMiFopbDnto6in1a21L8%3D&t=4d5b0474&ps=13740610&shp=30310797&shcp=ff37627b&idc=useast5",
                    "_total_reply": null,
                    "_replies": []
                }
            ]
        },
        {
            "_comment_id": "7485374295671178014",
            "_username": "bellaglamofficial",
            "_nickname": "Bella Glam Official",
            "_comment": "we did this in the early 2000s with the Oz collection! should have just left the bright colors!",
            "_create_time": "2025-03-24T13:56:07",
            "_avatar": "https://p19-pu-sign-useast8.tiktokcdn-us.com/tos-useast5-avt-0068-tx/7316551459292594222~tplv-tiktokx-cropcenter:100:100.jpg?dr=9640&refresh_token=20ac41c5&x-expires=1756281600&x-signature=nYiBuCXyQepXPA9gLDRlqrDINQI%3D&t=4d5b0474&ps=13740610&shp=30310797&shcp=ff37627b&idc=useast5",
            "_total_reply": 0,
            "_replies": []
        },
        {
            "_comment_id": "7485642217412559624",
            "_username": "harpter3",
            "_nickname": "MLL_R❦",
            "_comment": "Okay now that is a need it's gorgeous.❤️",
            "_create_time": "2025-03-25T07:15:16",
            "_avatar": "https://p16-common-sign-sg.tiktokcdn-us.com/tos-alisg-avt-0068/a676035c713fe8c56292b15d4abf8022~tplv-tiktokx-cropcenter:100:100.jpg?dr=9640&refresh_token=3fcd40c2&x-expires=1756281600&x-signature=BIG9shWX8HaLCUH%2F341dEffjFdA%3D&t=4d5b0474&ps=13740610&shp=30310797&shcp=ff37627b&idc=useast5",
            "_total_reply": 0,
            "_replies": []
        },
        {
            "_comment_id": "7485305205925905174",
            "_username": "nerminragab0",
            "_nickname": "Nermin Ragab | UGC creator",
            "_comment": "Amazing shades 🥰🥰🥰",
            "_create_time": "2025-03-24T09:27:31",
            "_avatar": "https://p16-common-sign-va.tiktokcdn-us.com/tos-maliva-avt-0068/8aed9ae5a2b8bef1eb7d1fe9b690a1a9~tplv-tiktokx-cropcenter:100:100.jpg?dr=9640&refresh_token=29d51992&x-expires=1756281600&x-signature=zfx4Nw8IJZWuQlBZiEVNF4zDpkE%3D&t=4d5b0474&ps=13740610&shp=30310797&shcp=ff37627b&idc=useast5",
            "_total_reply": 0,
            "_replies": []
        },
        {
            "_comment_id": "7485309472753402632",
            "_username": "skin_luvv",
            "_nickname": "ugc||skin luvv🌸",
            "_comment": "so much tinted🥰",
            "_create_time": "2025-03-24T09:44:02",
            "_avatar": "https://p16-common-sign-sg.tiktokcdn-us.com/tos-alisg-avt-0068/427619c2fe953478ef7e275a027a9203~tplv-tiktokx-cropcenter:100:100.jpg?dr=9640&refresh_token=d16583d3&x-expires=1756281600&x-signature=xex0bi%2F76TEkGjhC91CkUg5NEio%3D&t=4d5b0474&ps=13740610&shp=30310797&shcp=ff37627b&idc=useast5",
            "_total_reply": 0,
            "_replies": []
        },
        {
            "_comment_id": "7485309711836480311",
            "_username": "jana_saurus",
            "_nickname": "Јана?",
            "_comment": "Mommm i want thisss forrr myy birthday 💜🤭🥰",
            "_create_time": "2025-03-24T09:45:27",
            "_avatar": "https://p16-common-sign-va.tiktokcdn-us.com/tos-maliva-avt-0068/d0b70185c9cafee4ddca23e1f3a5009c~tplv-tiktokx-cropcenter:100:100.jpg?dr=9640&refresh_token=8c8ff544&x-expires=1756281600&x-signature=dq2%2FXI2tbEX7cHa%2BShUUk4ak%2Bwo%3D&t=4d5b0474&ps=13740610&shp=30310797&shcp=ff37627b&idc=useast5",
            "_total_reply": 0,
            "_replies": []
        },
        {
            "_comment_id": "7501261597279027999",
            "_username": "pozxle",
            "_nickname": "pozxle",
            "_comment": "Coral clush looks very pretty",
            "_create_time": "2025-05-06T10:27:34",
            "_avatar": "https://p19-sign.tiktokcdn-us.com/tos-useast5-avt-0068-tx/7324512130487549998~tplv-tiktokx-cropcenter:100:100.jpg?dr=9640&refresh_token=c6ae067f&x-expires=1756281600&x-signature=GT7STzpm2CQjbu7C7C78TYhUjoU%3D&t=4d5b0474&ps=13740610&shp=30310797&shcp=ff37627b&idc=useast5",
            "_total_reply": 0,
            "_replies": []
        },
        {
            "_comment_id": "7485503705081840406",
            "_username": "user9419028340704",
            "_nickname": "Stefy",
            "_comment": "Wow stupendi 🥰",
            "_create_time": "2025-03-24T22:17:34",
            "_avatar": "https://p16-common-sign-va.tiktokcdn-us.com/tos-maliva-avt-0068/44d70a82cefaa2443cf093d17a4686dd~tplv-tiktokx-cropcenter:100:100.jpg?dr=9640&refresh_token=a3a12373&x-expires=1756281600&x-signature=UIyw4%2BJft7K2LypQkGME6WPuMmI%3D&t=4d5b0474&ps=13740610&shp=30310797&shcp=ff37627b&idc=useast5",
            "_total_reply": 0,
            "_replies": []
        },
        {
            "_comment_id": "7485488424775844613",
            "_username": "julzxcollection",
            "_nickname": "JULES 🤍",
            "_comment": "My favourite 😍is",
            "_create_time": "2025-03-24T21:18:40",
            "_avatar": "https://p16-common-sign-va.tiktokcdn-us.com/tos-maliva-avt-0068/954c8ea1e9dd7446b63746f08866546c~tplv-tiktokx-cropcenter:100:100.jpg?dr=9640&refresh_token=39e8be39&x-expires=1756281600&x-signature=avNzSZEB7mRqO1JtiE3q2%2BExPH0%3D&t=4d5b0474&ps=13740610&shp=30310797&shcp=ff37627b&idc=useast5",
            "_total_reply": 0,
            "_replies": []
        },
        {
            "_comment_id": "7485478661417304838",
            "_username": "thetomafox",
            "_nickname": "thetomafox",
            "_comment": "Shade 600 has a shimmer?",
            "_create_time": "2025-03-24T20:40:44",
            "_avatar": "https://p16-common-sign-va.tiktokcdn-us.com/tos-maliva-avt-0068/7156906752775028741~tplv-tiktokx-cropcenter:100:100.jpg?dr=9640&refresh_token=6c281036&x-expires=1756281600&x-signature=sY5ImJiwbX%2BoS0d0oqxcVVEYi4k%3D&t=4d5b0474&ps=13740610&shp=30310797&shcp=ff37627b&idc=useast5",
            "_total_reply": 0,
            "_replies": []
        },
        {
            "_comment_id": "7497419753507668742",
            "_username": "pilu4766",
            "_nickname": "Pilu🤍",
            "_comment": "I loveeee",
            "_create_time": "2025-04-26T01:58:40",
            "_avatar": "https://p16-common-sign-va.tiktokcdn-us.com/tos-maliva-avt-0068/d60a4848e47f4a40db0203e8e4ba95b7~tplv-tiktokx-cropcenter:100:100.jpg?dr=9640&refresh_token=3a387574&x-expires=1756281600&x-signature=bQ%2FkBEo79IEoFgusBQTGOraoMQg%3D&t=4d5b0474&ps=13740610&shp=30310797&shcp=ff37627b&idc=useast5",
            "_total_reply": 0,
            "_replies": []
        },
        {
            "_comment_id": "7485457495894344470",
            "_username": "amyc3333",
            "_nickname": "amy",
            "_comment": "Want them all",
            "_create_time": "2025-03-24T19:18:14",
            "_avatar": "https://p16-common-sign-useast2a.tiktokcdn-us.com/tos-useast2a-avt-0068-euttp/373c2741cc83811383913b9ee25c01d5~tplv-tiktokx-cropcenter:100:100.jpg?dr=9640&refresh_token=62ea7c95&x-expires=1756281600&x-signature=pHYUarwJiB6FavzYtsFGKJr0WhU%3D&t=4d5b0474&ps=13740610&shp=30310797&shcp=ff37627b&idc=useast5",
            "_total_reply": 0,
            "_replies": []
        },
        {
            "_comment_id": "7485437398152643374",
            "_username": "love_naijaaa",
            "_nickname": "Naijaaaa",
            "_comment": "Pretty colors😍",
            "_create_time": "2025-03-24T18:00:39",
            "_avatar": "https://p19-pu-sign-useast8.tiktokcdn-us.com/tos-useast5-avt-0068-tx/1381d4958eb00ec46c20162bdf99fc20~tplv-tiktokx-cropcenter:100:100.jpg?dr=9640&refresh_token=fae648e8&x-expires=1756281600&x-signature=XXhHgPyTmepjemZy%2FrCjpI0tEOo%3D&t=4d5b0474&ps=13740610&shp=30310797&shcp=ff37627b&idc=useast5",
            "_total_reply": 0,
            "_replies": []
        },
        {
            "_comment_id": "7485351707590820639",
            "_username": "unaargentinaenorlando",
            "_nickname": "candela ✿",
            "_comment": "the pigment!!!! 😳😩🥹",
            "_create_time": "2025-03-24T12:28:34",
            "_avatar": "https://p19-pu-sign-useast8.tiktokcdn-us.com/tos-useast8-avt-0068-tx2/e5b79406040f10edb0ce307b55aa199f~tplv-tiktokx-cropcenter:100:100.jpg?dr=9640&refresh_token=8e5004ae&x-expires=1756281600&x-signature=PkTLolPicTgzzJBXimfgrrw%2F24c%3D&t=4d5b0474&ps=13740610&shp=30310797&shcp=ff37627b&idc=useast5",
            "_total_reply": 1,
            "_replies": [
                {
                    "_comment_id": "7485760520520352534",
                    "_username": "lancome.official",
                    "_nickname": "Lancôme",
                    "_comment": "We’re obsessed 💖💖",
                    "_create_time": "2025-03-25T14:54:07",
                    "_avatar": "https://p16-common-sign-va.tiktokcdn-us.com/tos-maliva-avt-0068/9424f6caa6a8781766ccf45ddf0a0a0d~tplv-tiktokx-cropcenter:100:100.jpg?dr=9640&refresh_token=2d0d7041&x-expires=1756281600&x-signature=6RRh0sV%2BMiFopbDnto6in1a21L8%3D&t=4d5b0474&ps=13740610&shp=30310797&shcp=ff37627b&idc=useast5",
                    "_total_reply": null,
                    "_replies": []
                }
            ]
        },
        {
            "_comment_id": "7485428611609101078",
            "_username": "skibidi_livvv",
            "_nickname": "𝐋𝐢𝐥𝐚𝐡 ᴼᴿ",
            "_comment": "i need to buy this. urgent.",
            "_create_time": "2025-03-24T17:26:07",
            "_avatar": "https://p16-common-sign-va.tiktokcdn-us.com/tos-maliva-avt-0068/c44345d35b50750431a4ad7a5fb89a88~tplv-tiktokx-cropcenter:100:100.jpg?dr=9640&refresh_token=bb8da7d1&x-expires=1756281600&x-signature=g7XKNBcmixEjBmd0Q9aDr8M421w%3D&t=4d5b0474&ps=13740610&shp=30310797&shcp=ff37627b&idc=useast5",
            "_total_reply": 0,
            "_replies": []
        },
        {
            "_comment_id": "7485524103153435447",
            "_username": "faepoison",
            "_nickname": "faepoison🇨🇦",
            "_comment": "Hey so like my birthday is exactly a month away ….. ✨✨✨✨👀",
            "_create_time": "2025-03-24T23:37:19",
            "_avatar": "https://p16-common-sign-va.tiktokcdn-us.com/tos-maliva-avt-0068/8d44d1b5f10ffff274e0685d65ca7804~tplv-tiktokx-cropcenter:100:100.jpg?dr=9640&refresh_token=0c483a01&x-expires=1756281600&x-signature=xMi2oHG96FNxxFZqpc3CNdAzUJU%3D&t=4d5b0474&ps=13740610&shp=30310797&shcp=ff37627b&idc=useast5",
            "_total_reply": 0,
            "_replies": []
        },
        {
            "_comment_id": "7485421950551130901",
            "_username": "simply_gigi6",
            "_nickname": "Simply_Gigi",
            "_comment": "Woo in love 🥰",
            "_create_time": "2025-03-24T17:00:25",
            "_avatar": "https://p16-common-sign-sg.tiktokcdn-us.com/tos-alisg-avt-0068/bf602862c6bdcbb10c16e795fef0eaf6~tplv-tiktokx-cropcenter:100:100.jpg?dr=9640&refresh_token=40a554a2&x-expires=1756281600&x-signature=hg8WbqhdrKNttouizD2bbAe2zAQ%3D&t=4d5b0474&ps=13740610&shp=30310797&shcp=ff37627b&idc=useast5",
            "_total_reply": 0,
            "_replies": []
        },
        {
            "_comment_id": "7485421476897981206",
            "_username": "sandra.mendes279",
            "_nickname": "Sandra Mendes",
            "_comment": "Wow the pigment 💖💖💖💖💖💖",
            "_create_time": "2025-03-24T16:58:31",
            "_avatar": "https://p16-common-sign-va.tiktokcdn-us.com/tos-maliva-avt-0068/feee28d3c7d4c03e86b000797de79a2e~tplv-tiktokx-cropcenter:100:100.jpg?dr=9640&refresh_token=fec71ea1&x-expires=1756281600&x-signature=JDUjTfzMLyRdC5%2BdRn%2BRrh%2Fyb2I%3D&t=4d5b0474&ps=13740610&shp=30310797&shcp=ff37627b&idc=useast5",
            "_total_reply": 0,
            "_replies": []
        },
        {
            "_comment_id": "7488962999610131222",
            "_username": "hallefaye.xo4",
            "_nickname": "halle🪩🥂🍸",
            "_comment": "Needdddd",
            "_create_time": "2025-04-03T06:01:32",
            "_avatar": "https://p16-common-sign-va.tiktokcdn-us.com/tos-maliva-avt-0068/781a589a5bb21313b6e3f1444fa3645a~tplv-tiktokx-cropcenter:100:100.jpg?dr=9640&refresh_token=8b2304f2&x-expires=1756281600&x-signature=gf%2BRgmfipVk2QKMe1XocyAgMpww%3D&t=4d5b0474&ps=13740610&shp=30310797&shcp=ff37627b&idc=useast5",
            "_total_reply": 0,
            "_replies": []
        },
        {
            "_comment_id": "7485398517415461654",
            "_username": "marianazmoreira",
            "_nickname": "mari 💗",
            "_comment": "I need folie rouge for yesterday 😍",
            "_create_time": "2025-03-24T15:29:24",
            "_avatar": "https://p16-common-sign-va.tiktokcdn-us.com/tos-maliva-avt-0068/e4ef8d45f505033dc0ed641a6c6de40a~tplv-tiktokx-cropcenter:100:100.jpg?dr=9640&refresh_token=b9c11e34&x-expires=1756281600&x-signature=sn3%2BYdjYvjTGQtBzcpxvLw9Cu6E%3D&t=4d5b0474&ps=13740610&shp=30310797&shcp=ff37627b&idc=useast5",
            "_total_reply": 0,
            "_replies": []
        },
        {
            "_comment_id": "7488962999610131222",
            "_username": "hallefaye.xo4",
            "_nickname": "halle🪩🥂🍸",
            "_comment": "Needdddd",
            "_create_time": "2025-04-03T06:01:32",
            "_avatar": "https://p16-common-sign-va.tiktokcdn-us.com/tos-maliva-avt-0068/781a589a5bb21313b6e3f1444fa3645a~tplv-tiktokx-cropcenter:100:100.jpg?dr=9640&refresh_token=8b2304f2&x-expires=1756281600&x-signature=gf%2BRgmfipVk2QKMe1XocyAgMpww%3D&t=4d5b0474&ps=13740610&shp=30310797&shcp=ff37627b&idc=useast5",
            "_total_reply": 0,
            "_replies": []
        },
        {
            "_comment_id": "7485309472753402632",
            "_username": "skin_luvv",
            "_nickname": "ugc||skin luvv🌸",
            "_comment": "so much tinted🥰",
            "_create_time": "2025-03-24T09:44:02",
            "_avatar": "https://p16-common-sign-sg.tiktokcdn-us.com/tos-alisg-avt-0068/427619c2fe953478ef7e275a027a9203~tplv-tiktokx-cropcenter:100:100.jpg?dr=9640&refresh_token=d16583d3&x-expires=1756281600&x-signature=xex0bi%2F76TEkGjhC91CkUg5NEio%3D&t=4d5b0474&ps=13740610&shp=30310797&shcp=ff37627b&idc=useast5",
            "_total_reply": 0,
            "_replies": []
        },
        {
            "_comment_id": "7529201853290103558",
            "_username": "isakato",
            "_nickname": "Isabela",
            "_comment": "🥰🥰🥰",
            "_create_time": "2025-07-20T17:28:46",
            "_avatar": "https://p16-common-sign-va.tiktokcdn-us.com/tos-maliva-avt-0068/ae7aebe1ee92d93d5c0d4c8bdb87c8c4~tplv-tiktokx-cropcenter:100:100.jpg?dr=9640&refresh_token=8755b463&x-expires=1756281600&x-signature=VxuR24WDMxPbpbf5Fikd0thsCUc%3D&t=4d5b0474&ps=13740610&shp=30310797&shcp=ff37627b&idc=useast5",
            "_total_reply": 0,
            "_replies": []
        },
        {
            "_comment_id": "7505847875889971984",
            "_username": "andyach1",
            "_nickname": "andy A",
            "_comment": "😂",
            "_create_time": "2025-05-18T19:03:44",
            "_avatar": "https://p19-common-sign-va.tiktokcdn-us.com/tos-maliva-avt-0068/91c02746c531540c0e20c3c10751f2c8~tplv-tiktokx-cropcenter:100:100.jpg?dr=9640&refresh_token=40fa5bcf&x-expires=1756281600&x-signature=zr%2FbCXXcBjqFRQhL2BL9cUVQX14%3D&t=4d5b0474&ps=13740610&shp=30310797&shcp=ff37627b&idc=useast5",
            "_total_reply": 0,
            "_replies": []
        },
        {
            "_comment_id": "7485637322910876438",
            "_username": "katrinacooper462",
            "_nickname": "katrinacooper462",
            "_comment": "🥰",
            "_create_time": "2025-03-25T06:56:07",
            "_avatar": "https://p16-common-sign-va.tiktokcdn-us.com/tos-maliva-avt-0068/7106631062419144710~tplv-tiktokx-cropcenter:100:100.jpg?dr=9640&refresh_token=ee41a52c&x-expires=1756281600&x-signature=%2BzZ0OmQIxbwR9Dgv4EMZfjdDKEk%3D&t=4d5b0474&ps=13740610&shp=30310797&shcp=ff37627b&idc=useast5",
            "_total_reply": 0,
            "_replies": []
        },
        {
            "_comment_id": "7485397618740593430",
            "_username": "brigittesou4",
            "_nickname": "brigittesou4",
            "_comment": "😍😍",
            "_create_time": "2025-03-24T15:25:59",
            "_avatar": "https://p16-common-sign-useast2a.tiktokcdn-us.com/tos-useast2a-avt-0068-euttp/51ebe166fff9d44fb7129935bc591717~tplv-tiktokx-cropcenter:100:100.jpg?dr=9640&refresh_token=a4676d78&x-expires=1756281600&x-signature=3fqKBfEDVTJhjX7xVxUUZ0Uh0to%3D&t=4d5b0474&ps=13740610&shp=30310797&shcp=ff37627b&idc=useast5",
            "_total_reply": 0,
            "_replies": []
        },
        {
            "_comment_id": "7487669752614601494",
            "_username": "niaworth10",
            "_nickname": "Nia Worth",
            "_comment": "🥰🥰🥰🥰",
            "_create_time": "2025-03-30T18:22:54",
            "_avatar": "https://p16-common-sign-va.tiktokcdn-us.com/tos-maliva-avt-0068/7322170587002519557~tplv-tiktokx-cropcenter:100:100.jpg?dr=9640&refresh_token=3a6fe647&x-expires=1756281600&x-signature=B5VDZrWL0IZAG%2FHCd0AzA8nDHpU%3D&t=4d5b0474&ps=13740610&shp=30310797&shcp=ff37627b&idc=useast5",
            "_total_reply": 0,
            "_replies": []
        },
        {
            "_comment_id": "7485366517778793238",
            "_username": "annang042",
            "_nickname": "anna",
            "_comment": "🥰",
            "_create_time": "2025-03-24T13:25:17",
            "_avatar": "https://p19-common-sign-va.tiktokcdn-us.com/tos-maliva-avt-0068/7c3e761751fa337405fde2251afc615e~tplv-tiktokx-cropcenter:100:100.jpg?dr=9640&refresh_token=3fc516d5&x-expires=1756281600&x-signature=S%2FIfxJcpWXJywUDbvEia6RdKrF4%3D&t=4d5b0474&ps=13740610&shp=30310797&shcp=ff37627b&idc=useast5",
            "_total_reply": 0,
            "_replies": []
        },
        {
            "_comment_id": "7487416481299530526",
            "_username": "mareerose",
            "_nickname": "mareerose",
            "_comment": "👀😍",
            "_create_time": "2025-03-30T02:00:18",
            "_avatar": "https://p16-pu-sign-useast8.tiktokcdn-us.com/tos-useast8-avt-0068-tx2/042122e9ab93420205f501da3f8d66a4~tplv-tiktokx-cropcenter:100:100.jpg?dr=9640&refresh_token=a6dfc3a9&x-expires=1756281600&x-signature=NgWD4S3hRQZp6J83kRPL7cjsONw%3D&t=4d5b0474&ps=13740610&shp=30310797&shcp=ff37627b&idc=useast5",
            "_total_reply": 0,
            "_replies": []
        },
        {
            "_comment_id": "7485355844838785822",
            "_username": "jessicalynlive",
            "_nickname": "Jessica Stevenson",
            "_comment": "@Lancôme - the *best* powder blushes 💕",
            "_create_time": "2025-03-24T12:44:19",
            "_avatar": "https://p19-pu-sign-useast8.tiktokcdn-us.com/tos-useast5-avt-0068-tx/7319865140487143470~tplv-tiktokx-cropcenter:100:100.jpg?dr=9640&refresh_token=1fc54024&x-expires=1756281600&x-signature=EcNkQSD%2F8YAebUvFe%2BKqhoxqtk8%3D&t=4d5b0474&ps=13740610&shp=30310797&shcp=ff37627b&idc=useast5",
            "_total_reply": 0,
            "_replies": []
        },
        {
            "_comment_id": "7486669548831032086",
            "_username": "noeminikita",
            "_nickname": "Noemi Nikita",
            "_comment": "😍😍",
            "_create_time": "2025-03-28T01:42:26",
            "_avatar": "https://p16-common-sign-va.tiktokcdn-us.com/tos-maliva-avt-0068/8f102dcc26f50e807fb7ff1f31ce4e84~tplv-tiktokx-cropcenter:100:100.jpg?dr=9640&refresh_token=09b70e8f&x-expires=1756281600&x-signature=LUKK6spksLlrNG%2FCwCti5Wo5p28%3D&t=4d5b0474&ps=13740610&shp=30310797&shcp=ff37627b&idc=useast5",
            "_total_reply": 0,
            "_replies": []
        },
        {
            "_comment_id": "7485305161838592790",
            "_username": "eb_ness_x",
            "_nickname": "emily_ness",
            "_comment": "😍😍😍",
            "_create_time": "2025-03-24T09:27:16",
            "_avatar": "https://p16-common-sign-va.tiktokcdn-us.com/tos-maliva-avt-0068/eece21ef79d6573cb088ac7c2f39b7f1~tplv-tiktokx-cropcenter:100:100.jpg?dr=9640&refresh_token=72b1d424&x-expires=1756281600&x-signature=tI9Ryxnzeo5W0bj3eN3iN56p%2FAQ%3D&t=4d5b0474&ps=13740610&shp=30310797&shcp=ff37627b&idc=useast5",
            "_total_reply": 0,
            "_replies": []
        },
        {
            "_comment_id": "7533347610821853957",
            "_username": "qweexj___",
            "_nickname": "Швльцльоыииы",
            "_comment": "😻😻😻",
            "_create_time": "2025-07-31T21:36:27",
            "_avatar": "https://p16-common-sign-va.tiktokcdn-us.com/tos-maliva-avt-0068/4f38b5c6a02164aeee3aea75b7f79863~tplv-tiktokx-cropcenter:100:100.jpg?dr=9640&refresh_token=0ac96e90&x-expires=1756281600&x-signature=TvxhUw99KOq3rjrFY9JKZl6jKhc%3D&t=4d5b0474&ps=13740610&shp=30310797&shcp=ff37627b&idc=useast5",
            "_total_reply": 0,
            "_replies": []
        },
        {
            "_comment_id": "7486595930784727814",
            "_username": "nancy.matehuala",
            "_nickname": "Nancy Matehuala",
            "_comment": "😅",
            "_create_time": "2025-03-27T20:56:20",
            "_avatar": "https://p16-common-sign-va.tiktokcdn-us.com/tos-maliva-avt-0068/79f9f09690b859f6b9227fb293ca6448~tplv-tiktokx-cropcenter:100:100.jpg?dr=9640&refresh_token=d0dca88b&x-expires=1756281600&x-signature=epSOPYs2ujlG6CkHoTuUV9ybNyM%3D&t=4d5b0474&ps=13740610&shp=30310797&shcp=ff37627b&idc=useast5",
            "_total_reply": 0,
            "_replies": []
        },
        {
            "_comment_id": "7485380345766167318",
            "_username": "queeniesss5789",
            "_nickname": "tasha",
            "_comment": "🥰",
            "_create_time": "2025-03-24T14:19:00",
            "_avatar": "https://p16-common-sign-useast2a.tiktokcdn-us.com/tos-useast2a-avt-0068-euttp/b050c287b2caa6d79e833351538d3e02~tplv-tiktokx-cropcenter:100:100.jpg?dr=9640&refresh_token=c7834557&x-expires=1756281600&x-signature=pr8dXrxMhwEUBehYqILK6mo3Z7I%3D&t=4d5b0474&ps=13740610&shp=30310797&shcp=ff37627b&idc=useast5",
            "_total_reply": 0,
            "_replies": []
        },
        {
            "_comment_id": "7486586849987052310",
            "_username": "teresss06",
            "_nickname": "teresss06",
            "_comment": "🥰🥰🥰",
            "_create_time": "2025-03-27T20:20:45",
            "_avatar": "https://p16-common-sign-useast2a.tiktokcdn-us.com/tos-useast2a-avt-0068-euttp/62d6cc9b34062fe1cc1c10c691ae4a04~tplv-tiktokx-cropcenter:100:100.jpg?dr=9640&refresh_token=f9208a85&x-expires=1756281600&x-signature=6jqg43o3Mo3XqOrcgAZZLdabyZA%3D&t=4d5b0474&ps=13740610&shp=30310797&shcp=ff37627b&idc=useast5",
            "_total_reply": 0,
            "_replies": []
        },
        {
            "_comment_id": "7485436797418701570",
            "_username": "kaitlin_lauren_elliott",
            "_nickname": "kaitlin_lauren_elliott",
            "_comment": "🦋💯💯",
            "_create_time": "2025-03-24T17:57:54",
            "_avatar": "https://p16-common-sign-useast2a.tiktokcdn-us.com/tos-useast2a-avt-0068-euttp/5681e77b875a7436c8f148367deeed36~tplv-tiktokx-cropcenter:100:100.jpg?dr=9640&refresh_token=03cd6127&x-expires=1756281600&x-signature=%2BH5scU98h3uT0L6Bc58D3f6szMQ%3D&t=4d5b0474&ps=13740610&shp=30310797&shcp=ff37627b&idc=useast5",
            "_total_reply": 0,
            "_replies": []
        },
        {
            "_comment_id": "7507083173785273096",
            "_username": "pequea.earrings",
            "_nickname": "alondrixx 💌",
            "_comment": "@Sofia creo que ese es el tono de rubor que estabas buscando",
            "_create_time": "2025-05-22T02:57:07",
            "_avatar": "https://p16-common-sign-sg.tiktokcdn-us.com/tos-alisg-avt-0068/de5e85c3791ea0f1aa9f38d294da3475~tplv-tiktokx-cropcenter:100:100.jpg?dr=9640&refresh_token=7abc82a2&x-expires=1756281600&x-signature=EJQpgdTUQ72ljXo1c7oQqlh0HR8%3D&t=4d5b0474&ps=13740610&shp=30310797&shcp=ff37627b&idc=useast5",
            "_total_reply": 0,
            "_replies": []
        },
        {
            "_comment_id": "7485828351616434990",
            "_username": "kylieisthebest06",
            "_nickname": "Kylie Wasikowski",
            "_comment": "🫠🫠🫠🫠",
            "_create_time": "2025-03-25T19:17:46",
            "_avatar": "https://p16-sign.tiktokcdn-us.com/tos-useast5-avt-0068-tx/e282dcb1a34ce2acc9ea50c9307d822d~tplv-tiktokx-cropcenter:100:100.jpg?dr=9640&refresh_token=6a19e5a7&x-expires=1756281600&x-signature=3nitwxk1gnxtEET0Kvqr4WMmNfE%3D&t=4d5b0474&ps=13740610&shp=30310797&shcp=ff37627b&idc=useast5",
            "_total_reply": 0,
            "_replies": []
        },
        {
            "_comment_id": "7485426530668823318",
            "_username": "angelemakeup68",
            "_nickname": "Angèle",
            "_comment": "😍😍",
            "_create_time": "2025-03-24T17:18:06",
            "_avatar": "https://p16-common-sign-useast2a.tiktokcdn-us.com/tos-useast2a-avt-0068-euttp/f887daf39de1b7cb803fa9c1b8eb1e39~tplv-tiktokx-cropcenter:100:100.jpg?dr=9640&refresh_token=1cab0a0f&x-expires=1756281600&x-signature=g6ZUW9fz6saEMn9U28RFIHEr7dk%3D&t=4d5b0474&ps=13740610&shp=30310797&shcp=ff37627b&idc=useast5",
            "_total_reply": 0,
            "_replies": []
        },
        {
            "_comment_id": "7485766798840038152",
            "_username": "glitter.artist1",
            "_nickname": "قليتر آرتست ✨",
            "_comment": "Can’t wait to be on your PR list 🥺🙏🏻 @Lancôme",
            "_create_time": "2025-03-25T15:18:36",
            "_avatar": "https://p16-common-sign-sg.tiktokcdn-us.com/tos-alisg-avt-0068/18ca7d264871cc90087d9efd13834551~tplv-tiktokx-cropcenter:100:100.jpg?dr=9640&refresh_token=f8c2cdfa&x-expires=1756281600&x-signature=ePQ%2BKP3m8lR%2Bs74pGn1zSe4enE8%3D&t=4d5b0474&ps=13740610&shp=30310797&shcp=ff37627b&idc=useast5",
            "_total_reply": 0,
            "_replies": []
        },
        {
            "_comment_id": "7485471563182392086",
            "_username": "furniturevillagefan",
            "_nickname": "FurnitureVillagefan",
            "_comment": "Hi @Lancôme please could you leave a comment on my video about how many brands can comment on my video! 💝",
            "_create_time": "2025-03-24T20:12:47",
            "_avatar": "https://p16-common-sign-va.tiktokcdn-us.com/tos-maliva-avt-0068/3fe0b398ea778a4128688ef538993d43~tplv-tiktokx-cropcenter:100:100.jpg?dr=9640&refresh_token=19beb3e0&x-expires=1756281600&x-signature=ZLhloy1vKLcpjHybpBFGhZhpgtA%3D&t=4d5b0474&ps=13740610&shp=30310797&shcp=ff37627b&idc=useast5",
            "_total_reply": 0,
            "_replies": []
        },
        {
            "_comment_id": "7491752207374975767",
            "_username": "katerkuzya",
            "_nickname": "katerkuzya",
            "_comment": "Зачем так быстро показывать, ничего не понятно.",
            "_create_time": "2025-04-10T19:24:55",
            "_avatar": "https://p16-common-sign-va.tiktokcdn-us.com/tos-maliva-avt-0068/fb77700033c2d6b214632d231f8e23b8~tplv-tiktokx-cropcenter:100:100.jpg?dr=9640&refresh_token=8f859d13&x-expires=1756281600&x-signature=ux4VslvsvAJjoLdHmoOOy5X%2FKHk%3D&t=4d5b0474&ps=13740610&shp=30310797&shcp=ff37627b&idc=useast5",
            "_total_reply": 0,
            "_replies": []
        }
    ],
    "total_comments": 74
}