{
    "original_url": "https://www.tiktok.com/@lancome.official/video/7487170132884720918",
    "video_id": "7487170132884720918",
    "description": "@nicoletaveras knows best when it comes to applying the Génifique Ultimate serum 💁‍♀️ #Lancome #GenifiqueUltimate #Genifique #Serum #BeautyTok #MakeupTok #Face #Skincare #Skin #Skintok #SkincareRoutine #Beauty ",
    "video_url": "https://m.tiktok.com/v/7487170132884720918.html?_d=0&comment_author_id=7192003863294444590&preview_pb=0&share_comment_id=7539619393052820255&share_item_id=7487170132884720918&sharer_language=en&source=h5_m&u_code=0",
    "tags": [
        "#Lancome",
        "#GenifiqueUltimate",
        "#Genifique",
        "#Serum",
        "#BeautyTok",
        "#MakeupTok",
        "#Face",
        "#Skincare",
        "#Skin",
        "#Skintok",
        "#SkincareRoutine",
        "#Beauty"
    ],
    "comments": [
        {
            "_comment_id": "7539619393052820255",
            "_username": "user86060239153915",
            "_nickname": "Carmencita",
            "_comment": "Chefs kiss skincare 😘",
            "_create_time": "2025-08-17T19:14:25",
            "_avatar": "https://p16-pu-sign-useast8.tiktokcdn-us.com/tos-useast8-avt-0068-tx2/da7b7f873cc8c53c147caf7701872632~tplv-tiktokx-cropcenter:100:100.jpg?dr=9640&refresh_token=11be8d84&x-expires=1756281600&x-signature=M7mgezfErRR8FAyiuLCFfgrQgfA%3D&t=4d5b0474&ps=13740610&shp=30310797&shcp=ff37627b&idc=useast5",
            "_total_reply": 0,
            "_replies": []
        },
        {
            "_comment_id": "7487824472863605510",
            "_username": "madi.xcv",
            "_nickname": "madi.xcv(Olivia’s version🌷)",
            "_comment": "We’re is my baby ( Olivia💜)",
            "_create_time": "2025-03-31T04:23:50",
            "_avatar": "https://p16-common-sign-sg.tiktokcdn-us.com/tos-alisg-avt-0068/6e124d9caa88f5adde67ebdbf29a4c0b~tplv-tiktokx-cropcenter:100:100.jpg?dr=9640&refresh_token=dc563315&x-expires=1756281600&x-signature=kwDnShDbOexPDS0ZwhenLu%2B4vks%3D&t=4d5b0474&ps=13740610&shp=30310797&shcp=ff37627b&idc=useast5",
            "_total_reply": 0,
            "_replies": []
        },
        {
            "_comment_id": "7488424254490493702",
            "_username": "__zaynabt",
            "_nickname": "𝘡𝘈𝘐𝘕𝘈𝘉",
            "_comment": "I would love to do a video about ur products",
            "_create_time": "2025-04-01T19:11:14",
            "_avatar": "https://p16-common-sign-sg.tiktokcdn-us.com/tos-alisg-avt-0068/cdc2ca41d22096c772aca792439dca86~tplv-tiktokx-cropcenter:100:100.jpg?dr=9640&refresh_token=7e1ea698&x-expires=1756281600&x-signature=F7mqYzNhRyOE6iKqJiuzof1VMIw%3D&t=4d5b0474&ps=13740610&shp=30310797&shcp=ff37627b&idc=useast5",
            "_total_reply": 0,
            "_replies": []
        },
        {
            "_comment_id": "7487335456787497758",
            "_username": "tayspeer",
            "_nickname": "Taylor Speer",
            "_comment": "Best serum ever!",
            "_create_time": "2025-03-29T20:45:53",
            "_avatar": "https://p16-pu-sign-useast8.tiktokcdn-us.com/tos-useast8-avt-0068-tx2/db37c1b60e12fe3915b0eb85942e15e4~tplv-tiktokx-cropcenter:100:100.jpg?dr=9640&refresh_token=9d6399a9&x-expires=1756281600&x-signature=HM5ir20iQaxqCsdq0otrnaLYW9Q%3D&t=4d5b0474&ps=13740610&shp=30310797&shcp=ff37627b&idc=useast5",
            "_total_reply": 1,
            "_replies": [
                {
                    "_comment_id": "7486409377894073121",
                    "_username": "lancome.official",
                    "_nickname": "Lancôme",
                    "_comment": "stop it, we're blushing",
                    "_create_time": "2025-03-29T20:59:12",
                    "_avatar": "https://p16-common-sign-va.tiktokcdn-us.com/tos-maliva-avt-0068/9424f6caa6a8781766ccf45ddf0a0a0d~tplv-tiktokx-cropcenter:100:100.jpg?dr=9640&refresh_token=2d0d7041&x-expires=1756281600&x-signature=6RRh0sV%2BMiFopbDnto6in1a21L8%3D&t=4d5b0474&ps=13740610&shp=30310797&shcp=ff37627b&idc=useast5",
                    "_total_reply": null,
                    "_replies": []
                }
            ]
        },
        {
            "_comment_id": "7487516382835294998",
            "_username": "anaperfectlook",
            "_nickname": "🧸👑 ANA 🧸👑",
            "_comment": "Collab ? ❤️🔥",
            "_create_time": "2025-03-30T08:27:50",
            "_avatar": "https://p16-common-sign-va.tiktokcdn-us.com/tos-maliva-avt-0068/c94013f46a49785e97ce9a5cd9e2fa1b~tplv-tiktokx-cropcenter:100:100.jpg?dr=9640&refresh_token=0ccfb57e&x-expires=1756281600&x-signature=ggky1UHFRfoYINVavzuc5ZSfweU%3D&t=4d5b0474&ps=13740610&shp=30310797&shcp=ff37627b&idc=useast5",
            "_total_reply": 0,
            "_replies": []
        },
        {
            "_comment_id": "7487449730508587806",
            "_username": "amandawifey",
            "_nickname": "Amanda K",
            "_comment": "Yes this serum is amazing and feels incredible on the skin",
            "_create_time": "2025-03-30T04:09:28",
            "_avatar": "https://p16-pu-sign-useast8.tiktokcdn-us.com/tos-useast5-avt-0068-tx/a1452ba5b00f5417c90f5bef2e2ef638~tplv-tiktokx-cropcenter:100:100.jpg?dr=9640&refresh_token=20f8aaa8&x-expires=1756281600&x-signature=OPLXAszE4E5AaZxWsKc1%2B0B5%2BTk%3D&t=4d5b0474&ps=13740610&shp=30310797&shcp=ff37627b&idc=useast5",
            "_total_reply": 1,
            "_replies": [
                {
                    "_comment_id": "7486410023690830624",
                    "_username": "lancome.official",
                    "_nickname": "Lancôme",
                    "_comment": "omg we're blushing 🥰",
                    "_create_time": "2025-03-30T08:54:49",
                    "_avatar": "https://p16-common-sign-va.tiktokcdn-us.com/tos-maliva-avt-0068/9424f6caa6a8781766ccf45ddf0a0a0d~tplv-tiktokx-cropcenter:100:100.jpg?dr=9640&refresh_token=2d0d7041&x-expires=1756281600&x-signature=6RRh0sV%2BMiFopbDnto6in1a21L8%3D&t=4d5b0474&ps=13740610&shp=30310797&shcp=ff37627b&idc=useast5",
                    "_total_reply": null,
                    "_replies": []
                }
            ]
        },
        {
            "_comment_id": "7487171301054120759",
            "_username": "mssxaq",
            "_nickname": "🤍",
            "_comment": "Первая",
            "_create_time": "2025-03-29T10:09:29",
            "_avatar": "https://p19-common-sign-va.tiktokcdn-us.com/tos-maliva-avt-0068/b35357718c3152557b0244ab395ddad3~tplv-tiktokx-cropcenter:100:100.jpg?dr=9640&refresh_token=dc813ba9&x-expires=1756281600&x-signature=YZkm1MlYUsXWnQpQ5%2B7ekul1TGM%3D&t=4d5b0474&ps=13740610&shp=30310797&shcp=ff37627b&idc=useast5",
            "_total_reply": 0,
            "_replies": []
        },
        {
            "_comment_id": "7487170511786132230",
            "_username": "shx.nina",
            "_nickname": "Shaleena",
            "_comment": "What a stunning glow 🤍✨",
            "_create_time": "2025-03-29T10:06:17",
            "_avatar": "https://p19-common-sign-va.tiktokcdn-us.com/tos-maliva-avt-0068/b3abbfe3be65e5eae5d583741c150440~tplv-tiktokx-cropcenter:100:100.jpg?dr=9640&refresh_token=fa25ba85&x-expires=1756281600&x-signature=Jy3cPkxAPm6%2BWqNS3BEbDosLL%2BQ%3D&t=4d5b0474&ps=13740610&shp=30310797&shcp=ff37627b&idc=useast5",
            "_total_reply": 2,
            "_replies": [
                {
                    "_comment_id": "7486410177692893985",
                    "_username": "lancome.official",
                    "_nickname": "Lancôme",
                    "_comment": "definition of radiance ✨",
                    "_create_time": "2025-03-29T10:29:36",
                    "_avatar": "https://p16-common-sign-va.tiktokcdn-us.com/tos-maliva-avt-0068/9424f6caa6a8781766ccf45ddf0a0a0d~tplv-tiktokx-cropcenter:100:100.jpg?dr=9640&refresh_token=2d0d7041&x-expires=1756281600&x-signature=6RRh0sV%2BMiFopbDnto6in1a21L8%3D&t=4d5b0474&ps=13740610&shp=30310797&shcp=ff37627b&idc=useast5",
                    "_total_reply": null,
                    "_replies": []
                },
                {
                    "_comment_id": "7487187538118738693",
                    "_username": "shx.nina",
                    "_nickname": "Shaleena",
                    "_comment": "Doing a video on a wear test review of the Teint Idole Ultra Wear foundation soon 🤍✨ So excited 🤍",
                    "_create_time": "2025-03-29T11:12:14",
                    "_avatar": "https://p16-common-sign-va.tiktokcdn-us.com/tos-maliva-avt-0068/b3abbfe3be65e5eae5d583741c150440~tplv-tiktokx-cropcenter:100:100.jpg?dr=9640&refresh_token=de20f999&x-expires=1756281600&x-signature=MYm%2FS0WSpWVIaAGs5stra3XpUwg%3D&t=4d5b0474&ps=13740610&shp=30310797&shcp=ff37627b&idc=useast5",
                    "_total_reply": null,
                    "_replies": []
                }
            ]
        },
        {
            "_comment_id": "7487269596665234198",
            "_username": "marisobskng",
            "_nickname": "marisobskng",
            "_comment": "The skin is skinning 💞",
            "_create_time": "2025-03-29T16:30:10",
            "_avatar": "https://p16-common-sign-va.tiktokcdn-us.com/musically-maliva-obj/1594805258216454~tplv-tiktokx-cropcenter:100:100.jpg?dr=9640&refresh_token=e95abb24&x-expires=1756281600&x-signature=3sj6OaLiS8USBUJlFKzdpJPzweM%3D&t=4d5b0474&ps=13740610&shp=30310797&shcp=ff37627b&idc=useast5",
            "_total_reply": 1,
            "_replies": [
                {
                    "_comment_id": "7486408979523371809",
                    "_username": "lancome.official",
                    "_nickname": "Lancôme",
                    "_comment": "you've got that right ✨",
                    "_create_time": "2025-03-29T20:28:56",
                    "_avatar": "https://p16-common-sign-va.tiktokcdn-us.com/tos-maliva-avt-0068/9424f6caa6a8781766ccf45ddf0a0a0d~tplv-tiktokx-cropcenter:100:100.jpg?dr=9640&refresh_token=2d0d7041&x-expires=1756281600&x-signature=6RRh0sV%2BMiFopbDnto6in1a21L8%3D&t=4d5b0474&ps=13740610&shp=30310797&shcp=ff37627b&idc=useast5",
                    "_total_reply": null,
                    "_replies": []
                }
            ]
        },
        {
            "_comment_id": "7488138999698703105",
            "_username": "paymaywilly",
            "_nickname": "PAYMAY🍒",
            "_comment": "oh that looks amazing!!",
            "_create_time": "2025-04-01T00:44:34",
            "_avatar": "https://p16-common-sign-sg.tiktokcdn-us.com/tos-alisg-avt-0068/b7503e77e707f2b798dc6497236cb0ae~tplv-tiktokx-cropcenter:100:100.jpg?dr=9640&refresh_token=7d53b2b3&x-expires=1756281600&x-signature=vDP4YsB92rn4tqn5ukoeIX8ZXic%3D&t=4d5b0474&ps=13740610&shp=30310797&shcp=ff37627b&idc=useast5",
            "_total_reply": 1,
            "_replies": [
                {
                    "_comment_id": "7486457115310408480",
                    "_username": "lancome.official",
                    "_nickname": "Lancôme",
                    "_comment": "hehehe it's a must try! ❤️",
                    "_create_time": "2025-04-01T14:38:23",
                    "_avatar": "https://p16-common-sign-va.tiktokcdn-us.com/tos-maliva-avt-0068/9424f6caa6a8781766ccf45ddf0a0a0d~tplv-tiktokx-cropcenter:100:100.jpg?dr=9640&refresh_token=2d0d7041&x-expires=1756281600&x-signature=6RRh0sV%2BMiFopbDnto6in1a21L8%3D&t=4d5b0474&ps=13740610&shp=30310797&shcp=ff37627b&idc=useast5",
                    "_total_reply": null,
                    "_replies": []
                }
            ]
        },
        {
            "_comment_id": "7487390472920695574",
            "_username": "amyc3333",
            "_nickname": "amy",
            "_comment": "So pretty",
            "_create_time": "2025-03-30T00:19:27",
            "_avatar": "https://p16-common-sign-useast2a.tiktokcdn-us.com/tos-useast2a-avt-0068-euttp/373c2741cc83811383913b9ee25c01d5~tplv-tiktokx-cropcenter:100:100.jpg?dr=9640&refresh_token=62ea7c95&x-expires=1756281600&x-signature=pHYUarwJiB6FavzYtsFGKJr0WhU%3D&t=4d5b0474&ps=13740610&shp=30310797&shcp=ff37627b&idc=useast5",
            "_total_reply": 1,
            "_replies": [
                {
                    "_comment_id": "7486409159752155936",
                    "_username": "lancome.official",
                    "_nickname": "Lancôme",
                    "_comment": "literally 👑",
                    "_create_time": "2025-03-30T08:49:21",
                    "_avatar": "https://p16-common-sign-va.tiktokcdn-us.com/tos-maliva-avt-0068/9424f6caa6a8781766ccf45ddf0a0a0d~tplv-tiktokx-cropcenter:100:100.jpg?dr=9640&refresh_token=2d0d7041&x-expires=1756281600&x-signature=6RRh0sV%2BMiFopbDnto6in1a21L8%3D&t=4d5b0474&ps=13740610&shp=30310797&shcp=ff37627b&idc=useast5",
                    "_total_reply": null,
                    "_replies": []
                }
            ]
        },
        {
            "_comment_id": "7487245032716780334",
            "_username": "rhobidadon",
            "_nickname": "Nyrhobi🧚🏾‍♀️",
            "_comment": "The glowww?!?✨",
            "_create_time": "2025-03-29T14:55:15",
            "_avatar": "https://p16-pu-sign-useast8.tiktokcdn-us.com/tos-useast8-avt-0068-tx2/2787ca74b79dc25ff98aed64e4bbea46~tplv-tiktokx-cropcenter:100:100.jpg?dr=9640&refresh_token=224d7bed&x-expires=1756281600&x-signature=TzrMXQFp6%2F9Nw5ogdCbcOyNQ9CI%3D&t=4d5b0474&ps=13740610&shp=30310797&shcp=ff37627b&idc=useast5",
            "_total_reply": 1,
            "_replies": [
                {
                    "_comment_id": "7486417877592032033",
                    "_username": "lancome.official",
                    "_nickname": "Lancôme",
                    "_comment": "it is giving ✨aura",
                    "_create_time": "2025-03-29T20:22:39",
                    "_avatar": "https://p16-common-sign-va.tiktokcdn-us.com/tos-maliva-avt-0068/9424f6caa6a8781766ccf45ddf0a0a0d~tplv-tiktokx-cropcenter:100:100.jpg?dr=9640&refresh_token=2d0d7041&x-expires=1756281600&x-signature=6RRh0sV%2BMiFopbDnto6in1a21L8%3D&t=4d5b0474&ps=13740610&shp=30310797&shcp=ff37627b&idc=useast5",
                    "_total_reply": null,
                    "_replies": []
                }
            ]
        },
        {
            "_comment_id": "7487607277274743574",
            "_username": "ginte1990",
            "_nickname": "Gintare2004 🍓",
            "_comment": "♥️",
            "_create_time": "2025-03-30T14:20:34",
            "_avatar": "https://p16-common-sign-useast2a.tiktokcdn-us.com/tos-useast2a-avt-0068-euttp/033f760a6798505855d5f7bc59afc238~tplv-tiktokx-cropcenter:100:100.jpg?dr=9640&refresh_token=37e170d8&x-expires=1756281600&x-signature=YLFG5GlnBQcWPAt6QRWNNcLRFyI%3D&t=4d5b0474&ps=13740610&shp=30310797&shcp=ff37627b&idc=useast5",
            "_total_reply": 0,
            "_replies": []
        },
        {
            "_comment_id": "7489835410606441234",
            "_username": "xleena_andy",
            "_nickname": "J.doolzey",
            "_comment": "🥰🥰🥰",
            "_create_time": "2025-04-05T14:26:55",
            "_avatar": "https://p16-common-sign-sg.tiktokcdn-us.com/tos-alisg-avt-0068/0f8e456b6a13bdc0f7fc82f1c85996d6~tplv-tiktokx-cropcenter:100:100.jpg?dr=9640&refresh_token=2320614f&x-expires=1756281600&x-signature=vX2rQUjWfXCz%2B32OfMfFZhRbma8%3D&t=4d5b0474&ps=13740610&shp=30310797&shcp=ff37627b&idc=useast5",
            "_total_reply": 0,
            "_replies": []
        },
        {
            "_comment_id": "7487397852173484822",
            "_username": "user2901536990581",
            "_nickname": "Emmie",
            "_comment": "😍😍",
            "_create_time": "2025-03-30T00:48:09",
            "_avatar": "https://p16-common-sign-useast2a.tiktokcdn-us.com/tos-useast2a-avt-0068-euttp/b6b2485cda36813fbff7bcc06285b279~tplv-tiktokx-cropcenter:100:100.jpg?dr=9640&refresh_token=c5bb0bda&x-expires=1756281600&x-signature=ocihSRDrhn16mC5Puyyo312OODM%3D&t=4d5b0474&ps=13740610&shp=30310797&shcp=ff37627b&idc=useast5",
            "_total_reply": 0,
            "_replies": []
        },
        {
            "_comment_id": "7489987450069500727",
            "_username": "edith.chbn",
            "_nickname": "Edith💞",
            "_comment": "😁",
            "_create_time": "2025-04-06T00:17:06",
            "_avatar": "https://p19-common-sign-sg.tiktokcdn-us.com/tos-alisg-avt-0068/40f62bec44d6555bbfc4dc1b2f0297fb~tplv-tiktokx-cropcenter:100:100.jpg?dr=9640&refresh_token=f0c4b4a6&x-expires=1756281600&x-signature=91gx3Y%2BB0LXw7deijiRsaDpDH7I%3D&t=4d5b0474&ps=13740610&shp=30310797&shcp=ff37627b&idc=useast5",
            "_total_reply": 0,
            "_replies": []
        },
        {
            "_comment_id": "7500581429093892886",
            "_username": "sea2108",
            "_nickname": "SEA💙",
            "_comment": "❤️",
            "_create_time": "2025-05-04T14:26:48",
            "_avatar": "https://p16-common-sign-va.tiktokcdn-us.com/tos-maliva-avt-0068/6c71247e7bcad0691e887682a51ca050~tplv-tiktokx-cropcenter:100:100.jpg?dr=9640&refresh_token=4e7f8602&x-expires=1756281600&x-signature=WM35W%2FMsfih2WU9%2FziHhPMXipe4%3D&t=4d5b0474&ps=13740610&shp=30310797&shcp=ff37627b&idc=useast5",
            "_total_reply": 0,
            "_replies": []
        },
        {
            "_comment_id": "7487955183637529366",
            "_username": "pamelaspencer02",
            "_nickname": "Pamela Spencer",
            "_comment": "🥰",
            "_create_time": "2025-03-31T12:50:33",
            "_avatar": "https://p16-common-sign-sg.tiktokcdn-us.com/tos-alisg-avt-0068/7337066959009218562~tplv-tiktokx-cropcenter:100:100.jpg?dr=9640&refresh_token=c055c2ba&x-expires=1756281600&x-signature=BPBAbzEHjry0o9y3ddDQn8%2FxgpY%3D&t=4d5b0474&ps=13740610&shp=30310797&shcp=ff37627b&idc=useast5",
            "_total_reply": 0,
            "_replies": []
        },
        {
            "_comment_id": "7487172409189483270",
            "_username": "jana_saurus",
            "_nickname": "Јана?",
            "_comment": "😍😍😍",
            "_create_time": "2025-03-29T10:13:51",
            "_avatar": "https://p16-common-sign-va.tiktokcdn-us.com/tos-maliva-avt-0068/d0b70185c9cafee4ddca23e1f3a5009c~tplv-tiktokx-cropcenter:100:100.jpg?dr=9640&refresh_token=8c8ff544&x-expires=1756281600&x-signature=dq2%2FXI2tbEX7cHa%2BShUUk4ak%2Bwo%3D&t=4d5b0474&ps=13740610&shp=30310797&shcp=ff37627b&idc=useast5",
            "_total_reply": 0,
            "_replies": []
        },
        {
            "_comment_id": "7487171382321939218",
            "_username": "user412567214758",
            "_nickname": "🪽",
            "_comment": "😍😍😍😍",
            "_create_time": "2025-03-29T10:09:08",
            "_avatar": "https://p16-common-sign-sg.tiktokcdn-us.com/tos-alisg-avt-0068/e7396f39fde7b0ff482de11f3f114329~tplv-tiktokx-cropcenter:100:100.jpg?dr=9640&refresh_token=d1865e68&x-expires=1756281600&x-signature=Ee%2FAYVKjYHVva5X7d7QyOpkqSMc%3D&t=4d5b0474&ps=13740610&shp=30310797&shcp=ff37627b&idc=useast5",
            "_total_reply": 0,
            "_replies": []
        },
        {
            "_comment_id": "7489549596826518294",
            "_username": "akisdabst",
            "_nickname": "akisdabst",
            "_comment": "❤️",
            "_create_time": "2025-04-04T19:57:38",
            "_avatar": "https://p16-common-sign-useast2a.tiktokcdn-us.com/tos-useast2a-avt-0068-euttp/96584106326a188696e2b86a2b99251e~tplv-tiktokx-cropcenter:100:100.jpg?dr=9640&refresh_token=4cbf7d96&x-expires=1756281600&x-signature=Sdln5o9gWHErwqngLwZBN%2FjkjuY%3D&t=4d5b0474&ps=13740610&shp=30310797&shcp=ff37627b&idc=useast5",
            "_total_reply": 0,
            "_replies": []
        },
        {
            "_comment_id": "7487243466989290270",
            "_username": "thuyvanvuthi1",
            "_nickname": "Thuy Van Vu Thi567",
            "_comment": "❤️",
            "_create_time": "2025-03-29T14:48:58",
            "_avatar": "https://p19-pu-sign-useast8.tiktokcdn-us.com/tos-useast5-avt-0068-tx/7343629106849939498~tplv-tiktokx-cropcenter:100:100.jpg?dr=9640&refresh_token=607037fa&x-expires=1756281600&x-signature=kJla1CkCPM%2Fco1p2S1%2FIhl%2B%2BItk%3D&t=4d5b0474&ps=13740610&shp=30310797&shcp=ff37627b&idc=useast5",
            "_total_reply": 0,
            "_replies": []
        },
        {
            "_comment_id": "7487230883221570326",
            "_username": "jayne9005",
            "_nickname": "Jayne90",
            "_comment": "🥰",
            "_create_time": "2025-03-29T13:59:53",
            "_avatar": "https://p16-common-sign-va.tiktokcdn-us.com/musically-maliva-obj/1594805258216454~tplv-tiktokx-cropcenter:100:100.jpg?dr=9640&refresh_token=e95abb24&x-expires=1756281600&x-signature=3sj6OaLiS8USBUJlFKzdpJPzweM%3D&t=4d5b0474&ps=13740610&shp=30310797&shcp=ff37627b&idc=useast5",
            "_total_reply": 0,
            "_replies": []
        },
        {
            "_comment_id": "7487223202504082231",
            "_username": "insapkzez",
            "_nickname": "🕊",
            "_comment": "🌹",
            "_create_time": "2025-03-29T13:30:34",
            "_avatar": "https://p16-common-sign-va.tiktokcdn-us.com/tos-maliva-avt-0068/86532f5015decb4863b92e9d49634e8a~tplv-tiktokx-cropcenter:100:100.jpg?dr=9640&refresh_token=e8f24ec7&x-expires=1756281600&x-signature=5w8n2TyKes0HK5Q8iBGk8Q2Vab8%3D&t=4d5b0474&ps=13740610&shp=30310797&shcp=ff37627b&idc=useast5",
            "_total_reply": 0,
            "_replies": []
        },
        {
            "_comment_id": "7487216677438194455",
            "_username": "eylese",
            "_nickname": "🤍Oliwia🤍",
            "_comment": "❤️❤️",
            "_create_time": "2025-03-29T13:04:49",
            "_avatar": "https://p16-common-sign-va.tiktokcdn-us.com/tos-maliva-avt-0068/5762bbbf4db388900af849ee6c7c8115~tplv-tiktokx-cropcenter:100:100.jpg?dr=9640&refresh_token=bf7686a2&x-expires=1756281600&x-signature=jwnlMCNhR93vk%2FhWIaKiKMcKUEA%3D&t=4d5b0474&ps=13740610&shp=30310797&shcp=ff37627b&idc=useast5",
            "_total_reply": 0,
            "_replies": []
        },
        {
            "_comment_id": "7487174100160086806",
            "_username": "annang042",
            "_nickname": "anna",
            "_comment": "🥰",
            "_create_time": "2025-03-29T10:19:35",
            "_avatar": "https://p16-common-sign-va.tiktokcdn-us.com/tos-maliva-avt-0068/7c3e761751fa337405fde2251afc615e~tplv-tiktokx-cropcenter:100:100.jpg?dr=9640&refresh_token=befccaa7&x-expires=1756281600&x-signature=OH9WjLfCva35OuknflOFPmIJqms%3D&t=4d5b0474&ps=13740610&shp=30310797&shcp=ff37627b&idc=useast5",
            "_total_reply": 0,
            "_replies": []
        },
        {
            "_comment_id": "7490280789629567774",
            "_username": "f1.cl.cs",
            "_nickname": "f1.cl.cs",
            "_comment": "❤️",
            "_create_time": "2025-04-06T20:15:24",
            "_avatar": "https://p16-pu-sign-useast8.tiktokcdn-us.com/tos-useast8-avt-0068-tx2/b9e6aa8a8f06333c0534362b758559a4~tplv-tiktokx-cropcenter:100:100.jpg?dr=9640&refresh_token=e0f70431&x-expires=1756281600&x-signature=akvNGCULSZhAm0vXZoLEHi6lE1g%3D&t=4d5b0474&ps=13740610&shp=30310797&shcp=ff37627b&idc=useast5",
            "_total_reply": 0,
            "_replies": []
        },
        {
            "_comment_id": "7487333351519912747",
            "_username": "lacy_oh_lacyy",
            "_nickname": "Blakely (Olivia’s version)",
            "_comment": "LANCÔME ILYSM AND I WANT UR MASCARA SO BAD AND CAN U TELL LIVI LOVE HER SM AND IM ONE OF HER BIGGEST FANS PLSS",
            "_create_time": "2025-03-29T20:37:47",
            "_avatar": "https://p19-sign.tiktokcdn-us.com/tos-useast5-avt-0068-tx/7d344f700e841a579ebaeb94fb7f96f4~tplv-tiktokx-cropcenter:100:100.jpg?dr=9640&refresh_token=90931972&x-expires=1756281600&x-signature=yoBJWePZV%2Fkoio3DXTwOcWFvI3o%3D&t=4d5b0474&ps=13740610&shp=30310797&shcp=ff37627b&idc=useast5",
            "_total_reply": 0,
            "_replies": []
        },
        {
            "_comment_id": "7488840377648218897",
            "_username": "tashyyboo_",
            "_nickname": "tashyyboo_",
            "_comment": "Would love to showcase this amazing product !! Let’s collab 🥰",
            "_create_time": "2025-04-02T22:06:57",
            "_avatar": "https://p16-common-sign-sg.tiktokcdn-us.com/tos-alisg-avt-0068/880a94782bb905a5e699e7bfabb48028~tplv-tiktokx-cropcenter:100:100.jpg?dr=9640&refresh_token=45689fe4&x-expires=1756281600&x-signature=dVo40ZaR8hvZ2SP9vKc2c8wfIWU%3D&t=4d5b0474&ps=13740610&shp=30310797&shcp=ff37627b&idc=useast5",
            "_total_reply": 1,
            "_replies": [
                {
                    "_comment_id": "7492765899809424133",
                    "_username": "chidimmachizoba",
                    "_nickname": "Jennifer chizoba",
                    "_comment": "I’m interested",
                    "_create_time": "2025-04-13T12:59:01",
                    "_avatar": "https://p16-common-sign-va.tiktokcdn-us.com/tos-maliva-avt-0068/26dc9eeb275ded57557f3af3e7ae47c5~tplv-tiktokx-cropcenter:100:100.jpg?dr=9640&refresh_token=39760246&x-expires=1756281600&x-signature=06S%2FOmcUErgMWf60%2Fd8J0WpaI6w%3D&t=4d5b0474&ps=13740610&shp=30310797&shcp=ff37627b&idc=useast5",
                    "_total_reply": null,
                    "_replies": []
                }
            ]
        },
        {
            "_comment_id": "7488434048198427397",
            "_username": "eelery.rose",
            "_nickname": "bm.rose🌺",
            "_comment": "Excited to work together! For collaboration, reach out to us on IG via the link in my profile. Let’s create something amazing! 🌠",
            "_create_time": "2025-04-01T19:49:08",
            "_avatar": "https://p16-common-sign-va.tiktokcdn-us.com/tos-maliva-avt-0068/bfb3b262d10719b64cb88432af835787~tplv-tiktokx-cropcenter:100:100.jpg?dr=9640&refresh_token=ce48af06&x-expires=1756281600&x-signature=CoMfxGvDXrhubWnILtJdMhX%2BnKs%3D&t=4d5b0474&ps=13740610&shp=30310797&shcp=ff37627b&idc=useast5",
            "_total_reply": 0,
            "_replies": []
        }
    ],
    "total_comments": 30
}