{
    "original_url": "https://www.tiktok.com/@lancome.official/video/7491287626192833814",
    "video_id": "7491287626192833814",
    "description": "Join us to discover the Skin Science Club in Madrid! Get a free skin diagnosis, discover your personalized skincare routine, and walk around the exclusive beauty rooms. Try every Lancôme product available, and don’t forget your free gift before you go! April 9th & 10th 📍Plaza Pedro Zerolo, Madrid Open to the public from 11AM to 1PM and from 4PM to 8PM. #Lancome #SkinScienceClub #Skincare #BeautyTech #Skincareroutine #SkinAnalysis #Popupstore #Beauty #Skintok #Madrid ",
    "video_url": "https://m.tiktok.com/v/7491287626192833814.html?_d=0&comment_author_id=7499208324237411350&preview_pb=0&share_comment_id=7499905451824431894&share_item_id=7491287626192833814&sharer_language=en&source=h5_m&u_code=0",
    "tags": [
        "#Lancome",
        "#SkinScienceClub",
        "#Skincare",
        "#BeautyTech",
        "#Skincareroutine",
        "#SkinAnalysis",
        "#Popupstore",
        "#Beauty",
        "#Skintok",
        "#Madrid"
    ],
    "comments": [
        {
            "_comment_id": "7499905451824431894",
            "_username": "luvellso",
            "_nickname": "𝒆𝒍𝒍𝒂 🤍 (𝙨𝙥𝙞𝙡𝙡𝙚𝙙)",
            "_comment": "IS THAT AN ICONIC QUEEN IN THE BACK? 💜",
            "_create_time": "2025-05-02T18:43:40",
            "_avatar": "https://p16-common-sign-va.tiktokcdn-us.com/tos-maliva-avt-0068/62f774bd9d383397338df416e99dd79f~tplv-tiktokx-cropcenter:100:100.jpg?dr=9640&refresh_token=a7ed79fe&x-expires=1756281600&x-signature=rJlkMtVG1gdnJRP%2BgDCIHaEU8tE%3D&t=4d5b0474&ps=13740610&shp=30310797&shcp=ff37627b&idc=useast5",
            "_total_reply": 0,
            "_replies": []
        },
        {
            "_comment_id": "7492178171028374315",
            "_username": "oliviafanpageeeeee",
            "_nickname": "Amy(𝓼𝓹𝓲𝓵𝓵𝓮𝓭)❦",
            "_comment": "love our girlyyyy💋💜",
            "_create_time": "2025-04-11T22:58:26",
            "_avatar": "https://p19-pu-sign-useast8.tiktokcdn-us.com/tos-useast5-avt-0068-tx/e6f54cdb355efc3398939d62ccfed151~tplv-tiktokx-cropcenter:100:100.jpg?dr=9640&refresh_token=ea8ae1da&x-expires=1756281600&x-signature=e1JOHU0922povh2WIo%2FqkLeI5sc%3D&t=4d5b0474&ps=13740610&shp=30310797&shcp=ff37627b&idc=useast5",
            "_total_reply": 0,
            "_replies": []
        },
        {
            "_comment_id": "7491367840948192022",
            "_username": "mitchthemommy",
            "_nickname": "Michelle Lynch",
            "_comment": "I'm obessed 😍❤️",
            "_create_time": "2025-04-09T18:33:21",
            "_avatar": "https://p16-common-sign-useast2a.tiktokcdn-us.com/tos-useast2a-avt-0068-euttp/6920f07878d573199beb7ecf33571583~tplv-tiktokx-cropcenter:100:100.jpg?dr=9640&refresh_token=f935d486&x-expires=1756281600&x-signature=MmR0vJ3LEheUoxoFQWPFNfpa29U%3D&t=4d5b0474&ps=13740610&shp=30310797&shcp=ff37627b&idc=useast5",
            "_total_reply": 0,
            "_replies": []
        },
        {
            "_comment_id": "7491441015385195295",
            "_username": "makeupbyalliew",
            "_nickname": "MAKEUP BY ALLIE",
            "_comment": "This looks amazing!",
            "_create_time": "2025-04-09T23:17:42",
            "_avatar": "https://p16-sign.tiktokcdn-us.com/tos-useast5-avt-0068-tx/4a93fbc3cb3596729edc554116655b8a~tplv-tiktokx-cropcenter:100:100.jpg?dr=9640&refresh_token=f123de50&x-expires=1756281600&x-signature=4HH9%2FWxdTkAmQ5KFg%2FlarNSYoCo%3D&t=4d5b0474&ps=13740610&shp=30310797&shcp=ff37627b&idc=useast5",
            "_total_reply": 0,
            "_replies": []
        },
        {
            "_comment_id": "7491626167490904850",
            "_username": "abb_ichuelas",
            "_nickname": "aɓı",
            "_comment": "Come to Dominican republic!😭💗",
            "_create_time": "2025-04-10T11:15:59",
            "_avatar": "https://p16-common-sign-sg.tiktokcdn-us.com/tos-alisg-avt-0068/b000a051176896f6837aa17131446e0e~tplv-tiktokx-cropcenter:100:100.jpg?dr=9640&refresh_token=bba0717f&x-expires=1756281600&x-signature=L0%2B7U0a%2FukRVPiwcLl6nP%2BFIrsI%3D&t=4d5b0474&ps=13740610&shp=30310797&shcp=ff37627b&idc=useast5",
            "_total_reply": 0,
            "_replies": []
        },
        {
            "_comment_id": "7491778198738830122",
            "_username": "fiotafernanda2",
            "_nickname": "️",
            "_comment": "This is amazing❤️😍🥰",
            "_create_time": "2025-04-10T21:06:16",
            "_avatar": "https://p16-pu-sign-useast8.tiktokcdn-us.com/tos-useast5-avt-0068-tx/b3f7303bc198203d40b4354684cf2298~tplv-tiktokx-cropcenter:100:100.jpg?dr=9640&refresh_token=c273cbbd&x-expires=1756281600&x-signature=qmR7t0ju2WkRU%2BggRhIPFF42%2BEo%3D&t=4d5b0474&ps=13740610&shp=30310797&shcp=ff37627b&idc=useast5",
            "_total_reply": 0,
            "_replies": []
        },
        {
            "_comment_id": "7491448884452705070",
            "_username": "irmita.santos15",
            "_nickname": "𝕚𝕣𝕞𝕒🥀",
            "_comment": "What a fun experience 😍",
            "_create_time": "2025-04-09T23:48:12",
            "_avatar": "https://p16-pu-sign-useast8.tiktokcdn-us.com/tos-useast5-avt-0068-tx/c1f600198240c8a4a77137d22f8e07f9~tplv-tiktokx-cropcenter:100:100.jpg?dr=9640&refresh_token=c45c704d&x-expires=1756281600&x-signature=%2B009CP8%2BE1k6UWStHQfOYTxzXbE%3D&t=4d5b0474&ps=13740610&shp=30310797&shcp=ff37627b&idc=useast5",
            "_total_reply": 0,
            "_replies": []
        },
        {
            "_comment_id": "7491659724510200598",
            "_username": "nani72458",
            "_nickname": "Ellie 🪷",
            "_comment": "So cool",
            "_create_time": "2025-04-10T13:26:05",
            "_avatar": "https://p19-common-sign-va.tiktokcdn-us.com/tos-maliva-avt-0068/b345d6d39bfe112bf3d2a0c04540ae0a~tplv-tiktokx-cropcenter:100:100.jpg?dr=9640&refresh_token=7c4425b5&x-expires=1756281600&x-signature=xu2nSwD740MkLLTRz5yXfmz%2Byds%3D&t=4d5b0474&ps=13740610&shp=30310797&shcp=ff37627b&idc=useast5",
            "_total_reply": 0,
            "_replies": []
        },
        {
            "_comment_id": "7491386062734230294",
            "_username": "jaydee_26",
            "_nickname": "Mzjay",
            "_comment": "So pretty 😍",
            "_create_time": "2025-04-09T19:44:07",
            "_avatar": "https://p16-common-sign-va.tiktokcdn-us.com/tos-maliva-avt-0068/b58188d9370cbb137ef4ced30e5e54df~tplv-tiktokx-cropcenter:100:100.jpg?dr=9640&refresh_token=b0d29368&x-expires=1756281600&x-signature=lHdtZ7GG0fhu59TlQK9jZh9wHoo%3D&t=4d5b0474&ps=13740610&shp=30310797&shcp=ff37627b&idc=useast5",
            "_total_reply": 0,
            "_replies": []
        },
        {
            "_comment_id": "7491292245087175479",
            "_username": "iskra_135",
            "_nickname": "iskra✝️",
            "_comment": "Tell Olivia I love her💜💜💜💜💜",
            "_create_time": "2025-04-09T13:40:32",
            "_avatar": "https://p16-common-sign-va.tiktokcdn-us.com/tos-maliva-avt-0068/8cfb37615a13cea66960099dfe53ef12~tplv-tiktokx-cropcenter:100:100.jpg?dr=9640&refresh_token=3bd709bc&x-expires=1756281600&x-signature=jNpETkCSZ%2BkAWoGUPjwICT9HX84%3D&t=4d5b0474&ps=13740610&shp=30310797&shcp=ff37627b&idc=useast5",
            "_total_reply": 0,
            "_replies": []
        },
        {
            "_comment_id": "7491371910422020872",
            "_username": "tala.reslan",
            "_nickname": "𝓣𝒶ل𝒶",
            "_comment": "do the divas reply??",
            "_create_time": "2025-04-09T18:49:21",
            "_avatar": "https://p16-common-sign-sg.tiktokcdn-us.com/tos-alisg-avt-0068/279b9e5a15eec67fc981499bcc485e73~tplv-tiktokx-cropcenter:100:100.jpg?dr=9640&refresh_token=89f6c431&x-expires=1756281600&x-signature=tPG%2FQaJWVGRw27Enb7pbo%2FplxR8%3D&t=4d5b0474&ps=13740610&shp=30310797&shcp=ff37627b&idc=useast5",
            "_total_reply": 0,
            "_replies": []
        },
        {
            "_comment_id": "7491288548113695510",
            "_username": "rosiebrattle",
            "_nickname": "🎧rosie🏐",
            "_comment": "First!",
            "_create_time": "2025-04-09T13:25:41",
            "_avatar": "https://p16-common-sign-useast2a.tiktokcdn-us.com/tos-useast2a-avt-0068-euttp/9172904eb67babb9dfc81372bef10a52~tplv-tiktokx-cropcenter:100:100.jpg?dr=9640&refresh_token=8a54a8f6&x-expires=1756281600&x-signature=LU3ak1T%2BZtBgHmHCGtfVRV%2B%2FM%2Bg%3D&t=4d5b0474&ps=13740610&shp=30310797&shcp=ff37627b&idc=useast5",
            "_total_reply": 0,
            "_replies": []
        },
        {
            "_comment_id": "7491292129785512759",
            "_username": "mila_lami.plazma",
            "_nickname": "Mila_lami plazma",
            "_comment": "Oh my goshhhh gimme some pls",
            "_create_time": "2025-04-09T13:40:03",
            "_avatar": "https://p16-common-sign-va.tiktokcdn-us.com/tos-maliva-avt-0068/8a96294302b65d0c979496c15c9c7ccd~tplv-tiktokx-cropcenter:100:100.jpg?dr=9640&refresh_token=64dcb46a&x-expires=1756281600&x-signature=tSUUWrwAn8vuPHNuWgnXl3i2bRQ%3D&t=4d5b0474&ps=13740610&shp=30310797&shcp=ff37627b&idc=useast5",
            "_total_reply": 0,
            "_replies": []
        },
        {
            "_comment_id": "7491887358440964919",
            "_username": "zainabmannoun",
            "_nickname": "Zai (Taylor’s+Liv’s version)",
            "_comment": "need to go sooo baddddd",
            "_create_time": "2025-04-11T04:09:49",
            "_avatar": "https://p16-common-sign-va.tiktokcdn-us.com/tos-maliva-avt-0068/b78f596326cb6cf623f9554ccd97647b~tplv-tiktokx-cropcenter:100:100.jpg?dr=9640&refresh_token=48c79f45&x-expires=1756281600&x-signature=6hozPk56EpGnenqrT0Tbk%2FBXmoE%3D&t=4d5b0474&ps=13740610&shp=30310797&shcp=ff37627b&idc=useast5",
            "_total_reply": 0,
            "_replies": []
        },
        {
            "_comment_id": "7491345105283941142",
            "_username": "kubicekkubicek4",
            "_nickname": "🤑",
            "_comment": "Can i get pr pacake",
            "_create_time": "2025-04-09T17:05:12",
            "_avatar": "https://p19-common-sign-va.tiktokcdn-us.com/tos-maliva-avt-0068/d60a5d1a1777b1dff7c46293f39d1412~tplv-tiktokx-cropcenter:100:100.jpg?dr=9640&refresh_token=df628afe&x-expires=1756281600&x-signature=skNQG4DF4RIx2NlMY7QYWaK1S7A%3D&t=4d5b0474&ps=13740610&shp=30310797&shcp=ff37627b&idc=useast5",
            "_total_reply": 0,
            "_replies": []
        },
        {
            "_comment_id": "7491771769042600726",
            "_username": "helooooooooooooookl",
            "_nickname": "Heloooooooooooooooookl",
            "_comment": "omg I need this to be in London may have to go to Madrid next holiday",
            "_create_time": "2025-04-10T20:40:52",
            "_avatar": "https://p16-common-sign-va.tiktokcdn-us.com/tos-maliva-avt-0068/ab5d3bea679b6bf347b87a78be12b741~tplv-tiktokx-cropcenter:100:100.jpg?dr=9640&refresh_token=4cce6bec&x-expires=1756281600&x-signature=PiAdzNeq26mzn0sUAW0WXsJfCrQ%3D&t=4d5b0474&ps=13740610&shp=30310797&shcp=ff37627b&idc=useast5",
            "_total_reply": 0,
            "_replies": []
        },
        {
            "_comment_id": "7491289122733900566",
            "_username": "sophia_bxx",
            "_nickname": "sophia_bxx",
            "_comment": "Come to London plsss",
            "_create_time": "2025-04-09T13:27:58",
            "_avatar": "https://p16-common-sign-va.tiktokcdn-us.com/tos-maliva-avt-0068/9a68bc524cea013c5cdbae07a199e2df~tplv-tiktokx-cropcenter:100:100.jpg?dr=9640&refresh_token=9b851239&x-expires=1756281600&x-signature=kbipFdDNI176LV6JBtIXPYX5qPA%3D&t=4d5b0474&ps=13740610&shp=30310797&shcp=ff37627b&idc=useast5",
            "_total_reply": 2,
            "_replies": [
                {
                    "_comment_id": "7491295309714719510",
                    "_username": "lancome.official",
                    "_nickname": "Lancôme",
                    "_comment": "Maybe soon ✨",
                    "_create_time": "2025-04-09T13:52:00",
                    "_avatar": "https://p16-common-sign-va.tiktokcdn-us.com/tos-maliva-avt-0068/9424f6caa6a8781766ccf45ddf0a0a0d~tplv-tiktokx-cropcenter:100:100.jpg?dr=9640&refresh_token=2d0d7041&x-expires=1756281600&x-signature=6RRh0sV%2BMiFopbDnto6in1a21L8%3D&t=4d5b0474&ps=13740610&shp=30310797&shcp=ff37627b&idc=useast5",
                    "_total_reply": null,
                    "_replies": []
                },
                {
                    "_comment_id": "7491350851048555286",
                    "_username": "sophia_bxx",
                    "_nickname": "sophia_bxx",
                    "_comment": "Yayyyy",
                    "_create_time": "2025-04-09T17:27:31",
                    "_avatar": "https://p16-common-sign-va.tiktokcdn-us.com/tos-maliva-avt-0068/9a68bc524cea013c5cdbae07a199e2df~tplv-tiktokx-cropcenter:100:100.jpg?dr=9640&refresh_token=9b851239&x-expires=1756281600&x-signature=kbipFdDNI176LV6JBtIXPYX5qPA%3D&t=4d5b0474&ps=13740610&shp=30310797&shcp=ff37627b&idc=useast5",
                    "_total_reply": null,
                    "_replies": []
                }
            ]
        },
        {
            "_comment_id": "7491292250123551494",
            "_username": "iskra_135",
            "_nickname": "iskra✝️",
            "_comment": "Wowwwwwwww❤️💜",
            "_create_time": "2025-04-09T13:40:18",
            "_avatar": "https://p16-common-sign-va.tiktokcdn-us.com/tos-maliva-avt-0068/8cfb37615a13cea66960099dfe53ef12~tplv-tiktokx-cropcenter:100:100.jpg?dr=9640&refresh_token=3bd709bc&x-expires=1756281600&x-signature=jNpETkCSZ%2BkAWoGUPjwICT9HX84%3D&t=4d5b0474&ps=13740610&shp=30310797&shcp=ff37627b&idc=useast5",
            "_total_reply": 0,
            "_replies": []
        },
        {
            "_comment_id": "7491626018223964936",
            "_username": "abb_ichuelas",
            "_nickname": "aɓı",
            "_comment": "Hiii, Say to Olivia to come to Dominican republic please!😭💗",
            "_create_time": "2025-04-10T11:15:28",
            "_avatar": "https://p16-common-sign-sg.tiktokcdn-us.com/tos-alisg-avt-0068/b000a051176896f6837aa17131446e0e~tplv-tiktokx-cropcenter:100:100.jpg?dr=9640&refresh_token=bba0717f&x-expires=1756281600&x-signature=L0%2B7U0a%2FukRVPiwcLl6nP%2BFIrsI%3D&t=4d5b0474&ps=13740610&shp=30310797&shcp=ff37627b&idc=useast5",
            "_total_reply": 0,
            "_replies": []
        },
        {
            "_comment_id": "7493200424860140310",
            "_username": "blossom43374",
            "_nickname": "blossom 🌸",
            "_comment": "💖💖💖",
            "_create_time": "2025-04-14T17:04:50",
            "_avatar": "https://p16-common-sign-useast2a.tiktokcdn-us.com/tos-useast2a-avt-0068-euttp/3bd077a739cecdf008a471c0dae8a342~tplv-tiktokx-cropcenter:100:100.jpg?dr=9640&refresh_token=304b00aa&x-expires=1756281600&x-signature=c1U6z7QliWNPh%2B0iJRPp5A6aouI%3D&t=4d5b0474&ps=13740610&shp=30310797&shcp=ff37627b&idc=useast5",
            "_total_reply": 0,
            "_replies": []
        },
        {
            "_comment_id": "7505637211154268958",
            "_username": "anh.quoc143",
            "_nickname": "Anh Quoc",
            "_comment": "🥰🥰🥰",
            "_create_time": "2025-05-18T05:26:00",
            "_avatar": "https://p19-pu-sign-useast8.tiktokcdn-us.com/tos-useast5-avt-0068-tx/72d265e7eb19fa44f2848172eab1232f~tplv-tiktokx-cropcenter:100:100.jpg?dr=9640&refresh_token=fce97cbf&x-expires=1756281600&x-signature=8GWlm6qlVVUeTg2X8M2%2B5c2RkR8%3D&t=4d5b0474&ps=13740610&shp=30310797&shcp=ff37627b&idc=useast5",
            "_total_reply": 0,
            "_replies": []
        },
        {
            "_comment_id": "7493277698656191240",
            "_username": "user79325596236300",
            "_nickname": "عبد الله العريقي",
            "_comment": "❤️",
            "_create_time": "2025-04-14T22:04:58",
            "_avatar": "https://p16-common-sign-sg.tiktokcdn-us.com/tos-alisg-avt-0068/3c8f3c3a949c7a0582453b75e3acfeee~tplv-tiktokx-cropcenter:100:100.jpg?dr=9640&refresh_token=39cb293e&x-expires=1756281600&x-signature=i3C2yY7fINguP4kYqbS%2F2TGG8JM%3D&t=4d5b0474&ps=13740610&shp=30310797&shcp=ff37627b&idc=useast5",
            "_total_reply": 0,
            "_replies": []
        },
        {
            "_comment_id": "7494989949562356502",
            "_username": "melturlay",
            "_nickname": "Mel T",
            "_comment": "🔥🔥",
            "_create_time": "2025-04-19T12:49:02",
            "_avatar": "https://p16-common-sign-va.tiktokcdn-us.com/tos-maliva-avt-0068/7333194264467718149~tplv-tiktokx-cropcenter:100:100.jpg?dr=9640&refresh_token=7d9d9147&x-expires=1756281600&x-signature=z%2BVRVk0x4MbrSN%2BtFvRrm2vjHb4%3D&t=4d5b0474&ps=13740610&shp=30310797&shcp=ff37627b&idc=useast5",
            "_total_reply": 0,
            "_replies": []
        },
        {
            "_comment_id": "7494636477537780502",
            "_username": "b.5586",
            "_nickname": "່",
            "_comment": "😍😍",
            "_create_time": "2025-04-18T13:57:26",
            "_avatar": "https://p16-common-sign-va.tiktokcdn-us.com/tos-maliva-avt-0068/a345fd08ba0367e88161e65cd136ac76~tplv-tiktokx-cropcenter:100:100.jpg?dr=9640&refresh_token=130b5334&x-expires=1756281600&x-signature=ql7QgokpU8CQPWmsP0B1jAHI0AM%3D&t=4d5b0474&ps=13740610&shp=30310797&shcp=ff37627b&idc=useast5",
            "_total_reply": 0,
            "_replies": []
        },
        {
            "_comment_id": "7499940010026025783",
            "_username": "barbiegurl437",
            "_nickname": "𝕨𝕖 𝕝𝕠𝕧𝕖 𝕙𝕖𝕣 💜",
            "_comment": "🌷🌷🌷",
            "_create_time": "2025-05-02T20:58:15",
            "_avatar": "https://p16-common-sign-va.tiktokcdn-us.com/tos-maliva-avt-0068/8eeef25792f871790046ca4c351c1891~tplv-tiktokx-cropcenter:100:100.jpg?dr=9640&refresh_token=373ba890&x-expires=1756281600&x-signature=WaaIA5qwbJC%2FszCTytuGIBFSc2Q%3D&t=4d5b0474&ps=13740610&shp=30310797&shcp=ff37627b&idc=useast5",
            "_total_reply": 0,
            "_replies": []
        },
        {
            "_comment_id": "7504757935840953110",
            "_username": "stef.22mp",
            "_nickname": "Stefi.D22",
            "_comment": "💗",
            "_create_time": "2025-05-15T20:33:48",
            "_avatar": "https://p16-common-sign-va.tiktokcdn-us.com/tos-maliva-avt-0068/73bf389cfa6d700f375c57b65c9d26bb~tplv-tiktokx-cropcenter:100:100.jpg?dr=9640&refresh_token=c2023c27&x-expires=1756281600&x-signature=0rAMgpPbnpYdRtIN5E61k3xtANY%3D&t=4d5b0474&ps=13740610&shp=30310797&shcp=ff37627b&idc=useast5",
            "_total_reply": 0,
            "_replies": []
        },
        {
            "_comment_id": "7499053331459244822",
            "_username": "sea2108",
            "_nickname": "SEA💙",
            "_comment": "❤️",
            "_create_time": "2025-04-30T11:37:09",
            "_avatar": "https://p16-common-sign-va.tiktokcdn-us.com/tos-maliva-avt-0068/6c71247e7bcad0691e887682a51ca050~tplv-tiktokx-cropcenter:100:100.jpg?dr=9640&refresh_token=4e7f8602&x-expires=1756281600&x-signature=WM35W%2FMsfih2WU9%2FziHhPMXipe4%3D&t=4d5b0474&ps=13740610&shp=30310797&shcp=ff37627b&idc=useast5",
            "_total_reply": 0,
            "_replies": []
        },
        {
            "_comment_id": "7492718505473901334",
            "_username": "brunadsr",
            "_nickname": "Bruna Rodrigues",
            "_comment": "😍😍😍",
            "_create_time": "2025-04-13T09:54:39",
            "_avatar": "https://p16-common-sign-va.tiktokcdn-us.com/tos-maliva-avt-0068/f72144af0fa1055c51b4c6f91ebef016~tplv-tiktokx-cropcenter:100:100.jpg?dr=9640&refresh_token=eec19abb&x-expires=1756281600&x-signature=OVWWCfDWlM0grbzwVfsDRYgJN2U%3D&t=4d5b0474&ps=13740610&shp=30310797&shcp=ff37627b&idc=useast5",
            "_total_reply": 0,
            "_replies": []
        },
        {
            "_comment_id": "7491899589617861422",
            "_username": "lexiprice294",
            "_nickname": "Lexi",
            "_comment": "❤️❤️❤️❤️❤️",
            "_create_time": "2025-04-11T04:57:05",
            "_avatar": "https://p19-pu-sign-useast8.tiktokcdn-us.com/tos-useast5-avt-0068-tx/ee6f92a31404e6c30978db96ee2ed867~tplv-tiktokx-cropcenter:100:100.jpg?dr=9640&refresh_token=dfb842fc&x-expires=1756281600&x-signature=fyvdIG7Sje5WzWUBD%2FUDKpYuSrQ%3D&t=4d5b0474&ps=13740610&shp=30310797&shcp=ff37627b&idc=useast5",
            "_total_reply": 0,
            "_replies": []
        },
        {
            "_comment_id": "7491712169446540054",
            "_username": "martagarcia4125",
            "_nickname": "martagarcia4125",
            "_comment": "👏👏",
            "_create_time": "2025-04-10T16:49:38",
            "_avatar": "https://p16-common-sign-va.tiktokcdn-us.com/tos-maliva-avt-0068/7104345707418812422~tplv-tiktokx-cropcenter:100:100.jpg?dr=9640&refresh_token=39cd2832&x-expires=1756281600&x-signature=BXlZwWnJWouUwsV%2F6uEYg5pjlXY%3D&t=4d5b0474&ps=13740610&shp=30310797&shcp=ff37627b&idc=useast5",
            "_total_reply": 0,
            "_replies": []
        },
        {
            "_comment_id": "7491660334017970987",
            "_username": "beautyofvenee",
            "_nickname": "Veneé 🫶🏽",
            "_comment": "💕💕💕",
            "_create_time": "2025-04-10T13:28:54",
            "_avatar": "https://p19-pu-sign-useast8.tiktokcdn-us.com/tos-useast5-avt-0068-tx/be9aa9fa49089c7975e9106da7067460~tplv-tiktokx-cropcenter:100:100.jpg?dr=9640&refresh_token=a7cde3d1&x-expires=1756281600&x-signature=iVC%2BEmPGAw3Rnw9JxB8VTOhH088%3D&t=4d5b0474&ps=13740610&shp=30310797&shcp=ff37627b&idc=useast5",
            "_total_reply": 0,
            "_replies": []
        },
        {
            "_comment_id": "7491594998208807702",
            "_username": "urmomsahoe100",
            "_nickname": "UrmomsDilf",
            "_comment": "❤️❤️❤️",
            "_create_time": "2025-04-10T09:15:03",
            "_avatar": "https://p16-common-sign-va.tiktokcdn-us.com/tos-maliva-avt-0068/63984cc4fcbd45b0fedab7bd74efe5e7~tplv-tiktokx-cropcenter:100:100.jpg?dr=9640&refresh_token=c8fa2bb7&x-expires=1756281600&x-signature=W%2FALqqBIeWJ7TXzXl4qXFPIw23Q%3D&t=4d5b0474&ps=13740610&shp=30310797&shcp=ff37627b&idc=useast5",
            "_total_reply": 0,
            "_replies": []
        },
        {
            "_comment_id": "7491387676113978118",
            "_username": "oliviaurman",
            "_nickname": "oliviaurman",
            "_comment": "@Lancôme PLEASE answer my dm 🥰",
            "_create_time": "2025-04-09T19:50:35",
            "_avatar": "https://p16-common-sign-va.tiktokcdn-us.com/tos-maliva-avt-0068/1bc234e071433ac6c24653c6d53f925f~tplv-tiktokx-cropcenter:100:100.jpg?dr=9640&refresh_token=add7a018&x-expires=1756281600&x-signature=H5GHnWsj23eBWwIBE%2BGe1sHV9XE%3D&t=4d5b0474&ps=13740610&shp=30310797&shcp=ff37627b&idc=useast5",
            "_total_reply": 0,
            "_replies": []
        },
        {
            "_comment_id": "7504757960775713558",
            "_username": "stef.22mp",
            "_nickname": "Stefi.D22",
            "_comment": "🥰",
            "_create_time": "2025-05-15T20:33:53",
            "_avatar": "https://p16-common-sign-va.tiktokcdn-us.com/tos-maliva-avt-0068/73bf389cfa6d700f375c57b65c9d26bb~tplv-tiktokx-cropcenter:100:100.jpg?dr=9640&refresh_token=c2023c27&x-expires=1756281600&x-signature=0rAMgpPbnpYdRtIN5E61k3xtANY%3D&t=4d5b0474&ps=13740610&shp=30310797&shcp=ff37627b&idc=useast5",
            "_total_reply": 0,
            "_replies": []
        },
        {
            "_comment_id": "7491312049818927894",
            "_username": "eaaasy4you",
            "_nickname": "eaaasy",
            "_comment": "the clip must be on www.eaaasy.de 🥰",
            "_create_time": "2025-04-09T14:56:57",
            "_avatar": "https://p16-common-sign-useast2a.tiktokcdn-us.com/tos-useast2a-avt-0068-euttp/7523d9e3d2913824c80e7d87c194d6b2~tplv-tiktokx-cropcenter:100:100.jpg?dr=9640&refresh_token=bedf7aa6&x-expires=1756281600&x-signature=vlvXq4BkWTvpFUlnGqNaMUjE2VA%3D&t=4d5b0474&ps=13740610&shp=30310797&shcp=ff37627b&idc=useast5",
            "_total_reply": 0,
            "_replies": []
        },
        {
            "_comment_id": "7494372325355291414",
            "_username": "anabia.324",
            "_nickname": "Anabia",
            "_comment": "Commenting to stay on sampletok",
            "_create_time": "2025-04-17T20:52:20",
            "_avatar": "https://p16-common-sign-va.tiktokcdn-us.com/tos-maliva-avt-0068/5e65d5f382ef87e73e4f0d505625d177~tplv-tiktokx-cropcenter:100:100.jpg?dr=9640&refresh_token=801921fc&x-expires=1756281600&x-signature=vqXGckAx%2BaZ5x%2BFNNc4cv3q4RP8%3D&t=4d5b0474&ps=13740610&shp=30310797&shcp=ff37627b&idc=useast5",
            "_total_reply": 0,
            "_replies": []
        }
    ],
    "total_comments": 36
}