{
    "original_url": "https://www.tiktok.com/@lancome.official/video/7493205216028904726",
    "video_id": "7493205216028904726",
    "description": "Did someone say CHARMS?😍 On our Juicy Tubes?! Brb heading to Paris for this! #Lancome #LancomeFlagship #Personalization #Charms #MakeupCharm #JuicyTubes #Lipgloss #Lipstick #Makeup #Makeuptiktok #Makeuptok #Satisfying #MustHave #Beauty ",
    "video_url": "https://m.tiktok.com/v/7493205216028904726.html?_d=0&comment_author_id=6726908836046963717&preview_pb=0&share_comment_id=7493540628137116459&share_item_id=7493205216028904726&sharer_language=en&source=h5_m&u_code=0",
    "tags": [
        "#Lancome",
        "#LancomeFlagship",
        "#Personalization",
        "#Charms",
        "#MakeupCharm",
        "#JuicyTubes",
        "#Lipgloss",
        "#Lipstick",
        "#Makeup",
        "#Makeuptiktok",
        "#Makeuptok",
        "#Satisfying",
        "#MustHave",
        "#Beauty"
    ],
    "comments": [
        {
            "_comment_id": "7493540628137116459",
            "_username": "beautywithbetsy",
            "_nickname": "Betsy H",
            "_comment": "Omg A DREAM!!!! This was my first luxury beauty purchase when I was a pre teen 💕",
            "_create_time": "2025-04-15T15:05:36",
            "_avatar": "https://p16-sign.tiktokcdn-us.com/tos-useast5-avt-0068-tx/7340340165065310251~tplv-tiktokx-cropcenter:100:100.jpg?dr=9640&refresh_token=50055038&x-expires=1756281600&x-signature=k3XD9ABxnpydIYJlrFx7PO%2BlGD4%3D&t=4d5b0474&ps=13740610&shp=30310797&shcp=ff37627b&idc=useast5",
            "_total_reply": 1,
            "_replies": [
                {
                    "_comment_id": "7493823702330655510",
                    "_username": "lancome.official",
                    "_nickname": "Lancôme",
                    "_comment": "Awee 💖",
                    "_create_time": "2025-04-16T09:23:28",
                    "_avatar": "https://p16-common-sign-va.tiktokcdn-us.com/tos-maliva-avt-0068/9424f6caa6a8781766ccf45ddf0a0a0d~tplv-tiktokx-cropcenter:100:100.jpg?dr=9640&refresh_token=2d0d7041&x-expires=1756281600&x-signature=6RRh0sV%2BMiFopbDnto6in1a21L8%3D&t=4d5b0474&ps=13740610&shp=30310797&shcp=ff37627b&idc=useast5",
                    "_total_reply": null,
                    "_replies": []
                }
            ]
        },
        {
            "_comment_id": "7493841229655687958",
            "_username": "nicolebattam",
            "_nickname": "Daily Dose of Nicole ♡",
            "_comment": "Manifesting ! 🌸",
            "_create_time": "2025-04-16T10:31:26",
            "_avatar": "https://p16-common-sign-va.tiktokcdn-us.com/tos-maliva-avt-0068/d6ca73f79dda87b4d5647bf5d5a6358e~tplv-tiktokx-cropcenter:100:100.jpg?dr=9640&refresh_token=8cbe4730&x-expires=1756281600&x-signature=h6RO%2FOJkF%2F9fyDQ5VE7KOA8S9vw%3D&t=4d5b0474&ps=13740610&shp=30310797&shcp=ff37627b&idc=useast5",
            "_total_reply": 0,
            "_replies": []
        },
        {
            "_comment_id": "7493261549244318495",
            "_username": "jessicalynlive",
            "_nickname": "Jessica Stevenson",
            "_comment": "Oh my gosh. The way my teenaged heart just skipped a beat! 💕 How cute!!",
            "_create_time": "2025-04-14T21:02:19",
            "_avatar": "https://p19-pu-sign-useast8.tiktokcdn-us.com/tos-useast5-avt-0068-tx/7319865140487143470~tplv-tiktokx-cropcenter:100:100.jpg?dr=9640&refresh_token=1fc54024&x-expires=1756281600&x-signature=EcNkQSD%2F8YAebUvFe%2BKqhoxqtk8%3D&t=4d5b0474&ps=13740610&shp=30310797&shcp=ff37627b&idc=useast5",
            "_total_reply": 2,
            "_replies": [
                {
                    "_comment_id": "7493555840986841886",
                    "_username": "jessicalynlive",
                    "_nickname": "Jessica Stevenson",
                    "_comment": "💗✨",
                    "_create_time": "2025-04-15T16:04:33",
                    "_avatar": "https://p16-pu-sign-useast8.tiktokcdn-us.com/tos-useast5-avt-0068-tx/7319865140487143470~tplv-tiktokx-cropcenter:100:100.jpg?dr=9640&refresh_token=c10020bb&x-expires=1756281600&x-signature=qqawfK4qd6kHRxx3RDPIIHCtU68%3D&t=4d5b0474&ps=13740610&shp=30310797&shcp=ff37627b&idc=useast5",
                    "_total_reply": null,
                    "_replies": []
                }
            ]
        },
        {
            "_comment_id": "7493612012645516054",
            "_username": "delilah2003220",
            "_nickname": "delilah🪩",
            "_comment": "Love Lancôme and Olivia ❤️💜❤️💜",
            "_create_time": "2025-04-15T19:41:56",
            "_avatar": "https://p16-common-sign-va.tiktokcdn-us.com/tos-maliva-avt-0068/cd266866e20953c8f15dd96953234b16~tplv-tiktokx-cropcenter:100:100.jpg?dr=9640&refresh_token=6f609df0&x-expires=1756281600&x-signature=1nAoYsdlq0sIqe%2BPXvbnPZWTnFE%3D&t=4d5b0474&ps=13740610&shp=30310797&shcp=ff37627b&idc=useast5",
            "_total_reply": 0,
            "_replies": []
        },
        {
            "_comment_id": "7494293712651404074",
            "_username": "itskaileyanna",
            "_nickname": "KAILEY ANNA",
            "_comment": "Omg these are everything!!😍😍😍",
            "_create_time": "2025-04-17T15:47:48",
            "_avatar": "https://p16-sign.tiktokcdn-us.com/tos-useast5-avt-0068-tx/ece48ff351873e2d7fca783393cbfec3~tplv-tiktokx-cropcenter:100:100.jpg?dr=9640&refresh_token=3bfa2f96&x-expires=1756281600&x-signature=ahLeRI0c3pfEbKwBKBTU%2BrTshxg%3D&t=4d5b0474&ps=13740610&shp=30310797&shcp=ff37627b&idc=useast5",
            "_total_reply": 0,
            "_replies": []
        },
        {
            "_comment_id": "7493922998739665686",
            "_username": "l_gldrp",
            "_nickname": "𝓛",
            "_comment": "Can you do a giveaway?",
            "_create_time": "2025-04-16T15:48:41",
            "_avatar": "https://p16-common-sign-useast2a.tiktokcdn-us.com/tos-useast2a-avt-0068-euttp/d8d5384f81a32a1f1d78e5d655fca629~tplv-tiktokx-cropcenter:100:100.jpg?dr=9640&refresh_token=6e35ec9c&x-expires=1756281600&x-signature=x7ZltXHa2BOtgUtPo0bzMStFb74%3D&t=4d5b0474&ps=13740610&shp=30310797&shcp=ff37627b&idc=useast5",
            "_total_reply": 0,
            "_replies": []
        },
        {
            "_comment_id": "7495018968886543126",
            "_username": "cxaxl",
            "_nickname": "ChloeAnnaox",
            "_comment": "So cute 🥰",
            "_create_time": "2025-04-19T14:41:39",
            "_avatar": "https://p16-common-sign-va.tiktokcdn-us.com/tos-maliva-avt-0068/f3a1d9a08d2784deba84e2cf68619d75~tplv-tiktokx-cropcenter:100:100.jpg?dr=9640&refresh_token=db543fce&x-expires=1756281600&x-signature=5ohfxsJwPL3kCn0bnauF1NBaR00%3D&t=4d5b0474&ps=13740610&shp=30310797&shcp=ff37627b&idc=useast5",
            "_total_reply": 1,
            "_replies": [
                {
                    "_comment_id": "7493496899895313184",
                    "_username": "lancome.official",
                    "_nickname": "Lancôme",
                    "_comment": "thanks 🥰",
                    "_create_time": "2025-04-19T18:13:47",
                    "_avatar": "https://p16-common-sign-va.tiktokcdn-us.com/tos-maliva-avt-0068/9424f6caa6a8781766ccf45ddf0a0a0d~tplv-tiktokx-cropcenter:100:100.jpg?dr=9640&refresh_token=2d0d7041&x-expires=1756281600&x-signature=6RRh0sV%2BMiFopbDnto6in1a21L8%3D&t=4d5b0474&ps=13740610&shp=30310797&shcp=ff37627b&idc=useast5",
                    "_total_reply": null,
                    "_replies": []
                }
            ]
        },
        {
            "_comment_id": "7493207057148723974",
            "_username": "lilslangfit",
            "_nickname": "Lillian✨️🇨🇦",
            "_comment": "omg that's so fab 😍",
            "_create_time": "2025-04-14T17:30:50",
            "_avatar": "https://p16-common-sign-va.tiktokcdn-us.com/tos-maliva-avt-0068/43ad9c92751b7e4ea12e9c29a4ed58f1~tplv-tiktokx-cropcenter:100:100.jpg?dr=9640&refresh_token=a25cad7f&x-expires=1756281600&x-signature=tk8ZaEFp8CxKa0P00gK00qwTgxw%3D&t=4d5b0474&ps=13740610&shp=30310797&shcp=ff37627b&idc=useast5",
            "_total_reply": 1,
            "_replies": [
                {
                    "_comment_id": "7493533993306080022",
                    "_username": "lancome.official",
                    "_nickname": "Lancôme",
                    "_comment": "🤭💖 We’re so in love",
                    "_create_time": "2025-04-15T14:39:13",
                    "_avatar": "https://p16-common-sign-va.tiktokcdn-us.com/tos-maliva-avt-0068/9424f6caa6a8781766ccf45ddf0a0a0d~tplv-tiktokx-cropcenter:100:100.jpg?dr=9640&refresh_token=2d0d7041&x-expires=1756281600&x-signature=6RRh0sV%2BMiFopbDnto6in1a21L8%3D&t=4d5b0474&ps=13740610&shp=30310797&shcp=ff37627b&idc=useast5",
                    "_total_reply": null,
                    "_replies": []
                }
            ]
        },
        {
            "_comment_id": "7493743481376359198",
            "_username": "eatstyleamore",
            "_nickname": "AKW | Lifestyle Creator",
            "_comment": "Yes please",
            "_create_time": "2025-04-16T04:12:26",
            "_avatar": "https://p19-pu-sign-useast8.tiktokcdn-us.com/tos-useast8-avt-0068-tx2/1a2310a141436b622385f2f62f1dd683~tplv-tiktokx-cropcenter:100:100.jpg?dr=9640&refresh_token=9ea3caa8&x-expires=1756281600&x-signature=EgPykvbeyyXW56Dcc96YpbNduFQ%3D&t=4d5b0474&ps=13740610&shp=30310797&shcp=ff37627b&idc=useast5",
            "_total_reply": 0,
            "_replies": []
        },
        {
            "_comment_id": "7498091748260102934",
            "_username": "elmina_bih2",
            "_nickname": "️",
            "_comment": "Me crying from Europe 😭",
            "_create_time": "2025-04-27T21:25:35",
            "_avatar": "https://p16-common-sign-useast2a.tiktokcdn-us.com/tos-useast2a-avt-0068-euttp/f10b5963524fb4196c5012b37e742ca1~tplv-tiktokx-cropcenter:100:100.jpg?dr=9640&refresh_token=6dea123c&x-expires=1756281600&x-signature=C9aAQoutUpEtKQ1dbtMUEZII5tk%3D&t=4d5b0474&ps=13740610&shp=30310797&shcp=ff37627b&idc=useast5",
            "_total_reply": 1,
            "_replies": [
                {
                    "_comment_id": "7496774148812096289",
                    "_username": "lancome.official",
                    "_nickname": "Lancôme",
                    "_comment": "🥹💖",
                    "_create_time": "2025-04-28T09:57:22",
                    "_avatar": "https://p19-common-sign-va.tiktokcdn-us.com/tos-maliva-avt-0068/9424f6caa6a8781766ccf45ddf0a0a0d~tplv-tiktokx-cropcenter:100:100.jpg?dr=9640&refresh_token=4e732867&x-expires=1756281600&x-signature=5PN4EHVgtRvUll6IF2OIT9lcCWk%3D&t=4d5b0474&ps=13740610&shp=30310797&shcp=ff37627b&idc=useast5",
                    "_total_reply": null,
                    "_replies": []
                }
            ]
        },
        {
            "_comment_id": "7494025473226916616",
            "_username": "walkin_wit_jesus",
            "_nickname": "𝙻𝚎𝚗𝚊✝️",
            "_comment": "I NEED TO BUY THISSSSS, wait I kinda also played your game in robloxxx💖💖",
            "_create_time": "2025-04-16T22:26:55",
            "_avatar": "https://p19-common-sign-sg.tiktokcdn-us.com/tos-alisg-avt-0068/2a38e349a0394be7c775529499d08a76~tplv-tiktokx-cropcenter:100:100.jpg?dr=9640&refresh_token=750be9b3&x-expires=1756281600&x-signature=03n8HvalTm8hRFn3HIJ%2BCJ1GpNo%3D&t=4d5b0474&ps=13740610&shp=30310797&shcp=ff37627b&idc=useast5",
            "_total_reply": 0,
            "_replies": []
        },
        {
            "_comment_id": "7493658912852804374",
            "_username": "itz_jasminehereee",
            "_nickname": "itz_Jasminehereeee",
            "_comment": "Please tell I love Olivia sooo much! 💜💜 I beg u 💜❤️",
            "_create_time": "2025-04-15T22:43:55",
            "_avatar": "https://p16-common-sign-va.tiktokcdn-us.com/tos-maliva-avt-0068/ac147c3eaa4f62ce9596ed4ab99dad0e~tplv-tiktokx-cropcenter:100:100.jpg?dr=9640&refresh_token=ffe7c102&x-expires=1756281600&x-signature=ThChmh0p7Sd5TPQ53Qusn43hgac%3D&t=4d5b0474&ps=13740610&shp=30310797&shcp=ff37627b&idc=useast5",
            "_total_reply": 0,
            "_replies": []
        },
        {
            "_comment_id": "7493641297392337695",
            "_username": "samantha_854.u",
            "_nickname": "samantha_854u",
            "_comment": "i would love a free sample i really would appreciate it and i love ur brand any sample is good for me!",
            "_create_time": "2025-04-15T21:35:44",
            "_avatar": "https://p19-pu-sign-useast8.tiktokcdn-us.com/tos-useast8-avt-0068-tx2/89a327997bd5234c3aa4881ea8ed76e2~tplv-tiktokx-cropcenter:100:100.jpg?dr=9640&refresh_token=e28896b4&x-expires=1756281600&x-signature=oNIBZKNtQs4YZKhB1QJXaBZjpi4%3D&t=4d5b0474&ps=13740610&shp=30310797&shcp=ff37627b&idc=useast5",
            "_total_reply": 0,
            "_replies": []
        },
        {
            "_comment_id": "7493522493572629270",
            "_username": "iri4139",
            "_nickname": "Iri",
            "_comment": "Adoro 🤩🤩🤩🌺🌸🌺🌸🌺",
            "_create_time": "2025-04-15T13:54:33",
            "_avatar": "https://p16-common-sign-va.tiktokcdn-us.com/musically-maliva-obj/1594805258216454~tplv-tiktokx-cropcenter:100:100.jpg?dr=9640&refresh_token=e95abb24&x-expires=1756281600&x-signature=3sj6OaLiS8USBUJlFKzdpJPzweM%3D&t=4d5b0474&ps=13740610&shp=30310797&shcp=ff37627b&idc=useast5",
            "_total_reply": 0,
            "_replies": []
        },
        {
            "_comment_id": "7493385552956982022",
            "_username": "chiaristorres",
            "_nickname": "Chiara ✨",
            "_comment": "I Need it NOWWW🔥🔥🔥",
            "_create_time": "2025-04-15T05:03:38",
            "_avatar": "https://p16-common-sign-va.tiktokcdn-us.com/tos-maliva-avt-0068/932338681f1f1c50b7d2a3b711293fbf~tplv-tiktokx-cropcenter:100:100.jpg?dr=9640&refresh_token=4708ce24&x-expires=1756281600&x-signature=oASvtFux2MMLLDZ5wNhLVrZmJgE%3D&t=4d5b0474&ps=13740610&shp=30310797&shcp=ff37627b&idc=useast5",
            "_total_reply": 1,
            "_replies": [
                {
                    "_comment_id": "7493533927430357782",
                    "_username": "lancome.official",
                    "_nickname": "Lancôme",
                    "_comment": "GO GO GO 💖",
                    "_create_time": "2025-04-15T14:38:57",
                    "_avatar": "https://p19-common-sign-va.tiktokcdn-us.com/tos-maliva-avt-0068/9424f6caa6a8781766ccf45ddf0a0a0d~tplv-tiktokx-cropcenter:100:100.jpg?dr=9640&refresh_token=4e732867&x-expires=1756281600&x-signature=5PN4EHVgtRvUll6IF2OIT9lcCWk%3D&t=4d5b0474&ps=13740610&shp=30310797&shcp=ff37627b&idc=useast5",
                    "_total_reply": null,
                    "_replies": []
                }
            ]
        },
        {
            "_comment_id": "7493573558250095392",
            "_username": "lararajberryavenue",
            "_nickname": "LARA RAJ",
            "_comment": "I went to London boots and saw Olivia pic and it was Lancôme and I was like lemme but it just for Olivia",
            "_create_time": "2025-04-15T17:13:49",
            "_avatar": "https://p16-common-sign-va.tiktokcdn-us.com/tos-maliva-avt-0068/284fb95f49f287a93018c3b45d0cad2a~tplv-tiktokx-cropcenter:100:100.jpg?dr=9640&refresh_token=493163d4&x-expires=1756281600&x-signature=%2F8KIub6mWqmpqpIOwLNcnhNGQkY%3D&t=4d5b0474&ps=13740610&shp=30310797&shcp=ff37627b&idc=useast5",
            "_total_reply": 0,
            "_replies": []
        },
        {
            "_comment_id": "7493260282141475606",
            "_username": "cami_inspo",
            "_nickname": "Cami",
            "_comment": "So pretty 😍👀",
            "_create_time": "2025-04-14T20:57:03",
            "_avatar": "https://p16-common-sign-va.tiktokcdn-us.com/tos-maliva-avt-0068/1d29fe26d2b4df286dc05a8cd7119b9d~tplv-tiktokx-cropcenter:100:100.jpg?dr=9640&refresh_token=2299afa8&x-expires=1756281600&x-signature=pOUfh65DMjXEOglyfRJGuiNzfB0%3D&t=4d5b0474&ps=13740610&shp=30310797&shcp=ff37627b&idc=useast5",
            "_total_reply": 0,
            "_replies": []
        },
        {
            "_comment_id": "7493790193678648072",
            "_username": "j.alqhtanij",
            "_nickname": "JA",
            "_comment": "Do you have a code discount on perfumes? I really wanna buy something.🥹😔",
            "_create_time": "2025-04-16T07:13:31",
            "_avatar": "https://p16-common-sign-sg.tiktokcdn-us.com/tos-alisg-avt-0068/154ebdb6a639f04919d931546e4a3bca~tplv-tiktokx-cropcenter:100:100.jpg?dr=9640&refresh_token=397c37c0&x-expires=1756281600&x-signature=SrpP6Nvi0nEvEjKo%2FqYlD89lx38%3D&t=4d5b0474&ps=13740610&shp=30310797&shcp=ff37627b&idc=useast5",
            "_total_reply": 0,
            "_replies": []
        },
        {
            "_comment_id": "7493618891768398614",
            "_username": "amyc3333",
            "_nickname": "amy",
            "_comment": "Love",
            "_create_time": "2025-04-15T20:08:35",
            "_avatar": "https://p16-common-sign-useast2a.tiktokcdn-us.com/tos-useast2a-avt-0068-euttp/373c2741cc83811383913b9ee25c01d5~tplv-tiktokx-cropcenter:100:100.jpg?dr=9640&refresh_token=62ea7c95&x-expires=1756281600&x-signature=pHYUarwJiB6FavzYtsFGKJr0WhU%3D&t=4d5b0474&ps=13740610&shp=30310797&shcp=ff37627b&idc=useast5",
            "_total_reply": 0,
            "_replies": []
        },
        {
            "_comment_id": "7493873965296616214",
            "_username": "_kyahwhitley_",
            "_nickname": "Kyah Whitley 🤠",
            "_comment": "Omg these r cute",
            "_create_time": "2025-04-16T12:38:27",
            "_avatar": "https://p16-common-sign-va.tiktokcdn-us.com/tos-maliva-avt-0068/bb510a099c2bca8e1a1a91c0c1064900~tplv-tiktokx-cropcenter:100:100.jpg?dr=9640&refresh_token=e11fd134&x-expires=1756281600&x-signature=q4Qc1GXY%2F04%2F8h1mxwd2TS6qKI8%3D&t=4d5b0474&ps=13740610&shp=30310797&shcp=ff37627b&idc=useast5",
            "_total_reply": 0,
            "_replies": []
        },
        {
            "_comment_id": "7493303164265022213",
            "_username": "swati_dhunna",
            "_nickname": "Swati",
            "_comment": "Dream ♥️",
            "_create_time": "2025-04-14T23:43:51",
            "_avatar": "https://p16-common-sign-va.tiktokcdn-us.com/tos-maliva-avt-0068/c71497c1416b56b66ff932713f82318f~tplv-tiktokx-cropcenter:100:100.jpg?dr=9640&refresh_token=b18a63e6&x-expires=1756281600&x-signature=n4CZjEPVYSOhoNtRf62LR8ZU2l0%3D&t=4d5b0474&ps=13740610&shp=30310797&shcp=ff37627b&idc=useast5",
            "_total_reply": 0,
            "_replies": []
        },
        {
            "_comment_id": "7494617999920956177",
            "_username": "nonedinhehe",
            "_nickname": "none",
            "_comment": "is it available in philippines? pls aaaaa",
            "_create_time": "2025-04-18T12:45:55",
            "_avatar": "https://p16-common-sign-va.tiktokcdn-us.com/tos-maliva-avt-0068/7e4820c7406f4d2b57bcf01ff0007502~tplv-tiktokx-cropcenter:100:100.jpg?dr=9640&refresh_token=4a119c3a&x-expires=1756281600&x-signature=mRIGI4JDA4yHQhYCHfBmdE6XxWQ%3D&t=4d5b0474&ps=13740610&shp=30310797&shcp=ff37627b&idc=useast5",
            "_total_reply": 0,
            "_replies": []
        },
        {
            "_comment_id": "7493365670165054225",
            "_username": "georgiedumapit",
            "_nickname": "georgiana 𝜗𝜚",
            "_comment": "THIS IS SO CUTE",
            "_create_time": "2025-04-15T03:46:24",
            "_avatar": "https://p16-common-sign-sg.tiktokcdn-us.com/tos-alisg-avt-0068/9fb4467c117aec00517ee7a03521a684~tplv-tiktokx-cropcenter:100:100.jpg?dr=9640&refresh_token=4a671fe1&x-expires=1756281600&x-signature=qyU6Y255hlzE3VcUkwiiMw9j%2Ff8%3D&t=4d5b0474&ps=13740610&shp=30310797&shcp=ff37627b&idc=useast5",
            "_total_reply": 0,
            "_replies": []
        },
        {
            "_comment_id": "7493281822901519150",
            "_username": "beautybybrittney_xo",
            "_nickname": "beautybybrittney_xo",
            "_comment": "How cute",
            "_create_time": "2025-04-14T22:20:55",
            "_avatar": "https://p19-pu-sign-useast8.tiktokcdn-us.com/tos-useast5-avt-0068-tx/5525788e01fd37f3d6b37507fb322588~tplv-tiktokx-cropcenter:100:100.jpg?dr=9640&refresh_token=f2c47479&x-expires=1756281600&x-signature=ahWBV7d3J0ACr2exriknfkPHQrs%3D&t=4d5b0474&ps=13740610&shp=30310797&shcp=ff37627b&idc=useast5",
            "_total_reply": 0,
            "_replies": []
        },
        {
            "_comment_id": "7499054925819200278",
            "_username": "sea2108",
            "_nickname": "SEA💙",
            "_comment": "❤️❤️🥰🥰",
            "_create_time": "2025-04-30T11:43:20",
            "_avatar": "https://p16-common-sign-va.tiktokcdn-us.com/tos-maliva-avt-0068/6c71247e7bcad0691e887682a51ca050~tplv-tiktokx-cropcenter:100:100.jpg?dr=9640&refresh_token=4e7f8602&x-expires=1756281600&x-signature=WM35W%2FMsfih2WU9%2FziHhPMXipe4%3D&t=4d5b0474&ps=13740610&shp=30310797&shcp=ff37627b&idc=useast5",
            "_total_reply": 0,
            "_replies": []
        },
        {
            "_comment_id": "7493691115708089119",
            "_username": "myfragrancestory",
            "_nickname": "Myfragrancestory",
            "_comment": "♥️♥️",
            "_create_time": "2025-04-16T00:49:02",
            "_avatar": "https://p19-pu-sign-useast8.tiktokcdn-us.com/tos-useast8-avt-0068-tx2/0749541680f470fa814c3aa4adf3dbdb~tplv-tiktokx-cropcenter:100:100.jpg?dr=9640&refresh_token=75375624&x-expires=1756281600&x-signature=edfchLxuG3OWnV2Zeax78cfTK8o%3D&t=4d5b0474&ps=13740610&shp=30310797&shcp=ff37627b&idc=useast5",
            "_total_reply": 0,
            "_replies": []
        },
        {
            "_comment_id": "7497364684049318661",
            "_username": "evehos",
            "_nickname": "Evehos",
            "_comment": "👏👏👏😍😍😍",
            "_create_time": "2025-04-25T22:24:42",
            "_avatar": "https://p16-common-sign-va.tiktokcdn-us.com/tos-maliva-avt-0068/2a5d6a1d6d30cc602c7bf2794d1e4716~tplv-tiktokx-cropcenter:100:100.jpg?dr=9640&refresh_token=70507707&x-expires=1756281600&x-signature=ajNYlAB%2FI%2Bcxx2273W4McnLafdQ%3D&t=4d5b0474&ps=13740610&shp=30310797&shcp=ff37627b&idc=useast5",
            "_total_reply": 0,
            "_replies": []
        },
        {
            "_comment_id": "7539220794879394565",
            "_username": "conta2microft7",
            "_nickname": "conta2microft7",
            "_comment": "@Kaliny💗",
            "_create_time": "2025-08-16T17:31:06",
            "_avatar": "https://p16-common-sign-va.tiktokcdn-us.com/tos-maliva-avt-0068/7135231701607743494~tplv-tiktokx-cropcenter:100:100.jpg?dr=9640&refresh_token=56900803&x-expires=1756281600&x-signature=BOj8OtdAyF9vfnQWdjBlPltM09A%3D&t=4d5b0474&ps=13740610&shp=30310797&shcp=ff37627b&idc=useast5",
            "_total_reply": 0,
            "_replies": []
        },
        {
            "_comment_id": "7493222478031094558",
            "_username": "thuyvanvuthi1",
            "_nickname": "Thuy Van Vu Thi567",
            "_comment": "❤️",
            "_create_time": "2025-04-14T18:30:34",
            "_avatar": "https://p16-pu-sign-useast8.tiktokcdn-us.com/tos-useast5-avt-0068-tx/7343629106849939498~tplv-tiktokx-cropcenter:100:100.jpg?dr=9640&refresh_token=d5d98039&x-expires=1756281600&x-signature=x6Ltiun6cFrnHXmtxxsNBLzxztY%3D&t=4d5b0474&ps=13740610&shp=30310797&shcp=ff37627b&idc=useast5",
            "_total_reply": 0,
            "_replies": []
        },
        {
            "_comment_id": "7494318709651489558",
            "_username": "niall.horan.lov3rs",
            "_nickname": "𝑀𝒾𝒶𝒽",
            "_comment": "🩷",
            "_create_time": "2025-04-17T17:24:19",
            "_avatar": "https://p19-common-sign-useast2a.tiktokcdn-us.com/tos-useast2a-avt-0068-euttp/02e9ad159cc0ee8ad7c5946c0d50cd66~tplv-tiktokx-cropcenter:100:100.jpg?dr=9640&refresh_token=0d031ea8&x-expires=1756281600&x-signature=R%2BaQZof%2BN4U4clKKvOJdc8PFTAQ%3D&t=4d5b0474&ps=13740610&shp=30310797&shcp=ff37627b&idc=useast5",
            "_total_reply": 0,
            "_replies": []
        },
        {
            "_comment_id": "7493598822347080491",
            "_username": "punkinpowerhouse",
            "_nickname": "Punkin🧚‍♂️🎃🎁",
            "_comment": "🥰💋",
            "_create_time": "2025-04-15T18:51:12",
            "_avatar": "https://p16-sign.tiktokcdn-us.com/tos-useast5-avt-0068-tx/8f8541897a70c4a90d384cf7840e2aef~tplv-tiktokx-cropcenter:100:100.jpg?dr=9640&refresh_token=3d293a9e&x-expires=1756281600&x-signature=JOdWa%2FP3wrPq9EUMpx0%2FuZSJZLo%3D&t=4d5b0474&ps=13740610&shp=30310797&shcp=ff37627b&idc=useast5",
            "_total_reply": 0,
            "_replies": []
        },
        {
            "_comment_id": "7493482856364114710",
            "_username": "zeezub.zeezub",
            "_nickname": "𝓐𝓷𝓷𝓪 .・。.・゜✭",
            "_comment": "😍",
            "_create_time": "2025-04-15T11:20:48",
            "_avatar": "https://p16-common-sign-va.tiktokcdn-us.com/tos-maliva-avt-0068/40c2538be9537cc3a38516957d52f9f5~tplv-tiktokx-cropcenter:100:100.jpg?dr=9640&refresh_token=9e76d905&x-expires=1756281600&x-signature=CXnzNHC5nxaAuLTvvKM74Njl8vY%3D&t=4d5b0474&ps=13740610&shp=30310797&shcp=ff37627b&idc=useast5",
            "_total_reply": 0,
            "_replies": []
        },
        {
            "_comment_id": "7493347703499834155",
            "_username": "angelina__defazio",
            "_nickname": "Angelina__DeFazio",
            "_comment": "🔥🔥🔥",
            "_create_time": "2025-04-15T02:36:33",
            "_avatar": "https://p19-pu-sign-useast8.tiktokcdn-us.com/tos-useast5-avt-0068-tx/b0471696f5f9fa289c8e996fc66f7d26~tplv-tiktokx-cropcenter:100:100.jpg?dr=9640&refresh_token=5c67437e&x-expires=1756281600&x-signature=f4NK9mSKtmmIkz6PVemAKo66jNQ%3D&t=4d5b0474&ps=13740610&shp=30310797&shcp=ff37627b&idc=useast5",
            "_total_reply": 0,
            "_replies": []
        },
        {
            "_comment_id": "7504757582591296278",
            "_username": "stef.22mp",
            "_nickname": "Stefi.D22",
            "_comment": "💞",
            "_create_time": "2025-05-15T20:32:23",
            "_avatar": "https://p16-common-sign-va.tiktokcdn-us.com/tos-maliva-avt-0068/73bf389cfa6d700f375c57b65c9d26bb~tplv-tiktokx-cropcenter:100:100.jpg?dr=9640&refresh_token=c2023c27&x-expires=1756281600&x-signature=0rAMgpPbnpYdRtIN5E61k3xtANY%3D&t=4d5b0474&ps=13740610&shp=30310797&shcp=ff37627b&idc=useast5",
            "_total_reply": 0,
            "_replies": []
        },
        {
            "_comment_id": "7511863034588939030",
            "_username": "jasinsin457",
            "_nickname": "jasin_sini213",
            "_comment": "😁",
            "_create_time": "2025-06-04T00:05:42",
            "_avatar": "https://p19-common-sign-va.tiktokcdn-us.com/tos-maliva-avt-0068/e6e6561706e23a636ebf8689a2dd0f81~tplv-tiktokx-cropcenter:100:100.jpg?dr=9640&refresh_token=fdc2eaa9&x-expires=1756281600&x-signature=yoYGzNKI0jYGoNTa75HDViKwukE%3D&t=4d5b0474&ps=13740610&shp=30310797&shcp=ff37627b&idc=useast5",
            "_total_reply": 0,
            "_replies": []
        },
        {
            "_comment_id": "7495583233058095878",
            "_username": "sabrinawaliszenski",
            "_nickname": "sabrinawaliszenski",
            "_comment": "😳",
            "_create_time": "2025-04-21T03:11:52",
            "_avatar": "https://p16-common-sign-va.tiktokcdn-us.com/tos-maliva-avt-0068/d057c45f2231479eca7524ac050fb4df~tplv-tiktokx-cropcenter:100:100.jpg?dr=9640&refresh_token=32ab0a51&x-expires=1756281600&x-signature=nP4WUYd%2F%2FXl%2FTDMFNJ%2Bfko4ZoNs%3D&t=4d5b0474&ps=13740610&shp=30310797&shcp=ff37627b&idc=useast5",
            "_total_reply": 0,
            "_replies": []
        },
        {
            "_comment_id": "7493206435779904263",
            "_username": "anastasiachakvet2",
            "_nickname": "Anastasia™️🏴‍☠️",
            "_comment": "🥰🥰🥰",
            "_create_time": "2025-04-14T17:28:16",
            "_avatar": "https://p16-common-sign-sg.tiktokcdn-us.com/tos-alisg-avt-0068/37d9509025d5b822a7d5a4b0e23f0c44~tplv-tiktokx-cropcenter:100:100.jpg?dr=9640&refresh_token=5eefd1c2&x-expires=1756281600&x-signature=Y3ulcZ7gVQv%2BxqA9CO2rW1LvzOY%3D&t=4d5b0474&ps=13740610&shp=30310797&shcp=ff37627b&idc=useast5",
            "_total_reply": 0,
            "_replies": []
        },
        {
            "_comment_id": "7493438637096076055",
            "_username": "user10293847kk",
            "_nickname": "user10293847kk",
            "_comment": "🥰🥰🥰",
            "_create_time": "2025-04-15T08:29:12",
            "_avatar": "https://p19-common-sign-va.tiktokcdn-us.com/tos-maliva-avt-0068/7313639695261368326~tplv-tiktokx-cropcenter:100:100.jpg?dr=9640&refresh_token=bcf62f5f&x-expires=1756281600&x-signature=Ca6MhlSgeG2aHaahbQWfLJ0Y8k4%3D&t=4d5b0474&ps=13740610&shp=30310797&shcp=ff37627b&idc=useast5",
            "_total_reply": 0,
            "_replies": []
        },
        {
            "_comment_id": "7493211596102271766",
            "_username": "queeniesss5789",
            "_nickname": "tasha",
            "_comment": "🥰",
            "_create_time": "2025-04-14T17:48:05",
            "_avatar": "https://p16-common-sign-useast2a.tiktokcdn-us.com/tos-useast2a-avt-0068-euttp/b050c287b2caa6d79e833351538d3e02~tplv-tiktokx-cropcenter:100:100.jpg?dr=9640&refresh_token=c7834557&x-expires=1756281600&x-signature=pr8dXrxMhwEUBehYqILK6mo3Z7I%3D&t=4d5b0474&ps=13740610&shp=30310797&shcp=ff37627b&idc=useast5",
            "_total_reply": 0,
            "_replies": []
        },
        {
            "_comment_id": "7511863056470688534",
            "_username": "jasinsin457",
            "_nickname": "jasin_sini213",
            "_comment": "😂",
            "_create_time": "2025-06-04T00:05:41",
            "_avatar": "https://p19-common-sign-va.tiktokcdn-us.com/tos-maliva-avt-0068/e6e6561706e23a636ebf8689a2dd0f81~tplv-tiktokx-cropcenter:100:100.jpg?dr=9640&refresh_token=fdc2eaa9&x-expires=1756281600&x-signature=yoYGzNKI0jYGoNTa75HDViKwukE%3D&t=4d5b0474&ps=13740610&shp=30310797&shcp=ff37627b&idc=useast5",
            "_total_reply": 0,
            "_replies": []
        },
        {
            "_comment_id": "7502382282188342021",
            "_username": "minani_ari",
            "_nickname": "Ari",
            "_comment": "i want to try your free samples. Can you make a girl's wish come true?",
            "_create_time": "2025-05-09T10:55:36",
            "_avatar": "https://p16-common-sign-va.tiktokcdn-us.com/tos-maliva-avt-0068/50a227c7a4481414977825dc30f4819f~tplv-tiktokx-cropcenter:100:100.jpg?dr=9640&refresh_token=f33e1af5&x-expires=1756281600&x-signature=b%2B7og5LtD7XqyXvYjn%2BkQNo7YzA%3D&t=4d5b0474&ps=13740610&shp=30310797&shcp=ff37627b&idc=useast5",
            "_total_reply": 0,
            "_replies": []
        },
        {
            "_comment_id": "7494271270303122198",
            "_username": "mermaidlesh1",
            "_nickname": "Mermaid StarSeed Lesh🧜🏽‍♀️",
            "_comment": "Oh wr juicy juicy 💕",
            "_create_time": "2025-04-17T14:20:13",
            "_avatar": "https://p16-common-sign-va.tiktokcdn-us.com/tos-maliva-avt-0068/fa9c65829f15b08254ae610f795b819a~tplv-tiktokx-cropcenter:100:100.jpg?dr=9640&refresh_token=1ba697c2&x-expires=1756281600&x-signature=42oOJUBp96sepB1Fj7r9Se5q7lI%3D&t=4d5b0474&ps=13740610&shp=30310797&shcp=ff37627b&idc=useast5",
            "_total_reply": 0,
            "_replies": []
        }
    ],
    "total_comments": 42
}