{
    "original_url": "https://www.tiktok.com/@lancome.official/video/7494961227173596438",
    "video_id": "7494961227173596438",
    "description": "You can never go wrong with a touch of pink 💖 #Lancome #JuicyTubes #Lipgloss #Lipstick #Makeup #Makeuptiktok #Makeuptok #Satisfying #MustHave #Beauty ",
    "video_url": "https://m.tiktok.com/v/7494961227173596438.html?_d=0&comment_author_id=7307346557395878942&preview_pb=0&share_comment_id=7496372690560647966&share_item_id=7494961227173596438&sharer_language=en&source=h5_m&u_code=0",
    "tags": [
        "#Lancome",
        "#JuicyTubes",
        "#Lipgloss",
        "#Lipstick",
        "#Makeup",
        "#Makeuptiktok",
        "#Makeuptok",
        "#Satisfying",
        "#MustHave",
        "#Beauty"
    ],
    "comments": [
        {
            "_comment_id": "7496372690560647966",
            "_username": "irockprestige",
            "_nickname": "irockprestige",
            "_comment": "My lips getting uncracked just looking at these",
            "_create_time": "2025-04-23T06:15:18",
            "_avatar": "https://p19-pu-sign-useast8.tiktokcdn-us.com/tos-useast5-avt-0068-tx/ca27f4c50a5a78963f1e9d77a7387765~tplv-tiktokx-cropcenter:100:100.jpg?dr=9640&refresh_token=e1108e5b&x-expires=1756281600&x-signature=CVgJOeONlF9PiHo4S646hUaJ66o%3D&t=4d5b0474&ps=13740610&shp=30310797&shcp=ff37627b&idc=useast5",
            "_total_reply": 1,
            "_replies": [
                {
                    "_comment_id": "7496109038875394848",
                    "_username": "lancome.official",
                    "_nickname": "Lancôme",
                    "_comment": "Your new lippie that you cannot live without 💖🤭",
                    "_create_time": "2025-04-23T10:33:04",
                    "_avatar": "https://p16-common-sign-va.tiktokcdn-us.com/tos-maliva-avt-0068/9424f6caa6a8781766ccf45ddf0a0a0d~tplv-tiktokx-cropcenter:100:100.jpg?dr=9640&refresh_token=2d0d7041&x-expires=1756281600&x-signature=6RRh0sV%2BMiFopbDnto6in1a21L8%3D&t=4d5b0474&ps=13740610&shp=30310797&shcp=ff37627b&idc=useast5",
                    "_total_reply": null,
                    "_replies": []
                }
            ]
        },
        {
            "_comment_id": "7500015579240497951",
            "_username": "urnobody0",
            "_nickname": "no one",
            "_comment": "I think we need a little more",
            "_create_time": "2025-05-03T01:51:10",
            "_avatar": "https://p16-pu-sign-useast8.tiktokcdn-us.com/tos-useast8-avt-0068-tx2/01938b1d510dfabba6fc97faca551559~tplv-tiktokx-cropcenter:100:100.jpg?dr=9640&refresh_token=ed536479&x-expires=1756281600&x-signature=NmEWf%2FFEfOuHrahukEiDh2z4zyI%3D&t=4d5b0474&ps=13740610&shp=30310797&shcp=ff37627b&idc=useast5",
            "_total_reply": 0,
            "_replies": []
        },
        {
            "_comment_id": "7494976920107369238",
            "_username": "marnsnation",
            "_nickname": "Amani",
            "_comment": "I need every shade",
            "_create_time": "2025-04-19T11:58:26",
            "_avatar": "https://p16-common-sign-va.tiktokcdn-us.com/tos-maliva-avt-0068/7446d472560d058612e136ed55422075~tplv-tiktokx-cropcenter:100:100.jpg?dr=9640&refresh_token=44e84407&x-expires=1756281600&x-signature=vGdy8Dujdc%2FEUCGUcM7y3iA8VXA%3D&t=4d5b0474&ps=13740610&shp=30310797&shcp=ff37627b&idc=useast5",
            "_total_reply": 1,
            "_replies": [
                {
                    "_comment_id": "7493498369580221217",
                    "_username": "lancome.official",
                    "_nickname": "Lancôme",
                    "_comment": "Can’t choose just one, right?! 🤭 💕",
                    "_create_time": "2025-04-19T18:11:44",
                    "_avatar": "https://p16-common-sign-va.tiktokcdn-us.com/tos-maliva-avt-0068/9424f6caa6a8781766ccf45ddf0a0a0d~tplv-tiktokx-cropcenter:100:100.jpg?dr=9640&refresh_token=2d0d7041&x-expires=1756281600&x-signature=6RRh0sV%2BMiFopbDnto6in1a21L8%3D&t=4d5b0474&ps=13740610&shp=30310797&shcp=ff37627b&idc=useast5",
                    "_total_reply": null,
                    "_replies": []
                }
            ]
        },
        {
            "_comment_id": "7494962146250605318",
            "_username": "_itssarahwithanitch",
            "_nickname": "️",
            "_comment": "Sooo pretty my favourite brand ever💗💗💗",
            "_create_time": "2025-04-19T11:01:41",
            "_avatar": "https://p16-common-sign-va.tiktokcdn-us.com/tos-maliva-avt-0068/d750457ab7966903b052474391733a86~tplv-tiktokx-cropcenter:100:100.jpg?dr=9640&refresh_token=2766f33d&x-expires=1756281600&x-signature=63UqHmJ%2Fh1rCAPmYhSf4tQvXfgI%3D&t=4d5b0474&ps=13740610&shp=30310797&shcp=ff37627b&idc=useast5",
            "_total_reply": 0,
            "_replies": []
        },
        {
            "_comment_id": "7507323118719320864",
            "_username": "adore_.kenza",
            "_nickname": "𝙠𝙚𝙣𝙯𝙖᯽",
            "_comment": "NOW WE NEED GRETCHEN FROM MEAN GIRLS TO PROMOTE IT SINCE SHE WORE IT IN THE MOVIE 💋",
            "_create_time": "2025-05-22T18:31:18",
            "_avatar": "https://p16-common-sign-va.tiktokcdn-us.com/tos-maliva-avt-0068/2804494f60728a8fe62ba2a72c2ab62a~tplv-tiktokx-cropcenter:100:100.jpg?dr=9640&refresh_token=1936c61f&x-expires=1756281600&x-signature=Bkof5Z3DDlSVFs153Mcx9iDBYQk%3D&t=4d5b0474&ps=13740610&shp=30310797&shcp=ff37627b&idc=useast5",
            "_total_reply": 0,
            "_replies": []
        },
        {
            "_comment_id": "7494965668682122006",
            "_username": "xxxbibixxx9",
            "_nickname": "️𝐁𝐢𝐛𝐢",
            "_comment": "Earlyyy💕",
            "_create_time": "2025-04-19T11:14:48",
            "_avatar": "https://p19-common-sign-useast2a.tiktokcdn-us.com/tos-useast2a-avt-0068-euttp/e77002b8fdf5b72fee320cf58399a42f~tplv-tiktokx-cropcenter:100:100.jpg?dr=9640&refresh_token=8cf149f5&x-expires=1756281600&x-signature=8Df26kJxJMYUJbx7grOQYaBjrGI%3D&t=4d5b0474&ps=13740610&shp=30310797&shcp=ff37627b&idc=useast5",
            "_total_reply": 0,
            "_replies": []
        },
        {
            "_comment_id": "7506857157762728726",
            "_username": "yves0399",
            "_nickname": "Yves",
            "_comment": "Waiting for an sample ad",
            "_create_time": "2025-05-21T12:19:53",
            "_avatar": "https://p16-common-sign-useast2a.tiktokcdn-us.com/tos-useast2a-avt-0068-euttp/e9b21c0c2e89aca674de2fa8287865d6~tplv-tiktokx-cropcenter:100:100.jpg?dr=9640&refresh_token=a3981290&x-expires=1756281600&x-signature=YXFA4zvGMJ5jMsAJj1sjiodVi9w%3D&t=4d5b0474&ps=13740610&shp=30310797&shcp=ff37627b&idc=useast5",
            "_total_reply": 0,
            "_replies": []
        },
        {
            "_comment_id": "7495874421536031510",
            "_username": "irinadbeauty",
            "_nickname": "irinadbeauty",
            "_comment": "Omg that pink on the left 💓",
            "_create_time": "2025-04-21T22:01:16",
            "_avatar": "https://p16-common-sign-va.tiktokcdn-us.com/tos-maliva-avt-0068/88762df0aa11aca7d1e3b5fbfc1cc52b~tplv-tiktokx-cropcenter:100:100.jpg?dr=9640&refresh_token=13b99905&x-expires=1756281600&x-signature=8RRxKHHNqejASMiI0B1xHTAvVYo%3D&t=4d5b0474&ps=13740610&shp=30310797&shcp=ff37627b&idc=useast5",
            "_total_reply": 0,
            "_replies": []
        },
        {
            "_comment_id": "7495432810137387822",
            "_username": "nidia.de.leon8",
            "_nickname": "Nidia De leon",
            "_comment": "I love this 🥰🥰🥰",
            "_create_time": "2025-04-20T17:27:49",
            "_avatar": "https://p19-pu-sign-useast8.tiktokcdn-us.com/tos-useast5-avt-0068-tx/816b72f2ace8ce43013954f0835af521~tplv-tiktokx-cropcenter:100:100.jpg?dr=9640&refresh_token=cb8ad2e7&x-expires=1756281600&x-signature=8CCJm1IRkMUcLUbAMzmcDFshqwM%3D&t=4d5b0474&ps=13740610&shp=30310797&shcp=ff37627b&idc=useast5",
            "_total_reply": 0,
            "_replies": []
        },
        {
            "_comment_id": "7508428254710842143",
            "_username": "lalazahara_",
            "_nickname": "Z⭐️HARA",
            "_comment": "Just ordered magic spell 😍😍",
            "_create_time": "2025-05-25T17:56:39",
            "_avatar": "https://p19-pu-sign-useast8.tiktokcdn-us.com/tos-useast8-avt-0068-tx2/fa828803c69935553776770003a75d67~tplv-tiktokx-cropcenter:100:100.jpg?dr=9640&refresh_token=f45cb82a&x-expires=1756281600&x-signature=Oybmtn6j1PKLVC4gk4jFxwkX9h8%3D&t=4d5b0474&ps=13740610&shp=30310797&shcp=ff37627b&idc=useast5",
            "_total_reply": 1,
            "_replies": [
                {
                    "_comment_id": "7506934419203490593",
                    "_username": "lancome.official",
                    "_nickname": "Lancôme",
                    "_comment": "you're in for a treat 🥰",
                    "_create_time": "2025-05-25T22:27:38",
                    "_avatar": "https://p16-common-sign-va.tiktokcdn-us.com/tos-maliva-avt-0068/9424f6caa6a8781766ccf45ddf0a0a0d~tplv-tiktokx-cropcenter:100:100.jpg?dr=9640&refresh_token=2d0d7041&x-expires=1756281600&x-signature=6RRh0sV%2BMiFopbDnto6in1a21L8%3D&t=4d5b0474&ps=13740610&shp=30310797&shcp=ff37627b&idc=useast5",
                    "_total_reply": null,
                    "_replies": []
                }
            ]
        },
        {
            "_comment_id": "7495474564664443670",
            "_username": "amyc3333",
            "_nickname": "amy",
            "_comment": "Want them all",
            "_create_time": "2025-04-20T20:09:34",
            "_avatar": "https://p16-common-sign-useast2a.tiktokcdn-us.com/tos-useast2a-avt-0068-euttp/373c2741cc83811383913b9ee25c01d5~tplv-tiktokx-cropcenter:100:100.jpg?dr=9640&refresh_token=62ea7c95&x-expires=1756281600&x-signature=pHYUarwJiB6FavzYtsFGKJr0WhU%3D&t=4d5b0474&ps=13740610&shp=30310797&shcp=ff37627b&idc=useast5",
            "_total_reply": 0,
            "_replies": []
        },
        {
            "_comment_id": "7496218422449095446",
            "_username": "anca_2024",
            "_nickname": "Anca 💖",
            "_comment": "Can't choose just one🤭🤩🤩",
            "_create_time": "2025-04-22T20:16:06",
            "_avatar": "https://p16-common-sign-useast2a.tiktokcdn-us.com/tos-useast2a-avt-0068-euttp/4ffd5989450ecc3d5fd91c7e53a095f0~tplv-tiktokx-cropcenter:100:100.jpg?dr=9640&refresh_token=c0499019&x-expires=1756281600&x-signature=u1WqN8jjhCAp8SIH5ebD2W8QULc%3D&t=4d5b0474&ps=13740610&shp=30310797&shcp=ff37627b&idc=useast5",
            "_total_reply": 0,
            "_replies": []
        },
        {
            "_comment_id": "7505907371199464223",
            "_username": "lidiausa",
            "_nickname": "lidiausa",
            "_comment": "I love Lancome!!🥰🥰🥰",
            "_create_time": "2025-05-18T22:54:24",
            "_avatar": "https://p19-sign.tiktokcdn-us.com/tos-useast5-avt-0068-tx/6a738a7fedbe05ad57b36b8609ab667e~tplv-tiktokx-cropcenter:100:100.jpg?dr=9640&refresh_token=eed95fb6&x-expires=1756281600&x-signature=uR3n3ryVgjtI8T%2B%2BY9jPfUUjkAI%3D&t=4d5b0474&ps=13740610&shp=30310797&shcp=ff37627b&idc=useast5",
            "_total_reply": 0,
            "_replies": []
        },
        {
            "_comment_id": "7495220690182767406",
            "_username": "lupitapond",
            "_nickname": "Lupita",
            "_comment": "So many pretty colors 💕",
            "_create_time": "2025-04-20T03:44:37",
            "_avatar": "https://p19-pu-sign-useast8.tiktokcdn-us.com/tos-useast8-avt-0068-tx2/bfde95564512868987acf9e80a8bc406~tplv-tiktokx-cropcenter:100:100.jpg?dr=9640&refresh_token=4c84806b&x-expires=1756281600&x-signature=hNYFrfE5iJZjrGc17V%2FkiFg0398%3D&t=4d5b0474&ps=13740610&shp=30310797&shcp=ff37627b&idc=useast5",
            "_total_reply": 0,
            "_replies": []
        },
        {
            "_comment_id": "7495831790452491051",
            "_username": "sadesmilan7",
            "_nickname": "Sades UGC CREATOR",
            "_comment": "The pink is my fav 😍😍😍",
            "_create_time": "2025-04-21T19:16:07",
            "_avatar": "https://p16-sign.tiktokcdn-us.com/tos-useast5-avt-0068-tx/4429125551dd5bd7422b7f7a793ad59c~tplv-tiktokx-cropcenter:100:100.jpg?dr=9640&refresh_token=b6893ea3&x-expires=1756281600&x-signature=T2Zhx3xjKn%2F944O%2BHiILI7BAQos%3D&t=4d5b0474&ps=13740610&shp=30310797&shcp=ff37627b&idc=useast5",
            "_total_reply": 2,
            "_replies": [
                {
                    "_comment_id": "7493895276416221985",
                    "_username": "lancome.official",
                    "_nickname": "Lancôme",
                    "_comment": "such a good choice 😍 💕",
                    "_create_time": "2025-04-21T21:21:52",
                    "_avatar": "https://p16-common-sign-va.tiktokcdn-us.com/tos-maliva-avt-0068/9424f6caa6a8781766ccf45ddf0a0a0d~tplv-tiktokx-cropcenter:100:100.jpg?dr=9640&refresh_token=2d0d7041&x-expires=1756281600&x-signature=6RRh0sV%2BMiFopbDnto6in1a21L8%3D&t=4d5b0474&ps=13740610&shp=30310797&shcp=ff37627b&idc=useast5",
                    "_total_reply": null,
                    "_replies": []
                },
                {
                    "_comment_id": "7495867672859034414",
                    "_username": "sadesmilan7",
                    "_nickname": "Sades UGC CREATOR",
                    "_comment": "🥰🥰🥰",
                    "_create_time": "2025-04-21T21:35:35",
                    "_avatar": "https://p16-sign.tiktokcdn-us.com/tos-useast5-avt-0068-tx/4429125551dd5bd7422b7f7a793ad59c~tplv-tiktokx-cropcenter:100:100.jpg?dr=9640&refresh_token=b6893ea3&x-expires=1756281600&x-signature=T2Zhx3xjKn%2F944O%2BHiILI7BAQos%3D&t=4d5b0474&ps=13740610&shp=30310797&shcp=ff37627b&idc=useast5",
                    "_total_reply": null,
                    "_replies": []
                }
            ]
        },
        {
            "_comment_id": "7494995111975600927",
            "_username": "rhobidadon",
            "_nickname": "Nyrhobi🧚🏾‍♀️",
            "_comment": "So prettyy🥹😍 only the essentials!",
            "_create_time": "2025-04-19T13:10:04",
            "_avatar": "https://p19-pu-sign-useast8.tiktokcdn-us.com/tos-useast8-avt-0068-tx2/2787ca74b79dc25ff98aed64e4bbea46~tplv-tiktokx-cropcenter:100:100.jpg?dr=9640&refresh_token=49453453&x-expires=1756281600&x-signature=IDItQcjoZ7kyQPE4lp83GKFnyMM%3D&t=4d5b0474&ps=13740610&shp=30310797&shcp=ff37627b&idc=useast5",
            "_total_reply": 1,
            "_replies": [
                {
                    "_comment_id": "7493493827727573793",
                    "_username": "lancome.official",
                    "_nickname": "Lancôme",
                    "_comment": "there's nothing like them 🥰",
                    "_create_time": "2025-04-19T18:12:28",
                    "_avatar": "https://p16-common-sign-va.tiktokcdn-us.com/tos-maliva-avt-0068/9424f6caa6a8781766ccf45ddf0a0a0d~tplv-tiktokx-cropcenter:100:100.jpg?dr=9640&refresh_token=2d0d7041&x-expires=1756281600&x-signature=6RRh0sV%2BMiFopbDnto6in1a21L8%3D&t=4d5b0474&ps=13740610&shp=30310797&shcp=ff37627b&idc=useast5",
                    "_total_reply": null,
                    "_replies": []
                }
            ]
        },
        {
            "_comment_id": "7496610773789508374",
            "_username": "ggx3333",
            "_nickname": "ggx33",
            "_comment": "Yeh loved these in the late ‘90s",
            "_create_time": "2025-04-23T21:38:41",
            "_avatar": "https://p16-common-sign-useast2a.tiktokcdn-us.com/tos-useast2a-avt-0068-euttp/4a7842bb3ff15fb8b6e3e03071f3a6e1~tplv-tiktokx-cropcenter:100:100.jpg?dr=9640&refresh_token=b1767049&x-expires=1756281600&x-signature=FhvdazcFtOOybjh3%2Feypm%2BU7bbE%3D&t=4d5b0474&ps=13740610&shp=30310797&shcp=ff37627b&idc=useast5",
            "_total_reply": 2,
            "_replies": [
                {
                    "_comment_id": "7496782143918736161",
                    "_username": "lancome.official",
                    "_nickname": "Lancôme",
                    "_comment": "They're back baby 🤭💖",
                    "_create_time": "2025-04-24T13:29:36",
                    "_avatar": "https://p16-common-sign-va.tiktokcdn-us.com/tos-maliva-avt-0068/9424f6caa6a8781766ccf45ddf0a0a0d~tplv-tiktokx-cropcenter:100:100.jpg?dr=9640&refresh_token=2d0d7041&x-expires=1756281600&x-signature=6RRh0sV%2BMiFopbDnto6in1a21L8%3D&t=4d5b0474&ps=13740610&shp=30310797&shcp=ff37627b&idc=useast5",
                    "_total_reply": null,
                    "_replies": []
                },
                {
                    "_comment_id": "7497288872797307670",
                    "_username": "ggx3333",
                    "_nickname": "ggx33",
                    "_comment": "❤️",
                    "_create_time": "2025-04-25T17:30:04",
                    "_avatar": "https://p16-common-sign-useast2a.tiktokcdn-us.com/tos-useast2a-avt-0068-euttp/4a7842bb3ff15fb8b6e3e03071f3a6e1~tplv-tiktokx-cropcenter:100:100.jpg?dr=9640&refresh_token=b1767049&x-expires=1756281600&x-signature=FhvdazcFtOOybjh3%2Feypm%2BU7bbE%3D&t=4d5b0474&ps=13740610&shp=30310797&shcp=ff37627b&idc=useast5",
                    "_total_reply": null,
                    "_replies": []
                }
            ]
        },
        {
            "_comment_id": "7495160548401890054",
            "_username": "swati_dhunna",
            "_nickname": "Swati",
            "_comment": "I need to try this 👀",
            "_create_time": "2025-04-19T23:51:17",
            "_avatar": "https://p19-common-sign-va.tiktokcdn-us.com/tos-maliva-avt-0068/c71497c1416b56b66ff932713f82318f~tplv-tiktokx-cropcenter:100:100.jpg?dr=9640&refresh_token=5a959da1&x-expires=1756281600&x-signature=P653KtdAkrP8FN%2F%2BGrpA%2Fo6lWUY%3D&t=4d5b0474&ps=13740610&shp=30310797&shcp=ff37627b&idc=useast5",
            "_total_reply": 2,
            "_replies": [
                {
                    "_comment_id": "7493494178631025440",
                    "_username": "lancome.official",
                    "_nickname": "Lancôme",
                    "_comment": "you'll be hooked 💕 ️",
                    "_create_time": "2025-04-20T10:03:03",
                    "_avatar": "https://p19-common-sign-va.tiktokcdn-us.com/tos-maliva-avt-0068/9424f6caa6a8781766ccf45ddf0a0a0d~tplv-tiktokx-cropcenter:100:100.jpg?dr=9640&refresh_token=4e732867&x-expires=1756281600&x-signature=5PN4EHVgtRvUll6IF2OIT9lcCWk%3D&t=4d5b0474&ps=13740610&shp=30310797&shcp=ff37627b&idc=useast5",
                    "_total_reply": null,
                    "_replies": []
                }
            ]
        },
        {
            "_comment_id": "7497326203483816750",
            "_username": "fleetingvanity",
            "_nickname": "fleetingvanity",
            "_comment": "I was 14 and this was my first ever lippie. I remember sharing it with my besties at a party. The memories 🥹",
            "_create_time": "2025-04-25T19:55:23",
            "_avatar": "https://p16-pu-sign-useast8.tiktokcdn-us.com/tos-useast8-avt-0068-tx2/eb114968a6091bd208ace7debf8fe407~tplv-tiktokx-cropcenter:100:100.jpg?dr=9640&refresh_token=0cfcc938&x-expires=1756281600&x-signature=TH2HyEFK8h%2FMfQuJKQEjYF9ESdY%3D&t=4d5b0474&ps=13740610&shp=30310797&shcp=ff37627b&idc=useast5",
            "_total_reply": 2,
            "_replies": [
                {
                    "_comment_id": "7496775586057274145",
                    "_username": "lancome.official",
                    "_nickname": "Lancôme",
                    "_comment": "who's cutting onions 🥹 💕",
                    "_create_time": "2025-04-26T09:21:56",
                    "_avatar": "https://p16-common-sign-va.tiktokcdn-us.com/tos-maliva-avt-0068/9424f6caa6a8781766ccf45ddf0a0a0d~tplv-tiktokx-cropcenter:100:100.jpg?dr=9640&refresh_token=2d0d7041&x-expires=1756281600&x-signature=6RRh0sV%2BMiFopbDnto6in1a21L8%3D&t=4d5b0474&ps=13740610&shp=30310797&shcp=ff37627b&idc=useast5",
                    "_total_reply": null,
                    "_replies": []
                },
                {
                    "_comment_id": "7498036613839389482",
                    "_username": "fleetingvanity",
                    "_nickname": "fleetingvanity",
                    "_comment": "🫶💗",
                    "_create_time": "2025-04-27T17:51:52",
                    "_avatar": "https://p19-pu-sign-useast8.tiktokcdn-us.com/tos-useast8-avt-0068-tx2/eb114968a6091bd208ace7debf8fe407~tplv-tiktokx-cropcenter:100:100.jpg?dr=9640&refresh_token=033b9d5c&x-expires=1756281600&x-signature=fHofSgeOIxFBsa1lDcQf7EKJAGs%3D&t=4d5b0474&ps=13740610&shp=30310797&shcp=ff37627b&idc=useast5",
                    "_total_reply": null,
                    "_replies": []
                }
            ]
        },
        {
            "_comment_id": "7495023643061207851",
            "_username": "jonesnatalie_",
            "_nickname": "Natalie",
            "_comment": "Need this now",
            "_create_time": "2025-04-19T15:00:03",
            "_avatar": "https://p16-pu-sign-useast8.tiktokcdn-us.com/tos-useast5-avt-0068-tx/732e90d1bd1768743a2ead18cc6d44c0~tplv-tiktokx-cropcenter:100:100.jpg?dr=9640&refresh_token=ea323cb3&x-expires=1756281600&x-signature=QwExMQGL7wlXK7YRp1RYidQ0NU4%3D&t=4d5b0474&ps=13740610&shp=30310797&shcp=ff37627b&idc=useast5",
            "_total_reply": 1,
            "_replies": [
                {
                    "_comment_id": "7493485828564517665",
                    "_username": "lancome.official",
                    "_nickname": "Lancôme",
                    "_comment": "*adding everything to cart*",
                    "_create_time": "2025-04-19T18:15:16",
                    "_avatar": "https://p16-common-sign-va.tiktokcdn-us.com/tos-maliva-avt-0068/9424f6caa6a8781766ccf45ddf0a0a0d~tplv-tiktokx-cropcenter:100:100.jpg?dr=9640&refresh_token=2d0d7041&x-expires=1756281600&x-signature=6RRh0sV%2BMiFopbDnto6in1a21L8%3D&t=4d5b0474&ps=13740610&shp=30310797&shcp=ff37627b&idc=useast5",
                    "_total_reply": null,
                    "_replies": []
                }
            ]
        },
        {
            "_comment_id": "7495055346021729070",
            "_username": "divazzzzzzzzz",
            "_nickname": "IG: DIvazzzzzzzzz / ScentQueen",
            "_comment": "Pretttyyyyyy✨✨✨",
            "_create_time": "2025-04-19T17:03:01",
            "_avatar": "https://p16-sign.tiktokcdn-us.com/tos-useast5-avt-0068-tx/3a1dc20c84391bc6e45e62417bed13d6~tplv-tiktokx-cropcenter:100:100.jpg?dr=9640&refresh_token=ff44cc96&x-expires=1756281600&x-signature=S0CGAUvKdwE%2B5nFlt3HPf5c5m1I%3D&t=4d5b0474&ps=13740610&shp=30310797&shcp=ff37627b&idc=useast5",
            "_total_reply": 1,
            "_replies": [
                {
                    "_comment_id": "7493517124578165536",
                    "_username": "lancome.official",
                    "_nickname": "Lancôme",
                    "_comment": "the prettiesttt 😍",
                    "_create_time": "2025-04-19T18:19:53",
                    "_avatar": "https://p16-common-sign-va.tiktokcdn-us.com/tos-maliva-avt-0068/9424f6caa6a8781766ccf45ddf0a0a0d~tplv-tiktokx-cropcenter:100:100.jpg?dr=9640&refresh_token=2d0d7041&x-expires=1756281600&x-signature=6RRh0sV%2BMiFopbDnto6in1a21L8%3D&t=4d5b0474&ps=13740610&shp=30310797&shcp=ff37627b&idc=useast5",
                    "_total_reply": null,
                    "_replies": []
                }
            ]
        },
        {
            "_comment_id": "7495113560621318955",
            "_username": "mishmash2424",
            "_nickname": "Mishelle ✨",
            "_comment": "This is tempting me as I look at two of my juicy tubes 😭",
            "_create_time": "2025-04-19T20:48:56",
            "_avatar": "https://p19-pu-sign-useast8.tiktokcdn-us.com/tos-useast5-avt-0068-tx/3014d43d2ff134df46445c658ea1165d~tplv-tiktokx-cropcenter:100:100.jpg?dr=9640&refresh_token=6dcd908b&x-expires=1756281600&x-signature=g%2FPgcwTKsCTsfhTwI41FwOzFiNs%3D&t=4d5b0474&ps=13740610&shp=30310797&shcp=ff37627b&idc=useast5",
            "_total_reply": 1,
            "_replies": [
                {
                    "_comment_id": "7493471551208604449",
                    "_username": "lancome.official",
                    "_nickname": "Lancôme",
                    "_comment": "you can never have too many Juicy Tubes 🤭 💖",
                    "_create_time": "2025-04-20T09:58:03",
                    "_avatar": "https://p16-common-sign-va.tiktokcdn-us.com/tos-maliva-avt-0068/9424f6caa6a8781766ccf45ddf0a0a0d~tplv-tiktokx-cropcenter:100:100.jpg?dr=9640&refresh_token=2d0d7041&x-expires=1756281600&x-signature=6RRh0sV%2BMiFopbDnto6in1a21L8%3D&t=4d5b0474&ps=13740610&shp=30310797&shcp=ff37627b&idc=useast5",
                    "_total_reply": null,
                    "_replies": []
                }
            ]
        },
        {
            "_comment_id": "7495107864446108438",
            "_username": "iri4139",
            "_nickname": "Iri",
            "_comment": "Adoro 😻😻😻😻",
            "_create_time": "2025-04-19T20:26:36",
            "_avatar": "https://p16-common-sign-va.tiktokcdn-us.com/musically-maliva-obj/1594805258216454~tplv-tiktokx-cropcenter:100:100.jpg?dr=9640&refresh_token=e95abb24&x-expires=1756281600&x-signature=3sj6OaLiS8USBUJlFKzdpJPzweM%3D&t=4d5b0474&ps=13740610&shp=30310797&shcp=ff37627b&idc=useast5",
            "_total_reply": 0,
            "_replies": []
        },
        {
            "_comment_id": "7495846728580956935",
            "_username": "content_creator_ximm",
            "_nickname": "Mercflawless",
            "_comment": "They are beautiful 😍",
            "_create_time": "2025-04-21T20:14:11",
            "_avatar": "https://p16-common-sign-va.tiktokcdn-us.com/tos-maliva-avt-0068/df298d35303fa097482fbc38c35d90c7~tplv-tiktokx-cropcenter:100:100.jpg?dr=9640&refresh_token=e0a9344a&x-expires=1756281600&x-signature=Q%2F7rZAmlwO7JuOo4WrnEMzlm7PE%3D&t=4d5b0474&ps=13740610&shp=30310797&shcp=ff37627b&idc=useast5",
            "_total_reply": 1,
            "_replies": [
                {
                    "_comment_id": "7493478791567311648",
                    "_username": "lancome.official",
                    "_nickname": "Lancôme",
                    "_comment": "Aren't they?! 🥰 💖",
                    "_create_time": "2025-04-21T21:23:59",
                    "_avatar": "https://p19-common-sign-va.tiktokcdn-us.com/tos-maliva-avt-0068/9424f6caa6a8781766ccf45ddf0a0a0d~tplv-tiktokx-cropcenter:100:100.jpg?dr=9640&refresh_token=4e732867&x-expires=1756281600&x-signature=5PN4EHVgtRvUll6IF2OIT9lcCWk%3D&t=4d5b0474&ps=13740610&shp=30310797&shcp=ff37627b&idc=useast5",
                    "_total_reply": null,
                    "_replies": []
                }
            ]
        },
        {
            "_comment_id": "7495018885382325014",
            "_username": "cxaxl",
            "_nickname": "ChloeAnnaox",
            "_comment": "Neeed",
            "_create_time": "2025-04-19T14:41:21",
            "_avatar": "https://p16-common-sign-va.tiktokcdn-us.com/tos-maliva-avt-0068/f3a1d9a08d2784deba84e2cf68619d75~tplv-tiktokx-cropcenter:100:100.jpg?dr=9640&refresh_token=db543fce&x-expires=1756281600&x-signature=5ohfxsJwPL3kCn0bnauF1NBaR00%3D&t=4d5b0474&ps=13740610&shp=30310797&shcp=ff37627b&idc=useast5",
            "_total_reply": 1,
            "_replies": [
                {
                    "_comment_id": "7493508151019930400",
                    "_username": "lancome.official",
                    "_nickname": "Lancôme",
                    "_comment": "it’s calling your name",
                    "_create_time": "2025-04-19T18:13:17",
                    "_avatar": "https://p16-common-sign-va.tiktokcdn-us.com/tos-maliva-avt-0068/9424f6caa6a8781766ccf45ddf0a0a0d~tplv-tiktokx-cropcenter:100:100.jpg?dr=9640&refresh_token=2d0d7041&x-expires=1756281600&x-signature=6RRh0sV%2BMiFopbDnto6in1a21L8%3D&t=4d5b0474&ps=13740610&shp=30310797&shcp=ff37627b&idc=useast5",
                    "_total_reply": null,
                    "_replies": []
                }
            ]
        },
        {
            "_comment_id": "7495039341947306774",
            "_username": "mitchthemommy",
            "_nickname": "Michelle Lynch",
            "_comment": "the memories 😍❤️",
            "_create_time": "2025-04-19T16:00:46",
            "_avatar": "https://p16-common-sign-useast2a.tiktokcdn-us.com/tos-useast2a-avt-0068-euttp/6920f07878d573199beb7ecf33571583~tplv-tiktokx-cropcenter:100:100.jpg?dr=9640&refresh_token=f935d486&x-expires=1756281600&x-signature=MmR0vJ3LEheUoxoFQWPFNfpa29U%3D&t=4d5b0474&ps=13740610&shp=30310797&shcp=ff37627b&idc=useast5",
            "_total_reply": 2,
            "_replies": [
                {
                    "_comment_id": "7493491555417309985",
                    "_username": "lancome.official",
                    "_nickname": "Lancôme",
                    "_comment": "we know 🥹",
                    "_create_time": "2025-04-19T18:18:38",
                    "_avatar": "https://p16-common-sign-va.tiktokcdn-us.com/tos-maliva-avt-0068/9424f6caa6a8781766ccf45ddf0a0a0d~tplv-tiktokx-cropcenter:100:100.jpg?dr=9640&refresh_token=2d0d7041&x-expires=1756281600&x-signature=6RRh0sV%2BMiFopbDnto6in1a21L8%3D&t=4d5b0474&ps=13740610&shp=30310797&shcp=ff37627b&idc=useast5",
                    "_total_reply": null,
                    "_replies": []
                },
                {
                    "_comment_id": "7495076793713558294",
                    "_username": "mitchthemommy",
                    "_nickname": "Michelle Lynch",
                    "_comment": "🩷",
                    "_create_time": "2025-04-19T18:26:03",
                    "_avatar": "https://p16-common-sign-useast2a.tiktokcdn-us.com/tos-useast2a-avt-0068-euttp/6920f07878d573199beb7ecf33571583~tplv-tiktokx-cropcenter:100:100.jpg?dr=9640&refresh_token=f935d486&x-expires=1756281600&x-signature=MmR0vJ3LEheUoxoFQWPFNfpa29U%3D&t=4d5b0474&ps=13740610&shp=30310797&shcp=ff37627b&idc=useast5",
                    "_total_reply": null,
                    "_replies": []
                }
            ]
        },
        {
            "_comment_id": "7496168655686337282",
            "_username": "lifeofmrstlm2013",
            "_nickname": "lifeofmrstlm2013",
            "_comment": "can't go wrong with these fabulous colours #mylancomecommunity",
            "_create_time": "2025-04-22T17:03:02",
            "_avatar": "https://p19-common-sign-va.tiktokcdn-us.com/musically-maliva-obj/1594805258216454~tplv-tiktokx-cropcenter:100:100.jpg?dr=9640&refresh_token=b03ca953&x-expires=1756281600&x-signature=Plz5Ss1yHU64cEXpGY8Ool0aJRI%3D&t=4d5b0474&ps=13740610&shp=30310797&shcp=ff37627b&idc=useast5",
            "_total_reply": 0,
            "_replies": []
        },
        {
            "_comment_id": "7495092650264593154",
            "_username": "bigfoxy01",
            "_nickname": "Roxy",
            "_comment": "When can we purchase bby 😭💕",
            "_create_time": "2025-04-19T19:27:35",
            "_avatar": "https://p16-common-sign-va.tiktokcdn-us.com/tos-maliva-avt-0068/3cfe4a15bffbb17bf67396ac30be7d49~tplv-tiktokx-cropcenter:100:100.jpg?dr=9640&refresh_token=0a9d948f&x-expires=1756281600&x-signature=VmVVG%2FL%2BeuLVsNXaWkZNoNoMb30%3D&t=4d5b0474&ps=13740610&shp=30310797&shcp=ff37627b&idc=useast5",
            "_total_reply": 0,
            "_replies": []
        },
        {
            "_comment_id": "7495092349972923158",
            "_username": "pinkglittergloss",
            "_nickname": "pinkglittergloss",
            "_comment": "now make more pink shades pls",
            "_create_time": "2025-04-19T19:26:24",
            "_avatar": "https://p16-common-sign-useast2a.tiktokcdn-us.com/tos-useast2a-avt-0068-giso/27fb8f9856635a4dd73f30d664b0e015~tplv-tiktokx-cropcenter:100:100.jpg?dr=9640&refresh_token=796d7840&x-expires=1756281600&x-signature=l3NcJ6uJDJe6chZZ56HxSsQDYzI%3D&t=4d5b0474&ps=13740610&shp=30310797&shcp=ff37627b&idc=useast5",
            "_total_reply": 1,
            "_replies": [
                {
                    "_comment_id": "7493487564650414881",
                    "_username": "lancome.official",
                    "_nickname": "Lancôme",
                    "_comment": "taking notes ✍️",
                    "_create_time": "2025-04-20T09:53:40",
                    "_avatar": "https://p16-common-sign-va.tiktokcdn-us.com/tos-maliva-avt-0068/9424f6caa6a8781766ccf45ddf0a0a0d~tplv-tiktokx-cropcenter:100:100.jpg?dr=9640&refresh_token=2d0d7041&x-expires=1756281600&x-signature=6RRh0sV%2BMiFopbDnto6in1a21L8%3D&t=4d5b0474&ps=13740610&shp=30310797&shcp=ff37627b&idc=useast5",
                    "_total_reply": null,
                    "_replies": []
                }
            ]
        },
        {
            "_comment_id": "7495107299484205870",
            "_username": "_bbekahh_",
            "_nickname": "BEKAH 🦩",
            "_comment": "ooo I wanna try it 😍😍",
            "_create_time": "2025-04-19T20:25:02",
            "_avatar": "https://p19-pu-sign-useast8.tiktokcdn-us.com/tos-useast5-avt-0068-tx/ad8fda104f29d982184b1cc417b40c8c~tplv-tiktokx-cropcenter:100:100.jpg?dr=9640&refresh_token=312bc024&x-expires=1756281600&x-signature=GJluKkDWJNZPr%2Bv0lqJ3kaPRVBA%3D&t=4d5b0474&ps=13740610&shp=30310797&shcp=ff37627b&idc=useast5",
            "_total_reply": 1,
            "_replies": [
                {
                    "_comment_id": "7493475546119471905",
                    "_username": "lancome.official",
                    "_nickname": "Lancôme",
                    "_comment": "go try it and tell us what you think 💕",
                    "_create_time": "2025-04-20T09:56:55",
                    "_avatar": "https://p16-common-sign-va.tiktokcdn-us.com/tos-maliva-avt-0068/9424f6caa6a8781766ccf45ddf0a0a0d~tplv-tiktokx-cropcenter:100:100.jpg?dr=9640&refresh_token=2d0d7041&x-expires=1756281600&x-signature=6RRh0sV%2BMiFopbDnto6in1a21L8%3D&t=4d5b0474&ps=13740610&shp=30310797&shcp=ff37627b&idc=useast5",
                    "_total_reply": null,
                    "_replies": []
                }
            ]
        },
        {
            "_comment_id": "7524383609773933317",
            "_username": "antolunal32",
            "_nickname": "💜Antonella💜🧿",
            "_comment": "Purple??💜",
            "_create_time": "2025-07-07T17:51:32",
            "_avatar": "https://p16-common-sign-va.tiktokcdn-us.com/tos-maliva-avt-0068/db8a5c89c763ce620f561e44d428358c~tplv-tiktokx-cropcenter:100:100.jpg?dr=9640&refresh_token=8cb36a9b&x-expires=1756281600&x-signature=ZzdqExcIHj%2Bb6SOQl30fD6lN46k%3D&t=4d5b0474&ps=13740610&shp=30310797&shcp=ff37627b&idc=useast5",
            "_total_reply": 0,
            "_replies": []
        },
        {
            "_comment_id": "7541168162751857421",
            "_username": "yeccenianuez",
            "_nickname": "yeccenianuez",
            "_comment": "I love how they made it into a key chain 👏",
            "_create_time": "2025-08-21T23:24:12",
            "_avatar": "https://p19-pu-sign-useast8.tiktokcdn-us.com/tos-useast5-avt-0068-tx/7349898136908742702~tplv-tiktokx-cropcenter:100:100.jpg?dr=9640&refresh_token=6bf3dbc3&x-expires=1756281600&x-signature=YdpC0PSKyaeKWiW14b7DLO0BJis%3D&t=4d5b0474&ps=13740610&shp=30310797&shcp=ff37627b&idc=useast5",
            "_total_reply": 0,
            "_replies": []
        },
        {
            "_comment_id": "7495008645819466542",
            "_username": "mandi.g.clay",
            "_nickname": "mandigclay",
            "_comment": "Ahhhh. I had these in every color in the 90s. I need them all.",
            "_create_time": "2025-04-19T14:02:10",
            "_avatar": "https://p16-common-sign-va.tiktokcdn-us.com/tos-maliva-avt-0068/11683d5bc5fa87ffa694b84a4e5b9188~tplv-tiktokx-cropcenter:100:100.jpg?dr=9640&refresh_token=3ebdac83&x-expires=1756281600&x-signature=HokzpnKhAB%2Ft3d8zHc43XKCFoNY%3D&t=4d5b0474&ps=13740610&shp=30310797&shcp=ff37627b&idc=useast5",
            "_total_reply": 1,
            "_replies": [
                {
                    "_comment_id": "7493483425505444641",
                    "_username": "lancome.official",
                    "_nickname": "Lancôme",
                    "_comment": "they’re all too gorgeous to resist ✨ ❤️",
                    "_create_time": "2025-04-19T18:12:48",
                    "_avatar": "https://p16-common-sign-va.tiktokcdn-us.com/tos-maliva-avt-0068/9424f6caa6a8781766ccf45ddf0a0a0d~tplv-tiktokx-cropcenter:100:100.jpg?dr=9640&refresh_token=2d0d7041&x-expires=1756281600&x-signature=6RRh0sV%2BMiFopbDnto6in1a21L8%3D&t=4d5b0474&ps=13740610&shp=30310797&shcp=ff37627b&idc=useast5",
                    "_total_reply": null,
                    "_replies": []
                }
            ]
        },
        {
            "_comment_id": "7499581958273336086",
            "_username": "lindsayfirsttimemummy",
            "_nickname": "lindsayfirsttimemummy",
            "_comment": "Love 💕",
            "_create_time": "2025-05-01T21:48:19",
            "_avatar": "https://p16-common-sign-va.tiktokcdn-us.com/tos-maliva-avt-0068/803535ad5ca437771a8d0ef96de4cedb~tplv-tiktokx-cropcenter:100:100.jpg?dr=9640&refresh_token=a44198e1&x-expires=1756281600&x-signature=5AG50hC%2B5XHfW6C0WJ4qIHy5Bh8%3D&t=4d5b0474&ps=13740610&shp=30310797&shcp=ff37627b&idc=useast5",
            "_total_reply": 0,
            "_replies": []
        },
        {
            "_comment_id": "7516708484076077837",
            "_username": "princessjasminealaddin17",
            "_nickname": "PrincessJasmine💙🧞‍♂️🕌",
            "_comment": "Early my favorite Lancome Lip Glosses So Pretty shade Make-up ✨️✨️✨️✨️✨️💋💋💋💋💋💄💄💄💄💄😍😍😍😍😍🥰🥰🥰🥰🥰❤️❤️❤️❤️❤️❣️❣️❣️❣️❣️",
            "_create_time": "2025-06-17T01:28:18",
            "_avatar": "https://p16-sign.tiktokcdn-us.com/tos-useast5-avt-0068-tx/7349155352849416235~tplv-tiktokx-cropcenter:100:100.jpg?dr=9640&refresh_token=e413db0f&x-expires=1756281600&x-signature=nayJaoVC%2BXGyggHC0wrO4Ejn%2BJA%3D&t=4d5b0474&ps=13740610&shp=30310797&shcp=ff37627b&idc=useast5",
            "_total_reply": 0,
            "_replies": []
        },
        {
            "_comment_id": "7495025177010946838",
            "_username": "honeyonsaturn",
            "_nickname": "thea 🤍",
            "_comment": "ooh, obsessed!! 😍😍😍",
            "_create_time": "2025-04-19T15:05:47",
            "_avatar": "https://p16-common-sign-va.tiktokcdn-us.com/tos-maliva-avt-0068/b9636a96c85659eae614547bc8697c63~tplv-tiktokx-cropcenter:100:100.jpg?dr=9640&refresh_token=1c78fe60&x-expires=1756281600&x-signature=VsuMSb1yZEvk8nN0TvXXOPXhWPs%3D&t=4d5b0474&ps=13740610&shp=30310797&shcp=ff37627b&idc=useast5",
            "_total_reply": 1,
            "_replies": [
                {
                    "_comment_id": "7493841117104997152",
                    "_username": "lancome.official",
                    "_nickname": "Lancôme",
                    "_comment": "so are we 😍",
                    "_create_time": "2025-04-19T18:16:10",
                    "_avatar": "https://p16-common-sign-va.tiktokcdn-us.com/tos-maliva-avt-0068/9424f6caa6a8781766ccf45ddf0a0a0d~tplv-tiktokx-cropcenter:100:100.jpg?dr=9640&refresh_token=2d0d7041&x-expires=1756281600&x-signature=6RRh0sV%2BMiFopbDnto6in1a21L8%3D&t=4d5b0474&ps=13740610&shp=30310797&shcp=ff37627b&idc=useast5",
                    "_total_reply": null,
                    "_replies": []
                }
            ]
        },
        {
            "_comment_id": "7499183520179454775",
            "_username": "beautyaddictx99",
            "_nickname": "Vanessa Gomez",
            "_comment": "Omg so pretty 😍",
            "_create_time": "2025-04-30T20:02:29",
            "_avatar": "https://p16-common-sign-va.tiktokcdn-us.com/tos-maliva-avt-0068/bc2afb146bdb4f079228af2be20a38b5~tplv-tiktokx-cropcenter:100:100.jpg?dr=9640&refresh_token=e1ca0fe1&x-expires=1756281600&x-signature=Wx67uL%2F%2FKZ7TKVj3ga8DzSP9SEE%3D&t=4d5b0474&ps=13740610&shp=30310797&shcp=ff37627b&idc=useast5",
            "_total_reply": 1,
            "_replies": [
                {
                    "_comment_id": "7497779121221927712",
                    "_username": "lancome.official",
                    "_nickname": "Lancôme",
                    "_comment": "such a summer essential",
                    "_create_time": "2025-05-01T08:34:02",
                    "_avatar": "https://p16-common-sign-va.tiktokcdn-us.com/tos-maliva-avt-0068/9424f6caa6a8781766ccf45ddf0a0a0d~tplv-tiktokx-cropcenter:100:100.jpg?dr=9640&refresh_token=2d0d7041&x-expires=1756281600&x-signature=6RRh0sV%2BMiFopbDnto6in1a21L8%3D&t=4d5b0474&ps=13740610&shp=30310797&shcp=ff37627b&idc=useast5",
                    "_total_reply": null,
                    "_replies": []
                }
            ]
        },
        {
            "_comment_id": "7508889655351657238",
            "_username": "amyyh._",
            "_nickname": "Amy",
            "_comment": "The pink one to the far left 😍",
            "_create_time": "2025-05-26T23:47:27",
            "_avatar": "https://p19-common-sign-useast2a.tiktokcdn-us.com/tos-useast2a-avt-0068-euttp/39aa803accb14cf89148932a1d0c5bcc~tplv-tiktokx-cropcenter:100:100.jpg?dr=9640&refresh_token=b3aa7c08&x-expires=1756281600&x-signature=fNgo3e%2F3gnxs%2BVFQYiRw1hK5gEE%3D&t=4d5b0474&ps=13740610&shp=30310797&shcp=ff37627b&idc=useast5",
            "_total_reply": 1,
            "_replies": [
                {
                    "_comment_id": "7509425519222326049",
                    "_username": "lancome.official",
                    "_nickname": "Lancôme",
                    "_comment": "it's so pretty 💖",
                    "_create_time": "2025-05-29T21:02:18",
                    "_avatar": "https://p16-common-sign-va.tiktokcdn-us.com/tos-maliva-avt-0068/9424f6caa6a8781766ccf45ddf0a0a0d~tplv-tiktokx-cropcenter:100:100.jpg?dr=9640&refresh_token=2d0d7041&x-expires=1756281600&x-signature=6RRh0sV%2BMiFopbDnto6in1a21L8%3D&t=4d5b0474&ps=13740610&shp=30310797&shcp=ff37627b&idc=useast5",
                    "_total_reply": null,
                    "_replies": []
                }
            ]
        },
        {
            "_comment_id": "7498554926814348078",
            "_username": "mandyrileyanthony",
            "_nickname": "Mandy Riley Anthony",
            "_comment": "Such beautiful shades of pink!",
            "_create_time": "2025-04-29T03:23:07",
            "_avatar": "https://p16-pu-sign-useast8.tiktokcdn-us.com/tos-useast5-avt-0068-tx/d30ebe28584a0313a9f274a64d13af73~tplv-tiktokx-cropcenter:100:100.jpg?dr=9640&refresh_token=7c31fe20&x-expires=1756281600&x-signature=fME4xZ2b3LqfN%2FtUY3GGlv2%2FZ1Y%3D&t=4d5b0474&ps=13740610&shp=30310797&shcp=ff37627b&idc=useast5",
            "_total_reply": 0,
            "_replies": []
        },
        {
            "_comment_id": "7522912601530286870",
            "_username": "hazeybabes63",
            "_nickname": "Hazeybabes63",
            "_comment": "wish they'd bring back Fraise it's a gorgeous colour a nice sparkly light red 🥰",
            "_create_time": "2025-07-03T18:43:13",
            "_avatar": "https://p16-common-sign-useast2a.tiktokcdn-us.com/tos-useast2a-avt-0068-euttp/d96baf55abbd398ad709d6b18d76b62d~tplv-tiktokx-cropcenter:100:100.jpg?dr=9640&refresh_token=6d8466b6&x-expires=1756281600&x-signature=HUbjEB7IEpYE%2B8NbnrYOOWwXAZY%3D&t=4d5b0474&ps=13740610&shp=30310797&shcp=ff37627b&idc=useast5",
            "_total_reply": 0,
            "_replies": []
        },
        {
            "_comment_id": "7495077443466134294",
            "_username": "mariam.elahmad",
            "_nickname": "Mariam مريم | Beauty",
            "_comment": "Sooo prettyyyy💗💗💗",
            "_create_time": "2025-04-19T18:28:35",
            "_avatar": "https://p19-common-sign-va.tiktokcdn-us.com/tos-maliva-avt-0068/de7f25bd780f99a532e175cc2e780c06~tplv-tiktokx-cropcenter:100:100.jpg?dr=9640&refresh_token=a73e23ea&x-expires=1756281600&x-signature=%2BI88zuSyjN8ccZVuVGmgR%2Fy8z7A%3D&t=4d5b0474&ps=13740610&shp=30310797&shcp=ff37627b&idc=useast5",
            "_total_reply": 1,
            "_replies": [
                {
                    "_comment_id": "7493507356199060256",
                    "_username": "lancome.official",
                    "_nickname": "Lancôme",
                    "_comment": "go grab yours 🥰",
                    "_create_time": "2025-04-19T18:33:41",
                    "_avatar": "https://p16-common-sign-va.tiktokcdn-us.com/tos-maliva-avt-0068/9424f6caa6a8781766ccf45ddf0a0a0d~tplv-tiktokx-cropcenter:100:100.jpg?dr=9640&refresh_token=2d0d7041&x-expires=1756281600&x-signature=6RRh0sV%2BMiFopbDnto6in1a21L8%3D&t=4d5b0474&ps=13740610&shp=30310797&shcp=ff37627b&idc=useast5",
                    "_total_reply": null,
                    "_replies": []
                }
            ]
        },
        {
            "_comment_id": "7495091416492098346",
            "_username": "chloegracee1204",
            "_nickname": "chloe grace 🤍",
            "_comment": "got mine in the olivia rodrigo pr package and i LOVE it 😍",
            "_create_time": "2025-04-19T19:23:17",
            "_avatar": "https://p19-pu-sign-useast8.tiktokcdn-us.com/tos-useast5-avt-0068-tx/b3899bea4278103301e9c595257cfb96~tplv-tiktokx-cropcenter:100:100.jpg?dr=9640&refresh_token=dcd6ab52&x-expires=1756281600&x-signature=eOw1z0iBEYVVpg%2FDFYw8E%2BwzImw%3D&t=4d5b0474&ps=13740610&shp=30310797&shcp=ff37627b&idc=useast5",
            "_total_reply": 0,
            "_replies": []
        },
        {
            "_comment_id": "7497225777223828245",
            "_username": "sparkles.skin",
            "_nickname": "ri",
            "_comment": "would love to collaborate 💓",
            "_create_time": "2025-04-25T13:25:24",
            "_avatar": "https://p19-common-sign-sg.tiktokcdn-us.com/tos-alisg-avt-0068/d76934d2da8cfd35bc2fa6df692bb111~tplv-tiktokx-cropcenter:100:100.jpg?dr=9640&refresh_token=09ced89b&x-expires=1756281600&x-signature=7R2DGxOdfJpnRit9jQBG7UCTRkM%3D&t=4d5b0474&ps=13740610&shp=30310797&shcp=ff37627b&idc=useast5",
            "_total_reply": 0,
            "_replies": []
        },
        {
            "_comment_id": "7504598969016746759",
            "_username": "tiffanyeve23",
            "_nickname": "Tiffanyeve23",
            "_comment": "i love that so much bcs my auntie gave it to me and its so pretty",
            "_create_time": "2025-05-15T10:17:00",
            "_avatar": "https://p16-common-sign-sg.tiktokcdn-us.com/tos-alisg-avt-0068/ce248f88885b689be2fdbab50f2ffbf4~tplv-tiktokx-cropcenter:100:100.jpg?dr=9640&refresh_token=8f984ea8&x-expires=1756281600&x-signature=sXLemX%2BOQVXtj9XfRI1BDrGrcD0%3D&t=4d5b0474&ps=13740610&shp=30310797&shcp=ff37627b&idc=useast5",
            "_total_reply": 0,
            "_replies": []
        },
        {
            "_comment_id": "7495099778449261355",
            "_username": "edelydesigns",
            "_nickname": "Dahiana",
            "_comment": "Need 😍",
            "_create_time": "2025-04-19T19:55:34",
            "_avatar": "https://p16-common-sign-va.tiktokcdn-us.com/tos-maliva-avt-0068/34e5837c9b04e0b83523ac7f7a5e53fc~tplv-tiktokx-cropcenter:100:100.jpg?dr=9640&refresh_token=4d95aaa9&x-expires=1756281600&x-signature=eYq9gxT%2FRNyK7%2Bo82fhirQMqCf4%3D&t=4d5b0474&ps=13740610&shp=30310797&shcp=ff37627b&idc=useast5",
            "_total_reply": 1,
            "_replies": [
                {
                    "_comment_id": "7493854517620933409",
                    "_username": "lancome.official",
                    "_nickname": "Lancôme",
                    "_comment": "time to get yours 🛒",
                    "_create_time": "2025-04-20T09:56:20",
                    "_avatar": "https://p16-common-sign-va.tiktokcdn-us.com/tos-maliva-avt-0068/9424f6caa6a8781766ccf45ddf0a0a0d~tplv-tiktokx-cropcenter:100:100.jpg?dr=9640&refresh_token=2d0d7041&x-expires=1756281600&x-signature=6RRh0sV%2BMiFopbDnto6in1a21L8%3D&t=4d5b0474&ps=13740610&shp=30310797&shcp=ff37627b&idc=useast5",
                    "_total_reply": null,
                    "_replies": []
                }
            ]
        },
        {
            "_comment_id": "7496478357398029079",
            "_username": "noeminikita",
            "_nickname": "Noemi Nikita",
            "_comment": "Woah 😍😍",
            "_create_time": "2025-04-23T13:04:51",
            "_avatar": "https://p16-common-sign-va.tiktokcdn-us.com/tos-maliva-avt-0068/8f102dcc26f50e807fb7ff1f31ce4e84~tplv-tiktokx-cropcenter:100:100.jpg?dr=9640&refresh_token=09b70e8f&x-expires=1756281600&x-signature=LUKK6spksLlrNG%2FCwCti5Wo5p28%3D&t=4d5b0474&ps=13740610&shp=30310797&shcp=ff37627b&idc=useast5",
            "_total_reply": 0,
            "_replies": []
        },
        {
            "_comment_id": "7495125863349142315",
            "_username": "smith.woods",
            "_nickname": "SMITH",
            "_comment": "faves omh 😍😍",
            "_create_time": "2025-04-19T21:36:39",
            "_avatar": "https://p19-pu-sign-useast8.tiktokcdn-us.com/tos-useast5-avt-0068-tx/ac770f39c322bfd6f40ee06c04bdf3c2~tplv-tiktokx-cropcenter:100:100.jpg?dr=9640&refresh_token=9ef9f35d&x-expires=1756281600&x-signature=tHM%2Fdy8PoxWH258T1tjCjpxb5RI%3D&t=4d5b0474&ps=13740610&shp=30310797&shcp=ff37627b&idc=useast5",
            "_total_reply": 0,
            "_replies": []
        },
        {
            "_comment_id": "7495018885382325014",
            "_username": "cxaxl",
            "_nickname": "ChloeAnnaox",
            "_comment": "Neeed",
            "_create_time": "2025-04-19T14:41:21",
            "_avatar": "https://p16-common-sign-va.tiktokcdn-us.com/tos-maliva-avt-0068/f3a1d9a08d2784deba84e2cf68619d75~tplv-tiktokx-cropcenter:100:100.jpg?dr=9640&refresh_token=db543fce&x-expires=1756281600&x-signature=5ohfxsJwPL3kCn0bnauF1NBaR00%3D&t=4d5b0474&ps=13740610&shp=30310797&shcp=ff37627b&idc=useast5",
            "_total_reply": 1,
            "_replies": [
                {
                    "_comment_id": "7493508151019930400",
                    "_username": "lancome.official",
                    "_nickname": "Lancôme",
                    "_comment": "it’s calling your name",
                    "_create_time": "2025-04-19T18:13:17",
                    "_avatar": "https://p16-common-sign-va.tiktokcdn-us.com/tos-maliva-avt-0068/9424f6caa6a8781766ccf45ddf0a0a0d~tplv-tiktokx-cropcenter:100:100.jpg?dr=9640&refresh_token=2d0d7041&x-expires=1756281600&x-signature=6RRh0sV%2BMiFopbDnto6in1a21L8%3D&t=4d5b0474&ps=13740610&shp=30310797&shcp=ff37627b&idc=useast5",
                    "_total_reply": null,
                    "_replies": []
                }
            ]
        },
        {
            "_comment_id": "7499581958273336086",
            "_username": "lindsayfirsttimemummy",
            "_nickname": "lindsayfirsttimemummy",
            "_comment": "Love 💕",
            "_create_time": "2025-05-01T21:48:19",
            "_avatar": "https://p16-common-sign-va.tiktokcdn-us.com/tos-maliva-avt-0068/803535ad5ca437771a8d0ef96de4cedb~tplv-tiktokx-cropcenter:100:100.jpg?dr=9640&refresh_token=a44198e1&x-expires=1756281600&x-signature=5AG50hC%2B5XHfW6C0WJ4qIHy5Bh8%3D&t=4d5b0474&ps=13740610&shp=30310797&shcp=ff37627b&idc=useast5",
            "_total_reply": 0,
            "_replies": []
        },
        {
            "_comment_id": "7497326203483816750",
            "_username": "fleetingvanity",
            "_nickname": "fleetingvanity",
            "_comment": "I was 14 and this was my first ever lippie. I remember sharing it with my besties at a party. The memories 🥹",
            "_create_time": "2025-04-25T19:55:23",
            "_avatar": "https://p19-pu-sign-useast8.tiktokcdn-us.com/tos-useast8-avt-0068-tx2/eb114968a6091bd208ace7debf8fe407~tplv-tiktokx-cropcenter:100:100.jpg?dr=9640&refresh_token=033b9d5c&x-expires=1756281600&x-signature=fHofSgeOIxFBsa1lDcQf7EKJAGs%3D&t=4d5b0474&ps=13740610&shp=30310797&shcp=ff37627b&idc=useast5",
            "_total_reply": 2,
            "_replies": [
                {
                    "_comment_id": "7496775586057274145",
                    "_username": "lancome.official",
                    "_nickname": "Lancôme",
                    "_comment": "who's cutting onions 🥹 💕",
                    "_create_time": "2025-04-26T09:21:56",
                    "_avatar": "https://p16-common-sign-va.tiktokcdn-us.com/tos-maliva-avt-0068/9424f6caa6a8781766ccf45ddf0a0a0d~tplv-tiktokx-cropcenter:100:100.jpg?dr=9640&refresh_token=2d0d7041&x-expires=1756281600&x-signature=6RRh0sV%2BMiFopbDnto6in1a21L8%3D&t=4d5b0474&ps=13740610&shp=30310797&shcp=ff37627b&idc=useast5",
                    "_total_reply": null,
                    "_replies": []
                },
                {
                    "_comment_id": "7498036613839389482",
                    "_username": "fleetingvanity",
                    "_nickname": "fleetingvanity",
                    "_comment": "🫶💗",
                    "_create_time": "2025-04-27T17:51:52",
                    "_avatar": "https://p16-pu-sign-useast8.tiktokcdn-us.com/tos-useast8-avt-0068-tx2/eb114968a6091bd208ace7debf8fe407~tplv-tiktokx-cropcenter:100:100.jpg?dr=9640&refresh_token=0cfcc938&x-expires=1756281600&x-signature=TH2HyEFK8h%2FMfQuJKQEjYF9ESdY%3D&t=4d5b0474&ps=13740610&shp=30310797&shcp=ff37627b&idc=useast5",
                    "_total_reply": null,
                    "_replies": []
                }
            ]
        },
        {
            "_comment_id": "7494963404010177302",
            "_username": "liv.jrsyx",
            "_nickname": "Liv 🤍",
            "_comment": "Early x",
            "_create_time": "2025-04-19T11:06:02",
            "_avatar": "https://p16-common-sign-va.tiktokcdn-us.com/tos-maliva-avt-0068/7f044b3536a4dc4bcaaa786aec6e7f1c~tplv-tiktokx-cropcenter:100:100.jpg?dr=9640&refresh_token=0437b06d&x-expires=1756281600&x-signature=erZEw9pvIhkcMFSc87ntiz1qJwQ%3D&t=4d5b0474&ps=13740610&shp=30310797&shcp=ff37627b&idc=useast5",
            "_total_reply": 1,
            "_replies": [
                {
                    "_comment_id": "7493487017847423777",
                    "_username": "lancome.official",
                    "_nickname": "Lancôme",
                    "_comment": "heyy",
                    "_create_time": "2025-04-19T18:09:56",
                    "_avatar": "https://p16-common-sign-va.tiktokcdn-us.com/tos-maliva-avt-0068/9424f6caa6a8781766ccf45ddf0a0a0d~tplv-tiktokx-cropcenter:100:100.jpg?dr=9640&refresh_token=2d0d7041&x-expires=1756281600&x-signature=6RRh0sV%2BMiFopbDnto6in1a21L8%3D&t=4d5b0474&ps=13740610&shp=30310797&shcp=ff37627b&idc=useast5",
                    "_total_reply": null,
                    "_replies": []
                }
            ]
        },
        {
            "_comment_id": "7496409366141846294",
            "_username": "profumerie_beautystar",
            "_nickname": "Beauty Star",
            "_comment": "miglior modo per non perdere mai più le chiavi 💖",
            "_create_time": "2025-04-23T08:37:11",
            "_avatar": "https://p16-common-sign-useast2a.tiktokcdn-us.com/tos-useast2a-avt-0068-euttp/62c4c1a015ac8b24cdd6c6f6f365e188~tplv-tiktokx-cropcenter:100:100.jpg?dr=9640&refresh_token=aa7b54c5&x-expires=1756281600&x-signature=5Efcu8nbxDtvmomqb7n1A5WRN38%3D&t=4d5b0474&ps=13740610&shp=30310797&shcp=ff37627b&idc=useast5",
            "_total_reply": 0,
            "_replies": []
        },
        {
            "_comment_id": "7495055346021729070",
            "_username": "divazzzzzzzzz",
            "_nickname": "IG: DIvazzzzzzzzz / ScentQueen",
            "_comment": "Pretttyyyyyy✨✨✨",
            "_create_time": "2025-04-19T17:03:01",
            "_avatar": "https://p16-sign.tiktokcdn-us.com/tos-useast5-avt-0068-tx/3a1dc20c84391bc6e45e62417bed13d6~tplv-tiktokx-cropcenter:100:100.jpg?dr=9640&refresh_token=ff44cc96&x-expires=1756281600&x-signature=S0CGAUvKdwE%2B5nFlt3HPf5c5m1I%3D&t=4d5b0474&ps=13740610&shp=30310797&shcp=ff37627b&idc=useast5",
            "_total_reply": 1,
            "_replies": [
                {
                    "_comment_id": "7493517124578165536",
                    "_username": "lancome.official",
                    "_nickname": "Lancôme",
                    "_comment": "the prettiesttt 😍",
                    "_create_time": "2025-04-19T18:19:53",
                    "_avatar": "https://p19-common-sign-va.tiktokcdn-us.com/tos-maliva-avt-0068/9424f6caa6a8781766ccf45ddf0a0a0d~tplv-tiktokx-cropcenter:100:100.jpg?dr=9640&refresh_token=4e732867&x-expires=1756281600&x-signature=5PN4EHVgtRvUll6IF2OIT9lcCWk%3D&t=4d5b0474&ps=13740610&shp=30310797&shcp=ff37627b&idc=useast5",
                    "_total_reply": null,
                    "_replies": []
                }
            ]
        },
        {
            "_comment_id": "7516708484076077837",
            "_username": "princessjasminealaddin17",
            "_nickname": "PrincessJasmine💙🧞‍♂️🕌",
            "_comment": "Early my favorite Lancome Lip Glosses So Pretty shade Make-up ✨️✨️✨️✨️✨️💋💋💋💋💋💄💄💄💄💄😍😍😍😍😍🥰🥰🥰🥰🥰❤️❤️❤️❤️❤️❣️❣️❣️❣️❣️",
            "_create_time": "2025-06-17T01:28:18",
            "_avatar": "https://p16-sign.tiktokcdn-us.com/tos-useast5-avt-0068-tx/7349155352849416235~tplv-tiktokx-cropcenter:100:100.jpg?dr=9640&refresh_token=e413db0f&x-expires=1756281600&x-signature=nayJaoVC%2BXGyggHC0wrO4Ejn%2BJA%3D&t=4d5b0474&ps=13740610&shp=30310797&shcp=ff37627b&idc=useast5",
            "_total_reply": 0,
            "_replies": []
        },
        {
            "_comment_id": "7499434539170857750",
            "_username": "2000sfashionaddict",
            "_nickname": "2000sfashionaddict",
            "_comment": "can't pick one want them all ✨",
            "_create_time": "2025-05-01T12:16:22",
            "_avatar": "https://p16-common-sign-va.tiktokcdn-us.com/tos-maliva-avt-0068/1f4918fdb47aa04fb260fb12248aebaa~tplv-tiktokx-cropcenter:100:100.jpg?dr=9640&refresh_token=d7e930dc&x-expires=1756281600&x-signature=Ltnr9jWMrV4UzHEx8PiEwRXqFmc%3D&t=4d5b0474&ps=13740610&shp=30310797&shcp=ff37627b&idc=useast5",
            "_total_reply": 1,
            "_replies": [
                {
                    "_comment_id": "7498056900677059360",
                    "_username": "lancome.official",
                    "_nickname": "Lancôme",
                    "_comment": "We can't blame you 🤭 💕",
                    "_create_time": "2025-05-01T22:26:54",
                    "_avatar": "https://p19-common-sign-va.tiktokcdn-us.com/tos-maliva-avt-0068/9424f6caa6a8781766ccf45ddf0a0a0d~tplv-tiktokx-cropcenter:100:100.jpg?dr=9640&refresh_token=4e732867&x-expires=1756281600&x-signature=5PN4EHVgtRvUll6IF2OIT9lcCWk%3D&t=4d5b0474&ps=13740610&shp=30310797&shcp=ff37627b&idc=useast5",
                    "_total_reply": null,
                    "_replies": []
                }
            ]
        },
        {
            "_comment_id": "7508969242729923358",
            "_username": "cuttee123",
            "_nickname": "Patrice",
            "_comment": "Seconf tube up brownish tint what color?",
            "_create_time": "2025-05-27T04:55:53",
            "_avatar": "https://p19-pu-sign-useast8.tiktokcdn-us.com/tos-useast5-avt-0068-tx/151d0226457e6960503b625ab08271bf~tplv-tiktokx-cropcenter:100:100.jpg?dr=9640&refresh_token=c9108d96&x-expires=1756281600&x-signature=M35OOPJtOX6DZpjQprXmYs1MFBo%3D&t=4d5b0474&ps=13740610&shp=30310797&shcp=ff37627b&idc=useast5",
            "_total_reply": 0,
            "_replies": []
        },
        {
            "_comment_id": "7495417104373220126",
            "_username": "tarana.afn",
            "_nickname": "Tarana A",
            "_comment": "I NEED ALL",
            "_create_time": "2025-04-20T16:26:56",
            "_avatar": "https://p16-pu-sign-useast8.tiktokcdn-us.com/tos-useast5-avt-0068-tx/2366df4a1d7f1a68527b99b8f2ab3771~tplv-tiktokx-cropcenter:100:100.jpg?dr=9640&refresh_token=7bbff659&x-expires=1756281600&x-signature=dwQW1w5Xk2XO%2B0CJ3A0b0oXbmkY%3D&t=4d5b0474&ps=13740610&shp=30310797&shcp=ff37627b&idc=useast5",
            "_total_reply": 1,
            "_replies": [
                {
                    "_comment_id": "7493889018850296608",
                    "_username": "lancome.official",
                    "_nickname": "Lancôme",
                    "_comment": "!!!",
                    "_create_time": "2025-04-20T18:22:53",
                    "_avatar": "https://p16-common-sign-va.tiktokcdn-us.com/tos-maliva-avt-0068/9424f6caa6a8781766ccf45ddf0a0a0d~tplv-tiktokx-cropcenter:100:100.jpg?dr=9640&refresh_token=2d0d7041&x-expires=1756281600&x-signature=6RRh0sV%2BMiFopbDnto6in1a21L8%3D&t=4d5b0474&ps=13740610&shp=30310797&shcp=ff37627b&idc=useast5",
                    "_total_reply": null,
                    "_replies": []
                }
            ]
        },
        {
            "_comment_id": "7499274285891044151",
            "_username": "norahnomsar",
            "_nickname": "Norah",
            "_comment": "This is soo pretty pink can never go wrong",
            "_create_time": "2025-05-01T01:54:43",
            "_avatar": "https://p16-common-sign-va.tiktokcdn-us.com/tos-maliva-avt-0068/35c1a0f8b8b26d6622277d595d47ec21~tplv-tiktokx-cropcenter:100:100.jpg?dr=9640&refresh_token=b81d4dc0&x-expires=1756281600&x-signature=XSIK7nn1PhF5GfT5AMVupPAZwSM%3D&t=4d5b0474&ps=13740610&shp=30310797&shcp=ff37627b&idc=useast5",
            "_total_reply": 1,
            "_replies": [
                {
                    "_comment_id": "7498262350865515297",
                    "_username": "lancome.official",
                    "_nickname": "Lancôme",
                    "_comment": "exactly 💕",
                    "_create_time": "2025-05-01T08:48:26",
                    "_avatar": "https://p16-common-sign-va.tiktokcdn-us.com/tos-maliva-avt-0068/9424f6caa6a8781766ccf45ddf0a0a0d~tplv-tiktokx-cropcenter:100:100.jpg?dr=9640&refresh_token=2d0d7041&x-expires=1756281600&x-signature=6RRh0sV%2BMiFopbDnto6in1a21L8%3D&t=4d5b0474&ps=13740610&shp=30310797&shcp=ff37627b&idc=useast5",
                    "_total_reply": null,
                    "_replies": []
                }
            ]
        },
        {
            "_comment_id": "7495284837437637407",
            "_username": "anniemd007",
            "_nickname": "Annie DeGracia Anderson",
            "_comment": "Love me some Juicy Tubes!",
            "_create_time": "2025-04-20T07:54:15",
            "_avatar": "https://p16-pu-sign-useast8.tiktokcdn-us.com/tos-useast5-avt-0068-tx/97ba355039250fba506a2750030b6b15~tplv-tiktokx-cropcenter:100:100.jpg?dr=9640&refresh_token=f341b117&x-expires=1756281600&x-signature=m8jRH8%2BL6Lswu645ZMID4JfFyHM%3D&t=4d5b0474&ps=13740610&shp=30310797&shcp=ff37627b&idc=useast5",
            "_total_reply": 1,
            "_replies": [
                {
                    "_comment_id": "7493825680367747873",
                    "_username": "lancome.official",
                    "_nickname": "Lancôme",
                    "_comment": "it's impossible not to love them 🥰",
                    "_create_time": "2025-04-20T10:10:38",
                    "_avatar": "https://p16-common-sign-va.tiktokcdn-us.com/tos-maliva-avt-0068/9424f6caa6a8781766ccf45ddf0a0a0d~tplv-tiktokx-cropcenter:100:100.jpg?dr=9640&refresh_token=2d0d7041&x-expires=1756281600&x-signature=6RRh0sV%2BMiFopbDnto6in1a21L8%3D&t=4d5b0474&ps=13740610&shp=30310797&shcp=ff37627b&idc=useast5",
                    "_total_reply": null,
                    "_replies": []
                }
            ]
        },
        {
            "_comment_id": "7495221070858257182",
            "_username": "itsnadialouise",
            "_nickname": "nadia ♡₊⟡",
            "_comment": "words cannot even begin to describe how obsessed with these i am. i wear them every single day 😭💕",
            "_create_time": "2025-04-20T03:46:06",
            "_avatar": "https://p16-pu-sign-useast8.tiktokcdn-us.com/tos-useast8-avt-0068-tx2/3d8216000614133788844b5d25942a24~tplv-tiktokx-cropcenter:100:100.jpg?dr=9640&refresh_token=be9e37fe&x-expires=1756281600&x-signature=Y8G7nyMirm%2FdxVyW4h659tNAOXE%3D&t=4d5b0474&ps=13740610&shp=30310797&shcp=ff37627b&idc=useast5",
            "_total_reply": 1,
            "_replies": [
                {
                    "_comment_id": "7493889018850067232",
                    "_username": "lancome.official",
                    "_nickname": "Lancôme",
                    "_comment": "slayy 👑",
                    "_create_time": "2025-04-20T10:08:15",
                    "_avatar": "https://p16-common-sign-va.tiktokcdn-us.com/tos-maliva-avt-0068/9424f6caa6a8781766ccf45ddf0a0a0d~tplv-tiktokx-cropcenter:100:100.jpg?dr=9640&refresh_token=2d0d7041&x-expires=1756281600&x-signature=6RRh0sV%2BMiFopbDnto6in1a21L8%3D&t=4d5b0474&ps=13740610&shp=30310797&shcp=ff37627b&idc=useast5",
                    "_total_reply": null,
                    "_replies": []
                }
            ]
        },
        {
            "_comment_id": "7495204189325427502",
            "_username": "siadietz",
            "_nickname": "Sia Dietz",
            "_comment": "These bring me back to middle school and high school 🥹 simply ICONIC",
            "_create_time": "2025-04-20T02:40:43",
            "_avatar": "https://p19-common-sign-va.tiktokcdn-us.com/tos-maliva-avt-0068/7318249727702204421~tplv-tiktokx-cropcenter:100:100.jpg?dr=9640&refresh_token=32dc2390&x-expires=1756281600&x-signature=mm5dkl7piWNXE%2FMj6w80mJGvIVI%3D&t=4d5b0474&ps=13740610&shp=30310797&shcp=ff37627b&idc=useast5",
            "_total_reply": 1,
            "_replies": [
                {
                    "_comment_id": "7493878211772744481",
                    "_username": "lancome.official",
                    "_nickname": "Lancôme",
                    "_comment": "you've got that right 🥹 ✨",
                    "_create_time": "2025-04-20T10:07:22",
                    "_avatar": "https://p16-common-sign-va.tiktokcdn-us.com/tos-maliva-avt-0068/9424f6caa6a8781766ccf45ddf0a0a0d~tplv-tiktokx-cropcenter:100:100.jpg?dr=9640&refresh_token=2d0d7041&x-expires=1756281600&x-signature=6RRh0sV%2BMiFopbDnto6in1a21L8%3D&t=4d5b0474&ps=13740610&shp=30310797&shcp=ff37627b&idc=useast5",
                    "_total_reply": null,
                    "_replies": []
                }
            ]
        },
        {
            "_comment_id": "7495200160405291822",
            "_username": "angie1law",
            "_nickname": "Angie Law",
            "_comment": "Is that a new shade? What is it called?",
            "_create_time": "2025-04-20T02:24:56",
            "_avatar": "https://p19-common-sign-va.tiktokcdn-us.com/tos-maliva-avt-0068/7791d703dbe9d56ad3d5a3a1f5e45d2b~tplv-tiktokx-cropcenter:100:100.jpg?dr=9640&refresh_token=1e65bac0&x-expires=1756281600&x-signature=8i0cU4HAmdEnkeHomj2ADr2ju8k%3D&t=4d5b0474&ps=13740610&shp=30310797&shcp=ff37627b&idc=useast5",
            "_total_reply": 0,
            "_replies": []
        },
        {
            "_comment_id": "7495159469316719403",
            "_username": "kellyxortiz",
            "_nickname": "kelly ✨",
            "_comment": "all so pretty in their own way ✨",
            "_create_time": "2025-04-19T23:47:03",
            "_avatar": "https://p19-sign.tiktokcdn-us.com/tos-useast5-avt-0068-tx/600d1abc3b59f5e384cd8fc2dbd33a6e~tplv-tiktokx-cropcenter:100:100.jpg?dr=9640&refresh_token=0d2af9d9&x-expires=1756281600&x-signature=UDt9mNJd1mZf40w6TFVxxSFwlkQ%3D&t=4d5b0474&ps=13740610&shp=30310797&shcp=ff37627b&idc=useast5",
            "_total_reply": 1,
            "_replies": [
                {
                    "_comment_id": "7493812020345897761",
                    "_username": "lancome.official",
                    "_nickname": "Lancôme",
                    "_comment": "show-stopping shades 😍",
                    "_create_time": "2025-04-20T10:02:12",
                    "_avatar": "https://p16-common-sign-va.tiktokcdn-us.com/tos-maliva-avt-0068/9424f6caa6a8781766ccf45ddf0a0a0d~tplv-tiktokx-cropcenter:100:100.jpg?dr=9640&refresh_token=2d0d7041&x-expires=1756281600&x-signature=6RRh0sV%2BMiFopbDnto6in1a21L8%3D&t=4d5b0474&ps=13740610&shp=30310797&shcp=ff37627b&idc=useast5",
                    "_total_reply": null,
                    "_replies": []
                }
            ]
        },
        {
            "_comment_id": "7495153767030571807",
            "_username": "klaxtniel",
            "_nickname": "Kayla Tinniel",
            "_comment": "😍😍😍I love my clear one. MUST HAVE in every makeup bag for sure!!",
            "_create_time": "2025-04-19T23:24:59",
            "_avatar": "https://p16-pu-sign-useast8.tiktokcdn-us.com/tos-useast5-avt-0068-tx/8b0d34822577ff379d881b4dfc2dadb2~tplv-tiktokx-cropcenter:100:100.jpg?dr=9640&refresh_token=9315a364&x-expires=1756281600&x-signature=Q8lRcdCLVnM5lN3fWJ4p7Ulx9Pc%3D&t=4d5b0474&ps=13740610&shp=30310797&shcp=ff37627b&idc=useast5",
            "_total_reply": 1,
            "_replies": [
                {
                    "_comment_id": "7493478808289870625",
                    "_username": "lancome.official",
                    "_nickname": "Lancôme",
                    "_comment": "juicy, shiny, perfection ✨",
                    "_create_time": "2025-04-20T10:01:28",
                    "_avatar": "https://p16-common-sign-va.tiktokcdn-us.com/tos-maliva-avt-0068/9424f6caa6a8781766ccf45ddf0a0a0d~tplv-tiktokx-cropcenter:100:100.jpg?dr=9640&refresh_token=2d0d7041&x-expires=1756281600&x-signature=6RRh0sV%2BMiFopbDnto6in1a21L8%3D&t=4d5b0474&ps=13740610&shp=30310797&shcp=ff37627b&idc=useast5",
                    "_total_reply": null,
                    "_replies": []
                }
            ]
        },
        {
            "_comment_id": "7495142934859465502",
            "_username": "amandawifey",
            "_nickname": "Amanda K",
            "_comment": "Oh these are so pretty",
            "_create_time": "2025-04-19T22:43:01",
            "_avatar": "https://p19-pu-sign-useast8.tiktokcdn-us.com/tos-useast5-avt-0068-tx/a1452ba5b00f5417c90f5bef2e2ef638~tplv-tiktokx-cropcenter:100:100.jpg?dr=9640&refresh_token=cbdbf255&x-expires=1756281600&x-signature=IAvAVpBsdIgtRgFKnBXkGdi26tg%3D&t=4d5b0474&ps=13740610&shp=30310797&shcp=ff37627b&idc=useast5",
            "_total_reply": 1,
            "_replies": [
                {
                    "_comment_id": "7493862573419463457",
                    "_username": "lancome.official",
                    "_nickname": "Lancôme",
                    "_comment": "so so pretty 😍",
                    "_create_time": "2025-04-20T09:59:44",
                    "_avatar": "https://p16-common-sign-va.tiktokcdn-us.com/tos-maliva-avt-0068/9424f6caa6a8781766ccf45ddf0a0a0d~tplv-tiktokx-cropcenter:100:100.jpg?dr=9640&refresh_token=2d0d7041&x-expires=1756281600&x-signature=6RRh0sV%2BMiFopbDnto6in1a21L8%3D&t=4d5b0474&ps=13740610&shp=30310797&shcp=ff37627b&idc=useast5",
                    "_total_reply": null,
                    "_replies": []
                }
            ]
        },
        {
            "_comment_id": "7495140571821196063",
            "_username": "nekomimimaid",
            "_nickname": "nekomimimaid",
            "_comment": "Oh no I need",
            "_create_time": "2025-04-19T22:33:43",
            "_avatar": "https://p16-pu-sign-useast8.tiktokcdn-us.com/tos-useast8-avt-0068-tx2/754c2af490ee9c81b22d2ae3bbf3920d~tplv-tiktokx-cropcenter:100:100.jpg?dr=9640&refresh_token=5fc83438&x-expires=1756281600&x-signature=%2F1%2B%2BTe3owu9%2FTmYLflFzxfNzlAs%3D&t=4d5b0474&ps=13740610&shp=30310797&shcp=ff37627b&idc=useast5",
            "_total_reply": 1,
            "_replies": [
                {
                    "_comment_id": "7493507309910541088",
                    "_username": "lancome.official",
                    "_nickname": "Lancôme",
                    "_comment": "this is your sign to get yours 💖",
                    "_create_time": "2025-04-20T09:59:14",
                    "_avatar": "https://p16-common-sign-va.tiktokcdn-us.com/tos-maliva-avt-0068/9424f6caa6a8781766ccf45ddf0a0a0d~tplv-tiktokx-cropcenter:100:100.jpg?dr=9640&refresh_token=2d0d7041&x-expires=1756281600&x-signature=6RRh0sV%2BMiFopbDnto6in1a21L8%3D&t=4d5b0474&ps=13740610&shp=30310797&shcp=ff37627b&idc=useast5",
                    "_total_reply": null,
                    "_replies": []
                }
            ]
        },
        {
            "_comment_id": "7495133799556678446",
            "_username": "reesekayb",
            "_nickname": "Reese Kaur",
            "_comment": "Patient waiting for my PR package from Lancôme. 😌🥲",
            "_create_time": "2025-04-19T22:07:27",
            "_avatar": "https://p16-pu-sign-useast8.tiktokcdn-us.com/tos-useast5-avt-0068-tx/92ed2d667792b72b35e69974955f35df~tplv-tiktokx-cropcenter:100:100.jpg?dr=9640&refresh_token=8f587aed&x-expires=1756281600&x-signature=f38bBOhxLY%2BZAK%2BLn2L3ODApfeg%3D&t=4d5b0474&ps=13740610&shp=30310797&shcp=ff37627b&idc=useast5",
            "_total_reply": 0,
            "_replies": []
        },
        {
            "_comment_id": "7515352826714718998",
            "_username": "fncymarie",
            "_nickname": "marie | beauty & lifestyle",
            "_comment": "my favorite lipglosses ever 💗",
            "_create_time": "2025-06-13T09:47:42",
            "_avatar": "https://p16-common-sign-va.tiktokcdn-us.com/tos-maliva-avt-0068/5f3be02ceb41477abae517a633de7715~tplv-tiktokx-cropcenter:100:100.jpg?dr=9640&refresh_token=ce366b66&x-expires=1756281600&x-signature=BzuvHh2DY7bHvZ1WnkbyJ7xP9qg%3D&t=4d5b0474&ps=13740610&shp=30310797&shcp=ff37627b&idc=useast5",
            "_total_reply": 0,
            "_replies": []
        },
        {
            "_comment_id": "7495125863349142315",
            "_username": "smith.woods",
            "_nickname": "SMITH",
            "_comment": "faves omh 😍😍",
            "_create_time": "2025-04-19T21:36:39",
            "_avatar": "https://p16-pu-sign-useast8.tiktokcdn-us.com/tos-useast5-avt-0068-tx/ac770f39c322bfd6f40ee06c04bdf3c2~tplv-tiktokx-cropcenter:100:100.jpg?dr=9640&refresh_token=6af23781&x-expires=1756281600&x-signature=lVUFR%2BQ3lq9GXxfj3v5TzyYzOeQ%3D&t=4d5b0474&ps=13740610&shp=30310797&shcp=ff37627b&idc=useast5",
            "_total_reply": 0,
            "_replies": []
        },
        {
            "_comment_id": "7508690834034066209",
            "_username": "noor95732",
            "_nickname": "noor95732",
            "_comment": "😍😍😍",
            "_create_time": "2025-05-26T10:59:38",
            "_avatar": "https://p16-common-sign-va.tiktokcdn-us.com/tos-maliva-avt-0068/168826a08b188faf06be97f20e4bd141~tplv-tiktokx-cropcenter:100:100.jpg?dr=9640&refresh_token=38047168&x-expires=1756281600&x-signature=nNbgnB0YaOI9P%2BpUL%2BkTFDNm0x0%3D&t=4d5b0474&ps=13740610&shp=30310797&shcp=ff37627b&idc=useast5",
            "_total_reply": 0,
            "_replies": []
        },
        {
            "_comment_id": "7498438507511612182",
            "_username": "lola.bello_",
            "_nickname": "Lola Bello",
            "_comment": "😍😍",
            "_create_time": "2025-04-28T19:51:13",
            "_avatar": "https://p16-common-sign-va.tiktokcdn-us.com/tos-maliva-avt-0068/8feb38ff638febe0b1991b1169d10ee4~tplv-tiktokx-cropcenter:100:100.jpg?dr=9640&refresh_token=2027944b&x-expires=1756281600&x-signature=ii9iD%2BSASHMvH1x96wEzDbYGnZk%3D&t=4d5b0474&ps=13740610&shp=30310797&shcp=ff37627b&idc=useast5",
            "_total_reply": 0,
            "_replies": []
        },
        {
            "_comment_id": "7507496886061318934",
            "_username": "mariannebroberg",
            "_nickname": "mariannebroberg",
            "_comment": "😁",
            "_create_time": "2025-05-23T05:42:39",
            "_avatar": "https://p19-common-sign-va.tiktokcdn-us.com/tos-maliva-avt-0068/7329228014452441094~tplv-tiktokx-cropcenter:100:100.jpg?dr=9640&refresh_token=dd47dd42&x-expires=1756281600&x-signature=KEiuIOB2WxlEqUkCdoo77Fshh5o%3D&t=4d5b0474&ps=13740610&shp=30310797&shcp=ff37627b&idc=useast5",
            "_total_reply": 0,
            "_replies": []
        },
        {
            "_comment_id": "7495126873191924502",
            "_username": "mbego_00",
            "_nickname": "✨️🐬☀️🦋mbego🦋☀️🐬✨️",
            "_comment": "🥰🥰🥰",
            "_create_time": "2025-04-19T21:40:24",
            "_avatar": "https://p16-common-sign-va.tiktokcdn-us.com/tos-maliva-avt-0068/d2b950870bd3e6e9a7580db0f537068c~tplv-tiktokx-cropcenter:100:100.jpg?dr=9640&refresh_token=aa3f0906&x-expires=1756281600&x-signature=I3NomdcK0IGavD226n9RpOdzdAM%3D&t=4d5b0474&ps=13740610&shp=30310797&shcp=ff37627b&idc=useast5",
            "_total_reply": 0,
            "_replies": []
        },
        {
            "_comment_id": "7495114675462439710",
            "_username": "lilliambeauty",
            "_nickname": "lilliamBeauty",
            "_comment": "💕💕💕",
            "_create_time": "2025-04-19T20:53:11",
            "_avatar": "https://p16-pu-sign-useast8.tiktokcdn-us.com/tos-useast8-avt-0068-tx2/c88b4edc4ec6ff027aef1a844808756e~tplv-tiktokx-cropcenter:100:100.jpg?dr=9640&refresh_token=74e34d23&x-expires=1756281600&x-signature=YszT44LJpvERCSG0g%2FbGe25kGc4%3D&t=4d5b0474&ps=13740610&shp=30310797&shcp=ff37627b&idc=useast5",
            "_total_reply": 0,
            "_replies": []
        },
        {
            "_comment_id": "7496801735249527583",
            "_username": "beautybiliz",
            "_nickname": "BeautybiLiz💗",
            "_comment": "💯💯💯",
            "_create_time": "2025-04-24T10:01:46",
            "_avatar": "https://p19-pu-sign-useast8.tiktokcdn-us.com/tos-useast8-avt-0068-tx2/6f935589b4184c6fe4d2bc52eb03e4bc~tplv-tiktokx-cropcenter:100:100.jpg?dr=9640&refresh_token=b3390ef0&x-expires=1756281600&x-signature=F6YbgcKj03gD0z%2FwBMPFIdRnYcI%3D&t=4d5b0474&ps=13740610&shp=30310797&shcp=ff37627b&idc=useast5",
            "_total_reply": 0,
            "_replies": []
        },
        {
            "_comment_id": "7513549569066828560",
            "_username": "sona.sitoula",
            "_nickname": "S♡|\\|A🦋",
            "_comment": "😭😭😭😭Can’t believe this came back @Lancôme send me some",
            "_create_time": "2025-06-08T13:09:50",
            "_avatar": "https://p16-common-sign-sg.tiktokcdn-us.com/tos-alisg-avt-0068/9af970e2f4a951da491e69fb17c4976f~tplv-tiktokx-cropcenter:100:100.jpg?dr=9640&refresh_token=75100340&x-expires=1756281600&x-signature=GdMxtlqcJwyYHEwrV3hPTDn1HN4%3D&t=4d5b0474&ps=13740610&shp=30310797&shcp=ff37627b&idc=useast5",
            "_total_reply": 0,
            "_replies": []
        },
        {
            "_comment_id": "7499054796751962902",
            "_username": "sea2108",
            "_nickname": "SEA💙",
            "_comment": "❤️❤️",
            "_create_time": "2025-04-30T11:42:48",
            "_avatar": "https://p16-common-sign-va.tiktokcdn-us.com/tos-maliva-avt-0068/6c71247e7bcad0691e887682a51ca050~tplv-tiktokx-cropcenter:100:100.jpg?dr=9640&refresh_token=4e7f8602&x-expires=1756281600&x-signature=WM35W%2FMsfih2WU9%2FziHhPMXipe4%3D&t=4d5b0474&ps=13740610&shp=30310797&shcp=ff37627b&idc=useast5",
            "_total_reply": 0,
            "_replies": []
        },
        {
            "_comment_id": "7496486080625083143",
            "_username": "hodasamir933",
            "_nickname": "Hoda Samir",
            "_comment": "🥲",
            "_create_time": "2025-04-23T13:34:57",
            "_avatar": "https://p19-common-sign-va.tiktokcdn-us.com/tos-maliva-avt-0068/7215880917355593733~tplv-tiktokx-cropcenter:100:100.jpg?dr=9640&refresh_token=93d68fb5&x-expires=1756281600&x-signature=7c%2FwQWlyhSjPVik8ijtARGagKh4%3D&t=4d5b0474&ps=13740610&shp=30310797&shcp=ff37627b&idc=useast5",
            "_total_reply": 0,
            "_replies": []
        },
        {
            "_comment_id": "7495076388270506774",
            "_username": "veroat87",
            "_nickname": "VeroAt",
            "_comment": "😍💖✨",
            "_create_time": "2025-04-19T18:24:27",
            "_avatar": "https://p16-common-sign-va.tiktokcdn-us.com/tos-maliva-avt-0068/ac0da8fdf1e1f20add92437e4895e5ee~tplv-tiktokx-cropcenter:100:100.jpg?dr=9640&refresh_token=ccff9829&x-expires=1756281600&x-signature=TB2cKExGD5eL7xvQXgx85GlXvJs%3D&t=4d5b0474&ps=13740610&shp=30310797&shcp=ff37627b&idc=useast5",
            "_total_reply": 0,
            "_replies": []
        },
        {
            "_comment_id": "7495039748651533078",
            "_username": "annang042",
            "_nickname": "anna",
            "_comment": "🥰",
            "_create_time": "2025-04-19T16:02:18",
            "_avatar": "https://p16-common-sign-va.tiktokcdn-us.com/tos-maliva-avt-0068/7c3e761751fa337405fde2251afc615e~tplv-tiktokx-cropcenter:100:100.jpg?dr=9640&refresh_token=befccaa7&x-expires=1756281600&x-signature=OH9WjLfCva35OuknflOFPmIJqms%3D&t=4d5b0474&ps=13740610&shp=30310797&shcp=ff37627b&idc=useast5",
            "_total_reply": 0,
            "_replies": []
        },
        {
            "_comment_id": "7496040609275511594",
            "_username": "versacearely",
            "_nickname": "AL",
            "_comment": "😍",
            "_create_time": "2025-04-22T08:47:38",
            "_avatar": "https://p19-pu-sign-useast8.tiktokcdn-us.com/tos-useast5-avt-0068-tx/831d549fde785293dd7d7770cfaf7334~tplv-tiktokx-cropcenter:100:100.jpg?dr=9640&refresh_token=8a3bb265&x-expires=1756281600&x-signature=BNG07z80dxLsBQqTGa8jyxJmm1U%3D&t=4d5b0474&ps=13740610&shp=30310797&shcp=ff37627b&idc=useast5",
            "_total_reply": 0,
            "_replies": []
        },
        {
            "_comment_id": "7509203554248360726",
            "_username": "selenaslamour",
            "_nickname": "SELENA SLAMOUR",
            "_comment": "😍😍🥺💖",
            "_create_time": "2025-05-27T20:05:10",
            "_avatar": "https://p16-common-sign-useast2a.tiktokcdn-us.com/tos-useast2a-avt-0068-euttp/49c48f664296801d4b275f2237f888cc~tplv-tiktokx-cropcenter:100:100.jpg?dr=9640&refresh_token=37ef1aad&x-expires=1756281600&x-signature=a9WujeFY6n0YwUAobcA4Vqswidg%3D&t=4d5b0474&ps=13740610&shp=30310797&shcp=ff37627b&idc=useast5",
            "_total_reply": 0,
            "_replies": []
        },
        {
            "_comment_id": "7500235266407334679",
            "_username": "nanna_12mdl",
            "_nickname": "Nanna👩‍🦰",
            "_comment": "😉😉",
            "_create_time": "2025-05-03T16:03:32",
            "_avatar": "https://p16-common-sign-va.tiktokcdn-us.com/tos-maliva-avt-0068/1ee0f995efab55f1ef8301883c8822ff~tplv-tiktokx-cropcenter:100:100.jpg?dr=9640&refresh_token=da25de44&x-expires=1756281600&x-signature=dBhT0u5A6A2pwk7micFK5Uw%2Fw4w%3D&t=4d5b0474&ps=13740610&shp=30310797&shcp=ff37627b&idc=useast5",
            "_total_reply": 0,
            "_replies": []
        },
        {
            "_comment_id": "7494962570143695638",
            "_username": "eylese",
            "_nickname": "🤍Oliwia🤍",
            "_comment": "❤️❤️",
            "_create_time": "2025-04-19T11:02:46",
            "_avatar": "https://p16-common-sign-va.tiktokcdn-us.com/tos-maliva-avt-0068/5762bbbf4db388900af849ee6c7c8115~tplv-tiktokx-cropcenter:100:100.jpg?dr=9640&refresh_token=bf7686a2&x-expires=1756281600&x-signature=jwnlMCNhR93vk%2FhWIaKiKMcKUEA%3D&t=4d5b0474&ps=13740610&shp=30310797&shcp=ff37627b&idc=useast5",
            "_total_reply": 0,
            "_replies": []
        },
        {
            "_comment_id": "7494962332193260310",
            "_username": "jst_moi102",
            "_nickname": "𝐈𝐧𝐞̀𝐬'🪭",
            "_comment": "🥰",
            "_create_time": "2025-04-19T11:01:54",
            "_avatar": "https://p16-common-sign-va.tiktokcdn-us.com/tos-maliva-avt-0068/5f2c885f071e5aae38af8343b2d28fe1~tplv-tiktokx-cropcenter:100:100.jpg?dr=9640&refresh_token=0e58703f&x-expires=1756281600&x-signature=S7T1Lv1N1RcL4dJjxlyIpAPhji8%3D&t=4d5b0474&ps=13740610&shp=30310797&shcp=ff37627b&idc=useast5",
            "_total_reply": 0,
            "_replies": []
        },
        {
            "_comment_id": "7495754746394510102",
            "_username": "mlynzuz",
            "_nickname": "Zuzanna Mlyn",
            "_comment": "😍😍😍",
            "_create_time": "2025-04-21T14:16:50",
            "_avatar": "https://p16-common-sign-useast2a.tiktokcdn-us.com/tos-useast2a-avt-0068-euttp/462ea500c7a23c720ad14ccb88d2cc5a~tplv-tiktokx-cropcenter:100:100.jpg?dr=9640&refresh_token=da0ef642&x-expires=1756281600&x-signature=rf9ycz3Xo14CXjETiq1Hapi1LXM%3D&t=4d5b0474&ps=13740610&shp=30310797&shcp=ff37627b&idc=useast5",
            "_total_reply": 0,
            "_replies": []
        },
        {
            "_comment_id": "7495479798338847510",
            "_username": "queeniesss5789",
            "_nickname": "tasha",
            "_comment": "♥️",
            "_create_time": "2025-04-20T20:29:52",
            "_avatar": "https://p16-common-sign-useast2a.tiktokcdn-us.com/tos-useast2a-avt-0068-euttp/b050c287b2caa6d79e833351538d3e02~tplv-tiktokx-cropcenter:100:100.jpg?dr=9640&refresh_token=c7834557&x-expires=1756281600&x-signature=pr8dXrxMhwEUBehYqILK6mo3Z7I%3D&t=4d5b0474&ps=13740610&shp=30310797&shcp=ff37627b&idc=useast5",
            "_total_reply": 0,
            "_replies": []
        },
        {
            "_comment_id": "7495313712510944022",
            "_username": "la_petite.acheteuse",
            "_nickname": "la_petite.acheteuse",
            "_comment": "🥰🥰",
            "_create_time": "2025-04-20T09:45:27",
            "_avatar": "https://p19-common-sign-va.tiktokcdn-us.com/tos-maliva-avt-0068/ae14a43c6d9f3fc49d0d20ddb243bc90~tplv-tiktokx-cropcenter:100:100.jpg?dr=9640&refresh_token=87da5785&x-expires=1756281600&x-signature=8vD108S4%2FxCCexMqjasGqQeRHsQ%3D&t=4d5b0474&ps=13740610&shp=30310797&shcp=ff37627b&idc=useast5",
            "_total_reply": 0,
            "_replies": []
        },
        {
            "_comment_id": "7497364554583753527",
            "_username": "evehos",
            "_nickname": "Evehos",
            "_comment": "😍😍😍😍😍😍😍AMAMOS!!! LOS JUICE TUBES DE LANCÔME 💯💯💯💯💯",
            "_create_time": "2025-04-25T22:24:11",
            "_avatar": "https://p16-common-sign-va.tiktokcdn-us.com/tos-maliva-avt-0068/2a5d6a1d6d30cc602c7bf2794d1e4716~tplv-tiktokx-cropcenter:100:100.jpg?dr=9640&refresh_token=70507707&x-expires=1756281600&x-signature=ajNYlAB%2FI%2Bcxx2273W4McnLafdQ%3D&t=4d5b0474&ps=13740610&shp=30310797&shcp=ff37627b&idc=useast5",
            "_total_reply": 0,
            "_replies": []
        },
        {
            "_comment_id": "7501980972268946178",
            "_username": "spicyyliv21",
            "_nickname": "✰𝐥𝐢𝐯𝐢𝐞✰",
            "_comment": "hallucination>>>>",
            "_create_time": "2025-05-08T08:57:49",
            "_avatar": "https://p19-common-sign-va.tiktokcdn-us.com/tos-maliva-avt-0068/327931f4974d78d6fe4110e8bfe287bc~tplv-tiktokx-cropcenter:100:100.jpg?dr=9640&refresh_token=c1784e72&x-expires=1756281600&x-signature=ntLUWBSOHPMIs8EKlW6HBWoXdnU%3D&t=4d5b0474&ps=13740610&shp=30310797&shcp=ff37627b&idc=useast5",
            "_total_reply": 0,
            "_replies": []
        },
        {
            "_comment_id": "7495927472456008464",
            "_username": "distribeautecol",
            "_nickname": "distribeautecol",
            "_comment": "los queremos en Colombia",
            "_create_time": "2025-04-22T01:28:27",
            "_avatar": "https://p16-common-sign-va.tiktokcdn-us.com/tos-maliva-avt-0068/7277357057123516422~tplv-tiktokx-cropcenter:100:100.jpg?dr=9640&refresh_token=0f0313ef&x-expires=1756281600&x-signature=pebs%2BdM225liOLKm%2FjePBWaBLrw%3D&t=4d5b0474&ps=13740610&shp=30310797&shcp=ff37627b&idc=useast5",
            "_total_reply": 0,
            "_replies": []
        }
    ],
    "total_comments": 91
}