{
    "original_url": "https://www.tiktok.com/@lancome.official/video/7496805293268012310",
    "video_id": "7496805293268012310",
    "description": "One refill? Coming right up!🛎️ #Lancome #Lavieestbelle #Lavieestbellelelixir #Fragrance #Fragrancetiktok #SmellGood #Sustainability #Refill #Tutorial #Paris ",
    "video_url": "https://m.tiktok.com/v/7496805293268012310.html?_d=0&comment_author_id=6532046910025400322&preview_pb=0&share_comment_id=7532806151601193736&share_item_id=7496805293268012310&sharer_language=en&source=h5_m&u_code=0",
    "tags": [
        "#Lancome",
        "#Lavieestbelle",
        "#Lavieestbellelelixir",
        "#Fragrance",
        "#Fragrancetiktok",
        "#SmellGood",
        "#Sustainability",
        "#Refill",
        "#Tutorial",
        "#Paris"
    ],
    "comments": [
        {
            "_comment_id": "7532806151601193736",
            "_username": "previewedit",
            "_nickname": "PReviewedIt",
            "_comment": "Bruh. I LITERALLY DONT SEE WHY PEOPLE HATE THIS PERFUME!! Omg she is so gooodd! This was completely a blind by for me outside of seeing review and I regret not getting her sooner 😍😍🥹",
            "_create_time": "2025-07-30T10:35:16",
            "_avatar": "https://p16-common-sign-sg.tiktokcdn-us.com/tos-alisg-avt-0068/2e63935fe2453ff30d1da694c5574a29~tplv-tiktokx-cropcenter:100:100.jpg?dr=9640&refresh_token=0e728299&x-expires=1756281600&x-signature=tS0GgCiLeGkDgcLk6z7SpZVRuOE%3D&t=4d5b0474&ps=13740610&shp=30310797&shcp=ff37627b&idc=useast5",
            "_total_reply": 0,
            "_replies": []
        },
        {
            "_comment_id": "7499224594072650527",
            "_username": "adventureavismile",
            "_nickname": "AviSmile",
            "_comment": "GeniUS 💖 ✨",
            "_create_time": "2025-04-30T22:41:50",
            "_avatar": "https://p19-pu-sign-useast8.tiktokcdn-us.com/tos-useast8-avt-0068-tx2/966f2babfc92050977b26693f55b7e0c~tplv-tiktokx-cropcenter:100:100.jpg?dr=9640&refresh_token=d9fa86fa&x-expires=1756281600&x-signature=JiCjYGdUTcPWS3rKGTGfsV%2FZllo%3D&t=4d5b0474&ps=13740610&shp=30310797&shcp=ff37627b&idc=useast5",
            "_total_reply": 1,
            "_replies": [
                {
                    "_comment_id": "7497712442194789152",
                    "_username": "lancome.official",
                    "_nickname": "Lancôme",
                    "_comment": "blushing",
                    "_create_time": "2025-05-01T08:45:01",
                    "_avatar": "https://p19-common-sign-va.tiktokcdn-us.com/tos-maliva-avt-0068/9424f6caa6a8781766ccf45ddf0a0a0d~tplv-tiktokx-cropcenter:100:100.jpg?dr=9640&refresh_token=4e732867&x-expires=1756281600&x-signature=5PN4EHVgtRvUll6IF2OIT9lcCWk%3D&t=4d5b0474&ps=13740610&shp=30310797&shcp=ff37627b&idc=useast5",
                    "_total_reply": null,
                    "_replies": []
                }
            ]
        },
        {
            "_comment_id": "7496830978632680214",
            "_username": "oliviasfavouritelivie",
            "_nickname": "⋆˚࿔ darcie 𝜗𝜚˚⋆💜 ᵒᴿ",
            "_comment": "Hi, I know this is really random but can u ask Olivia if she likes the coraline movie? Idk why I’m really interested because it’s my favourite movie😭💜",
            "_create_time": "2025-04-24T11:53:11",
            "_avatar": "https://p19-common-sign-va.tiktokcdn-us.com/tos-maliva-avt-0068/81a9e440d32a8003074ac79cf754d748~tplv-tiktokx-cropcenter:100:100.jpg?dr=9640&refresh_token=f6170917&x-expires=1756281600&x-signature=z0RWy7Q5lsbfQY%2B03vU69ZVmGOQ%3D&t=4d5b0474&ps=13740610&shp=30310797&shcp=ff37627b&idc=useast5",
            "_total_reply": 0,
            "_replies": []
        },
        {
            "_comment_id": "7496806407032374038",
            "_username": "_c_h_i_4._",
            "_nickname": "🍂🍂🍂",
            "_comment": "Primaaaaa💝💝💝💝",
            "_create_time": "2025-04-24T10:17:52",
            "_avatar": "https://p16-common-sign-va.tiktokcdn-us.com/tos-maliva-avt-0068/28283edaa8163bab3b639e05bf359f0f~tplv-tiktokx-cropcenter:100:100.jpg?dr=9640&refresh_token=9ba7650f&x-expires=1756281600&x-signature=as3DrX3zr%2FJNugzZX7dq%2FBAaSw4%3D&t=4d5b0474&ps=13740610&shp=30310797&shcp=ff37627b&idc=useast5",
            "_total_reply": 0,
            "_replies": []
        },
        {
            "_comment_id": "7499490535808320286",
            "_username": "cristy_b_",
            "_nickname": "Cristy",
            "_comment": "My favorite scent right now! Smells soooooo good! 🤤",
            "_create_time": "2025-05-01T15:53:48",
            "_avatar": "https://p19-common-sign-va.tiktokcdn-us.com/tos-maliva-avt-0068/4011c2a27cafbf98b15a9650f8a357ab~tplv-tiktokx-cropcenter:100:100.jpg?dr=9640&refresh_token=6f926b87&x-expires=1756281600&x-signature=aO1OUhdK%2FL%2B2d3MV%2BB1PZXQJNM8%3D&t=4d5b0474&ps=13740610&shp=30310797&shcp=ff37627b&idc=useast5",
            "_total_reply": 2,
            "_replies": [
                {
                    "_comment_id": "7498101616710157088",
                    "_username": "lancome.official",
                    "_nickname": "Lancôme",
                    "_comment": "it's so divine 🥰 💕",
                    "_create_time": "2025-05-01T22:39:24",
                    "_avatar": "https://p16-common-sign-va.tiktokcdn-us.com/tos-maliva-avt-0068/9424f6caa6a8781766ccf45ddf0a0a0d~tplv-tiktokx-cropcenter:100:100.jpg?dr=9640&refresh_token=2d0d7041&x-expires=1756281600&x-signature=6RRh0sV%2BMiFopbDnto6in1a21L8%3D&t=4d5b0474&ps=13740610&shp=30310797&shcp=ff37627b&idc=useast5",
                    "_total_reply": null,
                    "_replies": []
                },
                {
                    "_comment_id": "7500358206666539807",
                    "_username": "cristy_b_",
                    "_nickname": "Cristy",
                    "_comment": "It really is!! I tell everyone about it.",
                    "_create_time": "2025-05-04T00:00:48",
                    "_avatar": "https://p16-common-sign-va.tiktokcdn-us.com/tos-maliva-avt-0068/4011c2a27cafbf98b15a9650f8a357ab~tplv-tiktokx-cropcenter:100:100.jpg?dr=9640&refresh_token=d212361b&x-expires=1756281600&x-signature=2Zh1qOFYsBV3ZxCAk03LWhD2VW8%3D&t=4d5b0474&ps=13740610&shp=30310797&shcp=ff37627b&idc=useast5",
                    "_total_reply": null,
                    "_replies": []
                }
            ]
        },
        {
            "_comment_id": "7496858076173026070",
            "_username": "mitchthemommy",
            "_nickname": "Michelle Lynch",
            "_comment": "love this",
            "_create_time": "2025-04-24T13:38:22",
            "_avatar": "https://p16-common-sign-useast2a.tiktokcdn-us.com/tos-useast2a-avt-0068-euttp/6920f07878d573199beb7ecf33571583~tplv-tiktokx-cropcenter:100:100.jpg?dr=9640&refresh_token=f935d486&x-expires=1756281600&x-signature=MmR0vJ3LEheUoxoFQWPFNfpa29U%3D&t=4d5b0474&ps=13740610&shp=30310797&shcp=ff37627b&idc=useast5",
            "_total_reply": 0,
            "_replies": []
        },
        {
            "_comment_id": "7497118390474261291",
            "_username": "punkinpowerhouse",
            "_nickname": "Punkin🧚‍♂️🎃🎁",
            "_comment": "id love to collab 💋💋💋",
            "_create_time": "2025-04-25T06:29:10",
            "_avatar": "https://p16-sign.tiktokcdn-us.com/tos-useast5-avt-0068-tx/8f8541897a70c4a90d384cf7840e2aef~tplv-tiktokx-cropcenter:100:100.jpg?dr=9640&refresh_token=3d293a9e&x-expires=1756281600&x-signature=JOdWa%2FP3wrPq9EUMpx0%2FuZSJZLo%3D&t=4d5b0474&ps=13740610&shp=30310797&shcp=ff37627b&idc=useast5",
            "_total_reply": 0,
            "_replies": []
        },
        {
            "_comment_id": "7496857435342390047",
            "_username": "crystalsparkle10",
            "_nickname": "crystalsparkle10",
            "_comment": "3 hour ago",
            "_create_time": "2025-04-24T13:36:29",
            "_avatar": "https://p19-pu-sign-useast8.tiktokcdn-us.com/tos-useast5-avt-0068-tx/7d4d484d75d58a78473c3de4b9426456~tplv-tiktokx-cropcenter:100:100.jpg?dr=9640&refresh_token=f5526bfc&x-expires=1756281600&x-signature=nH33ImjDswYWANb2cTUSvp%2B9SeU%3D&t=4d5b0474&ps=13740610&shp=30310797&shcp=ff37627b&idc=useast5",
            "_total_reply": 0,
            "_replies": []
        },
        {
            "_comment_id": "7496822231450288918",
            "_username": "anca_2024",
            "_nickname": "Anca 💖",
            "_comment": "love it🤩",
            "_create_time": "2025-04-24T11:19:19",
            "_avatar": "https://p16-common-sign-useast2a.tiktokcdn-us.com/tos-useast2a-avt-0068-euttp/4ffd5989450ecc3d5fd91c7e53a095f0~tplv-tiktokx-cropcenter:100:100.jpg?dr=9640&refresh_token=c0499019&x-expires=1756281600&x-signature=u1WqN8jjhCAp8SIH5ebD2W8QULc%3D&t=4d5b0474&ps=13740610&shp=30310797&shcp=ff37627b&idc=useast5",
            "_total_reply": 0,
            "_replies": []
        },
        {
            "_comment_id": "7496824032248840982",
            "_username": "kysa86",
            "_nickname": "𝓐𝓷𝓪  ❃",
            "_comment": "nice and easy 😍",
            "_create_time": "2025-04-24T11:26:16",
            "_avatar": "https://p19-common-sign-va.tiktokcdn-us.com/tos-maliva-avt-0068/cdc8f4abf6618f46dcc3e9b50d3eca99~tplv-tiktokx-cropcenter:100:100.jpg?dr=9640&refresh_token=feca09d1&x-expires=1756281600&x-signature=C5UnpcyUxk%2F2LvBPWzdoKmgXYms%3D&t=4d5b0474&ps=13740610&shp=30310797&shcp=ff37627b&idc=useast5",
            "_total_reply": 0,
            "_replies": []
        },
        {
            "_comment_id": "7496863185611293462",
            "_username": "jaydee_26",
            "_nickname": "Mzjay",
            "_comment": "love this😍",
            "_create_time": "2025-04-24T13:58:11",
            "_avatar": "https://p16-common-sign-va.tiktokcdn-us.com/tos-maliva-avt-0068/b58188d9370cbb137ef4ced30e5e54df~tplv-tiktokx-cropcenter:100:100.jpg?dr=9640&refresh_token=b0d29368&x-expires=1756281600&x-signature=lHdtZ7GG0fhu59TlQK9jZh9wHoo%3D&t=4d5b0474&ps=13740610&shp=30310797&shcp=ff37627b&idc=useast5",
            "_total_reply": 1,
            "_replies": [
                {
                    "_comment_id": "7496785862483591969",
                    "_username": "lancome.official",
                    "_nickname": "Lancôme",
                    "_comment": "love the love 🥰",
                    "_create_time": "2025-04-26T08:45:59",
                    "_avatar": "https://p16-common-sign-va.tiktokcdn-us.com/tos-maliva-avt-0068/9424f6caa6a8781766ccf45ddf0a0a0d~tplv-tiktokx-cropcenter:100:100.jpg?dr=9640&refresh_token=2d0d7041&x-expires=1756281600&x-signature=6RRh0sV%2BMiFopbDnto6in1a21L8%3D&t=4d5b0474&ps=13740610&shp=30310797&shcp=ff37627b&idc=useast5",
                    "_total_reply": null,
                    "_replies": []
                }
            ]
        },
        {
            "_comment_id": "7539309731027206930",
            "_username": "quoc_goldleaf",
            "_nickname": "Anh Quoc",
            "_comment": "🥰🥰🥰",
            "_create_time": "2025-08-16T23:12:32",
            "_avatar": "https://p16-common-sign-sg.tiktokcdn-us.com/tos-alisg-avt-0068/7325595588266115074~tplv-tiktokx-cropcenter:100:100.jpg?dr=9640&refresh_token=2122ce55&x-expires=1756281600&x-signature=ns5SB05yP1qzKLNezXPJCZcDh0M%3D&t=4d5b0474&ps=13740610&shp=30310797&shcp=ff37627b&idc=useast5",
            "_total_reply": 0,
            "_replies": []
        },
        {
            "_comment_id": "7511956268363776776",
            "_username": "mamasal1yeva.m",
            "_nickname": "miss_ledy_05",
            "_comment": "😅",
            "_create_time": "2025-06-04T06:07:03",
            "_avatar": "https://p19-common-sign-sg.tiktokcdn-us.com/tos-alisg-avt-0068/17c2eedc573a7e6e43d13f177e53a977~tplv-tiktokx-cropcenter:100:100.jpg?dr=9640&refresh_token=c85d3b00&x-expires=1756281600&x-signature=D%2BW%2F9GqWnN15EEzS%2F4%2BtEBfAiMQ%3D&t=4d5b0474&ps=13740610&shp=30310797&shcp=ff37627b&idc=useast5",
            "_total_reply": 0,
            "_replies": []
        },
        {
            "_comment_id": "7497014622814880534",
            "_username": "sea2108",
            "_nickname": "SEA💙",
            "_comment": "🥰",
            "_create_time": "2025-04-24T23:45:53",
            "_avatar": "https://p19-common-sign-va.tiktokcdn-us.com/tos-maliva-avt-0068/6c71247e7bcad0691e887682a51ca050~tplv-tiktokx-cropcenter:100:100.jpg?dr=9640&refresh_token=0f7e1f17&x-expires=1756281600&x-signature=kyg%2FgsWm2KwyUEyvQLPC5RZFPjk%3D&t=4d5b0474&ps=13740610&shp=30310797&shcp=ff37627b&idc=useast5",
            "_total_reply": 0,
            "_replies": []
        },
        {
            "_comment_id": "7499474394717143816",
            "_username": "kukis1972",
            "_nickname": "Lulú Montero Villa",
            "_comment": "♥️",
            "_create_time": "2025-05-01T14:50:59",
            "_avatar": "https://p16-common-sign-va.tiktokcdn-us.com/tos-maliva-avt-0068/bb4b8af6b13bf68d80172807d579f3a9~tplv-tiktokx-cropcenter:100:100.jpg?dr=9640&refresh_token=c3712e48&x-expires=1756281600&x-signature=WKKrt63bTcC9nylOLdYQ94VdD%2F0%3D&t=4d5b0474&ps=13740610&shp=30310797&shcp=ff37627b&idc=useast5",
            "_total_reply": 0,
            "_replies": []
        },
        {
            "_comment_id": "7496879737179505431",
            "_username": "joannakoussertariporter",
            "_nickname": "Joanna Koussertari P",
            "_comment": "🥰🥰",
            "_create_time": "2025-04-24T15:02:26",
            "_avatar": "https://p16-common-sign-va.tiktokcdn-us.com/tos-maliva-avt-0068/7332146725190107142~tplv-tiktokx-cropcenter:100:100.jpg?dr=9640&refresh_token=0bf6da7b&x-expires=1756281600&x-signature=xdeoJk3mXCE2WBLErM%2B7qXq%2FC7s%3D&t=4d5b0474&ps=13740610&shp=30310797&shcp=ff37627b&idc=useast5",
            "_total_reply": 0,
            "_replies": []
        },
        {
            "_comment_id": "7496857513183396630",
            "_username": "cleo48346",
            "_nickname": "Cleo",
            "_comment": "🥰🥰",
            "_create_time": "2025-04-24T13:36:07",
            "_avatar": "https://p16-common-sign-useast2a.tiktokcdn-us.com/tos-useast2a-avt-0068-euttp/fb47049ea1aa25285eeb333c568a08e5~tplv-tiktokx-cropcenter:100:100.jpg?dr=9640&refresh_token=e4f2a8af&x-expires=1756281600&x-signature=5Xylho8ZmDD1My8IVAAdBLStjVM%3D&t=4d5b0474&ps=13740610&shp=30310797&shcp=ff37627b&idc=useast5",
            "_total_reply": 0,
            "_replies": []
        },
        {
            "_comment_id": "7496835120680223510",
            "_username": "queeniesss5789",
            "_nickname": "tasha",
            "_comment": "🥰",
            "_create_time": "2025-04-24T12:09:19",
            "_avatar": "https://p19-common-sign-useast2a.tiktokcdn-us.com/tos-useast2a-avt-0068-euttp/b050c287b2caa6d79e833351538d3e02~tplv-tiktokx-cropcenter:100:100.jpg?dr=9640&refresh_token=92c3bd27&x-expires=1756281600&x-signature=ZwQsWYJSri%2F%2B6dV75EHUVodwe9k%3D&t=4d5b0474&ps=13740610&shp=30310797&shcp=ff37627b&idc=useast5",
            "_total_reply": 0,
            "_replies": []
        },
        {
            "_comment_id": "7496806198697673477",
            "_username": "mila_lami.plazma",
            "_nickname": "Mila_lami plazma",
            "_comment": "❤️❤️❤️",
            "_create_time": "2025-04-24T10:17:57",
            "_avatar": "https://p19-common-sign-va.tiktokcdn-us.com/tos-maliva-avt-0068/8a96294302b65d0c979496c15c9c7ccd~tplv-tiktokx-cropcenter:100:100.jpg?dr=9640&refresh_token=15aaa0f4&x-expires=1756281600&x-signature=fWrGcBPKcPFZg4HTEjBVCzMjv20%3D&t=4d5b0474&ps=13740610&shp=30310797&shcp=ff37627b&idc=useast5",
            "_total_reply": 0,
            "_replies": []
        },
        {
            "_comment_id": "7496983701491565317",
            "_username": "ortez_jn",
            "_nickname": "Ortez_jn",
            "_comment": "😁",
            "_create_time": "2025-04-24T21:46:08",
            "_avatar": "https://p16-common-sign-va.tiktokcdn-us.com/tos-maliva-avt-0068/463f4d6350f23b3dd9006e98dd4e74d3~tplv-tiktokx-cropcenter:100:100.jpg?dr=9640&refresh_token=654aacfa&x-expires=1756281600&x-signature=w%2BUUbV7X6vwcuZTZTJBN1uqw5iQ%3D&t=4d5b0474&ps=13740610&shp=30310797&shcp=ff37627b&idc=useast5",
            "_total_reply": 0,
            "_replies": []
        }
    ],
    "total_comments": 20
}