{
    "original_url": "https://www.tiktok.com/@lancome.official/video/7497594736291679510",
    "video_id": "7497594736291679510",
    "description": "Today's the day! Visit us inside @ultabeauty World from 9AM-4PM for fun prizes, sneak peeks, and more. We can't wait to see you! #ultabeautyworld",
    "video_url": "https://m.tiktok.com/v/7497594736291679510.html?_d=0&comment_author_id=7405938643896517664&preview_pb=0&share_comment_id=7497595787078206230&share_item_id=7497594736291679510&sharer_language=en&source=h5_m&u_code=0",
    "tags": [
        "#ultabeautyworld"
    ],
    "comments": [
        {
            "_comment_id": "7497595787078206230",
            "_username": "coco_thatgirl0",
            "_nickname": "𝚌𝚘𝚌𝚘 ✞☆♪",
            "_comment": "Earlyy btw this is eatinggg",
            "_create_time": "2025-04-26T13:21:00",
            "_avatar": "https://p16-common-sign-va.tiktokcdn-us.com/tos-maliva-avt-0068/c42721490d3b3f062210db64148f1804~tplv-tiktokx-cropcenter:100:100.jpg?dr=9640&refresh_token=9cfa3d3d&x-expires=1756281600&x-signature=1CrURCzgKJihjRnm8boi3HeI%2F5E%3D&t=4d5b0474&ps=13740610&shp=30310797&shcp=ff37627b&idc=useast5",
            "_total_reply": 1,
            "_replies": [
                {
                    "_comment_id": "7496784736443220768",
                    "_username": "lancome.official",
                    "_nickname": "Lancôme",
                    "_comment": "Hehehe 🥰 🥹",
                    "_create_time": "2025-04-26T18:38:25",
                    "_avatar": "https://p16-common-sign-va.tiktokcdn-us.com/tos-maliva-avt-0068/9424f6caa6a8781766ccf45ddf0a0a0d~tplv-tiktokx-cropcenter:100:100.jpg?dr=9640&refresh_token=2d0d7041&x-expires=1756281600&x-signature=6RRh0sV%2BMiFopbDnto6in1a21L8%3D&t=4d5b0474&ps=13740610&shp=30310797&shcp=ff37627b&idc=useast5",
                    "_total_reply": null,
                    "_replies": []
                }
            ]
        },
        {
            "_comment_id": "7497749067495424811",
            "_username": "ultabeauty",
            "_nickname": "Ulta Beauty",
            "_comment": "love love love 😍",
            "_create_time": "2025-04-26T23:16:20",
            "_avatar": "https://p19-pu-sign-useast8.tiktokcdn-us.com/tos-useast5-avt-0068-tx/4667b939a2a22c8b460becd88a705b3b~tplv-tiktokx-cropcenter:100:100.jpg?dr=9640&refresh_token=b45642bf&x-expires=1756281600&x-signature=wxOqWzcPB17NvBA8ylHa%2BXkTX%2Fw%3D&t=4d5b0474&ps=13740610&shp=30310797&shcp=ff37627b&idc=useast5",
            "_total_reply": 1,
            "_replies": [
                {
                    "_comment_id": "7496780239868478241",
                    "_username": "lancome.official",
                    "_nickname": "Lancôme",
                    "_comment": "love you bestie ❤️",
                    "_create_time": "2025-04-27T10:57:45",
                    "_avatar": "https://p16-common-sign-va.tiktokcdn-us.com/tos-maliva-avt-0068/9424f6caa6a8781766ccf45ddf0a0a0d~tplv-tiktokx-cropcenter:100:100.jpg?dr=9640&refresh_token=2d0d7041&x-expires=1756281600&x-signature=6RRh0sV%2BMiFopbDnto6in1a21L8%3D&t=4d5b0474&ps=13740610&shp=30310797&shcp=ff37627b&idc=useast5",
                    "_total_reply": null,
                    "_replies": []
                }
            ]
        },
        {
            "_comment_id": "7504545140943880991",
            "_username": "3llie.bell3",
            "_nickname": "E",
            "_comment": "A true daydream in real life",
            "_create_time": "2025-05-15T06:48:45",
            "_avatar": "https://p16-pu-sign-useast8.tiktokcdn-us.com/tos-useast5-avt-0068-tx/44b658dbfefb00784251165d5d8ea633~tplv-tiktokx-cropcenter:100:100.jpg?dr=9640&refresh_token=0ec1d93f&x-expires=1756281600&x-signature=ux%2BwxTxwgm9ArrGHrF2%2BXnRphkI%3D&t=4d5b0474&ps=13740610&shp=30310797&shcp=ff37627b&idc=useast5",
            "_total_reply": 0,
            "_replies": []
        },
        {
            "_comment_id": "7497681235784499990",
            "_username": "kykykhs3",
            "_nickname": "kyk 🕷️",
            "_comment": "beautiful!!",
            "_create_time": "2025-04-26T18:52:35",
            "_avatar": "https://p16-common-sign-useast2a.tiktokcdn-us.com/tos-useast2a-avt-0068-euttp/bbc415f5eb2ed7ab51e2aa0656b115f3~tplv-tiktokx-cropcenter:100:100.jpg?dr=9640&refresh_token=6e71c070&x-expires=1756281600&x-signature=zhOMrUMXyCI5hTppPhcxAvwFQ38%3D&t=4d5b0474&ps=13740610&shp=30310797&shcp=ff37627b&idc=useast5",
            "_total_reply": 1,
            "_replies": [
                {
                    "_comment_id": "7496784736443581216",
                    "_username": "lancome.official",
                    "_nickname": "Lancôme",
                    "_comment": "aww, thank you 🥰",
                    "_create_time": "2025-04-27T10:45:42",
                    "_avatar": "https://p16-common-sign-va.tiktokcdn-us.com/tos-maliva-avt-0068/9424f6caa6a8781766ccf45ddf0a0a0d~tplv-tiktokx-cropcenter:100:100.jpg?dr=9640&refresh_token=2d0d7041&x-expires=1756281600&x-signature=6RRh0sV%2BMiFopbDnto6in1a21L8%3D&t=4d5b0474&ps=13740610&shp=30310797&shcp=ff37627b&idc=useast5",
                    "_total_reply": null,
                    "_replies": []
                }
            ]
        },
        {
            "_comment_id": "7500991313823662870",
            "_username": "contecarmeen",
            "_nickname": "Carmen♡",
            "_comment": "Stunning😍",
            "_create_time": "2025-05-05T16:57:20",
            "_avatar": "https://p16-common-sign-va.tiktokcdn-us.com/tos-maliva-avt-0068/b9e23af290ba04d144d6f5a2a91091b2~tplv-tiktokx-cropcenter:100:100.jpg?dr=9640&refresh_token=15a1b225&x-expires=1756281600&x-signature=QFNV9YQ86a7zk6emy4ruxDV8jtA%3D&t=4d5b0474&ps=13740610&shp=30310797&shcp=ff37627b&idc=useast5",
            "_total_reply": 0,
            "_replies": []
        },
        {
            "_comment_id": "7498417528063083319",
            "_username": "swati_dhunna",
            "_nickname": "Swati",
            "_comment": "How pretty",
            "_create_time": "2025-04-28T18:30:00",
            "_avatar": "https://p16-common-sign-va.tiktokcdn-us.com/tos-maliva-avt-0068/c71497c1416b56b66ff932713f82318f~tplv-tiktokx-cropcenter:100:100.jpg?dr=9640&refresh_token=b18a63e6&x-expires=1756281600&x-signature=n4CZjEPVYSOhoNtRf62LR8ZU2l0%3D&t=4d5b0474&ps=13740610&shp=30310797&shcp=ff37627b&idc=useast5",
            "_total_reply": 0,
            "_replies": []
        },
        {
            "_comment_id": "7497947935733973765",
            "_username": "elizabeth_sebego",
            "_nickname": "Elizabeth_Sebego",
            "_comment": "Love this ❤️",
            "_create_time": "2025-04-27T12:08:08",
            "_avatar": "https://p16-common-sign-va.tiktokcdn-us.com/tos-maliva-avt-0068/67fab081ecff078666d465abffdcd676~tplv-tiktokx-cropcenter:100:100.jpg?dr=9640&refresh_token=b9ee04ad&x-expires=1756281600&x-signature=fry%2BAIA8h9LUIlTlmrwj3mBPYo4%3D&t=4d5b0474&ps=13740610&shp=30310797&shcp=ff37627b&idc=useast5",
            "_total_reply": 0,
            "_replies": []
        },
        {
            "_comment_id": "7499933753994052357",
            "_username": "justroxy_officiel7",
            "_nickname": "R'♡",
            "_comment": "❤❤❤❤🌸 beautyful",
            "_create_time": "2025-05-02T20:33:46",
            "_avatar": "https://p16-common-sign-va.tiktokcdn-us.com/tos-maliva-avt-0068/efeca43c6c6890ccdbdd4f5d1cbe8669~tplv-tiktokx-cropcenter:100:100.jpg?dr=9640&refresh_token=cdcc82d0&x-expires=1756281600&x-signature=qkV70iRPwxzsFaHlYkryYuxGMRw%3D&t=4d5b0474&ps=13740610&shp=30310797&shcp=ff37627b&idc=useast5",
            "_total_reply": 0,
            "_replies": []
        },
        {
            "_comment_id": "7505861429589902102",
            "_username": "claudia.cch",
            "_nickname": "Claudz☁️",
            "_comment": "The lipgloss is a must",
            "_create_time": "2025-05-18T19:55:52",
            "_avatar": "https://p16-common-sign-useast2a.tiktokcdn-us.com/tos-useast2a-avt-0068-euttp/936b4c8a9dc41b3ca49d823d046c36b2~tplv-tiktokx-cropcenter:100:100.jpg?dr=9640&refresh_token=551138fd&x-expires=1756281600&x-signature=NLXfZWjnWXSrHAVS2oG4p1noSwA%3D&t=4d5b0474&ps=13740610&shp=30310797&shcp=ff37627b&idc=useast5",
            "_total_reply": 0,
            "_replies": []
        },
        {
            "_comment_id": "7497990208123601686",
            "_username": "cosylivingugc",
            "_nickname": "CosylivingUCG",
            "_comment": "Wooooooow 👀✨",
            "_create_time": "2025-04-27T14:51:35",
            "_avatar": "https://p16-common-sign-va.tiktokcdn-us.com/tos-maliva-avt-0068/e65ad7ae2cca1a7ab4a34754c65058d3~tplv-tiktokx-cropcenter:100:100.jpg?dr=9640&refresh_token=943c97e2&x-expires=1756281600&x-signature=qYcwU95K2ZWI8NgkXVGOyAHCkHY%3D&t=4d5b0474&ps=13740610&shp=30310797&shcp=ff37627b&idc=useast5",
            "_total_reply": 1,
            "_replies": [
                {
                    "_comment_id": "7496786705778262817",
                    "_username": "lancome.official",
                    "_nickname": "Lancôme",
                    "_comment": "it's iconic ✨",
                    "_create_time": "2025-04-27T16:28:25",
                    "_avatar": "https://p16-common-sign-va.tiktokcdn-us.com/tos-maliva-avt-0068/9424f6caa6a8781766ccf45ddf0a0a0d~tplv-tiktokx-cropcenter:100:100.jpg?dr=9640&refresh_token=2d0d7041&x-expires=1756281600&x-signature=6RRh0sV%2BMiFopbDnto6in1a21L8%3D&t=4d5b0474&ps=13740610&shp=30310797&shcp=ff37627b&idc=useast5",
                    "_total_reply": null,
                    "_replies": []
                }
            ]
        },
        {
            "_comment_id": "7498554736427483947",
            "_username": "mandyrileyanthony",
            "_nickname": "Mandy Riley Anthony",
            "_comment": "Absolutely love this!",
            "_create_time": "2025-04-29T03:22:27",
            "_avatar": "https://p16-pu-sign-useast8.tiktokcdn-us.com/tos-useast5-avt-0068-tx/d30ebe28584a0313a9f274a64d13af73~tplv-tiktokx-cropcenter:100:100.jpg?dr=9640&refresh_token=7c31fe20&x-expires=1756281600&x-signature=fME4xZ2b3LqfN%2FtUY3GGlv2%2FZ1Y%3D&t=4d5b0474&ps=13740610&shp=30310797&shcp=ff37627b&idc=useast5",
            "_total_reply": 0,
            "_replies": []
        },
        {
            "_comment_id": "7501025978372047638",
            "_username": "lilib.92",
            "_nickname": "✞ 𝙻𝚒𝚕𝚢_𝚋𝚎𝚕𝚕𝚎 🌸",
            "_comment": "Love love love ❤️",
            "_create_time": "2025-05-05T19:11:55",
            "_avatar": "https://p16-common-sign-va.tiktokcdn-us.com/tos-maliva-avt-0068/759eeccdd90410abbfa5670b7c75bbf0~tplv-tiktokx-cropcenter:100:100.jpg?dr=9640&refresh_token=2cfb161d&x-expires=1756281600&x-signature=pIcr3KVVMEBU3skJQ784qk4McaE%3D&t=4d5b0474&ps=13740610&shp=30310797&shcp=ff37627b&idc=useast5",
            "_total_reply": 0,
            "_replies": []
        },
        {
            "_comment_id": "7497596706260321046",
            "_username": "livsttx",
            "_nickname": "✩⁺₊⋆ 𝐡𝐚𝐧𝐢𝐥𝐢𝐯𝐬 ⋆⁺₊✩",
            "_comment": "Can i get hi from olivia🥰",
            "_create_time": "2025-04-26T13:24:34",
            "_avatar": "https://p16-common-sign-va.tiktokcdn-us.com/tos-maliva-avt-0068/a9eb31727514a18f8a976d8e251cb9a3~tplv-tiktokx-cropcenter:100:100.jpg?dr=9640&refresh_token=f27f0a45&x-expires=1756281600&x-signature=xu5OmDawV%2BC9Vj5WgFJZKyLztgE%3D&t=4d5b0474&ps=13740610&shp=30310797&shcp=ff37627b&idc=useast5",
            "_total_reply": 1,
            "_replies": [
                {
                    "_comment_id": "7496784247098311457",
                    "_username": "lancome.official",
                    "_nickname": "Lancôme",
                    "_comment": "we're not her, but hiiii 💜",
                    "_create_time": "2025-04-26T18:37:33",
                    "_avatar": "https://p16-common-sign-va.tiktokcdn-us.com/tos-maliva-avt-0068/9424f6caa6a8781766ccf45ddf0a0a0d~tplv-tiktokx-cropcenter:100:100.jpg?dr=9640&refresh_token=2d0d7041&x-expires=1756281600&x-signature=6RRh0sV%2BMiFopbDnto6in1a21L8%3D&t=4d5b0474&ps=13740610&shp=30310797&shcp=ff37627b&idc=useast5",
                    "_total_reply": null,
                    "_replies": []
                }
            ]
        },
        {
            "_comment_id": "7497596896455361322",
            "_username": "lauraine.223",
            "_nickname": "@lauraine223",
            "_comment": "Sooooo good! 💕",
            "_create_time": "2025-04-26T13:26:01",
            "_avatar": "https://p19-common-sign-va.tiktokcdn-us.com/tos-maliva-avt-0068/f419ceaea5946d1f20de8f0ecd16de30~tplv-tiktokx-cropcenter:100:100.jpg?dr=9640&refresh_token=3b81517d&x-expires=1756281600&x-signature=FCmXqUv9V3yd6oEaFkkkywFdRdM%3D&t=4d5b0474&ps=13740610&shp=30310797&shcp=ff37627b&idc=useast5",
            "_total_reply": 1,
            "_replies": [
                {
                    "_comment_id": "7496777211199243040",
                    "_username": "lancome.official",
                    "_nickname": "Lancôme",
                    "_comment": "Right?!! 🥰",
                    "_create_time": "2025-04-26T18:39:11",
                    "_avatar": "https://p16-common-sign-va.tiktokcdn-us.com/tos-maliva-avt-0068/9424f6caa6a8781766ccf45ddf0a0a0d~tplv-tiktokx-cropcenter:100:100.jpg?dr=9640&refresh_token=2d0d7041&x-expires=1756281600&x-signature=6RRh0sV%2BMiFopbDnto6in1a21L8%3D&t=4d5b0474&ps=13740610&shp=30310797&shcp=ff37627b&idc=useast5",
                    "_total_reply": null,
                    "_replies": []
                }
            ]
        },
        {
            "_comment_id": "7497705765303321374",
            "_username": "tk6271",
            "_nickname": "TK",
            "_comment": "The booth looks great. Kudos to Bethany and team!🌹 I can’t believe I didn’t know about this event. I would’ve been first in line.💕",
            "_create_time": "2025-04-26T20:28:03",
            "_avatar": "https://p19-pu-sign-useast8.tiktokcdn-us.com/tos-useast8-avt-0068-tx2/dcf6766c3c411e879bcb30a549a30acb~tplv-tiktokx-cropcenter:100:100.jpg?dr=9640&refresh_token=6e895434&x-expires=1756281600&x-signature=ycvadYveeII8NENyW7XmAQLk5Cw%3D&t=4d5b0474&ps=13740610&shp=30310797&shcp=ff37627b&idc=useast5",
            "_total_reply": 0,
            "_replies": []
        },
        {
            "_comment_id": "7497670612538737430",
            "_username": "mitchthemommy",
            "_nickname": "Michelle Lynch",
            "_comment": "wow",
            "_create_time": "2025-04-26T18:11:21",
            "_avatar": "https://p16-common-sign-useast2a.tiktokcdn-us.com/tos-useast2a-avt-0068-euttp/6920f07878d573199beb7ecf33571583~tplv-tiktokx-cropcenter:100:100.jpg?dr=9640&refresh_token=f935d486&x-expires=1756281600&x-signature=MmR0vJ3LEheUoxoFQWPFNfpa29U%3D&t=4d5b0474&ps=13740610&shp=30310797&shcp=ff37627b&idc=useast5",
            "_total_reply": 2,
            "_replies": [
                {
                    "_comment_id": "7496781136363389728",
                    "_username": "lancome.official",
                    "_nickname": "Lancôme",
                    "_comment": "our thoughts exactly 🥰",
                    "_create_time": "2025-04-26T18:50:40",
                    "_avatar": "https://p16-common-sign-va.tiktokcdn-us.com/tos-maliva-avt-0068/9424f6caa6a8781766ccf45ddf0a0a0d~tplv-tiktokx-cropcenter:100:100.jpg?dr=9640&refresh_token=2d0d7041&x-expires=1756281600&x-signature=6RRh0sV%2BMiFopbDnto6in1a21L8%3D&t=4d5b0474&ps=13740610&shp=30310797&shcp=ff37627b&idc=useast5",
                    "_total_reply": null,
                    "_replies": []
                },
                {
                    "_comment_id": "7497682608127460118",
                    "_username": "mitchthemommy",
                    "_nickname": "Michelle Lynch",
                    "_comment": "❤️",
                    "_create_time": "2025-04-26T18:57:57",
                    "_avatar": "https://p16-common-sign-useast2a.tiktokcdn-us.com/tos-useast2a-avt-0068-euttp/6920f07878d573199beb7ecf33571583~tplv-tiktokx-cropcenter:100:100.jpg?dr=9640&refresh_token=f935d486&x-expires=1756281600&x-signature=MmR0vJ3LEheUoxoFQWPFNfpa29U%3D&t=4d5b0474&ps=13740610&shp=30310797&shcp=ff37627b&idc=useast5",
                    "_total_reply": null,
                    "_replies": []
                }
            ]
        },
        {
            "_comment_id": "7499966899070468906",
            "_username": "sweetmara91",
            "_nickname": "Sweetmara",
            "_comment": "Love this 😍",
            "_create_time": "2025-05-02T22:42:34",
            "_avatar": "https://p19-pu-sign-useast8.tiktokcdn-us.com/tos-useast5-avt-0068-tx/a28974080f2e850b3dd277d059007330~tplv-tiktokx-cropcenter:100:100.jpg?dr=9640&refresh_token=f987dcb2&x-expires=1756281600&x-signature=9BNRvfvYFIpd1iDYQBqB6dePd28%3D&t=4d5b0474&ps=13740610&shp=30310797&shcp=ff37627b&idc=useast5",
            "_total_reply": 0,
            "_replies": []
        },
        {
            "_comment_id": "7497612062878089989",
            "_username": "martica700",
            "_nickname": "Carla Luiza",
            "_comment": "Perfect ❤️",
            "_create_time": "2025-04-26T14:24:32",
            "_avatar": "https://p16-common-sign-va.tiktokcdn-us.com/tos-maliva-avt-0068/faf9e2c28fac904e9cd80a2aada788c9~tplv-tiktokx-cropcenter:100:100.jpg?dr=9640&refresh_token=f1fc0e1a&x-expires=1756281600&x-signature=aLTH24JdScIohTQnpTqSu4AYOVQ%3D&t=4d5b0474&ps=13740610&shp=30310797&shcp=ff37627b&idc=useast5",
            "_total_reply": 0,
            "_replies": []
        },
        {
            "_comment_id": "7497612080989455159",
            "_username": "martica700",
            "_nickname": "Carla Luiza",
            "_comment": "Love 🥰",
            "_create_time": "2025-04-26T14:24:43",
            "_avatar": "https://p16-common-sign-va.tiktokcdn-us.com/tos-maliva-avt-0068/faf9e2c28fac904e9cd80a2aada788c9~tplv-tiktokx-cropcenter:100:100.jpg?dr=9640&refresh_token=f1fc0e1a&x-expires=1756281600&x-signature=aLTH24JdScIohTQnpTqSu4AYOVQ%3D&t=4d5b0474&ps=13740610&shp=30310797&shcp=ff37627b&idc=useast5",
            "_total_reply": 0,
            "_replies": []
        },
        {
            "_comment_id": "7497761862076531478",
            "_username": "amyc3333",
            "_nickname": "amy",
            "_comment": "Love this",
            "_create_time": "2025-04-27T00:05:32",
            "_avatar": "https://p16-common-sign-useast2a.tiktokcdn-us.com/tos-useast2a-avt-0068-euttp/373c2741cc83811383913b9ee25c01d5~tplv-tiktokx-cropcenter:100:100.jpg?dr=9640&refresh_token=62ea7c95&x-expires=1756281600&x-signature=pHYUarwJiB6FavzYtsFGKJr0WhU%3D&t=4d5b0474&ps=13740610&shp=30310797&shcp=ff37627b&idc=useast5",
            "_total_reply": 1,
            "_replies": [
                {
                    "_comment_id": "7496782257865343777",
                    "_username": "lancome.official",
                    "_nickname": "Lancôme",
                    "_comment": "it would be hard not to 🤭 💕",
                    "_create_time": "2025-04-27T10:59:39",
                    "_avatar": "https://p16-common-sign-va.tiktokcdn-us.com/tos-maliva-avt-0068/9424f6caa6a8781766ccf45ddf0a0a0d~tplv-tiktokx-cropcenter:100:100.jpg?dr=9640&refresh_token=2d0d7041&x-expires=1756281600&x-signature=6RRh0sV%2BMiFopbDnto6in1a21L8%3D&t=4d5b0474&ps=13740610&shp=30310797&shcp=ff37627b&idc=useast5",
                    "_total_reply": null,
                    "_replies": []
                }
            ]
        },
        {
            "_comment_id": "7497596856010048286",
            "_username": "rzamollayev",
            "_nickname": "Rza",
            "_comment": "Can’t wait!! 💕💕💕",
            "_create_time": "2025-04-26T13:25:53",
            "_avatar": "https://p19-pu-sign-useast8.tiktokcdn-us.com/tos-useast8-avt-0068-tx2/86067842389bb1f1e33c171eb99ca7e1~tplv-tiktokx-cropcenter:100:100.jpg?dr=9640&refresh_token=3accb08d&x-expires=1756281600&x-signature=ZiU62jNHsjCsW%2B%2BHmHCJQ5XxALc%3D&t=4d5b0474&ps=13740610&shp=30310797&shcp=ff37627b&idc=useast5",
            "_total_reply": 1,
            "_replies": [
                {
                    "_comment_id": "7497597275419296534",
                    "_username": "lancome.official",
                    "_nickname": "Lancôme",
                    "_comment": "Can’t wait to see you! 💕🤭",
                    "_create_time": "2025-04-26T13:26:47",
                    "_avatar": "https://p16-common-sign-va.tiktokcdn-us.com/tos-maliva-avt-0068/9424f6caa6a8781766ccf45ddf0a0a0d~tplv-tiktokx-cropcenter:100:100.jpg?dr=9640&refresh_token=2d0d7041&x-expires=1756281600&x-signature=6RRh0sV%2BMiFopbDnto6in1a21L8%3D&t=4d5b0474&ps=13740610&shp=30310797&shcp=ff37627b&idc=useast5",
                    "_total_reply": null,
                    "_replies": []
                }
            ]
        },
        {
            "_comment_id": "7506948471187374870",
            "_username": "mvt00",
            "_nickname": "mvt",
            "_comment": "are the key ring versions for sale?",
            "_create_time": "2025-05-21T18:14:10",
            "_avatar": "https://p19-common-sign-va.tiktokcdn-us.com/tos-maliva-avt-0068/7329133611578294278~tplv-tiktokx-cropcenter:100:100.jpg?dr=9640&refresh_token=72bdb94e&x-expires=1756281600&x-signature=F34EU%2Bz5xNesbMko%2FRtvQUFqj6c%3D&t=4d5b0474&ps=13740610&shp=30310797&shcp=ff37627b&idc=useast5",
            "_total_reply": 0,
            "_replies": []
        },
        {
            "_comment_id": "7501393289184592662",
            "_username": "kirstyguntrip",
            "_nickname": "Kirsty Guntrip",
            "_comment": "love this so much!",
            "_create_time": "2025-05-06T18:57:16",
            "_avatar": "https://p16-common-sign-va.tiktokcdn-us.com/tos-maliva-avt-0068/7065674844066545669~tplv-tiktokx-cropcenter:100:100.jpg?dr=9640&refresh_token=2df5bef2&x-expires=1756281600&x-signature=AbzNvnuICFmodPsavApFAtB88U4%3D&t=4d5b0474&ps=13740610&shp=30310797&shcp=ff37627b&idc=useast5",
            "_total_reply": 0,
            "_replies": []
        },
        {
            "_comment_id": "7497597635126641451",
            "_username": "nicoletteg._",
            "_nickname": "nicolette 🌷",
            "_comment": "Love this 💕",
            "_create_time": "2025-04-26T13:28:51",
            "_avatar": "https://p16-pu-sign-useast8.tiktokcdn-us.com/tos-useast5-avt-0068-tx/51385e39956a067f6e1491a68f369d9a~tplv-tiktokx-cropcenter:100:100.jpg?dr=9640&refresh_token=7976ab2a&x-expires=1756281600&x-signature=DKlJSS7%2F3nrdWpwyeYXD4G51MkM%3D&t=4d5b0474&ps=13740610&shp=30310797&shcp=ff37627b&idc=useast5",
            "_total_reply": 1,
            "_replies": [
                {
                    "_comment_id": "7496782352954295073",
                    "_username": "lancome.official",
                    "_nickname": "Lancôme",
                    "_comment": "love the love 🥰",
                    "_create_time": "2025-04-26T18:43:03",
                    "_avatar": "https://p16-common-sign-va.tiktokcdn-us.com/tos-maliva-avt-0068/9424f6caa6a8781766ccf45ddf0a0a0d~tplv-tiktokx-cropcenter:100:100.jpg?dr=9640&refresh_token=2d0d7041&x-expires=1756281600&x-signature=6RRh0sV%2BMiFopbDnto6in1a21L8%3D&t=4d5b0474&ps=13740610&shp=30310797&shcp=ff37627b&idc=useast5",
                    "_total_reply": null,
                    "_replies": []
                }
            ]
        },
        {
            "_comment_id": "7497597744426795819",
            "_username": "gisxlle002ugc",
            "_nickname": "Giselle | 𝐒𝐀𝐓𝐗 𝐆𝐢𝐫𝐥𝐲",
            "_comment": "I missed the ticket sale !!!😔",
            "_create_time": "2025-04-26T13:29:39",
            "_avatar": "https://p19-pu-sign-useast8.tiktokcdn-us.com/tos-useast5-avt-0068-tx/db4c28ec441bc5d7fc63902b455b4a6b~tplv-tiktokx-cropcenter:100:100.jpg?dr=9640&refresh_token=417648fb&x-expires=1756281600&x-signature=xlxoD%2BZrgM3QCCN10fNomwLIWIY%3D&t=4d5b0474&ps=13740610&shp=30310797&shcp=ff37627b&idc=useast5",
            "_total_reply": 0,
            "_replies": []
        },
        {
            "_comment_id": "7497622253682721543",
            "_username": "nwaw333",
            "_nickname": "W",
            "_comment": "🥰",
            "_create_time": "2025-04-26T15:03:51",
            "_avatar": "https://p16-common-sign-va.tiktokcdn-us.com/musically-maliva-obj/1594805258216454~tplv-tiktokx-cropcenter:100:100.jpg?dr=9640&refresh_token=e95abb24&x-expires=1756281600&x-signature=3sj6OaLiS8USBUJlFKzdpJPzweM%3D&t=4d5b0474&ps=13740610&shp=30310797&shcp=ff37627b&idc=useast5",
            "_total_reply": 0,
            "_replies": []
        },
        {
            "_comment_id": "7497615211722982166",
            "_username": "jany50443",
            "_nickname": "Jany",
            "_comment": "🥰🥰🥰",
            "_create_time": "2025-04-26T14:36:26",
            "_avatar": "https://p16-common-sign-useast2a.tiktokcdn-us.com/tos-useast2a-avt-0068-euttp/0003762faef4a9c01c42124f1016153a~tplv-tiktokx-cropcenter:100:100.jpg?dr=9640&refresh_token=087f079b&x-expires=1756281600&x-signature=gyNusivtuEQY2%2BlqkcrLsII1%2BKc%3D&t=4d5b0474&ps=13740610&shp=30310797&shcp=ff37627b&idc=useast5",
            "_total_reply": 0,
            "_replies": []
        },
        {
            "_comment_id": "7497974292405224214",
            "_username": "queeniesss5789",
            "_nickname": "tasha",
            "_comment": "❤️❤️",
            "_create_time": "2025-04-27T13:49:49",
            "_avatar": "https://p16-common-sign-useast2a.tiktokcdn-us.com/tos-useast2a-avt-0068-euttp/b050c287b2caa6d79e833351538d3e02~tplv-tiktokx-cropcenter:100:100.jpg?dr=9640&refresh_token=c7834557&x-expires=1756281600&x-signature=pr8dXrxMhwEUBehYqILK6mo3Z7I%3D&t=4d5b0474&ps=13740610&shp=30310797&shcp=ff37627b&idc=useast5",
            "_total_reply": 0,
            "_replies": []
        },
        {
            "_comment_id": "7499939760421995270",
            "_username": "barbiegurl437",
            "_nickname": "𝕨𝕖 𝕝𝕠𝕧𝕖 𝕙𝕖𝕣 💜",
            "_comment": "🌷🌷🌷",
            "_create_time": "2025-05-02T20:57:07",
            "_avatar": "https://p16-common-sign-va.tiktokcdn-us.com/tos-maliva-avt-0068/8eeef25792f871790046ca4c351c1891~tplv-tiktokx-cropcenter:100:100.jpg?dr=9640&refresh_token=373ba890&x-expires=1756281600&x-signature=WaaIA5qwbJC%2FszCTytuGIBFSc2Q%3D&t=4d5b0474&ps=13740610&shp=30310797&shcp=ff37627b&idc=useast5",
            "_total_reply": 0,
            "_replies": []
        },
        {
            "_comment_id": "7497707354151158558",
            "_username": "corinalaila",
            "_nickname": "Corina Laila",
            "_comment": "💕😫",
            "_create_time": "2025-04-26T20:34:09",
            "_avatar": "https://p19-pu-sign-useast8.tiktokcdn-us.com/tos-useast8-avt-0068-tx2/a9c2a83cb250af35793dea14e0f11f47~tplv-tiktokx-cropcenter:100:100.jpg?dr=9640&refresh_token=fcee2f04&x-expires=1756281600&x-signature=qO1oHDkFUCK8s5kLK7AZjEFO86M%3D&t=4d5b0474&ps=13740610&shp=30310797&shcp=ff37627b&idc=useast5",
            "_total_reply": 0,
            "_replies": []
        },
        {
            "_comment_id": "7497673278889181998",
            "_username": "ohitsmags",
            "_nickname": "Maggie",
            "_comment": "🤩🤩🤩🤩",
            "_create_time": "2025-04-26T18:22:09",
            "_avatar": "https://p19-sign.tiktokcdn-us.com/tos-useast5-avt-0068-tx/787566ea278140e2a572404456c60f56~tplv-tiktokx-cropcenter:100:100.jpg?dr=9640&refresh_token=1d33865f&x-expires=1756281600&x-signature=UD%2F5RoglM8KvQjlp9ScHQ9p%2FOjo%3D&t=4d5b0474&ps=13740610&shp=30310797&shcp=ff37627b&idc=useast5",
            "_total_reply": 0,
            "_replies": []
        },
        {
            "_comment_id": "7497937860780458782",
            "_username": "silkethornquist0",
            "_nickname": "Silke Thornquist",
            "_comment": "😂",
            "_create_time": "2025-04-27T11:29:43",
            "_avatar": "https://p16-sign.tiktokcdn-us.com/tos-useast5-avt-0068-tx/6a43ce577af47903580c0ff70c1c5ab8~tplv-tiktokx-cropcenter:100:100.jpg?dr=9640&refresh_token=f3281211&x-expires=1756281600&x-signature=DEYRdev5mDlRwTT6xS6%2Fuvcewmc%3D&t=4d5b0474&ps=13740610&shp=30310797&shcp=ff37627b&idc=useast5",
            "_total_reply": 0,
            "_replies": []
        },
        {
            "_comment_id": "7497956039481312031",
            "_username": "lindsayyyyyyyyy7777",
            "_nickname": "Lindsayyyyyyyyy💖",
            "_comment": "I love you @Lancôme 🥹❤️",
            "_create_time": "2025-04-27T12:39:50",
            "_avatar": "https://p16-common-sign-va.tiktokcdn-us.com/tos-maliva-avt-0068/228d048a278dc53760ac8be4160e41df~tplv-tiktokx-cropcenter:100:100.jpg?dr=9640&refresh_token=a11c9681&x-expires=1756281600&x-signature=iv8QM5xtd5f4kcNXzaOk%2BCzzIlE%3D&t=4d5b0474&ps=13740610&shp=30310797&shcp=ff37627b&idc=useast5",
            "_total_reply": 1,
            "_replies": [
                {
                    "_comment_id": "7496782521703793441",
                    "_username": "lancome.official",
                    "_nickname": "Lancôme",
                    "_comment": "love you more 💕",
                    "_create_time": "2025-04-27T16:23:59",
                    "_avatar": "https://p16-common-sign-va.tiktokcdn-us.com/tos-maliva-avt-0068/9424f6caa6a8781766ccf45ddf0a0a0d~tplv-tiktokx-cropcenter:100:100.jpg?dr=9640&refresh_token=2d0d7041&x-expires=1756281600&x-signature=6RRh0sV%2BMiFopbDnto6in1a21L8%3D&t=4d5b0474&ps=13740610&shp=30310797&shcp=ff37627b&idc=useast5",
                    "_total_reply": null,
                    "_replies": []
                }
            ]
        },
        {
            "_comment_id": "7500589598557422358",
            "_username": "theyluvv.aliciaaa",
            "_nickname": "alicia♡",
            "_comment": "🥰",
            "_create_time": "2025-05-04T14:58:30",
            "_avatar": "https://p16-common-sign-va.tiktokcdn-us.com/tos-maliva-avt-0068/4c06ed1fe238c8d11de69d59ea870519~tplv-tiktokx-cropcenter:100:100.jpg?dr=9640&refresh_token=6a21dab3&x-expires=1756281600&x-signature=BkPNl9QoZDqSVNlbWZSZx%2BBl5OI%3D&t=4d5b0474&ps=13740610&shp=30310797&shcp=ff37627b&idc=useast5",
            "_total_reply": 0,
            "_replies": []
        },
        {
            "_comment_id": "7505924594751390507",
            "_username": "elsselcz6nu",
            "_nickname": "🏃‍♀️",
            "_comment": "🥰🥰🥰",
            "_create_time": "2025-05-19T00:01:18",
            "_avatar": "https://p19-sign.tiktokcdn-us.com/tos-useast5-avt-0068-tx/d2d6cde28ac1d5dde47c57339c028552~tplv-tiktokx-cropcenter:100:100.jpg?dr=9640&refresh_token=26350566&x-expires=1756281600&x-signature=FCw4qaA0Zsa2nzuErBGd22lSGRM%3D&t=4d5b0474&ps=13740610&shp=30310797&shcp=ff37627b&idc=useast5",
            "_total_reply": 0,
            "_replies": []
        },
        {
            "_comment_id": "7498318494515593989",
            "_username": "sandramariasilvad82",
            "_nickname": "sandramariasilvad82",
            "_comment": "🥰🥰🥰",
            "_create_time": "2025-04-28T12:06:18",
            "_avatar": "https://p16-common-sign-va.tiktokcdn-us.com/tos-maliva-avt-0068/7164745139142230022~tplv-tiktokx-cropcenter:100:100.jpg?dr=9640&refresh_token=26175d1e&x-expires=1756281600&x-signature=lW7lYESEQDI%2B%2BaWCKqZFRl9W1RQ%3D&t=4d5b0474&ps=13740610&shp=30310797&shcp=ff37627b&idc=useast5",
            "_total_reply": 0,
            "_replies": []
        }
    ],
    "total_comments": 36
}