{
    "original_url": "https://www.tiktok.com/@lancome.official/video/7499767482207456534",
    "video_id": "7499767482207456534",
    "description": "With Skin Idôle 3 Serum Finecover Cushion, cover, blur and achieve a fresh glow and plump-looking effect to your skin. @emma chamberlain wears it so well!☁️💖 *Skin Idôle 3 Serum Finecover Cushion is currently exclusively available in Asia. #Lancome #LancomexEmma #EmmaChamberlain #SkinIdoleCushion #Makeup #MustHave #Cushion #Foundation",
    "video_url": "https://m.tiktok.com/v/7499767482207456534.html?_d=0&comment_author_id=7471339218490836001&preview_pb=0&share_comment_id=7499768605367370518&share_item_id=7499767482207456534&sharer_language=en&source=h5_m&u_code=0",
    "tags": [
        "#Lancome",
        "#LancomexEmma",
        "#EmmaChamberlain",
        "#SkinIdoleCushion",
        "#Makeup",
        "#MustHave",
        "#Cushion",
        "#Foundation"
    ],
    "comments": [
        {
            "_comment_id": "7499768605367370518",
            "_username": "oliviasfavouritelivie",
            "_nickname": "⋆˚࿔ darcie 𝜗𝜚˚⋆💜 ᵒᴿ",
            "_comment": "No olivia = no buy 😭",
            "_create_time": "2025-05-02T09:52:42",
            "_avatar": "https://p16-common-sign-va.tiktokcdn-us.com/tos-maliva-avt-0068/81a9e440d32a8003074ac79cf754d748~tplv-tiktokx-cropcenter:100:100.jpg?dr=9640&refresh_token=ea47ef38&x-expires=1756281600&x-signature=6ClsN%2F%2Buw0p3oT4EahvPfaw%2BeVE%3D&t=4d5b0474&ps=13740610&shp=30310797&shcp=ff37627b&idc=useast5",
            "_total_reply": 0,
            "_replies": []
        },
        {
            "_comment_id": "7499816756929381127",
            "_username": "ferretdraco1",
            "_nickname": "camm (tabi's version) 🦑♠💜",
            "_comment": "and Olivia??!?!? 🥺",
            "_create_time": "2025-05-02T12:59:38",
            "_avatar": "https://p16-common-sign-sg.tiktokcdn-us.com/tos-alisg-avt-0068/42b77015ee3268a75ea0009446ed2db4~tplv-tiktokx-cropcenter:100:100.jpg?dr=9640&refresh_token=a80ef474&x-expires=1756281600&x-signature=81M1mIpgJVJeW1ik5N10LLqoRYY%3D&t=4d5b0474&ps=13740610&shp=30310797&shcp=ff37627b&idc=useast5",
            "_total_reply": 0,
            "_replies": []
        },
        {
            "_comment_id": "7508209441390002986",
            "_username": "phantompalette",
            "_nickname": "phantompalette",
            "_comment": "Need it!",
            "_create_time": "2025-05-25T03:47:42",
            "_avatar": "https://p16-pu-sign-useast8.tiktokcdn-us.com/tos-useast5-avt-0068-tx/7317748663889952814~tplv-tiktokx-cropcenter:100:100.jpg?dr=9640&refresh_token=40b41958&x-expires=1756281600&x-signature=RSMGZ2F4AWhuCd%2B408ZWIgTxUHY%3D&t=4d5b0474&ps=13740610&shp=30310797&shcp=ff37627b&idc=useast5",
            "_total_reply": 1,
            "_replies": [
                {
                    "_comment_id": "7507244359255966496",
                    "_username": "lancome.official",
                    "_nickname": "Lancôme",
                    "_comment": "it’s calling your name ✨",
                    "_create_time": "2025-05-25T22:07:20",
                    "_avatar": "https://p16-common-sign-va.tiktokcdn-us.com/tos-maliva-avt-0068/9424f6caa6a8781766ccf45ddf0a0a0d~tplv-tiktokx-cropcenter:100:100.jpg?dr=9640&refresh_token=2d0d7041&x-expires=1756281600&x-signature=6RRh0sV%2BMiFopbDnto6in1a21L8%3D&t=4d5b0474&ps=13740610&shp=30310797&shcp=ff37627b&idc=useast5",
                    "_total_reply": null,
                    "_replies": []
                }
            ]
        },
        {
            "_comment_id": "7514301333647409925",
            "_username": "sab_ss23",
            "_nickname": "sabrine kraiem 🇹🇳",
            "_comment": "more glow 🌟🎀",
            "_create_time": "2025-06-10T13:47:08",
            "_avatar": "https://p16-common-sign-va.tiktokcdn-us.com/tos-maliva-avt-0068/1d36c387aeed8bd96ab79cb929751dcb~tplv-tiktokx-cropcenter:100:100.jpg?dr=9640&refresh_token=04d7048b&x-expires=1756281600&x-signature=GHYm%2FZgjpTgwKBoJ9BdiTuCzvjU%3D&t=4d5b0474&ps=13740610&shp=30310797&shcp=ff37627b&idc=useast5",
            "_total_reply": 0,
            "_replies": []
        },
        {
            "_comment_id": "7499768088549163778",
            "_username": "brrrbzbz_",
            "_nickname": "lori",
            "_comment": "Sample😭😭😭",
            "_create_time": "2025-05-02T09:50:39",
            "_avatar": "https://p16-common-sign-va.tiktokcdn-us.com/tos-maliva-avt-0068/714482d7b772a9b7cb657327919d4164~tplv-tiktokx-cropcenter:100:100.jpg?dr=9640&refresh_token=cfc60aeb&x-expires=1756281600&x-signature=5C5wUOYV1fWJ%2FMaIn1gaESB1V0U%3D&t=4d5b0474&ps=13740610&shp=30310797&shcp=ff37627b&idc=useast5",
            "_total_reply": 0,
            "_replies": []
        },
        {
            "_comment_id": "7500250248037794603",
            "_username": "nidia.de.leon8",
            "_nickname": "Nidia De leon",
            "_comment": "I’m obsessed!! 🤩 💝",
            "_create_time": "2025-05-03T17:02:12",
            "_avatar": "https://p19-pu-sign-useast8.tiktokcdn-us.com/tos-useast5-avt-0068-tx/816b72f2ace8ce43013954f0835af521~tplv-tiktokx-cropcenter:100:100.jpg?dr=9640&refresh_token=cb8ad2e7&x-expires=1756281600&x-signature=8CCJm1IRkMUcLUbAMzmcDFshqwM%3D&t=4d5b0474&ps=13740610&shp=30310797&shcp=ff37627b&idc=useast5",
            "_total_reply": 0,
            "_replies": []
        },
        {
            "_comment_id": "7531119306312123142",
            "_username": "katfashionista",
            "_nickname": "Kat La Fashionista | Stylist",
            "_comment": "Es no comedogenica ?",
            "_create_time": "2025-07-25T21:29:27",
            "_avatar": "https://p16-common-sign-va.tiktokcdn-us.com/tos-maliva-avt-0068/79b569ea3ac57b9827461e180d2b794a~tplv-tiktokx-cropcenter:100:100.jpg?dr=9640&refresh_token=e17191e5&x-expires=1756281600&x-signature=JFXQMk%2Fl8Y1kDJQVkH5twtmvc4Q%3D&t=4d5b0474&ps=13740610&shp=30310797&shcp=ff37627b&idc=useast5",
            "_total_reply": 0,
            "_replies": []
        },
        {
            "_comment_id": "7504313024153666326",
            "_username": "sabinapatuno76",
            "_nickname": "Sabina",
            "_comment": "bello",
            "_create_time": "2025-05-14T15:47:17",
            "_avatar": "https://p16-common-sign-va.tiktokcdn-us.com/tos-maliva-avt-0068/4b1e92c22ab35d443ae83fcfb3db14e5~tplv-tiktokx-cropcenter:100:100.jpg?dr=9640&refresh_token=b4f5be03&x-expires=1756281600&x-signature=Sfw77IKwPlimRaROjDRaU1lRnQs%3D&t=4d5b0474&ps=13740610&shp=30310797&shcp=ff37627b&idc=useast5",
            "_total_reply": 0,
            "_replies": []
        },
        {
            "_comment_id": "7499769900580913942",
            "_username": "elmina_bih2",
            "_nickname": "️",
            "_comment": "5.",
            "_create_time": "2025-05-02T09:57:44",
            "_avatar": "https://p16-common-sign-useast2a.tiktokcdn-us.com/tos-useast2a-avt-0068-euttp/f10b5963524fb4196c5012b37e742ca1~tplv-tiktokx-cropcenter:100:100.jpg?dr=9640&refresh_token=6dea123c&x-expires=1756281600&x-signature=C9aAQoutUpEtKQ1dbtMUEZII5tk%3D&t=4d5b0474&ps=13740610&shp=30310797&shcp=ff37627b&idc=useast5",
            "_total_reply": 0,
            "_replies": []
        },
        {
            "_comment_id": "7504700345051366150",
            "_username": "mano3333442",
            "_nickname": "mahnoor | UGC",
            "_comment": "Hiiii Lancome! Would love to work together on your next collab opportunity...",
            "_create_time": "2025-05-15T16:50:44",
            "_avatar": "https://p16-common-sign-sg.tiktokcdn-us.com/tos-alisg-avt-0068/6606bf77e2242a05a1ddb371413c25df~tplv-tiktokx-cropcenter:100:100.jpg?dr=9640&refresh_token=6014af9e&x-expires=1756281600&x-signature=8iV%2BKsIDqkrVommcdUiAaLL1zDE%3D&t=4d5b0474&ps=13740610&shp=30310797&shcp=ff37627b&idc=useast5",
            "_total_reply": 0,
            "_replies": []
        },
        {
            "_comment_id": "7499821237327430422",
            "_username": "mitchthemommy",
            "_nickname": "Michelle Lynch",
            "_comment": "flawless",
            "_create_time": "2025-05-02T13:16:58",
            "_avatar": "https://p16-common-sign-useast2a.tiktokcdn-us.com/tos-useast2a-avt-0068-euttp/6920f07878d573199beb7ecf33571583~tplv-tiktokx-cropcenter:100:100.jpg?dr=9640&refresh_token=f935d486&x-expires=1756281600&x-signature=MmR0vJ3LEheUoxoFQWPFNfpa29U%3D&t=4d5b0474&ps=13740610&shp=30310797&shcp=ff37627b&idc=useast5",
            "_total_reply": 0,
            "_replies": []
        },
        {
            "_comment_id": "7499839742771823366",
            "_username": "swati_dhunna",
            "_nickname": "Swati",
            "_comment": "Obsessed",
            "_create_time": "2025-05-02T14:29:00",
            "_avatar": "https://p16-common-sign-va.tiktokcdn-us.com/tos-maliva-avt-0068/c71497c1416b56b66ff932713f82318f~tplv-tiktokx-cropcenter:100:100.jpg?dr=9640&refresh_token=b18a63e6&x-expires=1756281600&x-signature=n4CZjEPVYSOhoNtRf62LR8ZU2l0%3D&t=4d5b0474&ps=13740610&shp=30310797&shcp=ff37627b&idc=useast5",
            "_total_reply": 0,
            "_replies": []
        },
        {
            "_comment_id": "7500657710561461014",
            "_username": "amyc3333",
            "_nickname": "amy",
            "_comment": "Need it",
            "_create_time": "2025-05-04T19:22:46",
            "_avatar": "https://p16-common-sign-useast2a.tiktokcdn-us.com/tos-useast2a-avt-0068-euttp/373c2741cc83811383913b9ee25c01d5~tplv-tiktokx-cropcenter:100:100.jpg?dr=9640&refresh_token=62ea7c95&x-expires=1756281600&x-signature=pHYUarwJiB6FavzYtsFGKJr0WhU%3D&t=4d5b0474&ps=13740610&shp=30310797&shcp=ff37627b&idc=useast5",
            "_total_reply": 0,
            "_replies": []
        },
        {
            "_comment_id": "7499888590140670725",
            "_username": "carolina.halvarez",
            "_nickname": "Carolina",
            "_comment": "No lo quiero, lo necesito. 🥰",
            "_create_time": "2025-05-02T17:38:47",
            "_avatar": "https://p16-common-sign-va.tiktokcdn-us.com/tos-maliva-avt-0068/f5727e7da6fedfab07e0886b677f5dc0~tplv-tiktokx-cropcenter:100:100.jpg?dr=9640&refresh_token=763bdc08&x-expires=1756281600&x-signature=9LE4fgR3QpJEu2sMuibByOfm5P8%3D&t=4d5b0474&ps=13740610&shp=30310797&shcp=ff37627b&idc=useast5",
            "_total_reply": 0,
            "_replies": []
        },
        {
            "_comment_id": "7499872659275662086",
            "_username": "zainabmannoun",
            "_nickname": "Zai (Taylor’s+Liv’s version)",
            "_comment": "I love this need to try it sooo bad 🫶🏻",
            "_create_time": "2025-05-02T16:36:43",
            "_avatar": "https://p16-common-sign-va.tiktokcdn-us.com/tos-maliva-avt-0068/b78f596326cb6cf623f9554ccd97647b~tplv-tiktokx-cropcenter:100:100.jpg?dr=9640&refresh_token=48c79f45&x-expires=1756281600&x-signature=6hozPk56EpGnenqrT0Tbk%2FBXmoE%3D&t=4d5b0474&ps=13740610&shp=30310797&shcp=ff37627b&idc=useast5",
            "_total_reply": 0,
            "_replies": []
        },
        {
            "_comment_id": "7499897020706997047",
            "_username": "zantino",
            "_nickname": "zantino",
            "_comment": "Mejor Olivia",
            "_create_time": "2025-05-02T18:11:10",
            "_avatar": "https://p16-common-sign-sg.tiktokcdn-us.com/tos-alisg-avt-0068/69d1e59ac95e9ca531138842e05e604e~tplv-tiktokx-cropcenter:100:100.jpg?dr=9640&refresh_token=a2cd2649&x-expires=1756281600&x-signature=xIk%2FDwBmcBJGn8DVKilbafHq8Dw%3D&t=4d5b0474&ps=13740610&shp=30310797&shcp=ff37627b&idc=useast5",
            "_total_reply": 0,
            "_replies": []
        },
        {
            "_comment_id": "7499812673980728087",
            "_username": "theyluvv.aliciaaa",
            "_nickname": "alicia♡",
            "_comment": "🥰",
            "_create_time": "2025-05-02T12:43:40",
            "_avatar": "https://p16-common-sign-va.tiktokcdn-us.com/tos-maliva-avt-0068/4c06ed1fe238c8d11de69d59ea870519~tplv-tiktokx-cropcenter:100:100.jpg?dr=9640&refresh_token=6a21dab3&x-expires=1756281600&x-signature=BkPNl9QoZDqSVNlbWZSZx%2BBl5OI%3D&t=4d5b0474&ps=13740610&shp=30310797&shcp=ff37627b&idc=useast5",
            "_total_reply": 0,
            "_replies": []
        },
        {
            "_comment_id": "7499769732469293846",
            "_username": "moni006197",
            "_nickname": "moni",
            "_comment": "🥰🥰🥰🥰🥰🥰",
            "_create_time": "2025-05-02T09:57:05",
            "_avatar": "https://p16-common-sign-useast2a.tiktokcdn-us.com/tos-useast2a-avt-0068-giso/d337f2d03acef3f525fd826ea4a78bed~tplv-tiktokx-cropcenter:100:100.jpg?dr=9640&refresh_token=14632763&x-expires=1756281600&x-signature=TRzJ9n3eJuRiR3pRjN4k2akv1WU%3D&t=4d5b0474&ps=13740610&shp=30310797&shcp=ff37627b&idc=useast5",
            "_total_reply": 0,
            "_replies": []
        },
        {
            "_comment_id": "7500480627024692023",
            "_username": "aestheticziya",
            "_nickname": "aestheticziya /UGC",
            "_comment": "🥰🥰",
            "_create_time": "2025-05-04T07:56:09",
            "_avatar": "https://p16-common-sign-va.tiktokcdn-us.com/tos-maliva-avt-0068/450fb222cdd7447587fef72fcce5e6e2~tplv-tiktokx-cropcenter:100:100.jpg?dr=9640&refresh_token=5c98ca4a&x-expires=1756281600&x-signature=Go4Ns4%2FgLsIO20vFr%2Bjjn8v3gwM%3D&t=4d5b0474&ps=13740610&shp=30310797&shcp=ff37627b&idc=useast5",
            "_total_reply": 0,
            "_replies": []
        },
        {
            "_comment_id": "7499939661282034438",
            "_username": "barbiegurl437",
            "_nickname": "𝕨𝕖 𝕝𝕠𝕧𝕖 𝕙𝕖𝕣 💜",
            "_comment": "🌷🌷🌷",
            "_create_time": "2025-05-02T20:56:50",
            "_avatar": "https://p16-common-sign-va.tiktokcdn-us.com/tos-maliva-avt-0068/8eeef25792f871790046ca4c351c1891~tplv-tiktokx-cropcenter:100:100.jpg?dr=9640&refresh_token=373ba890&x-expires=1756281600&x-signature=WaaIA5qwbJC%2FszCTytuGIBFSc2Q%3D&t=4d5b0474&ps=13740610&shp=30310797&shcp=ff37627b&idc=useast5",
            "_total_reply": 0,
            "_replies": []
        },
        {
            "_comment_id": "7527152248340005650",
            "_username": "barbieeeeeez",
            "_nickname": "barbieeeeeez",
            "_comment": "😍",
            "_create_time": "2025-07-15T04:55:13",
            "_avatar": "https://p19-common-sign-sg.tiktokcdn-us.com/tos-alisg-avt-0068/3a16a83821d4fa729928815dc0a71006~tplv-tiktokx-cropcenter:100:100.jpg?dr=9640&refresh_token=c51ad0d5&x-expires=1756281600&x-signature=yhVpA8S8QV46SOT%2FWWUzNlBs8zc%3D&t=4d5b0474&ps=13740610&shp=30310797&shcp=ff37627b&idc=useast5",
            "_total_reply": 0,
            "_replies": []
        },
        {
            "_comment_id": "7504755337469002518",
            "_username": "stef.22mp",
            "_nickname": "Stefi.D22",
            "_comment": "💗",
            "_create_time": "2025-05-15T20:23:41",
            "_avatar": "https://p16-common-sign-va.tiktokcdn-us.com/tos-maliva-avt-0068/73bf389cfa6d700f375c57b65c9d26bb~tplv-tiktokx-cropcenter:100:100.jpg?dr=9640&refresh_token=c2023c27&x-expires=1756281600&x-signature=0rAMgpPbnpYdRtIN5E61k3xtANY%3D&t=4d5b0474&ps=13740610&shp=30310797&shcp=ff37627b&idc=useast5",
            "_total_reply": 0,
            "_replies": []
        },
        {
            "_comment_id": "7500607133069165334",
            "_username": "itsamelia577",
            "_nickname": "itsamelia57",
            "_comment": "😍😍😍",
            "_create_time": "2025-05-04T16:06:34",
            "_avatar": "https://p16-common-sign-va.tiktokcdn-us.com/tos-maliva-avt-0068/1b852509688bf9a3ffb69bb8a4449314~tplv-tiktokx-cropcenter:100:100.jpg?dr=9640&refresh_token=be66d3dd&x-expires=1756281600&x-signature=dSQXRy7r%2B7JykcSacSgnn4ofayA%3D&t=4d5b0474&ps=13740610&shp=30310797&shcp=ff37627b&idc=useast5",
            "_total_reply": 0,
            "_replies": []
        },
        {
            "_comment_id": "7499848030615962390",
            "_username": "mirro.sh",
            "_nickname": "mirro.h",
            "_comment": "❤️❤️❤️❤️",
            "_create_time": "2025-05-02T15:00:52",
            "_avatar": "https://p16-common-sign-useast2a.tiktokcdn-us.com/tos-useast2a-avt-0068-euttp/08089a800b09324b3ccdc3ecf419e350~tplv-tiktokx-cropcenter:100:100.jpg?dr=9640&refresh_token=5800a00d&x-expires=1756281600&x-signature=JIuoipyQ8j%2B2D7SWkvDSBJhGAus%3D&t=4d5b0474&ps=13740610&shp=30310797&shcp=ff37627b&idc=useast5",
            "_total_reply": 0,
            "_replies": []
        },
        {
            "_comment_id": "7499842206218257175",
            "_username": "queeniesss5789",
            "_nickname": "tasha",
            "_comment": "♥️♥️",
            "_create_time": "2025-05-02T14:38:18",
            "_avatar": "https://p16-common-sign-useast2a.tiktokcdn-us.com/tos-useast2a-avt-0068-euttp/b050c287b2caa6d79e833351538d3e02~tplv-tiktokx-cropcenter:100:100.jpg?dr=9640&refresh_token=c7834557&x-expires=1756281600&x-signature=pr8dXrxMhwEUBehYqILK6mo3Z7I%3D&t=4d5b0474&ps=13740610&shp=30310797&shcp=ff37627b&idc=useast5",
            "_total_reply": 0,
            "_replies": []
        },
        {
            "_comment_id": "7499828189277078294",
            "_username": "ginte1990",
            "_nickname": "Gintare2004 🍓",
            "_comment": "💗💗💗",
            "_create_time": "2025-05-02T13:43:56",
            "_avatar": "https://p16-common-sign-useast2a.tiktokcdn-us.com/tos-useast2a-avt-0068-euttp/033f760a6798505855d5f7bc59afc238~tplv-tiktokx-cropcenter:100:100.jpg?dr=9640&refresh_token=37e170d8&x-expires=1756281600&x-signature=YLFG5GlnBQcWPAt6QRWNNcLRFyI%3D&t=4d5b0474&ps=13740610&shp=30310797&shcp=ff37627b&idc=useast5",
            "_total_reply": 0,
            "_replies": []
        },
        {
            "_comment_id": "7499826083819553558",
            "_username": "jaydee_26",
            "_nickname": "Mzjay",
            "_comment": "🥰🥰🥰",
            "_create_time": "2025-05-02T13:35:41",
            "_avatar": "https://p16-common-sign-va.tiktokcdn-us.com/tos-maliva-avt-0068/b58188d9370cbb137ef4ced30e5e54df~tplv-tiktokx-cropcenter:100:100.jpg?dr=9640&refresh_token=b0d29368&x-expires=1756281600&x-signature=lHdtZ7GG0fhu59TlQK9jZh9wHoo%3D&t=4d5b0474&ps=13740610&shp=30310797&shcp=ff37627b&idc=useast5",
            "_total_reply": 0,
            "_replies": []
        },
        {
            "_comment_id": "7499821833648505622",
            "_username": "sea2108",
            "_nickname": "SEA💙",
            "_comment": "❤️",
            "_create_time": "2025-05-02T13:19:16",
            "_avatar": "https://p16-common-sign-va.tiktokcdn-us.com/tos-maliva-avt-0068/6c71247e7bcad0691e887682a51ca050~tplv-tiktokx-cropcenter:100:100.jpg?dr=9640&refresh_token=4e7f8602&x-expires=1756281600&x-signature=WM35W%2FMsfih2WU9%2FziHhPMXipe4%3D&t=4d5b0474&ps=13740610&shp=30310797&shcp=ff37627b&idc=useast5",
            "_total_reply": 0,
            "_replies": []
        },
        {
            "_comment_id": "7539309706906436360",
            "_username": "quoc_goldleaf",
            "_nickname": "Anh Quoc",
            "_comment": "🥰🥰🥰",
            "_create_time": "2025-08-16T23:12:36",
            "_avatar": "https://p16-common-sign-sg.tiktokcdn-us.com/tos-alisg-avt-0068/7325595588266115074~tplv-tiktokx-cropcenter:100:100.jpg?dr=9640&refresh_token=2122ce55&x-expires=1756281600&x-signature=ns5SB05yP1qzKLNezXPJCZcDh0M%3D&t=4d5b0474&ps=13740610&shp=30310797&shcp=ff37627b&idc=useast5",
            "_total_reply": 0,
            "_replies": []
        },
        {
            "_comment_id": "7504862439809745670",
            "_username": "renevmorales",
            "_nickname": "Rene V Morales",
            "_comment": "🎅🏻",
            "_create_time": "2025-05-16T03:19:59",
            "_avatar": "https://p16-common-sign-va.tiktokcdn-us.com/tos-maliva-avt-0068/7090321299855114246~tplv-tiktokx-cropcenter:100:100.jpg?dr=9640&refresh_token=292cdf42&x-expires=1756281600&x-signature=gCnMQx2k6baYH8EgRdcxXsqkM2k%3D&t=4d5b0474&ps=13740610&shp=30310797&shcp=ff37627b&idc=useast5",
            "_total_reply": 0,
            "_replies": []
        },
        {
            "_comment_id": "7499884574820172566",
            "_username": "jany50443",
            "_nickname": "Jany",
            "_comment": "🥰🥰🥰",
            "_create_time": "2025-05-02T17:22:43",
            "_avatar": "https://p16-common-sign-useast2a.tiktokcdn-us.com/tos-useast2a-avt-0068-euttp/0003762faef4a9c01c42124f1016153a~tplv-tiktokx-cropcenter:100:100.jpg?dr=9640&refresh_token=087f079b&x-expires=1756281600&x-signature=gyNusivtuEQY2%2BlqkcrLsII1%2BKc%3D&t=4d5b0474&ps=13740610&shp=30310797&shcp=ff37627b&idc=useast5",
            "_total_reply": 0,
            "_replies": []
        },
        {
            "_comment_id": "7499858653855073046",
            "_username": "veroat87",
            "_nickname": "VeroAt",
            "_comment": "😍💖✨",
            "_create_time": "2025-05-02T15:42:08",
            "_avatar": "https://p16-common-sign-va.tiktokcdn-us.com/tos-maliva-avt-0068/ac0da8fdf1e1f20add92437e4895e5ee~tplv-tiktokx-cropcenter:100:100.jpg?dr=9640&refresh_token=ccff9829&x-expires=1756281600&x-signature=TB2cKExGD5eL7xvQXgx85GlXvJs%3D&t=4d5b0474&ps=13740610&shp=30310797&shcp=ff37627b&idc=useast5",
            "_total_reply": 0,
            "_replies": []
        },
        {
            "_comment_id": "7499768613227758358",
            "_username": "oliviasfavouritelivie",
            "_nickname": "⋆˚࿔ darcie 𝜗𝜚˚⋆💜 ᵒᴿ",
            "_comment": "SORRY BUT OLIVIA RODRIGO WON THIS TREND 😭😭",
            "_create_time": "2025-05-02T09:52:45",
            "_avatar": "https://p16-common-sign-va.tiktokcdn-us.com/tos-maliva-avt-0068/81a9e440d32a8003074ac79cf754d748~tplv-tiktokx-cropcenter:100:100.jpg?dr=9640&refresh_token=ea47ef38&x-expires=1756281600&x-signature=6ClsN%2F%2Buw0p3oT4EahvPfaw%2BeVE%3D&t=4d5b0474&ps=13740610&shp=30310797&shcp=ff37627b&idc=useast5",
            "_total_reply": 0,
            "_replies": []
        }
    ],
    "total_comments": 33
}