{
    "original_url": "https://www.tiktok.com/@lancome.official/video/7500233440621628705",
    "video_id": "7500233440621628705",
    "description": "",
    "video_url": "",
    "tags": [],
    "comments": [
        {
            "_comment_id": "7500275832628806418",
            "_username": "user619473939373",
            "_nickname": "🌸",
            "_comment": "Zhang Jingyi ❤️❤️❤️",
            "_create_time": "2025-05-03T18:41:09",
            "_avatar": "https://p16-common-sign-sg.tiktokcdn-us.com/tos-alisg-avt-0068/23d05311b5a03edb40e3d4bac7114b46~tplv-tiktokx-cropcenter:100:100.jpg?dr=9640&refresh_token=667b2723&x-expires=1756281600&x-signature=vsm7605a4BcMkuwhZNqgw24bZrU%3D&t=4d5b0474&ps=13740610&shp=30310797&shcp=ff37627b&idc=useast5",
            "_total_reply": 0,
            "_replies": []
        },
        {
            "_comment_id": "7517328510306812727",
            "_username": "princessjasminealaddin17",
            "_nickname": "PrincessJasmine💙🧞‍♂️🕌",
            "_comment": "Early Sample Please my favorite Glow Shade Product Make-up So Stunning and Pretty ✨️✨️✨️✨️✨️💋💋💋💋💋💄💄💄💄💄😍😍😍😍😍🥰🥰🥰🥰🥰❤️❤️❤️❤️❤️❣️❣️❣️❣️❣️",
            "_create_time": "2025-06-18T17:34:06",
            "_avatar": "https://p19-sign.tiktokcdn-us.com/tos-useast5-avt-0068-tx/7349155352849416235~tplv-tiktokx-cropcenter:100:100.jpg?dr=9640&refresh_token=53bc2fd0&x-expires=1756281600&x-signature=13Deh4pPvUDuqtrAEZHabrjOAos%3D&t=4d5b0474&ps=13740610&shp=30310797&shcp=ff37627b&idc=useast5",
            "_total_reply": 0,
            "_replies": []
        },
        {
            "_comment_id": "7506216603425096470",
            "_username": "yves0399",
            "_nickname": "Yves",
            "_comment": "Sample tok",
            "_create_time": "2025-05-19T18:54:09",
            "_avatar": "https://p16-common-sign-useast2a.tiktokcdn-us.com/tos-useast2a-avt-0068-euttp/e9b21c0c2e89aca674de2fa8287865d6~tplv-tiktokx-cropcenter:100:100.jpg?dr=9640&refresh_token=a3981290&x-expires=1756281600&x-signature=YXFA4zvGMJ5jMsAJj1sjiodVi9w%3D&t=4d5b0474&ps=13740610&shp=30310797&shcp=ff37627b&idc=useast5",
            "_total_reply": 0,
            "_replies": []
        },
        {
            "_comment_id": "7520551254285599510",
            "_username": "bouquetlilyy",
            "_nickname": "lily ♡🦋",
            "_comment": "sample",
            "_create_time": "2025-06-27T10:00:08",
            "_avatar": "https://p16-common-sign-va.tiktokcdn-us.com/tos-maliva-avt-0068/09827a7188e1c6f0a6d99f9d46fceaf0~tplv-tiktokx-cropcenter:100:100.jpg?dr=9640&refresh_token=c99f5c2a&x-expires=1756281600&x-signature=DuHkOA2GgMkybHwhOQHfdppqREc%3D&t=4d5b0474&ps=13740610&shp=30310797&shcp=ff37627b&idc=useast5",
            "_total_reply": 0,
            "_replies": []
        },
        {
            "_comment_id": "7522665487696691973",
            "_username": "brookelynnbaume",
            "_nickname": "Livie4life🎶🦋",
            "_comment": "tell olivia im her biggest fan 💜💜",
            "_create_time": "2025-07-03T02:44:18",
            "_avatar": "https://p16-common-sign-va.tiktokcdn-us.com/tos-maliva-avt-0068/6edff8a064238c9e3fa1d6d44ac3a2f4~tplv-tiktokx-cropcenter:100:100.jpg?dr=9640&refresh_token=0943ba29&x-expires=1756281600&x-signature=GpSyMI6Ye%2Ff8DSXY9znnvpYZHl8%3D&t=4d5b0474&ps=13740610&shp=30310797&shcp=ff37627b&idc=useast5",
            "_total_reply": 0,
            "_replies": []
        },
        {
            "_comment_id": "7505586465892614929",
            "_username": "sakurawoni",
            "_nickname": "𐙚 ‧˚ Fleur ౨ৎ˚࣪|| UGC CREATOR",
            "_comment": "OMG I LOVE THIS SOSO MUCH 💓💓🔥🔥AND",
            "_create_time": "2025-05-18T02:09:17",
            "_avatar": "https://p16-common-sign-sg.tiktokcdn-us.com/tos-alisg-avt-0068/19b3b6d4fdaccf9bf25613cc033a0b17~tplv-tiktokx-cropcenter:100:100.jpg?dr=9640&refresh_token=85c6b69c&x-expires=1756281600&x-signature=%2Bqmkyt4WyOgc4G4d2khbOOZ5VKk%3D&t=4d5b0474&ps=13740610&shp=30310797&shcp=ff37627b&idc=useast5",
            "_total_reply": 0,
            "_replies": []
        },
        {
            "_comment_id": "7519540259744645896",
            "_username": "jaberkhan33456",
            "_nickname": "Jaberkhan33456",
            "_comment": "Absolutely 💯💯💯",
            "_create_time": "2025-06-24T16:36:46",
            "_avatar": "https://p16-common-sign-useast2a.tiktokcdn-us.com/tos-useast2a-avt-0068-giso/de7c30f440850fcf2b87398f1fe88ca3~tplv-tiktokx-cropcenter:100:100.jpg?dr=9640&refresh_token=b4b3d3e2&x-expires=1756281600&x-signature=PK1JUj1ghjwTyMO0S5BKpslQtZE%3D&t=4d5b0474&ps=13740610&shp=30310797&shcp=ff37627b&idc=useast5",
            "_total_reply": 0,
            "_replies": []
        },
        {
            "_comment_id": "7520149694523130646",
            "_username": "madzik110",
            "_nickname": "madzik110",
            "_comment": "i dont' have it in Poland. ;(",
            "_create_time": "2025-06-26T08:01:57",
            "_avatar": "https://p16-common-sign-va.tiktokcdn-us.com/tos-maliva-avt-0068/68f285b8b2005d3f7fd56fe029dab999~tplv-tiktokx-cropcenter:100:100.jpg?dr=9640&refresh_token=4290e2a2&x-expires=1756281600&x-signature=vl%2FsPL%2BI4YF9NgQ4a1aYYZgc0EY%3D&t=4d5b0474&ps=13740610&shp=30310797&shcp=ff37627b&idc=useast5",
            "_total_reply": 0,
            "_replies": []
        },
        {
            "_comment_id": "7504988375726097174",
            "_username": "obviidanni",
            "_nickname": "obviidanni",
            "_comment": "where is queen Olivia? : (",
            "_create_time": "2025-05-16T11:28:10",
            "_avatar": "https://p16-common-sign-va.tiktokcdn-us.com/tos-maliva-avt-0068/329e4783c1df0233f2ec7cf4bd04d98e~tplv-tiktokx-cropcenter:100:100.jpg?dr=9640&refresh_token=f8b92b27&x-expires=1756281600&x-signature=7wUJTWd5hgeAnMW2hvlguY4xoWg%3D&t=4d5b0474&ps=13740610&shp=30310797&shcp=ff37627b&idc=useast5",
            "_total_reply": 0,
            "_replies": []
        },
        {
            "_comment_id": "7500249873746805550",
            "_username": "nidia.de.leon8",
            "_nickname": "Nidia De leon",
            "_comment": "I want this !! 💝",
            "_create_time": "2025-05-03T17:00:43",
            "_avatar": "https://p16-pu-sign-useast8.tiktokcdn-us.com/tos-useast5-avt-0068-tx/816b72f2ace8ce43013954f0835af521~tplv-tiktokx-cropcenter:100:100.jpg?dr=9640&refresh_token=460d8074&x-expires=1756281600&x-signature=EL3lBJMIcFx7aok5R0CbgTuF9nA%3D&t=4d5b0474&ps=13740610&shp=30310797&shcp=ff37627b&idc=useast5",
            "_total_reply": 1,
            "_replies": [
                {
                    "_comment_id": "7500317717959492374",
                    "_username": "lancome.official",
                    "_nickname": "Lancôme",
                    "_comment": "can’t wait for you to try it 💕",
                    "_create_time": "2025-05-03T21:23:29",
                    "_avatar": "https://p16-common-sign-va.tiktokcdn-us.com/tos-maliva-avt-0068/9424f6caa6a8781766ccf45ddf0a0a0d~tplv-tiktokx-cropcenter:100:100.jpg?dr=9640&refresh_token=2d0d7041&x-expires=1756281600&x-signature=6RRh0sV%2BMiFopbDnto6in1a21L8%3D&t=4d5b0474&ps=13740610&shp=30310797&shcp=ff37627b&idc=useast5",
                    "_total_reply": null,
                    "_replies": []
                }
            ]
        },
        {
            "_comment_id": "7500657781268267798",
            "_username": "amyc3333",
            "_nickname": "amy",
            "_comment": "Need it",
            "_create_time": "2025-05-04T19:23:03",
            "_avatar": "https://p19-common-sign-useast2a.tiktokcdn-us.com/tos-useast2a-avt-0068-euttp/373c2741cc83811383913b9ee25c01d5~tplv-tiktokx-cropcenter:100:100.jpg?dr=9640&refresh_token=4708988a&x-expires=1756281600&x-signature=mHEh4mbNM9Wzc3m2iFSOuIS7ogI%3D&t=4d5b0474&ps=13740610&shp=30310797&shcp=ff37627b&idc=useast5",
            "_total_reply": 0,
            "_replies": []
        },
        {
            "_comment_id": "7502812972683756290",
            "_username": "mokoro72",
            "_nickname": "MICHELLE!",
            "_comment": "glowing 🤩",
            "_create_time": "2025-05-10T14:46:20",
            "_avatar": "https://p16-common-sign-va.tiktokcdn-us.com/tos-maliva-avt-0068/5789a0b2d8d852e87a9b2fe9e0b05371~tplv-tiktokx-cropcenter:100:100.jpg?dr=9640&refresh_token=86f3f0a2&x-expires=1756281600&x-signature=Yu0g%2FmkQC3bt%2BcpARArHT8SU4N4%3D&t=4d5b0474&ps=13740610&shp=30310797&shcp=ff37627b&idc=useast5",
            "_total_reply": 1,
            "_replies": [
                {
                    "_comment_id": "7501623825369842464",
                    "_username": "lancome.official",
                    "_nickname": "Lancôme",
                    "_comment": "Absolutely 😍 ✨",
                    "_create_time": "2025-05-10T21:05:58",
                    "_avatar": "https://p16-common-sign-va.tiktokcdn-us.com/tos-maliva-avt-0068/9424f6caa6a8781766ccf45ddf0a0a0d~tplv-tiktokx-cropcenter:100:100.jpg?dr=9640&refresh_token=2d0d7041&x-expires=1756281600&x-signature=6RRh0sV%2BMiFopbDnto6in1a21L8%3D&t=4d5b0474&ps=13740610&shp=30310797&shcp=ff37627b&idc=useast5",
                    "_total_reply": null,
                    "_replies": []
                }
            ]
        },
        {
            "_comment_id": "7500665880158831415",
            "_username": "gvundi",
            "_nickname": "gvundi",
            "_comment": "🥰🥰🥰🥰waiting",
            "_create_time": "2025-05-04T19:54:44",
            "_avatar": "https://p16-common-sign-va.tiktokcdn-us.com/tos-maliva-avt-0068/fb0177b969864c67601ea4488043235f~tplv-tiktokx-cropcenter:100:100.jpg?dr=9640&refresh_token=6583316e&x-expires=1756281600&x-signature=wacfJO%2Bw2f0%2BQwFoy8NGfMGiOlU%3D&t=4d5b0474&ps=13740610&shp=30310797&shcp=ff37627b&idc=useast5",
            "_total_reply": 0,
            "_replies": []
        },
        {
            "_comment_id": "7508781591276487466",
            "_username": "lilwishingstar",
            "_nickname": "lilwishingstar",
            "_comment": "Sample",
            "_create_time": "2025-05-26T16:47:59",
            "_avatar": "https://p16-sign.tiktokcdn-us.com/tos-useast5-avt-0068-tx/7b299aa236ff45001911883b5565eaf6~tplv-tiktokx-cropcenter:100:100.jpg?dr=9640&refresh_token=9e2e8026&x-expires=1756281600&x-signature=NR4E%2BgmbgVifGGSAvvGfYpJINUM%3D&t=4d5b0474&ps=13740610&shp=30310797&shcp=ff37627b&idc=useast5",
            "_total_reply": 0,
            "_replies": []
        },
        {
            "_comment_id": "7502087179004134166",
            "_username": "noturmedinaa",
            "_nickname": "️m🪼",
            "_comment": "PRETTYY",
            "_create_time": "2025-05-08T15:49:55",
            "_avatar": "https://p16-common-sign-va.tiktokcdn-us.com/tos-maliva-avt-0068/b6bae4115311c3812bdcf63326d58219~tplv-tiktokx-cropcenter:100:100.jpg?dr=9640&refresh_token=2eb06ce4&x-expires=1756281600&x-signature=AfRvqNYZV%2F4FATx0oCcho76Fls4%3D&t=4d5b0474&ps=13740610&shp=30310797&shcp=ff37627b&idc=useast5",
            "_total_reply": 1,
            "_replies": [
                {
                    "_comment_id": "7501619907474998048",
                    "_username": "lancome.official",
                    "_nickname": "Lancôme",
                    "_comment": "the prettiest 💕",
                    "_create_time": "2025-05-08T17:47:19",
                    "_avatar": "https://p16-common-sign-va.tiktokcdn-us.com/tos-maliva-avt-0068/9424f6caa6a8781766ccf45ddf0a0a0d~tplv-tiktokx-cropcenter:100:100.jpg?dr=9640&refresh_token=2d0d7041&x-expires=1756281600&x-signature=6RRh0sV%2BMiFopbDnto6in1a21L8%3D&t=4d5b0474&ps=13740610&shp=30310797&shcp=ff37627b&idc=useast5",
                    "_total_reply": null,
                    "_replies": []
                }
            ]
        },
        {
            "_comment_id": "7504869129570583342",
            "_username": "bethhill_18",
            "_nickname": "Beth Hill",
            "_comment": "What is this?! I need to try this!!!",
            "_create_time": "2025-05-16T03:45:36",
            "_avatar": "https://p16-sign.tiktokcdn-us.com/tos-useast5-avt-0068-tx/ac5e90fbace8feff75d332d21d1c823e~tplv-tiktokx-cropcenter:100:100.jpg?dr=9640&refresh_token=6506e05e&x-expires=1756281600&x-signature=NvXCYZUvgC6Y5%2F7UzsCSBzOYis8%3D&t=4d5b0474&ps=13740610&shp=30310797&shcp=ff37627b&idc=useast5",
            "_total_reply": 0,
            "_replies": []
        },
        {
            "_comment_id": "7501496019583533870",
            "_username": "rae.dang",
            "_nickname": "Rae Dang",
            "_comment": "Obsessed",
            "_create_time": "2025-05-07T01:36:04",
            "_avatar": "https://p19-pu-sign-useast8.tiktokcdn-us.com/tos-useast8-avt-0068-tx2/c3eb56285bcc0c62ea8a0569fe6fec03~tplv-tiktokx-cropcenter:100:100.jpg?dr=9640&refresh_token=66e9b53b&x-expires=1756281600&x-signature=epYomjkZ9yCYNMG%2Bwkh0sZTGOe8%3D&t=4d5b0474&ps=13740610&shp=30310797&shcp=ff37627b&idc=useast5",
            "_total_reply": 0,
            "_replies": []
        },
        {
            "_comment_id": "7500788120759091973",
            "_username": "swati_dhunna",
            "_nickname": "Swati",
            "_comment": "I want to try this asap",
            "_create_time": "2025-05-05T03:49:43",
            "_avatar": "https://p16-common-sign-va.tiktokcdn-us.com/tos-maliva-avt-0068/c71497c1416b56b66ff932713f82318f~tplv-tiktokx-cropcenter:100:100.jpg?dr=9640&refresh_token=b18a63e6&x-expires=1756281600&x-signature=n4CZjEPVYSOhoNtRf62LR8ZU2l0%3D&t=4d5b0474&ps=13740610&shp=30310797&shcp=ff37627b&idc=useast5",
            "_total_reply": 1,
            "_replies": [
                {
                    "_comment_id": "7501351739011007254",
                    "_username": "lancome.official",
                    "_nickname": "Lancôme",
                    "_comment": "It’s a MUST 💖",
                    "_create_time": "2025-05-06T16:15:59",
                    "_avatar": "https://p16-common-sign-va.tiktokcdn-us.com/tos-maliva-avt-0068/9424f6caa6a8781766ccf45ddf0a0a0d~tplv-tiktokx-cropcenter:100:100.jpg?dr=9640&refresh_token=2d0d7041&x-expires=1756281600&x-signature=6RRh0sV%2BMiFopbDnto6in1a21L8%3D&t=4d5b0474&ps=13740610&shp=30310797&shcp=ff37627b&idc=useast5",
                    "_total_reply": null,
                    "_replies": []
                }
            ]
        },
        {
            "_comment_id": "7500325447092880150",
            "_username": "kysa86",
            "_nickname": "𝓐𝓷𝓪  ❃",
            "_comment": "even the packaging is beautiful 😍",
            "_create_time": "2025-05-03T21:53:28",
            "_avatar": "https://p16-common-sign-va.tiktokcdn-us.com/tos-maliva-avt-0068/cdc8f4abf6618f46dcc3e9b50d3eca99~tplv-tiktokx-cropcenter:100:100.jpg?dr=9640&refresh_token=1d96844f&x-expires=1756281600&x-signature=TGFMlXAnfpH1FgWVDLssKr60iT8%3D&t=4d5b0474&ps=13740610&shp=30310797&shcp=ff37627b&idc=useast5",
            "_total_reply": 1,
            "_replies": [
                {
                    "_comment_id": "7501351665199858454",
                    "_username": "lancome.official",
                    "_nickname": "Lancôme",
                    "_comment": "Heheh you know how we do 💅",
                    "_create_time": "2025-05-06T16:15:43",
                    "_avatar": "https://p16-common-sign-va.tiktokcdn-us.com/tos-maliva-avt-0068/9424f6caa6a8781766ccf45ddf0a0a0d~tplv-tiktokx-cropcenter:100:100.jpg?dr=9640&refresh_token=2d0d7041&x-expires=1756281600&x-signature=6RRh0sV%2BMiFopbDnto6in1a21L8%3D&t=4d5b0474&ps=13740610&shp=30310797&shcp=ff37627b&idc=useast5",
                    "_total_reply": null,
                    "_replies": []
                }
            ]
        },
        {
            "_comment_id": "7500235224414405398",
            "_username": "user6141013131857x",
            "_nickname": "𝓢𝓪𝓿𝓪𝓷𝓷𝓪𝓱 ✪",
            "_comment": "WOaH FIrStT",
            "_create_time": "2025-05-03T16:03:26",
            "_avatar": "https://p16-common-sign-va.tiktokcdn-us.com/tos-maliva-avt-0068/7e8d8ce0177705621aa2150f3790d827~tplv-tiktokx-cropcenter:100:100.jpg?dr=9640&refresh_token=fb1f7ab4&x-expires=1756281600&x-signature=d8PfTBpvYwcFR55grhJf%2BP2P%2FNU%3D&t=4d5b0474&ps=13740610&shp=30310797&shcp=ff37627b&idc=useast5",
            "_total_reply": 2,
            "_replies": [
                {
                    "_comment_id": "7500317775840936726",
                    "_username": "lancome.official",
                    "_nickname": "Lancôme",
                    "_comment": "heyyy",
                    "_create_time": "2025-05-03T21:23:41",
                    "_avatar": "https://p16-common-sign-va.tiktokcdn-us.com/tos-maliva-avt-0068/9424f6caa6a8781766ccf45ddf0a0a0d~tplv-tiktokx-cropcenter:100:100.jpg?dr=9640&refresh_token=2d0d7041&x-expires=1756281600&x-signature=6RRh0sV%2BMiFopbDnto6in1a21L8%3D&t=4d5b0474&ps=13740610&shp=30310797&shcp=ff37627b&idc=useast5",
                    "_total_reply": null,
                    "_replies": []
                },
                {
                    "_comment_id": "7500366342051382038",
                    "_username": "user6141013131857x",
                    "_nickname": "𝓢𝓪𝓿𝓪𝓷𝓷𝓪𝓱 ✪",
                    "_comment": "heyy girlll",
                    "_create_time": "2025-05-04T00:32:16",
                    "_avatar": "https://p16-common-sign-va.tiktokcdn-us.com/tos-maliva-avt-0068/7e8d8ce0177705621aa2150f3790d827~tplv-tiktokx-cropcenter:100:100.jpg?dr=9640&refresh_token=fb1f7ab4&x-expires=1756281600&x-signature=d8PfTBpvYwcFR55grhJf%2BP2P%2FNU%3D&t=4d5b0474&ps=13740610&shp=30310797&shcp=ff37627b&idc=useast5",
                    "_total_reply": null,
                    "_replies": []
                }
            ]
        },
        {
            "_comment_id": "7531870062685815574",
            "_username": "latrview",
            "_nickname": "latrview",
            "_comment": "Pk no esta en España?🥺🥺🥺",
            "_create_time": "2025-07-27T22:02:46",
            "_avatar": "https://p16-common-sign-useast2a.tiktokcdn-us.com/tos-useast2a-avt-0068-euttp/b6a5a0251a01051d78a9290768c2c6c1~tplv-tiktokx-cropcenter:100:100.jpg?dr=9640&refresh_token=85326a1a&x-expires=1756281600&x-signature=mIvZlT3WUqagkeSgDjrf1d8AzLI%3D&t=4d5b0474&ps=13740610&shp=30310797&shcp=ff37627b&idc=useast5",
            "_total_reply": 0,
            "_replies": []
        },
        {
            "_comment_id": "7504286823226999574",
            "_username": "sabinapatuno76",
            "_nickname": "Sabina",
            "_comment": "❤️",
            "_create_time": "2025-05-14T14:05:42",
            "_avatar": "https://p16-common-sign-va.tiktokcdn-us.com/tos-maliva-avt-0068/4b1e92c22ab35d443ae83fcfb3db14e5~tplv-tiktokx-cropcenter:100:100.jpg?dr=9640&refresh_token=b4f5be03&x-expires=1756281600&x-signature=Sfw77IKwPlimRaROjDRaU1lRnQs%3D&t=4d5b0474&ps=13740610&shp=30310797&shcp=ff37627b&idc=useast5",
            "_total_reply": 0,
            "_replies": []
        },
        {
            "_comment_id": "7504756550918521622",
            "_username": "stef.22mp",
            "_nickname": "Stefi.D22",
            "_comment": "🥰",
            "_create_time": "2025-05-15T20:28:23",
            "_avatar": "https://p16-common-sign-va.tiktokcdn-us.com/tos-maliva-avt-0068/73bf389cfa6d700f375c57b65c9d26bb~tplv-tiktokx-cropcenter:100:100.jpg?dr=9640&refresh_token=c2023c27&x-expires=1756281600&x-signature=0rAMgpPbnpYdRtIN5E61k3xtANY%3D&t=4d5b0474&ps=13740610&shp=30310797&shcp=ff37627b&idc=useast5",
            "_total_reply": 0,
            "_replies": []
        },
        {
            "_comment_id": "7504796870430950174",
            "_username": "obx_edits666",
            "_nickname": "🌵✨OBX✨🌵",
            "_comment": "🥰🥰🥰",
            "_create_time": "2025-05-15T23:04:54",
            "_avatar": "https://p19-pu-sign-useast8.tiktokcdn-us.com/tos-useast5-avt-0068-tx/360f42aeff259b66989ef8b6c9ff0d6b~tplv-tiktokx-cropcenter:100:100.jpg?dr=9640&refresh_token=70f47c07&x-expires=1756281600&x-signature=FSSsClcWNV2a2FYhcvyNcebj2as%3D&t=4d5b0474&ps=13740610&shp=30310797&shcp=ff37627b&idc=useast5",
            "_total_reply": 0,
            "_replies": []
        },
        {
            "_comment_id": "7502563678656922398",
            "_username": "soulsophiamua",
            "_nickname": "Sophia Maria",
            "_comment": "🤩🤩🤩🤩",
            "_create_time": "2025-05-09T22:39:14",
            "_avatar": "https://p16-pu-sign-useast8.tiktokcdn-us.com/tos-useast8-avt-0068-tx2/4220d0b305519d1ed47b189dfcb18cb7~tplv-tiktokx-cropcenter:100:100.jpg?dr=9640&refresh_token=0cd9ebde&x-expires=1756281600&x-signature=HRKxD%2F4uvma%2Bph1UbUtfAZQOHfY%3D&t=4d5b0474&ps=13740610&shp=30310797&shcp=ff37627b&idc=useast5",
            "_total_reply": 0,
            "_replies": []
        },
        {
            "_comment_id": "7502954860156453678",
            "_username": "xoesmee222",
            "_nickname": "Esme ౨ৎ˚",
            "_comment": "💘💘🤩🤩",
            "_create_time": "2025-05-10T23:57:27",
            "_avatar": "https://p19-pu-sign-useast8.tiktokcdn-us.com/tos-useast5-avt-0068-tx/ca7a249c6f68168f628221aa0f4fa298~tplv-tiktokx-cropcenter:100:100.jpg?dr=9640&refresh_token=b634287e&x-expires=1756281600&x-signature=EQ4amxrIbKVKGwj0ce0G4oK9ORw%3D&t=4d5b0474&ps=13740610&shp=30310797&shcp=ff37627b&idc=useast5",
            "_total_reply": 0,
            "_replies": []
        },
        {
            "_comment_id": "7500646334082237206",
            "_username": "eriicamduarte",
            "_nickname": "Érica Duarte",
            "_comment": "💓",
            "_create_time": "2025-05-04T18:38:41",
            "_avatar": "https://p16-common-sign-va.tiktokcdn-us.com/tos-maliva-avt-0068/6920a2e72c1fbe0ed044247ffb46ce73~tplv-tiktokx-cropcenter:100:100.jpg?dr=9640&refresh_token=a1b89ffc&x-expires=1756281600&x-signature=1cXGbOX%2FS%2F0zlNfajX0R0DNXhrI%3D&t=4d5b0474&ps=13740610&shp=30310797&shcp=ff37627b&idc=useast5",
            "_total_reply": 0,
            "_replies": []
        },
        {
            "_comment_id": "7500590017631798038",
            "_username": "theyluvv.aliciaaa",
            "_nickname": "alicia♡",
            "_comment": "🥰",
            "_create_time": "2025-05-04T15:00:09",
            "_avatar": "https://p16-common-sign-va.tiktokcdn-us.com/tos-maliva-avt-0068/4c06ed1fe238c8d11de69d59ea870519~tplv-tiktokx-cropcenter:100:100.jpg?dr=9640&refresh_token=6a21dab3&x-expires=1756281600&x-signature=BkPNl9QoZDqSVNlbWZSZx%2BBl5OI%3D&t=4d5b0474&ps=13740610&shp=30310797&shcp=ff37627b&idc=useast5",
            "_total_reply": 0,
            "_replies": []
        },
        {
            "_comment_id": "7500503769517605687",
            "_username": "barbiegurl437",
            "_nickname": "𝕨𝕖 𝕝𝕠𝕧𝕖 𝕙𝕖𝕣 💜",
            "_comment": "🌷🌷🌷",
            "_create_time": "2025-05-04T09:26:27",
            "_avatar": "https://p16-common-sign-va.tiktokcdn-us.com/tos-maliva-avt-0068/8eeef25792f871790046ca4c351c1891~tplv-tiktokx-cropcenter:100:100.jpg?dr=9640&refresh_token=373ba890&x-expires=1756281600&x-signature=WaaIA5qwbJC%2FszCTytuGIBFSc2Q%3D&t=4d5b0474&ps=13740610&shp=30310797&shcp=ff37627b&idc=useast5",
            "_total_reply": 0,
            "_replies": []
        },
        {
            "_comment_id": "7500297931728765718",
            "_username": "jany50443",
            "_nickname": "Jany",
            "_comment": "🥰🥰🥰",
            "_create_time": "2025-05-03T20:06:42",
            "_avatar": "https://p19-common-sign-useast2a.tiktokcdn-us.com/tos-useast2a-avt-0068-euttp/0003762faef4a9c01c42124f1016153a~tplv-tiktokx-cropcenter:100:100.jpg?dr=9640&refresh_token=e79ce063&x-expires=1756281600&x-signature=DyCOR77xLy%2FiMW%2BcuVxKAbnG%2BZs%3D&t=4d5b0474&ps=13740610&shp=30310797&shcp=ff37627b&idc=useast5",
            "_total_reply": 0,
            "_replies": []
        },
        {
            "_comment_id": "7500271531147313963",
            "_username": "ohitsmags",
            "_nickname": "Maggie",
            "_comment": "🤩✨",
            "_create_time": "2025-05-03T18:24:30",
            "_avatar": "https://p16-sign.tiktokcdn-us.com/tos-useast5-avt-0068-tx/787566ea278140e2a572404456c60f56~tplv-tiktokx-cropcenter:100:100.jpg?dr=9640&refresh_token=6e47bf29&x-expires=1756281600&x-signature=vqQ7Si9lttmt%2Fujlk2reIhpWewI%3D&t=4d5b0474&ps=13740610&shp=30310797&shcp=ff37627b&idc=useast5",
            "_total_reply": 0,
            "_replies": []
        },
        {
            "_comment_id": "7500235182776271638",
            "_username": "annang042",
            "_nickname": "anna",
            "_comment": "🥰🥰🥰",
            "_create_time": "2025-05-03T16:03:12",
            "_avatar": "https://p16-common-sign-va.tiktokcdn-us.com/tos-maliva-avt-0068/7c3e761751fa337405fde2251afc615e~tplv-tiktokx-cropcenter:100:100.jpg?dr=9640&refresh_token=befccaa7&x-expires=1756281600&x-signature=OH9WjLfCva35OuknflOFPmIJqms%3D&t=4d5b0474&ps=13740610&shp=30310797&shcp=ff37627b&idc=useast5",
            "_total_reply": 0,
            "_replies": []
        }
    ],
    "total_comments": 32
}