{
    "original_url": "https://www.tiktok.com/@lancome.official/video/7503111612010679574",
    "video_id": "7503111612010679574",
    "description": "This Mother’s Day, join Julia and watch our iconic roses transform into artistic gifts inspired by Le Domaine de la Rose. Domaine de la Rose architects: Nems Architectes Collaboration Artist: @Arne Quinze  Art advisor: Martin Pkiefer #Lancome #MothersDay #JuliaRoberts #ArneQuinze #MartinPkiefer #LancomexArneQuinze",
    "video_url": "https://m.tiktok.com/v/7503111612010679574.html?_d=0&comment_author_id=6919269928249672709&preview_pb=0&share_comment_id=7539653398048736013&share_item_id=7503111612010679574&sharer_language=en&source=h5_m&u_code=0",
    "tags": [
        "#Lancome",
        "#MothersDay",
        "#JuliaRoberts",
        "#ArneQuinze",
        "#MartinPkiefer",
        "#LancomexArneQuinze"
    ],
    "comments": [
        {
            "_comment_id": "7539653398048736013",
            "_username": "elizabeth.napier",
            "_nickname": "Bethy",
            "_comment": "Yes! I get so many compliments on this! My son got it for me for Mother’s Day!",
            "_create_time": "2025-08-17T21:26:15",
            "_avatar": "https://p16-pu-sign-useast8.tiktokcdn-us.com/tos-useast5-avt-0068-tx/7351583492809392171~tplv-tiktokx-cropcenter:100:100.jpg?dr=9640&refresh_token=3fda13f0&x-expires=1756281600&x-signature=aPzgcQ4GNFisag6ywbxjThG7rGU%3D&t=4d5b0474&ps=13740610&shp=30310797&shcp=ff37627b&idc=useast5",
            "_total_reply": 0,
            "_replies": []
        },
        {
            "_comment_id": "7504608710301401874",
            "_username": "fendichristian0",
            "_nickname": "Fendi Christian",
            "_comment": "💓💕💖 👍👍 My little angel 💓💕💖💗💘💝💞❤ Ssssst y💘ur really..... 💓💕💖💗💘💝💞❤ Pretty 💓💕💖💗💘💝💞❤ Elegant 💓💕💖💗💘💝💞❤ W💝W 💓💕💖💗💘💝💞❤ Perfect 💓💕💖💗💘💝💞❤ Thank, s God your composition really perfect 💓💕💖💗💘💝💞❤ L ❤ V E 💓💕💖💗💘💝💞❤",
            "_create_time": "2025-05-15T10:54:56",
            "_avatar": "https://p16-common-sign-va.tiktokcdn-us.com/tos-maliva-avt-0068/d4988916b9188d91fb2a356ef4256266~tplv-tiktokx-cropcenter:100:100.jpg?dr=9640&refresh_token=dcf2c5f0&x-expires=1756281600&x-signature=iVMW9ircwDXPWtn11ah6SNbNzFc%3D&t=4d5b0474&ps=13740610&shp=30310797&shcp=ff37627b&idc=useast5",
            "_total_reply": 0,
            "_replies": []
        },
        {
            "_comment_id": "7503138375609172758",
            "_username": "auraliiqaainnerludexx",
            "_nickname": "user45678938526",
            "_comment": "commenting to stay on sampletok!!!",
            "_create_time": "2025-05-11T11:49:04",
            "_avatar": "https://p16-common-sign-va.tiktokcdn-us.com/tos-maliva-avt-0068/bcc30a0a71feb348303336d85d1e4510~tplv-tiktokx-cropcenter:100:100.jpg?dr=9640&refresh_token=dca801c9&x-expires=1756281600&x-signature=1gLtBz%2B%2Bq8kUNGG0ju8Mud3zIiA%3D&t=4d5b0474&ps=13740610&shp=30310797&shcp=ff37627b&idc=useast5",
            "_total_reply": 0,
            "_replies": []
        },
        {
            "_comment_id": "7510510130061918997",
            "_username": "yanlangmasarapna",
            "_nickname": "nathalie70",
            "_comment": "yay!! I just bought them!!!",
            "_create_time": "2025-05-31T08:35:19",
            "_avatar": "https://p19-common-sign-sg.tiktokcdn-us.com/tos-alisg-avt-0068/9b2369407cfd1db67528ad0e29f1407e~tplv-tiktokx-cropcenter:100:100.jpg?dr=9640&refresh_token=13d362d1&x-expires=1756281600&x-signature=XZ6SIfksxiI73rOSrPgaY1ZsyWY%3D&t=4d5b0474&ps=13740610&shp=30310797&shcp=ff37627b&idc=useast5",
            "_total_reply": 1,
            "_replies": [
                {
                    "_comment_id": "7509422985489908512",
                    "_username": "lancome.official",
                    "_nickname": "Lancôme",
                    "_comment": "so happy for you 💕 🌹",
                    "_create_time": "2025-05-31T22:56:15",
                    "_avatar": "https://p16-common-sign-va.tiktokcdn-us.com/tos-maliva-avt-0068/9424f6caa6a8781766ccf45ddf0a0a0d~tplv-tiktokx-cropcenter:100:100.jpg?dr=9640&refresh_token=2d0d7041&x-expires=1756281600&x-signature=6RRh0sV%2BMiFopbDnto6in1a21L8%3D&t=4d5b0474&ps=13740610&shp=30310797&shcp=ff37627b&idc=useast5",
                    "_total_reply": null,
                    "_replies": []
                }
            ]
        },
        {
            "_comment_id": "7507218602484695830",
            "_username": "lorylorena552",
            "_nickname": "lorylorena552",
            "_comment": "She is so beautiful ❤️💜",
            "_create_time": "2025-05-22T11:42:39",
            "_avatar": "https://p19-common-sign-useast2a.tiktokcdn-us.com/tos-useast2a-avt-0068-euttp/f3980b449146bf7bde97340615e4894b~tplv-tiktokx-cropcenter:100:100.jpg?dr=9640&refresh_token=c9d7f06c&x-expires=1756281600&x-signature=LzBQfjEse0aXvw7mPK4WnFMqWcQ%3D&t=4d5b0474&ps=13740610&shp=30310797&shcp=ff37627b&idc=useast5",
            "_total_reply": 0,
            "_replies": []
        },
        {
            "_comment_id": "7505693615453569814",
            "_username": "rodrigogurllforever",
            "_nickname": "OliviaBillieXx🌹💋",
            "_comment": "Lancôme on top 🌸🎀",
            "_create_time": "2025-05-18T09:04:43",
            "_avatar": "https://p16-common-sign-va.tiktokcdn-us.com/tos-maliva-avt-0068/14f0324eea7053698eb642f2567f58e9~tplv-tiktokx-cropcenter:100:100.jpg?dr=9640&refresh_token=41936a43&x-expires=1756281600&x-signature=cY6xbkTADnzIimMDat3R16i3Ksw%3D&t=4d5b0474&ps=13740610&shp=30310797&shcp=ff37627b&idc=useast5",
            "_total_reply": 0,
            "_replies": []
        },
        {
            "_comment_id": "7504700263459799863",
            "_username": "mano3333442",
            "_nickname": "mahnoor | UGC",
            "_comment": "Hiiii Lancome! Would love to work together on your next collab opportunity...",
            "_create_time": "2025-05-15T16:50:30",
            "_avatar": "https://p16-common-sign-sg.tiktokcdn-us.com/tos-alisg-avt-0068/6606bf77e2242a05a1ddb371413c25df~tplv-tiktokx-cropcenter:100:100.jpg?dr=9640&refresh_token=6014af9e&x-expires=1756281600&x-signature=8iV%2BKsIDqkrVommcdUiAaLL1zDE%3D&t=4d5b0474&ps=13740610&shp=30310797&shcp=ff37627b&idc=useast5",
            "_total_reply": 0,
            "_replies": []
        },
        {
            "_comment_id": "7503610505808757526",
            "_username": "canal_da_gringa",
            "_nickname": "Canal da Gringa",
            "_comment": "Nice❤️❤️❤️❤️❤️❤️🌷🌷🌷🌷",
            "_create_time": "2025-05-12T18:21:11",
            "_avatar": "https://p16-common-sign-va.tiktokcdn-us.com/tos-maliva-avt-0068/4cf32b668cf7b571a95f213fcd04d5fb~tplv-tiktokx-cropcenter:100:100.jpg?dr=9640&refresh_token=487ff479&x-expires=1756281600&x-signature=Ll8toABBVWWzb1JXp1as4XgU6V4%3D&t=4d5b0474&ps=13740610&shp=30310797&shcp=ff37627b&idc=useast5",
            "_total_reply": 0,
            "_replies": []
        },
        {
            "_comment_id": "7503116292782703382",
            "_username": "vasss1ss",
            "_nickname": "vas_🧚🏼‍♀️",
            "_comment": "WHAT COMES AFTER 7 😝😝",
            "_create_time": "2025-05-11T10:23:21",
            "_avatar": "https://p16-common-sign-va.tiktokcdn-us.com/tos-maliva-avt-0068/d4fbff9a39ce317da90a133d7fc147bf~tplv-tiktokx-cropcenter:100:100.jpg?dr=9640&refresh_token=bad7228d&x-expires=1756281600&x-signature=B0pJPsS17y4KVmkqs6FieNqZ4VA%3D&t=4d5b0474&ps=13740610&shp=30310797&shcp=ff37627b&idc=useast5",
            "_total_reply": 1,
            "_replies": [
                {
                    "_comment_id": "7501626469102895904",
                    "_username": "lancome.official",
                    "_nickname": "Lancôme",
                    "_comment": "ATE 🤭",
                    "_create_time": "2025-05-11T20:46:37",
                    "_avatar": "https://p16-common-sign-va.tiktokcdn-us.com/tos-maliva-avt-0068/9424f6caa6a8781766ccf45ddf0a0a0d~tplv-tiktokx-cropcenter:100:100.jpg?dr=9640&refresh_token=2d0d7041&x-expires=1756281600&x-signature=6RRh0sV%2BMiFopbDnto6in1a21L8%3D&t=4d5b0474&ps=13740610&shp=30310797&shcp=ff37627b&idc=useast5",
                    "_total_reply": null,
                    "_replies": []
                }
            ]
        },
        {
            "_comment_id": "7503263432315552534",
            "_username": "raul.garcia.duran7",
            "_nickname": "Raul Garcia Duran",
            "_comment": "me encanta",
            "_create_time": "2025-05-11T19:54:22",
            "_avatar": "https://p16-common-sign-va.tiktokcdn-us.com/tos-maliva-avt-0068/12d1438002268e946b81d5ba3d89a22e~tplv-tiktokx-cropcenter:100:100.jpg?dr=9640&refresh_token=8813d8fe&x-expires=1756281600&x-signature=yKsIdfUk25nHtTtXTisfNbO8vFg%3D&t=4d5b0474&ps=13740610&shp=30310797&shcp=ff37627b&idc=useast5",
            "_total_reply": 0,
            "_replies": []
        },
        {
            "_comment_id": "7504006804541293334",
            "_username": "spicypiscesrules",
            "_nickname": "spicypiscesrules",
            "_comment": "Omg I love it I will be buying",
            "_create_time": "2025-05-13T19:58:59",
            "_avatar": "https://p16-common-sign-va.tiktokcdn-us.com/tos-maliva-avt-0068/ec94cb9723caced6bfc5d03e6f3dde91~tplv-tiktokx-cropcenter:100:100.jpg?dr=9640&refresh_token=de056ef8&x-expires=1756281600&x-signature=IGT3940v%2Fag%2BpemGQj51ckMBEBQ%3D&t=4d5b0474&ps=13740610&shp=30310797&shcp=ff37627b&idc=useast5",
            "_total_reply": 0,
            "_replies": []
        },
        {
            "_comment_id": "7503140098640282391",
            "_username": "lauras_pen",
            "_nickname": "lauras_pen",
            "_comment": "so gorgeous",
            "_create_time": "2025-05-11T11:55:49",
            "_avatar": "https://p16-common-sign-va.tiktokcdn-us.com/tos-maliva-avt-0068/366839d90362aa3ada3ef4dc807c895f~tplv-tiktokx-cropcenter:100:100.jpg?dr=9640&refresh_token=db3cffec&x-expires=1756281600&x-signature=pJ8nafg31RI2PKCvMJe62PCToKc%3D&t=4d5b0474&ps=13740610&shp=30310797&shcp=ff37627b&idc=useast5",
            "_total_reply": 1,
            "_replies": [
                {
                    "_comment_id": "7501610805524890400",
                    "_username": "lancome.official",
                    "_nickname": "Lancôme",
                    "_comment": "she’s everything 🥰",
                    "_create_time": "2025-05-11T20:49:44",
                    "_avatar": "https://p16-common-sign-va.tiktokcdn-us.com/tos-maliva-avt-0068/9424f6caa6a8781766ccf45ddf0a0a0d~tplv-tiktokx-cropcenter:100:100.jpg?dr=9640&refresh_token=2d0d7041&x-expires=1756281600&x-signature=6RRh0sV%2BMiFopbDnto6in1a21L8%3D&t=4d5b0474&ps=13740610&shp=30310797&shcp=ff37627b&idc=useast5",
                    "_total_reply": null,
                    "_replies": []
                }
            ]
        },
        {
            "_comment_id": "7503114373952242454",
            "_username": "elmina_bih2",
            "_nickname": "️",
            "_comment": "First 😍😍😍",
            "_create_time": "2025-05-11T10:15:56",
            "_avatar": "https://p16-common-sign-useast2a.tiktokcdn-us.com/tos-useast2a-avt-0068-euttp/f10b5963524fb4196c5012b37e742ca1~tplv-tiktokx-cropcenter:100:100.jpg?dr=9640&refresh_token=6dea123c&x-expires=1756281600&x-signature=C9aAQoutUpEtKQ1dbtMUEZII5tk%3D&t=4d5b0474&ps=13740610&shp=30310797&shcp=ff37627b&idc=useast5",
            "_total_reply": 1,
            "_replies": [
                {
                    "_comment_id": "7501625777264362273",
                    "_username": "lancome.official",
                    "_nickname": "Lancôme",
                    "_comment": "heyyy ❤️",
                    "_create_time": "2025-05-11T19:55:36",
                    "_avatar": "https://p16-common-sign-va.tiktokcdn-us.com/tos-maliva-avt-0068/9424f6caa6a8781766ccf45ddf0a0a0d~tplv-tiktokx-cropcenter:100:100.jpg?dr=9640&refresh_token=2d0d7041&x-expires=1756281600&x-signature=6RRh0sV%2BMiFopbDnto6in1a21L8%3D&t=4d5b0474&ps=13740610&shp=30310797&shcp=ff37627b&idc=useast5",
                    "_total_reply": null,
                    "_replies": []
                }
            ]
        },
        {
            "_comment_id": "7503209212890186518",
            "_username": "mokoro72",
            "_nickname": "MICHELLE!",
            "_comment": "incredible 🤩🤩🤩🤩",
            "_create_time": "2025-05-11T16:23:55",
            "_avatar": "https://p16-common-sign-va.tiktokcdn-us.com/tos-maliva-avt-0068/5789a0b2d8d852e87a9b2fe9e0b05371~tplv-tiktokx-cropcenter:100:100.jpg?dr=9640&refresh_token=86f3f0a2&x-expires=1756281600&x-signature=Yu0g%2FmkQC3bt%2BcpARArHT8SU4N4%3D&t=4d5b0474&ps=13740610&shp=30310797&shcp=ff37627b&idc=useast5",
            "_total_reply": 1,
            "_replies": [
                {
                    "_comment_id": "7501620270483276577",
                    "_username": "lancome.official",
                    "_nickname": "Lancôme",
                    "_comment": "It’s good right? 🤭 ❤️",
                    "_create_time": "2025-05-11T20:59:57",
                    "_avatar": "https://p16-common-sign-va.tiktokcdn-us.com/tos-maliva-avt-0068/9424f6caa6a8781766ccf45ddf0a0a0d~tplv-tiktokx-cropcenter:100:100.jpg?dr=9640&refresh_token=2d0d7041&x-expires=1756281600&x-signature=6RRh0sV%2BMiFopbDnto6in1a21L8%3D&t=4d5b0474&ps=13740610&shp=30310797&shcp=ff37627b&idc=useast5",
                    "_total_reply": null,
                    "_replies": []
                }
            ]
        },
        {
            "_comment_id": "7503123611068531478",
            "_username": "mitchthemommy",
            "_nickname": "Michelle Lynch",
            "_comment": "perfect gift",
            "_create_time": "2025-05-11T10:51:48",
            "_avatar": "https://p16-common-sign-useast2a.tiktokcdn-us.com/tos-useast2a-avt-0068-euttp/6920f07878d573199beb7ecf33571583~tplv-tiktokx-cropcenter:100:100.jpg?dr=9640&refresh_token=f935d486&x-expires=1756281600&x-signature=MmR0vJ3LEheUoxoFQWPFNfpa29U%3D&t=4d5b0474&ps=13740610&shp=30310797&shcp=ff37627b&idc=useast5",
            "_total_reply": 1,
            "_replies": [
                {
                    "_comment_id": "7501619271823278880",
                    "_username": "lancome.official",
                    "_nickname": "Lancôme",
                    "_comment": "couldn't agree more 💕",
                    "_create_time": "2025-05-11T20:47:16",
                    "_avatar": "https://p16-common-sign-va.tiktokcdn-us.com/tos-maliva-avt-0068/9424f6caa6a8781766ccf45ddf0a0a0d~tplv-tiktokx-cropcenter:100:100.jpg?dr=9640&refresh_token=2d0d7041&x-expires=1756281600&x-signature=6RRh0sV%2BMiFopbDnto6in1a21L8%3D&t=4d5b0474&ps=13740610&shp=30310797&shcp=ff37627b&idc=useast5",
                    "_total_reply": null,
                    "_replies": []
                }
            ]
        },
        {
            "_comment_id": "7503122874561151766",
            "_username": "user6141013131857x",
            "_nickname": "𝓢𝓪𝓿𝓪𝓷𝓷𝓪𝓱 ✪",
            "_comment": "HI LANCOMEEE",
            "_create_time": "2025-05-11T10:48:57",
            "_avatar": "https://p19-common-sign-va.tiktokcdn-us.com/tos-maliva-avt-0068/7e8d8ce0177705621aa2150f3790d827~tplv-tiktokx-cropcenter:100:100.jpg?dr=9640&refresh_token=9d992500&x-expires=1756281600&x-signature=AeQwZ8KoNcOYCqnVd0VhKj0xXU8%3D&t=4d5b0474&ps=13740610&shp=30310797&shcp=ff37627b&idc=useast5",
            "_total_reply": 6,
            "_replies": [
                {
                    "_comment_id": "7501610684472656672",
                    "_username": "lancome.official",
                    "_nickname": "Lancôme",
                    "_comment": "hiiii 💕",
                    "_create_time": "2025-05-11T20:47:36",
                    "_avatar": "https://p16-common-sign-va.tiktokcdn-us.com/tos-maliva-avt-0068/9424f6caa6a8781766ccf45ddf0a0a0d~tplv-tiktokx-cropcenter:100:100.jpg?dr=9640&refresh_token=2d0d7041&x-expires=1756281600&x-signature=6RRh0sV%2BMiFopbDnto6in1a21L8%3D&t=4d5b0474&ps=13740610&shp=30310797&shcp=ff37627b&idc=useast5",
                    "_total_reply": null,
                    "_replies": []
                },
                {
                    "_comment_id": "7503290424351982358",
                    "_username": "user6141013131857x",
                    "_nickname": "𝓢𝓪𝓿𝓪𝓷𝓷𝓪𝓱 ✪",
                    "_comment": "HEYY💕💕",
                    "_create_time": "2025-05-11T21:39:06",
                    "_avatar": "https://p16-common-sign-va.tiktokcdn-us.com/tos-maliva-avt-0068/7e8d8ce0177705621aa2150f3790d827~tplv-tiktokx-cropcenter:100:100.jpg?dr=9640&refresh_token=fb1f7ab4&x-expires=1756281600&x-signature=d8PfTBpvYwcFR55grhJf%2BP2P%2FNU%3D&t=4d5b0474&ps=13740610&shp=30310797&shcp=ff37627b&idc=useast5",
                    "_total_reply": null,
                    "_replies": []
                },
                {
                    "_comment_id": "7503290641318265622",
                    "_username": "user6141013131857x",
                    "_nickname": "𝓢𝓪𝓿𝓪𝓷𝓷𝓪𝓱 ✪",
                    "_comment": "i got a lancôme concealer from sephora today and saw our icon liv",
                    "_create_time": "2025-05-11T21:39:54",
                    "_avatar": "https://p16-common-sign-va.tiktokcdn-us.com/tos-maliva-avt-0068/7e8d8ce0177705621aa2150f3790d827~tplv-tiktokx-cropcenter:100:100.jpg?dr=9640&refresh_token=fb1f7ab4&x-expires=1756281600&x-signature=d8PfTBpvYwcFR55grhJf%2BP2P%2FNU%3D&t=4d5b0474&ps=13740610&shp=30310797&shcp=ff37627b&idc=useast5",
                    "_total_reply": null,
                    "_replies": []
                },
                {
                    "_comment_id": "7501640588630983456",
                    "_username": "lancome.official",
                    "_nickname": "Lancôme",
                    "_comment": "Ahhh! We love to hear that! 🤭",
                    "_create_time": "2025-05-12T15:24:11",
                    "_avatar": "https://p16-common-sign-va.tiktokcdn-us.com/tos-maliva-avt-0068/9424f6caa6a8781766ccf45ddf0a0a0d~tplv-tiktokx-cropcenter:100:100.jpg?dr=9640&refresh_token=2d0d7041&x-expires=1756281600&x-signature=6RRh0sV%2BMiFopbDnto6in1a21L8%3D&t=4d5b0474&ps=13740610&shp=30310797&shcp=ff37627b&idc=useast5",
                    "_total_reply": null,
                    "_replies": []
                },
                {
                    "_comment_id": "7503566313895494422",
                    "_username": "user6141013131857x",
                    "_nickname": "𝓢𝓪𝓿𝓪𝓷𝓷𝓪𝓱 ✪",
                    "_comment": "ahh i love u",
                    "_create_time": "2025-05-12T15:29:45",
                    "_avatar": "https://p16-common-sign-va.tiktokcdn-us.com/tos-maliva-avt-0068/7e8d8ce0177705621aa2150f3790d827~tplv-tiktokx-cropcenter:100:100.jpg?dr=9640&refresh_token=fb1f7ab4&x-expires=1756281600&x-signature=d8PfTBpvYwcFR55grhJf%2BP2P%2FNU%3D&t=4d5b0474&ps=13740610&shp=30310797&shcp=ff37627b&idc=useast5",
                    "_total_reply": null,
                    "_replies": []
                },
                {
                    "_comment_id": "7504311473666229014",
                    "_username": "sabinapatuno76",
                    "_nickname": "Sabina",
                    "_comment": "ciao",
                    "_create_time": "2025-05-14T15:41:16",
                    "_avatar": "https://p16-common-sign-va.tiktokcdn-us.com/tos-maliva-avt-0068/4b1e92c22ab35d443ae83fcfb3db14e5~tplv-tiktokx-cropcenter:100:100.jpg?dr=9640&refresh_token=b4f5be03&x-expires=1756281600&x-signature=Sfw77IKwPlimRaROjDRaU1lRnQs%3D&t=4d5b0474&ps=13740610&shp=30310797&shcp=ff37627b&idc=useast5",
                    "_total_reply": null,
                    "_replies": []
                }
            ]
        },
        {
            "_comment_id": "7503279753233138462",
            "_username": "charlottelivingguide",
            "_nickname": "charlottelivingguide",
            "_comment": "Hiiii Lancome! Would love to work together on your next collab opportunity 🩷",
            "_create_time": "2025-05-11T20:58:00",
            "_avatar": "https://p19-pu-sign-useast8.tiktokcdn-us.com/tos-useast5-avt-0068-tx/bfce867179889911251f1553f9832e74~tplv-tiktokx-cropcenter:100:100.jpg?dr=9640&refresh_token=18754f89&x-expires=1756281600&x-signature=5pGUQgVOtdCkm6Mw5i%2BunZrd2RA%3D&t=4d5b0474&ps=13740610&shp=30310797&shcp=ff37627b&idc=useast5",
            "_total_reply": 0,
            "_replies": []
        },
        {
            "_comment_id": "7504286618161988374",
            "_username": "sabinapatuno76",
            "_nickname": "Sabina",
            "_comment": "❤️",
            "_create_time": "2025-05-14T14:04:50",
            "_avatar": "https://p16-common-sign-va.tiktokcdn-us.com/tos-maliva-avt-0068/4b1e92c22ab35d443ae83fcfb3db14e5~tplv-tiktokx-cropcenter:100:100.jpg?dr=9640&refresh_token=b4f5be03&x-expires=1756281600&x-signature=Sfw77IKwPlimRaROjDRaU1lRnQs%3D&t=4d5b0474&ps=13740610&shp=30310797&shcp=ff37627b&idc=useast5",
            "_total_reply": 0,
            "_replies": []
        },
        {
            "_comment_id": "7503127361640727319",
            "_username": "annang042",
            "_nickname": "anna",
            "_comment": "🥰",
            "_create_time": "2025-05-11T11:06:20",
            "_avatar": "https://p16-common-sign-va.tiktokcdn-us.com/tos-maliva-avt-0068/7c3e761751fa337405fde2251afc615e~tplv-tiktokx-cropcenter:100:100.jpg?dr=9640&refresh_token=befccaa7&x-expires=1756281600&x-signature=OH9WjLfCva35OuknflOFPmIJqms%3D&t=4d5b0474&ps=13740610&shp=30310797&shcp=ff37627b&idc=useast5",
            "_total_reply": 0,
            "_replies": []
        },
        {
            "_comment_id": "7503431235826942742",
            "_username": "ms.am.teaches",
            "_nickname": "Ms.A",
            "_comment": "❤️❤️❤️",
            "_create_time": "2025-05-12T06:45:35",
            "_avatar": "https://p16-common-sign-va.tiktokcdn-us.com/tos-maliva-avt-0068/813b627225c8310f5bef01ef75c92bd2~tplv-tiktokx-cropcenter:100:100.jpg?dr=9640&refresh_token=bf1525e5&x-expires=1756281600&x-signature=G3VO8KJd%2FvOojpc02LEbK3QZM0o%3D&t=4d5b0474&ps=13740610&shp=30310797&shcp=ff37627b&idc=useast5",
            "_total_reply": 0,
            "_replies": []
        },
        {
            "_comment_id": "7503116821802451734",
            "_username": "veroat87",
            "_nickname": "VeroAt",
            "_comment": "💖💖💖💖💖",
            "_create_time": "2025-05-11T10:25:26",
            "_avatar": "https://p16-common-sign-va.tiktokcdn-us.com/tos-maliva-avt-0068/ac0da8fdf1e1f20add92437e4895e5ee~tplv-tiktokx-cropcenter:100:100.jpg?dr=9640&refresh_token=ccff9829&x-expires=1756281600&x-signature=TB2cKExGD5eL7xvQXgx85GlXvJs%3D&t=4d5b0474&ps=13740610&shp=30310797&shcp=ff37627b&idc=useast5",
            "_total_reply": 0,
            "_replies": []
        },
        {
            "_comment_id": "7503116252865495815",
            "_username": "selflove_edit",
            "_nickname": "self love edit by her",
            "_comment": "❤️❤️❤️",
            "_create_time": "2025-05-11T10:23:19",
            "_avatar": "https://p19-common-sign-va.tiktokcdn-us.com/tos-maliva-avt-0068/698d7574c4ef55a2a71d19a98e5e14c5~tplv-tiktokx-cropcenter:100:100.jpg?dr=9640&refresh_token=8bf44176&x-expires=1756281600&x-signature=gvPgrii3d%2B1tYPykzSEhJdI4shQ%3D&t=4d5b0474&ps=13740610&shp=30310797&shcp=ff37627b&idc=useast5",
            "_total_reply": 0,
            "_replies": []
        },
        {
            "_comment_id": "7505478315747197718",
            "_username": "bobopiesio",
            "_nickname": "Domi",
            "_comment": "❤️❤️❤️",
            "_create_time": "2025-05-17T19:09:12",
            "_avatar": "https://p16-common-sign-va.tiktokcdn-us.com/tos-maliva-avt-0068/2490d525ca18793cf56f48fdbe30a863~tplv-tiktokx-cropcenter:100:100.jpg?dr=9640&refresh_token=efb75483&x-expires=1756281600&x-signature=mTOc9ozpJLPxvMblkNh3q%2BD2o4E%3D&t=4d5b0474&ps=13740610&shp=30310797&shcp=ff37627b&idc=useast5",
            "_total_reply": 0,
            "_replies": []
        },
        {
            "_comment_id": "7504586016745947926",
            "_username": "user1514736715391",
            "_nickname": "Maria Grazia Vaccari",
            "_comment": "🥰",
            "_create_time": "2025-05-15T09:26:42",
            "_avatar": "https://p16-common-sign-sg.tiktokcdn-us.com/tos-alisg-avt-0068/7322878791276036097~tplv-tiktokx-cropcenter:100:100.jpg?dr=9640&refresh_token=038e0835&x-expires=1756281600&x-signature=SCDBWpOZukISfT8RFj%2FffGhnVwc%3D&t=4d5b0474&ps=13740610&shp=30310797&shcp=ff37627b&idc=useast5",
            "_total_reply": 0,
            "_replies": []
        },
        {
            "_comment_id": "7504796820356055838",
            "_username": "obx_edits666",
            "_nickname": "🌵✨OBX✨🌵",
            "_comment": "😂😂😂",
            "_create_time": "2025-05-15T23:04:48",
            "_avatar": "https://p16-pu-sign-useast8.tiktokcdn-us.com/tos-useast5-avt-0068-tx/360f42aeff259b66989ef8b6c9ff0d6b~tplv-tiktokx-cropcenter:100:100.jpg?dr=9640&refresh_token=4407e853&x-expires=1756281600&x-signature=JCSXigazrw38oaZ0iS4RjRPL3ag%3D&t=4d5b0474&ps=13740610&shp=30310797&shcp=ff37627b&idc=useast5",
            "_total_reply": 0,
            "_replies": []
        },
        {
            "_comment_id": "7504752072170046239",
            "_username": "lemyamudd165",
            "_nickname": "MaeRose 🌺 |Lemya",
            "_comment": "❤️❤️❤️",
            "_create_time": "2025-05-15T20:11:21",
            "_avatar": "https://p16-pu-sign-useast8.tiktokcdn-us.com/tos-useast8-avt-0068-tx2/7f53217ccbfd0f0c9513da7d6cc25fff~tplv-tiktokx-cropcenter:100:100.jpg?dr=9640&refresh_token=2c35af2c&x-expires=1756281600&x-signature=sHlAb5GklOY6MCI8s7nOSCr27Zc%3D&t=4d5b0474&ps=13740610&shp=30310797&shcp=ff37627b&idc=useast5",
            "_total_reply": 0,
            "_replies": []
        },
        {
            "_comment_id": "7503263374693368598",
            "_username": "raul.garcia.duran7",
            "_nickname": "Raul Garcia Duran",
            "_comment": "🥰🥰",
            "_create_time": "2025-05-11T19:54:07",
            "_avatar": "https://p16-common-sign-va.tiktokcdn-us.com/tos-maliva-avt-0068/12d1438002268e946b81d5ba3d89a22e~tplv-tiktokx-cropcenter:100:100.jpg?dr=9640&refresh_token=8813d8fe&x-expires=1756281600&x-signature=yKsIdfUk25nHtTtXTisfNbO8vFg%3D&t=4d5b0474&ps=13740610&shp=30310797&shcp=ff37627b&idc=useast5",
            "_total_reply": 0,
            "_replies": []
        },
        {
            "_comment_id": "7504765129926525718",
            "_username": "claudialiliana656",
            "_nickname": "claudialiliana656",
            "_comment": "💯💯💯",
            "_create_time": "2025-05-15T21:01:40",
            "_avatar": "https://p19-common-sign-va.tiktokcdn-us.com/tos-maliva-avt-0068/5b2d4d0d23bba1d7748d01841fbfcce4~tplv-tiktokx-cropcenter:100:100.jpg?dr=9640&refresh_token=409b4f2d&x-expires=1756281600&x-signature=ltF5Oh65Z3YESZEZ5tSNouyIh9g%3D&t=4d5b0474&ps=13740610&shp=30310797&shcp=ff37627b&idc=useast5",
            "_total_reply": 0,
            "_replies": []
        },
        {
            "_comment_id": "7503117911540728583",
            "_username": "coco03255",
            "_nickname": "coco",
            "_comment": "🥰🥰🥰",
            "_create_time": "2025-05-11T10:29:43",
            "_avatar": "https://p16-common-sign-sg.tiktokcdn-us.com/tos-alisg-avt-0068/18a136e0f0af2ca47ff43bd0c413dd6f~tplv-tiktokx-cropcenter:100:100.jpg?dr=9640&refresh_token=7be61a78&x-expires=1756281600&x-signature=nq3zkAXPL971EhD2yX%2FPhWnVoNg%3D&t=4d5b0474&ps=13740610&shp=30310797&shcp=ff37627b&idc=useast5",
            "_total_reply": 0,
            "_replies": []
        },
        {
            "_comment_id": "7506872254246060802",
            "_username": "nicoleaamelia278",
            "_nickname": "nicoleaameliarose",
            "_comment": "❤️",
            "_create_time": "2025-05-21T13:18:28",
            "_avatar": "https://p16-common-sign-useast2a.tiktokcdn-us.com/tos-useast2a-avt-0068-euttp/f95b7615d80fc28193465feedc9d774b~tplv-tiktokx-cropcenter:100:100.jpg?dr=9640&refresh_token=fb7ebe11&x-expires=1756281600&x-signature=aHbFjt0daS0KiSWoVacyswo2WnE%3D&t=4d5b0474&ps=13740610&shp=30310797&shcp=ff37627b&idc=useast5",
            "_total_reply": 0,
            "_replies": []
        },
        {
            "_comment_id": "7506978865294623493",
            "_username": "daniel.urzua48",
            "_nickname": "Daniel Urzua",
            "_comment": "😳",
            "_create_time": "2025-05-21T20:12:10",
            "_avatar": "https://p16-common-sign-va.tiktokcdn-us.com/tos-maliva-avt-0068/02653f7597a6d20063528d548b03d81e~tplv-tiktokx-cropcenter:100:100.jpg?dr=9640&refresh_token=5123e2c4&x-expires=1756281600&x-signature=QZYxDDTIeIj0AZfc4eEe5rOZGuo%3D&t=4d5b0474&ps=13740610&shp=30310797&shcp=ff37627b&idc=useast5",
            "_total_reply": 0,
            "_replies": []
        },
        {
            "_comment_id": "7504013787121582870",
            "_username": "queeniesss5789",
            "_nickname": "tasha",
            "_comment": "♥️",
            "_create_time": "2025-05-13T20:26:04",
            "_avatar": "https://p16-common-sign-useast2a.tiktokcdn-us.com/tos-useast2a-avt-0068-euttp/b050c287b2caa6d79e833351538d3e02~tplv-tiktokx-cropcenter:100:100.jpg?dr=9640&refresh_token=c7834557&x-expires=1756281600&x-signature=pr8dXrxMhwEUBehYqILK6mo3Z7I%3D&t=4d5b0474&ps=13740610&shp=30310797&shcp=ff37627b&idc=useast5",
            "_total_reply": 0,
            "_replies": []
        },
        {
            "_comment_id": "7504030536822801174",
            "_username": "smar.93",
            "_nickname": "s_ar93",
            "_comment": "Hi Lancome don't be shy with the samples hi sampletok",
            "_create_time": "2025-05-13T21:31:04",
            "_avatar": "https://p16-common-sign-va.tiktokcdn-us.com/tos-maliva-avt-0068/130be93ef9e968cd1514f781496c4652~tplv-tiktokx-cropcenter:100:100.jpg?dr=9640&refresh_token=193ffc08&x-expires=1756281600&x-signature=sB1b4pRdArtY9vx1JDTs0J3zxRs%3D&t=4d5b0474&ps=13740610&shp=30310797&shcp=ff37627b&idc=useast5",
            "_total_reply": 0,
            "_replies": []
        }
    ],
    "total_comments": 33
}