{
    "original_url": "https://www.tiktok.com/@lancome.official/video/7507271620306767126",
    "video_id": "7507271620306767126",
    "description": "Not your typical gloss. She’s iconic. She’s Juicy Tubes. #AmandaSeyfried #lancomepartner #lancomemakeup #juicytubes #juicykiss​ ",
    "video_url": "https://m.tiktok.com/v/7507271620306767126.html?_d=0&comment_author_id=6702136845096371206&preview_pb=0&share_comment_id=7507272773007508247&share_item_id=7507271620306767126&sharer_language=en&source=h5_m&u_code=0",
    "tags": [
        "#AmandaSeyfried",
        "#lancomepartner",
        "#lancomemakeup",
        "#juicytubes",
        "#juicykiss​"
    ],
    "comments": [
        {
            "_comment_id": "7507272773007508247",
            "_username": "monicaaroslyn",
            "_nickname": "MONICA ROSLYN",
            "_comment": "not Lancôme gathering all the iconsss",
            "_create_time": "2025-05-22T15:12:44",
            "_avatar": "https://p16-common-sign-va.tiktokcdn-us.com/tos-maliva-avt-0068/93c452147a9a53cb7675414b5fdcc1a9~tplv-tiktokx-cropcenter:100:100.jpg?dr=9640&refresh_token=8352ecbf&x-expires=1756281600&x-signature=KHPR3xCR%2FWP9rnvvXW18evWTiPo%3D&t=4d5b0474&ps=13740610&shp=30310797&shcp=ff37627b&idc=useast5",
            "_total_reply": 2,
            "_replies": [
                {
                    "_comment_id": "7507293849384403734",
                    "_username": "lancome.official",
                    "_nickname": "Lancôme",
                    "_comment": "Just doing our thing 💅",
                    "_create_time": "2025-05-22T16:34:31",
                    "_avatar": "https://p16-common-sign-va.tiktokcdn-us.com/tos-maliva-avt-0068/9424f6caa6a8781766ccf45ddf0a0a0d~tplv-tiktokx-cropcenter:100:100.jpg?dr=9640&refresh_token=2d0d7041&x-expires=1756281600&x-signature=6RRh0sV%2BMiFopbDnto6in1a21L8%3D&t=4d5b0474&ps=13740610&shp=30310797&shcp=ff37627b&idc=useast5",
                    "_total_reply": null,
                    "_replies": []
                },
                {
                    "_comment_id": "7507286524767208234",
                    "_username": "julie_selig",
                    "_nickname": "Julie Selig",
                    "_comment": "Oh yessssss 💋",
                    "_create_time": "2025-05-22T16:06:43",
                    "_avatar": "https://p19-pu-sign-useast8.tiktokcdn-us.com/tos-useast5-avt-0068-tx/7e3e395b5d23129c16786b8fe6163dd0~tplv-tiktokx-cropcenter:100:100.jpg?dr=9640&refresh_token=7c41677e&x-expires=1756281600&x-signature=LTPQzUVf02sb0X3QoT77yYsQuEs%3D&t=4d5b0474&ps=13740610&shp=30310797&shcp=ff37627b&idc=useast5",
                    "_total_reply": null,
                    "_replies": []
                }
            ]
        },
        {
            "_comment_id": "7507276345862472478",
            "_username": "offcnh",
            "_nickname": "Nathalie Hernandez",
            "_comment": "Lancôme standing on business periodddd 😋",
            "_create_time": "2025-05-22T15:26:55",
            "_avatar": "https://p16-pu-sign-useast8.tiktokcdn-us.com/tos-useast5-avt-0068-tx/1cd2c26d7fe02d828a4b557b9925c885~tplv-tiktokx-cropcenter:100:100.jpg?dr=9640&refresh_token=a9d13dc6&x-expires=1756281600&x-signature=Iv6sPfn5YGc64sQV%2B43W9lQDu4w%3D&t=4d5b0474&ps=13740610&shp=30310797&shcp=ff37627b&idc=useast5",
            "_total_reply": 1,
            "_replies": [
                {
                    "_comment_id": "7507293738868376342",
                    "_username": "lancome.official",
                    "_nickname": "Lancôme",
                    "_comment": "Always 💅",
                    "_create_time": "2025-05-22T16:34:03",
                    "_avatar": "https://p16-common-sign-va.tiktokcdn-us.com/tos-maliva-avt-0068/9424f6caa6a8781766ccf45ddf0a0a0d~tplv-tiktokx-cropcenter:100:100.jpg?dr=9640&refresh_token=2d0d7041&x-expires=1756281600&x-signature=6RRh0sV%2BMiFopbDnto6in1a21L8%3D&t=4d5b0474&ps=13740610&shp=30310797&shcp=ff37627b&idc=useast5",
                    "_total_reply": null,
                    "_replies": []
                }
            ]
        },
        {
            "_comment_id": "7509347725709067030",
            "_username": "kbeautykrew",
            "_nickname": "kbeautykrew",
            "_comment": "Amanda u gorgeous womannnn",
            "_create_time": "2025-05-28T05:24:57",
            "_avatar": "https://p16-common-sign-va.tiktokcdn-us.com/tos-maliva-avt-0068/7329244742196625413~tplv-tiktokx-cropcenter:100:100.jpg?dr=9640&refresh_token=f996205e&x-expires=1756281600&x-signature=%2BjLiNWBT7iJA2ZzxG2JHFLH%2BhA8%3D&t=4d5b0474&ps=13740610&shp=30310797&shcp=ff37627b&idc=useast5",
            "_total_reply": 0,
            "_replies": []
        },
        {
            "_comment_id": "7507777787594883886",
            "_username": "blackbubbles444",
            "_nickname": "The Empress ──★ ˙ ̟⪩⪨ !!",
            "_comment": "It’s definitely giving Mean Girls. 🔥",
            "_create_time": "2025-05-23T23:52:51",
            "_avatar": "https://p16-sign.tiktokcdn-us.com/tos-useast5-avt-0068-tx/b8cff477c180e4dffcf874f720935d26~tplv-tiktokx-cropcenter:100:100.jpg?dr=9640&refresh_token=d6afed30&x-expires=1756281600&x-signature=05Q3VGEOSPe04y85MFk5sAf05RE%3D&t=4d5b0474&ps=13740610&shp=30310797&shcp=ff37627b&idc=useast5",
            "_total_reply": 0,
            "_replies": []
        },
        {
            "_comment_id": "7507355413462074134",
            "_username": "bellequeen68",
            "_nickname": "Belle Reinette",
            "_comment": "Juicy Tubes is SO iconic DUH!!!",
            "_create_time": "2025-05-22T20:33:20",
            "_avatar": "https://p16-common-sign-va.tiktokcdn-us.com/tos-maliva-avt-0068/7329979320645419014~tplv-tiktokx-cropcenter:100:100.jpg?dr=9640&refresh_token=9f2a2128&x-expires=1756281600&x-signature=5xmDQiOTKrCL9t6dwTwbRCqTIP0%3D&t=4d5b0474&ps=13740610&shp=30310797&shcp=ff37627b&idc=useast5",
            "_total_reply": 1,
            "_replies": [
                {
                    "_comment_id": "7507721232222733078",
                    "_username": "lancome.official",
                    "_nickname": "Lancôme",
                    "_comment": "And always will be 💋✨",
                    "_create_time": "2025-05-23T20:12:58",
                    "_avatar": "https://p16-common-sign-va.tiktokcdn-us.com/tos-maliva-avt-0068/9424f6caa6a8781766ccf45ddf0a0a0d~tplv-tiktokx-cropcenter:100:100.jpg?dr=9640&refresh_token=2d0d7041&x-expires=1756281600&x-signature=6RRh0sV%2BMiFopbDnto6in1a21L8%3D&t=4d5b0474&ps=13740610&shp=30310797&shcp=ff37627b&idc=useast5",
                    "_total_reply": null,
                    "_replies": []
                }
            ]
        },
        {
            "_comment_id": "7507339101826777878",
            "_username": "tills_xx4",
            "_nickname": "tills_xx4",
            "_comment": "One of your perfumes spilled all in my school bag at school 😔 still smells good though and it happened a month ago",
            "_create_time": "2025-05-22T19:30:05",
            "_avatar": "https://p16-common-sign-va.tiktokcdn-us.com/tos-maliva-avt-0068/c3cb69b542923d9f808ccfee135b2271~tplv-tiktokx-cropcenter:100:100.jpg?dr=9640&refresh_token=1e6245ac&x-expires=1756281600&x-signature=HRgzmfqOovEl80TGZ9o02bEW%2Fo8%3D&t=4d5b0474&ps=13740610&shp=30310797&shcp=ff37627b&idc=useast5",
            "_total_reply": 0,
            "_replies": []
        },
        {
            "_comment_id": "7507448345418547986",
            "_username": "hrt_of_glass",
            "_nickname": "😇",
            "_comment": "Y’all are eating with all these celebrities using the lip gloss… on my way to Sephora to purchase all the shades cause this is iconic 😭❤️",
            "_create_time": "2025-05-23T02:34:00",
            "_avatar": "https://p16-common-sign-sg.tiktokcdn-us.com/tos-alisg-avt-0068/e77bb347caadccc5e6cfdf1a3973ced4~tplv-tiktokx-cropcenter:100:100.jpg?dr=9640&refresh_token=9fad9490&x-expires=1756281600&x-signature=7emgN6WPNC9kv2PblZzzvM0G5Qc%3D&t=4d5b0474&ps=13740610&shp=30310797&shcp=ff37627b&idc=useast5",
            "_total_reply": 1,
            "_replies": [
                {
                    "_comment_id": "7507721113100845846",
                    "_username": "lancome.official",
                    "_nickname": "Lancôme",
                    "_comment": "Let us know which shade is your fav! 🥰💋",
                    "_create_time": "2025-05-23T20:12:32",
                    "_avatar": "https://p16-common-sign-va.tiktokcdn-us.com/tos-maliva-avt-0068/9424f6caa6a8781766ccf45ddf0a0a0d~tplv-tiktokx-cropcenter:100:100.jpg?dr=9640&refresh_token=2d0d7041&x-expires=1756281600&x-signature=6RRh0sV%2BMiFopbDnto6in1a21L8%3D&t=4d5b0474&ps=13740610&shp=30310797&shcp=ff37627b&idc=useast5",
                    "_total_reply": null,
                    "_replies": []
                }
            ]
        },
        {
            "_comment_id": "7507331690030826271",
            "_username": "user59918211",
            "_nickname": "Madi",
            "_comment": "\"She's an icon duh she's juicy tubes\" SCREAMING beyond iconic - PLEASE make that into a sound we can use!!!!",
            "_create_time": "2025-05-22T19:01:33",
            "_avatar": "https://p16-common-sign-va.tiktokcdn-us.com/tos-maliva-avt-0068/7326260988611821574~tplv-tiktokx-cropcenter:100:100.jpg?dr=9640&refresh_token=6a33b06a&x-expires=1756281600&x-signature=437TOeLn9VSKieAR2WqiLN%2BxSQk%3D&t=4d5b0474&ps=13740610&shp=30310797&shcp=ff37627b&idc=useast5",
            "_total_reply": 0,
            "_replies": []
        },
        {
            "_comment_id": "7508093204273955607",
            "_username": "3578i4468o",
            "_nickname": "user57923924492",
            "_comment": "that's so fetch",
            "_create_time": "2025-05-24T20:16:22",
            "_avatar": "https://p19-common-sign-useast2a.tiktokcdn-us.com/tos-useast2a-avt-0068-euttp/b9d64bb96f81ef2c4d4f39a1aa78d836~tplv-tiktokx-cropcenter:100:100.jpg?dr=9640&refresh_token=315bffa9&x-expires=1756281600&x-signature=cGYlrhWIdxwVa%2Fr4YaD26ZhR0Cg%3D&t=4d5b0474&ps=13740610&shp=30310797&shcp=ff37627b&idc=useast5",
            "_total_reply": 0,
            "_replies": []
        },
        {
            "_comment_id": "7507281007080882975",
            "_username": "aquamoon.xo",
            "_nickname": "★ JJ ★",
            "_comment": "omg obsessed!! love this 💗💗",
            "_create_time": "2025-05-22T15:44:59",
            "_avatar": "https://p19-pu-sign-useast8.tiktokcdn-us.com/tos-useast8-avt-0068-tx2/7429ab0977d06389ce37bd8e4eae2b9b~tplv-tiktokx-cropcenter:100:100.jpg?dr=9640&refresh_token=c75a0a37&x-expires=1756281600&x-signature=y7aObGhOnKjZrKvF2nNIYVS1u6s%3D&t=4d5b0474&ps=13740610&shp=30310797&shcp=ff37627b&idc=useast5",
            "_total_reply": 0,
            "_replies": []
        },
        {
            "_comment_id": "7507766724252304150",
            "_username": "pizza4alice",
            "_nickname": "alice🎀",
            "_comment": "I’m literally purchasing rn",
            "_create_time": "2025-05-23T23:09:38",
            "_avatar": "https://p16-common-sign-va.tiktokcdn-us.com/tos-maliva-avt-0068/a8ae43a5de9e6de6db6ab29d31ea53cb~tplv-tiktokx-cropcenter:100:100.jpg?dr=9640&refresh_token=e035b5b9&x-expires=1756281600&x-signature=DAqHbamcUlMR9kKd9T5EbCfDSno%3D&t=4d5b0474&ps=13740610&shp=30310797&shcp=ff37627b&idc=useast5",
            "_total_reply": 1,
            "_replies": [
                {
                    "_comment_id": "7509571606734324502",
                    "_username": "lancome.official",
                    "_nickname": "Lancôme",
                    "_comment": "Hope you love it as much as we do 💋✨",
                    "_create_time": "2025-05-28T19:53:19",
                    "_avatar": "https://p16-common-sign-va.tiktokcdn-us.com/tos-maliva-avt-0068/9424f6caa6a8781766ccf45ddf0a0a0d~tplv-tiktokx-cropcenter:100:100.jpg?dr=9640&refresh_token=2d0d7041&x-expires=1756281600&x-signature=6RRh0sV%2BMiFopbDnto6in1a21L8%3D&t=4d5b0474&ps=13740610&shp=30310797&shcp=ff37627b&idc=useast5",
                    "_total_reply": null,
                    "_replies": []
                }
            ]
        },
        {
            "_comment_id": "7509810907144160023",
            "_username": "selenaslamour",
            "_nickname": "SELENA SLAMOUR",
            "_comment": "Nothing beats this campaign 💖💖",
            "_create_time": "2025-05-29T11:22:04",
            "_avatar": "https://p16-common-sign-useast2a.tiktokcdn-us.com/tos-useast2a-avt-0068-euttp/49c48f664296801d4b275f2237f888cc~tplv-tiktokx-cropcenter:100:100.jpg?dr=9640&refresh_token=37ef1aad&x-expires=1756281600&x-signature=a9WujeFY6n0YwUAobcA4Vqswidg%3D&t=4d5b0474&ps=13740610&shp=30310797&shcp=ff37627b&idc=useast5",
            "_total_reply": 2,
            "_replies": [
                {
                    "_comment_id": "7509421709293273888",
                    "_username": "lancome.official",
                    "_nickname": "Lancôme",
                    "_comment": "agreed 🥰",
                    "_create_time": "2025-05-29T21:17:59",
                    "_avatar": "https://p16-common-sign-va.tiktokcdn-us.com/tos-maliva-avt-0068/9424f6caa6a8781766ccf45ddf0a0a0d~tplv-tiktokx-cropcenter:100:100.jpg?dr=9640&refresh_token=2d0d7041&x-expires=1756281600&x-signature=6RRh0sV%2BMiFopbDnto6in1a21L8%3D&t=4d5b0474&ps=13740610&shp=30310797&shcp=ff37627b&idc=useast5",
                    "_total_reply": null,
                    "_replies": []
                },
                {
                    "_comment_id": "7509977520394978070",
                    "_username": "selenaslamour",
                    "_nickname": "SELENA SLAMOUR",
                    "_comment": "🥰💖💖",
                    "_create_time": "2025-05-29T22:08:29",
                    "_avatar": "https://p16-common-sign-useast2a.tiktokcdn-us.com/tos-useast2a-avt-0068-euttp/49c48f664296801d4b275f2237f888cc~tplv-tiktokx-cropcenter:100:100.jpg?dr=9640&refresh_token=37ef1aad&x-expires=1756281600&x-signature=a9WujeFY6n0YwUAobcA4Vqswidg%3D&t=4d5b0474&ps=13740610&shp=30310797&shcp=ff37627b&idc=useast5",
                    "_total_reply": null,
                    "_replies": []
                }
            ]
        },
        {
            "_comment_id": "7507457759765791506",
            "_username": "yutenk",
            "_nickname": "k𖦹",
            "_comment": "will this available in all around the world bc i live in 3rd world country and i REALLY want this 😭",
            "_create_time": "2025-05-23T03:10:35",
            "_avatar": "https://p16-common-sign-va.tiktokcdn-us.com/tos-maliva-avt-0068/8f4411fd1875cf13ccf0986768635901~tplv-tiktokx-cropcenter:100:100.jpg?dr=9640&refresh_token=795db4e7&x-expires=1756281600&x-signature=bRZXHcOR8bJif1G5TjSaQ0GWe%2BY%3D&t=4d5b0474&ps=13740610&shp=30310797&shcp=ff37627b&idc=useast5",
            "_total_reply": 0,
            "_replies": []
        },
        {
            "_comment_id": "7507295400497382151",
            "_username": "sabinesinno_",
            "_nickname": "Sabine Sinno",
            "_comment": "juicy tubes DUH!!!!",
            "_create_time": "2025-05-22T16:40:27",
            "_avatar": "https://p16-common-sign-sg.tiktokcdn-us.com/tos-alisg-avt-0068/7e32a842b6e918859b3445595bbbbf7e~tplv-tiktokx-cropcenter:100:100.jpg?dr=9640&refresh_token=223bc812&x-expires=1756281600&x-signature=Q5Lcrq0OgSHzKcKGhbiOM0oM5MQ%3D&t=4d5b0474&ps=13740610&shp=30310797&shcp=ff37627b&idc=useast5",
            "_total_reply": 1,
            "_replies": [
                {
                    "_comment_id": "7507721704736015126",
                    "_username": "lancome.official",
                    "_nickname": "Lancôme",
                    "_comment": "Juicy Tubes are so fetch ✨",
                    "_create_time": "2025-05-23T20:14:46",
                    "_avatar": "https://p19-common-sign-va.tiktokcdn-us.com/tos-maliva-avt-0068/9424f6caa6a8781766ccf45ddf0a0a0d~tplv-tiktokx-cropcenter:100:100.jpg?dr=9640&refresh_token=4e732867&x-expires=1756281600&x-signature=5PN4EHVgtRvUll6IF2OIT9lcCWk%3D&t=4d5b0474&ps=13740610&shp=30310797&shcp=ff37627b&idc=useast5",
                    "_total_reply": null,
                    "_replies": []
                }
            ]
        },
        {
            "_comment_id": "7522652731992589086",
            "_username": "raeannereed",
            "_nickname": "Rae",
            "_comment": "This is iconic",
            "_create_time": "2025-07-03T01:55:00",
            "_avatar": "https://p16-pu-sign-useast8.tiktokcdn-us.com/tos-useast8-avt-0068-tx2/9fed357ffe3d464801ccb818545a1b5e~tplv-tiktokx-cropcenter:100:100.jpg?dr=9640&refresh_token=d2dbd916&x-expires=1756281600&x-signature=M6l9dL%2BJhY40anqguFfU5OiQwlI%3D&t=4d5b0474&ps=13740610&shp=30310797&shcp=ff37627b&idc=useast5",
            "_total_reply": 0,
            "_replies": []
        },
        {
            "_comment_id": "7507322376208630550",
            "_username": "joanne_baxter",
            "_nickname": "Jo",
            "_comment": "Love love love juicy tubes",
            "_create_time": "2025-05-22T18:25:10",
            "_avatar": "https://p16-common-sign-va.tiktokcdn-us.com/tos-maliva-avt-0068/5080b31515f2d25d63531e4584e1f8af~tplv-tiktokx-cropcenter:100:100.jpg?dr=9640&refresh_token=74c0f9d0&x-expires=1756281600&x-signature=b3IZg8BF1DMLbo0ax4%2FqhMdaW4U%3D&t=4d5b0474&ps=13740610&shp=30310797&shcp=ff37627b&idc=useast5",
            "_total_reply": 1,
            "_replies": [
                {
                    "_comment_id": "7507325987202663190",
                    "_username": "lancome.official",
                    "_nickname": "Lancôme",
                    "_comment": "Juicy lips forever and ever 💖",
                    "_create_time": "2025-05-22T18:39:11",
                    "_avatar": "https://p16-common-sign-va.tiktokcdn-us.com/tos-maliva-avt-0068/9424f6caa6a8781766ccf45ddf0a0a0d~tplv-tiktokx-cropcenter:100:100.jpg?dr=9640&refresh_token=2d0d7041&x-expires=1756281600&x-signature=6RRh0sV%2BMiFopbDnto6in1a21L8%3D&t=4d5b0474&ps=13740610&shp=30310797&shcp=ff37627b&idc=useast5",
                    "_total_reply": null,
                    "_replies": []
                }
            ]
        },
        {
            "_comment_id": "7507501379209560854",
            "_username": "lorylorena552",
            "_nickname": "lorylorena552",
            "_comment": "My favourite ❤️",
            "_create_time": "2025-05-23T06:00:06",
            "_avatar": "https://p16-common-sign-useast2a.tiktokcdn-us.com/tos-useast2a-avt-0068-euttp/f3980b449146bf7bde97340615e4894b~tplv-tiktokx-cropcenter:100:100.jpg?dr=9640&refresh_token=48bf3132&x-expires=1756281600&x-signature=H5HP8xLgoCOFo3amb7a2FocY3Os%3D&t=4d5b0474&ps=13740610&shp=30310797&shcp=ff37627b&idc=useast5",
            "_total_reply": 0,
            "_replies": []
        },
        {
            "_comment_id": "7507399080558068511",
            "_username": "authornicolesekuloski",
            "_nickname": "Nicole Sekuloski 📚",
            "_comment": "Got one for my bday last week and they are my new fave!",
            "_create_time": "2025-05-22T23:22:51",
            "_avatar": "https://p19-pu-sign-useast8.tiktokcdn-us.com/tos-useast8-avt-0068-tx2/53bea9127ed9c2dc1156103ee0d009ba~tplv-tiktokx-cropcenter:100:100.jpg?dr=9640&refresh_token=aa9163ee&x-expires=1756281600&x-signature=M%2B%2FfHQ3z%2FCqMdtc%2BgO4C928VI4M%3D&t=4d5b0474&ps=13740610&shp=30310797&shcp=ff37627b&idc=useast5",
            "_total_reply": 1,
            "_replies": [
                {
                    "_comment_id": "7507721395029181206",
                    "_username": "lancome.official",
                    "_nickname": "Lancôme",
                    "_comment": "We're blushing 😘 Happy birthday! ✨",
                    "_create_time": "2025-05-23T20:13:37",
                    "_avatar": "https://p16-common-sign-va.tiktokcdn-us.com/tos-maliva-avt-0068/9424f6caa6a8781766ccf45ddf0a0a0d~tplv-tiktokx-cropcenter:100:100.jpg?dr=9640&refresh_token=2d0d7041&x-expires=1756281600&x-signature=6RRh0sV%2BMiFopbDnto6in1a21L8%3D&t=4d5b0474&ps=13740610&shp=30310797&shcp=ff37627b&idc=useast5",
                    "_total_reply": null,
                    "_replies": []
                }
            ]
        },
        {
            "_comment_id": "7507374179156706079",
            "_username": "jenzbeautystyle",
            "_nickname": "Jenzbeautystyle",
            "_comment": "I love it. very gorgeous",
            "_create_time": "2025-05-22T21:46:22",
            "_avatar": "https://p16-pu-sign-useast8.tiktokcdn-us.com/tos-useast5-avt-0068-tx/7351537868034506794~tplv-tiktokx-cropcenter:100:100.jpg?dr=9640&refresh_token=416c356a&x-expires=1756281600&x-signature=v6PGXi0WIiX9m0nRMASUwmhvEhQ%3D&t=4d5b0474&ps=13740610&shp=30310797&shcp=ff37627b&idc=useast5",
            "_total_reply": 1,
            "_replies": [
                {
                    "_comment_id": "7509571480905909014",
                    "_username": "lancome.official",
                    "_nickname": "Lancôme",
                    "_comment": "We love that you love it 😘",
                    "_create_time": "2025-05-28T19:52:49",
                    "_avatar": "https://p16-common-sign-va.tiktokcdn-us.com/tos-maliva-avt-0068/9424f6caa6a8781766ccf45ddf0a0a0d~tplv-tiktokx-cropcenter:100:100.jpg?dr=9640&refresh_token=2d0d7041&x-expires=1756281600&x-signature=6RRh0sV%2BMiFopbDnto6in1a21L8%3D&t=4d5b0474&ps=13740610&shp=30310797&shcp=ff37627b&idc=useast5",
                    "_total_reply": null,
                    "_replies": []
                }
            ]
        },
        {
            "_comment_id": "7507331877105009438",
            "_username": "user59918211",
            "_nickname": "Madi",
            "_comment": "omg I get it... spring fling & magic spell are my favorite shades 🥰",
            "_create_time": "2025-05-22T19:02:15",
            "_avatar": "https://p16-common-sign-va.tiktokcdn-us.com/tos-maliva-avt-0068/7326260988611821574~tplv-tiktokx-cropcenter:100:100.jpg?dr=9640&refresh_token=6a33b06a&x-expires=1756281600&x-signature=437TOeLn9VSKieAR2WqiLN%2BxSQk%3D&t=4d5b0474&ps=13740610&shp=30310797&shcp=ff37627b&idc=useast5",
            "_total_reply": 1,
            "_replies": [
                {
                    "_comment_id": "7507348207439168278",
                    "_username": "lancome.official",
                    "_nickname": "Lancôme",
                    "_comment": "Iconic choices ✨",
                    "_create_time": "2025-05-22T20:05:27",
                    "_avatar": "https://p16-common-sign-va.tiktokcdn-us.com/tos-maliva-avt-0068/9424f6caa6a8781766ccf45ddf0a0a0d~tplv-tiktokx-cropcenter:100:100.jpg?dr=9640&refresh_token=2d0d7041&x-expires=1756281600&x-signature=6RRh0sV%2BMiFopbDnto6in1a21L8%3D&t=4d5b0474&ps=13740610&shp=30310797&shcp=ff37627b&idc=useast5",
                    "_total_reply": null,
                    "_replies": []
                }
            ]
        },
        {
            "_comment_id": "7507319267182838551",
            "_username": "kathy_27m",
            "_nickname": "kathy_27m",
            "_comment": "Et l’odeur et le confort de ce gloss ne sont pas négligeables",
            "_create_time": "2025-05-22T18:13:11",
            "_avatar": "https://p16-common-sign-va.tiktokcdn-us.com/tos-maliva-avt-0068/3d93c6bdba4c3d13e41c9dec282b1ff8~tplv-tiktokx-cropcenter:100:100.jpg?dr=9640&refresh_token=b3fabb4b&x-expires=1756281600&x-signature=z0a8WGPlINxwGP0eJG2XZ77pLSs%3D&t=4d5b0474&ps=13740610&shp=30310797&shcp=ff37627b&idc=useast5",
            "_total_reply": 0,
            "_replies": []
        },
        {
            "_comment_id": "7507385044975829782",
            "_username": "mitchthemommy",
            "_nickname": "Michelle Lynch",
            "_comment": "love it",
            "_create_time": "2025-05-22T22:28:28",
            "_avatar": "https://p16-common-sign-useast2a.tiktokcdn-us.com/tos-useast2a-avt-0068-euttp/6920f07878d573199beb7ecf33571583~tplv-tiktokx-cropcenter:100:100.jpg?dr=9640&refresh_token=f935d486&x-expires=1756281600&x-signature=MmR0vJ3LEheUoxoFQWPFNfpa29U%3D&t=4d5b0474&ps=13740610&shp=30310797&shcp=ff37627b&idc=useast5",
            "_total_reply": 0,
            "_replies": []
        },
        {
            "_comment_id": "7508364897064518432",
            "_username": "xxhalaxzx4",
            "_nickname": "♡𓆉♡",
            "_comment": "Omgg you be gathering all the icons!!",
            "_create_time": "2025-05-25T13:52:40",
            "_avatar": "https://p19-common-sign-va.tiktokcdn-us.com/tos-maliva-avt-0068/04d0703b08715ec2fae629d5bbb7a09b~tplv-tiktokx-cropcenter:100:100.jpg?dr=9640&refresh_token=67ff9cb8&x-expires=1756281600&x-signature=VDDxkJ22LNYdWCH7VxzdgJcRjCQ%3D&t=4d5b0474&ps=13740610&shp=30310797&shcp=ff37627b&idc=useast5",
            "_total_reply": 0,
            "_replies": []
        },
        {
            "_comment_id": "7507291245325878038",
            "_username": "reyyan0500",
            "_nickname": "𝓡𝓮𝔂𝔂𝓪𝓷",
            "_comment": "earlyyy",
            "_create_time": "2025-05-22T16:24:25",
            "_avatar": "https://p16-common-sign-va.tiktokcdn-us.com/tos-maliva-avt-0068/0e45c484aa13b9630761d24df5893be3~tplv-tiktokx-cropcenter:100:100.jpg?dr=9640&refresh_token=fcac803f&x-expires=1756281600&x-signature=8n0hzcAWbXUHtDYiiuTMkjPn1VM%3D&t=4d5b0474&ps=13740610&shp=30310797&shcp=ff37627b&idc=useast5",
            "_total_reply": 0,
            "_replies": []
        },
        {
            "_comment_id": "7514628532699005742",
            "_username": "meganelizabeth955",
            "_nickname": "HazelRose",
            "_comment": "I have it lol 😂 but in light pink",
            "_create_time": "2025-06-11T10:57:08",
            "_avatar": "https://p19-pu-sign-useast8.tiktokcdn-us.com/tos-useast8-avt-0068-tx2/48a77d3569a40f7a14be3ccd5c1805e4~tplv-tiktokx-cropcenter:100:100.jpg?dr=9640&refresh_token=f53dada4&x-expires=1756281600&x-signature=IGXsPYpeUMht1h27VoBd2publ%2BY%3D&t=4d5b0474&ps=13740610&shp=30310797&shcp=ff37627b&idc=useast5",
            "_total_reply": 0,
            "_replies": []
        },
        {
            "_comment_id": "7512581713261052679",
            "_username": "malakk.mamdouhh",
            "_nickname": "loukiiii 🫧",
            "_comment": "isnt she the one from mean girls",
            "_create_time": "2025-06-05T22:34:09",
            "_avatar": "https://p16-common-sign-sg.tiktokcdn-us.com/tos-alisg-avt-0068/224d79fb0a4594bda6380768e1515287~tplv-tiktokx-cropcenter:100:100.jpg?dr=9640&refresh_token=f425de68&x-expires=1756281600&x-signature=kkbgON30jVXbPBfIP%2F2S5Wgp1Y4%3D&t=4d5b0474&ps=13740610&shp=30310797&shcp=ff37627b&idc=useast5",
            "_total_reply": 0,
            "_replies": []
        },
        {
            "_comment_id": "7507322679303078702",
            "_username": "uknowitsleslie",
            "_nickname": "leslie ✨",
            "_comment": "these look like everything!! 😩",
            "_create_time": "2025-05-22T18:26:51",
            "_avatar": "https://p16-sign.tiktokcdn-us.com/tos-useast5-avt-0068-tx/c377d06bbb6882ae22bbde425ac2eb5c~tplv-tiktokx-cropcenter:100:100.jpg?dr=9640&refresh_token=44be2f52&x-expires=1756281600&x-signature=XqelthRzefRsnX419aldvJgOpYk%3D&t=4d5b0474&ps=13740610&shp=30310797&shcp=ff37627b&idc=useast5",
            "_total_reply": 0,
            "_replies": []
        },
        {
            "_comment_id": "7507381009487250198",
            "_username": "lifeofmrstlm2013",
            "_nickname": "lifeofmrstlm2013",
            "_comment": "so love these 🥰",
            "_create_time": "2025-05-22T22:12:40",
            "_avatar": "https://p16-common-sign-va.tiktokcdn-us.com/musically-maliva-obj/1594805258216454~tplv-tiktokx-cropcenter:100:100.jpg?dr=9640&refresh_token=e95abb24&x-expires=1756281600&x-signature=3sj6OaLiS8USBUJlFKzdpJPzweM%3D&t=4d5b0474&ps=13740610&shp=30310797&shcp=ff37627b&idc=useast5",
            "_total_reply": 0,
            "_replies": []
        },
        {
            "_comment_id": "7513070355302744862",
            "_username": "ashley55304",
            "_nickname": "ashley03589",
            "_comment": "SAVANNNNNAH, wyd heree😍",
            "_create_time": "2025-06-07T06:10:55",
            "_avatar": "https://p16-common-sign-va.tiktokcdn-us.com/tos-maliva-avt-0068/e99d66a8eb5bac296fc02497b0685519~tplv-tiktokx-cropcenter:100:100.jpg?dr=9640&refresh_token=12f410ee&x-expires=1756281600&x-signature=hBqEloGOppdziMxcYLzIACnAYng%3D&t=4d5b0474&ps=13740610&shp=30310797&shcp=ff37627b&idc=useast5",
            "_total_reply": 0,
            "_replies": []
        },
        {
            "_comment_id": "7511055320116298527",
            "_username": "mandiddyy",
            "_nickname": "amanda ♡",
            "_comment": "THIS is marketing!!",
            "_create_time": "2025-06-01T19:51:26",
            "_avatar": "https://p16-pu-sign-useast8.tiktokcdn-us.com/tos-useast8-avt-0068-tx2/f2e60bdfd27226c2b3d4ca78c8de16eb~tplv-tiktokx-cropcenter:100:100.jpg?dr=9640&refresh_token=a7a13944&x-expires=1756281600&x-signature=EanegEqjEtd%2BFKNiViauwJD%2BeBo%3D&t=4d5b0474&ps=13740610&shp=30310797&shcp=ff37627b&idc=useast5",
            "_total_reply": 0,
            "_replies": []
        },
        {
            "_comment_id": "7507366009536398102",
            "_username": "katexsparkle",
            "_nickname": "katesparkle",
            "_comment": "how many y2k baddies are you getting",
            "_create_time": "2025-05-22T21:14:26",
            "_avatar": "https://p16-common-sign-useast2a.tiktokcdn-us.com/tos-useast2a-avt-0068-euttp/78b0aa8840b9455421b97b31607a9778~tplv-tiktokx-cropcenter:100:100.jpg?dr=9640&refresh_token=e405ffa6&x-expires=1756281600&x-signature=uCsLePhsC1NNu2my7XF6A8%2FXNEU%3D&t=4d5b0474&ps=13740610&shp=30310797&shcp=ff37627b&idc=useast5",
            "_total_reply": 0,
            "_replies": []
        },
        {
            "_comment_id": "7508307424568394518",
            "_username": "jocelyne.rhim5",
            "_nickname": "Jocelyne Rhim",
            "_comment": "💜💜💜💜💜💜",
            "_create_time": "2025-05-25T10:07:46",
            "_avatar": "https://p16-common-sign-va.tiktokcdn-us.com/tos-maliva-avt-0068/5ebfc5e48db9a37ef2e817b740b640ac~tplv-tiktokx-cropcenter:100:100.jpg?dr=9640&refresh_token=e2c46637&x-expires=1756281600&x-signature=5N0QQevWw92J%2FzWww12PsFXQSFg%3D&t=4d5b0474&ps=13740610&shp=30310797&shcp=ff37627b&idc=useast5",
            "_total_reply": 0,
            "_replies": []
        },
        {
            "_comment_id": "7507807843422274326",
            "_username": "sea2108",
            "_nickname": "SEA💙",
            "_comment": "❤️",
            "_create_time": "2025-05-24T01:50:10",
            "_avatar": "https://p16-common-sign-va.tiktokcdn-us.com/tos-maliva-avt-0068/6c71247e7bcad0691e887682a51ca050~tplv-tiktokx-cropcenter:100:100.jpg?dr=9640&refresh_token=4e7f8602&x-expires=1756281600&x-signature=WM35W%2FMsfih2WU9%2FziHhPMXipe4%3D&t=4d5b0474&ps=13740610&shp=30310797&shcp=ff37627b&idc=useast5",
            "_total_reply": 0,
            "_replies": []
        },
        {
            "_comment_id": "7507320353905083158",
            "_username": "joannakoussertariporter",
            "_nickname": "Joanna Koussertari P",
            "_comment": "👍🏻👍🏻👍🏻",
            "_create_time": "2025-05-22T18:17:22",
            "_avatar": "https://p16-common-sign-va.tiktokcdn-us.com/tos-maliva-avt-0068/7332146725190107142~tplv-tiktokx-cropcenter:100:100.jpg?dr=9640&refresh_token=0bf6da7b&x-expires=1756281600&x-signature=xdeoJk3mXCE2WBLErM%2B7qXq%2FC7s%3D&t=4d5b0474&ps=13740610&shp=30310797&shcp=ff37627b&idc=useast5",
            "_total_reply": 0,
            "_replies": []
        },
        {
            "_comment_id": "7507272538399359766",
            "_username": "chaimanuektjevader",
            "_nickname": "~Ellie~",
            "_comment": "😍💗",
            "_create_time": "2025-05-22T15:11:57",
            "_avatar": "https://p16-common-sign-va.tiktokcdn-us.com/tos-maliva-avt-0068/44fdc424cdd8163dfba50b4846564694~tplv-tiktokx-cropcenter:100:100.jpg?dr=9640&refresh_token=4643fe5b&x-expires=1756281600&x-signature=XDGiWnKS7U3gj14JIt7nR223rps%3D&t=4d5b0474&ps=13740610&shp=30310797&shcp=ff37627b&idc=useast5",
            "_total_reply": 0,
            "_replies": []
        },
        {
            "_comment_id": "7507273948238512918",
            "_username": "l.magnolia",
            "_nickname": "𝙻𝚎𝚊𝚑🫶🏼",
            "_comment": "💗💗💗",
            "_create_time": "2025-05-22T15:17:19",
            "_avatar": "https://p16-common-sign-va.tiktokcdn-us.com/tos-maliva-avt-0068/ee77cfaddfbd5ed92dc6c968c3339de7~tplv-tiktokx-cropcenter:100:100.jpg?dr=9640&refresh_token=d9ed7e45&x-expires=1756281600&x-signature=gD54jmrMUoHJ8GYQdhNx3xDPmw0%3D&t=4d5b0474&ps=13740610&shp=30310797&shcp=ff37627b&idc=useast5",
            "_total_reply": 0,
            "_replies": []
        },
        {
            "_comment_id": "7508300826667729672",
            "_username": "psychoticadam",
            "_nickname": "☆adam☆",
            "_comment": "💀",
            "_create_time": "2025-05-25T09:42:01",
            "_avatar": "https://p16-common-sign-sg.tiktokcdn-us.com/tos-alisg-avt-0068/3acff6906e65ab9ba8dc37a6713a1d80~tplv-tiktokx-cropcenter:100:100.jpg?dr=9640&refresh_token=7374e7bb&x-expires=1756281600&x-signature=swHFLLFr%2F7vDGjiqnCNVJmNr5Qk%3D&t=4d5b0474&ps=13740610&shp=30310797&shcp=ff37627b&idc=useast5",
            "_total_reply": 0,
            "_replies": []
        },
        {
            "_comment_id": "7507610384451863314",
            "_username": "tatata629",
            "_nickname": "takao jp🌏️🌸",
            "_comment": "💋",
            "_create_time": "2025-05-23T13:02:44",
            "_avatar": "https://p16-common-sign-sg.tiktokcdn-us.com/tos-alisg-avt-0068/d53c8ae6528b2670eb0ef54837fa62ed~tplv-tiktokx-cropcenter:100:100.jpg?dr=9640&refresh_token=3916cd90&x-expires=1756281600&x-signature=XPRJsudjR9qr9Hqv9p2NUSDKt2M%3D&t=4d5b0474&ps=13740610&shp=30310797&shcp=ff37627b&idc=useast5",
            "_total_reply": 0,
            "_replies": []
        },
        {
            "_comment_id": "7513575826392122114",
            "_username": "giorgiagracexo",
            "_nickname": "giorgiagracexo",
            "_comment": "@ruby🪽🌟🍸🪩",
            "_create_time": "2025-06-08T14:51:47",
            "_avatar": "https://p16-common-sign-useast2a.tiktokcdn-us.com/tos-useast2a-avt-0068-euttp/c153791e9691a016694be9fc33832b4e~tplv-tiktokx-cropcenter:100:100.jpg?dr=9640&refresh_token=f9190387&x-expires=1756281600&x-signature=PDuO%2FbUulll06HPog3m7o70VoTA%3D&t=4d5b0474&ps=13740610&shp=30310797&shcp=ff37627b&idc=useast5",
            "_total_reply": 0,
            "_replies": []
        },
        {
            "_comment_id": "7512973460495401750",
            "_username": "mi11ie234",
            "_nickname": "Millie",
            "_comment": "🥰",
            "_create_time": "2025-06-06T23:54:25",
            "_avatar": "https://p16-common-sign-useast2a.tiktokcdn-us.com/tos-useast2a-avt-0068-euttp/998f7281d5d229c119dbd51926b552e4~tplv-tiktokx-cropcenter:100:100.jpg?dr=9640&refresh_token=a42db90e&x-expires=1756281600&x-signature=wHnFHui6R6paJvql1%2BE79WAJRA4%3D&t=4d5b0474&ps=13740610&shp=30310797&shcp=ff37627b&idc=useast5",
            "_total_reply": 0,
            "_replies": []
        },
        {
            "_comment_id": "7507303098160579350",
            "_username": "martagarcia4125",
            "_nickname": "martagarcia4125",
            "_comment": "😍😍",
            "_create_time": "2025-05-22T17:10:24",
            "_avatar": "https://p16-common-sign-va.tiktokcdn-us.com/tos-maliva-avt-0068/7104345707418812422~tplv-tiktokx-cropcenter:100:100.jpg?dr=9640&refresh_token=39cd2832&x-expires=1756281600&x-signature=BXlZwWnJWouUwsV%2F6uEYg5pjlXY%3D&t=4d5b0474&ps=13740610&shp=30310797&shcp=ff37627b&idc=useast5",
            "_total_reply": 0,
            "_replies": []
        },
        {
            "_comment_id": "7510506685003170566",
            "_username": "barbiegurl437",
            "_nickname": "𝕨𝕖 𝕝𝕠𝕧𝕖 𝕙𝕖𝕣 💜",
            "_comment": "🌷🌷🌷",
            "_create_time": "2025-05-31T08:22:10",
            "_avatar": "https://p16-common-sign-va.tiktokcdn-us.com/tos-maliva-avt-0068/8eeef25792f871790046ca4c351c1891~tplv-tiktokx-cropcenter:100:100.jpg?dr=9640&refresh_token=373ba890&x-expires=1756281600&x-signature=WaaIA5qwbJC%2FszCTytuGIBFSc2Q%3D&t=4d5b0474&ps=13740610&shp=30310797&shcp=ff37627b&idc=useast5",
            "_total_reply": 0,
            "_replies": []
        },
        {
            "_comment_id": "7507272385822032662",
            "_username": "_hanna_marie_1013",
            "_nickname": "Hanna Marie ♱",
            "_comment": "😍😍😍",
            "_create_time": "2025-05-22T15:11:13",
            "_avatar": "https://p16-common-sign-va.tiktokcdn-us.com/tos-maliva-avt-0068/1339ff98cd7a9b4cb153569081c660fd~tplv-tiktokx-cropcenter:100:100.jpg?dr=9640&refresh_token=373d45df&x-expires=1756281600&x-signature=F%2B%2BcoCgBzgCkk9%2FzTzLTvn7RqL8%3D&t=4d5b0474&ps=13740610&shp=30310797&shcp=ff37627b&idc=useast5",
            "_total_reply": 0,
            "_replies": []
        },
        {
            "_comment_id": "7507286548183565099",
            "_username": "julie_selig",
            "_nickname": "Julie Selig",
            "_comment": "💋💋💋",
            "_create_time": "2025-05-22T16:06:37",
            "_avatar": "https://p19-pu-sign-useast8.tiktokcdn-us.com/tos-useast5-avt-0068-tx/7e3e395b5d23129c16786b8fe6163dd0~tplv-tiktokx-cropcenter:100:100.jpg?dr=9640&refresh_token=7c41677e&x-expires=1756281600&x-signature=LTPQzUVf02sb0X3QoT77yYsQuEs%3D&t=4d5b0474&ps=13740610&shp=30310797&shcp=ff37627b&idc=useast5",
            "_total_reply": 0,
            "_replies": []
        },
        {
            "_comment_id": "7512720274791023391",
            "_username": "magnetictutorials",
            "_nickname": "MagneticTutorials",
            "_comment": "💯💯💯",
            "_create_time": "2025-06-06T07:32:31",
            "_avatar": "https://p16-pu-sign-useast8.tiktokcdn-us.com/tos-useast5-avt-0068-tx/7343293527427645482~tplv-tiktokx-cropcenter:100:100.jpg?dr=9640&refresh_token=fb6970fc&x-expires=1756281600&x-signature=UbDwVCRSh1rx%2FDUP512GYLDaUaU%3D&t=4d5b0474&ps=13740610&shp=30310797&shcp=ff37627b&idc=useast5",
            "_total_reply": 0,
            "_replies": []
        },
        {
            "_comment_id": "7513549129252881168",
            "_username": "sona.sitoula",
            "_nickname": "S♡|\\|A🦋",
            "_comment": "🥺🥺@Lancôme color 🤌🤌🤌 is 😭😭",
            "_create_time": "2025-06-08T13:08:10",
            "_avatar": "https://p16-common-sign-sg.tiktokcdn-us.com/tos-alisg-avt-0068/9af970e2f4a951da491e69fb17c4976f~tplv-tiktokx-cropcenter:100:100.jpg?dr=9640&refresh_token=75100340&x-expires=1756281600&x-signature=GdMxtlqcJwyYHEwrV3hPTDn1HN4%3D&t=4d5b0474&ps=13740610&shp=30310797&shcp=ff37627b&idc=useast5",
            "_total_reply": 0,
            "_replies": []
        },
        {
            "_comment_id": "7509051008997655327",
            "_username": "cuttee123",
            "_nickname": "Patrice",
            "_comment": "Dear @Lancôme message me!!!!! Been romancing you for 15 years at least!!!!",
            "_create_time": "2025-05-27T10:14:29",
            "_avatar": "https://p16-pu-sign-useast8.tiktokcdn-us.com/tos-useast5-avt-0068-tx/151d0226457e6960503b625ab08271bf~tplv-tiktokx-cropcenter:100:100.jpg?dr=9640&refresh_token=e4c72702&x-expires=1756281600&x-signature=kNmLJixJUiOYsgK87El9%2BaZcPE0%3D&t=4d5b0474&ps=13740610&shp=30310797&shcp=ff37627b&idc=useast5",
            "_total_reply": 1,
            "_replies": [
                {
                    "_comment_id": "7509051937352221471",
                    "_username": "cuttee123",
                    "_nickname": "Patrice",
                    "_comment": "Omg counting i bet its been ugh…. 25 years!!!! Omg im old but i still need more juicy tubes!!!!",
                    "_create_time": "2025-05-27T10:18:00",
                    "_avatar": "https://p19-pu-sign-useast8.tiktokcdn-us.com/tos-useast5-avt-0068-tx/151d0226457e6960503b625ab08271bf~tplv-tiktokx-cropcenter:100:100.jpg?dr=9640&refresh_token=c9108d96&x-expires=1756281600&x-signature=M35OOPJtOX6DZpjQprXmYs1MFBo%3D&t=4d5b0474&ps=13740610&shp=30310797&shcp=ff37627b&idc=useast5",
                    "_total_reply": null,
                    "_replies": []
                }
            ]
        },
        {
            "_comment_id": "7507279502684488479",
            "_username": "yvetteeful",
            "_nickname": "Yvetteeful",
            "_comment": "Love juicy tubesss🔥😍",
            "_create_time": "2025-05-22T15:39:08",
            "_avatar": "https://p16-sign.tiktokcdn-us.com/tos-useast5-avt-0068-tx/630ebecba22c1e4a8b010cf9f44466f0~tplv-tiktokx-cropcenter:100:100.jpg?dr=9640&refresh_token=3e71d858&x-expires=1756281600&x-signature=Gh3FxIqto1lAOkuJNmCi%2BmuMRiU%3D&t=4d5b0474&ps=13740610&shp=30310797&shcp=ff37627b&idc=useast5",
            "_total_reply": 1,
            "_replies": [
                {
                    "_comment_id": "7507293802047554326",
                    "_username": "lancome.official",
                    "_nickname": "Lancôme",
                    "_comment": "You’re an icon ✨",
                    "_create_time": "2025-05-22T16:34:19",
                    "_avatar": "https://p16-common-sign-va.tiktokcdn-us.com/tos-maliva-avt-0068/9424f6caa6a8781766ccf45ddf0a0a0d~tplv-tiktokx-cropcenter:100:100.jpg?dr=9640&refresh_token=2d0d7041&x-expires=1756281600&x-signature=6RRh0sV%2BMiFopbDnto6in1a21L8%3D&t=4d5b0474&ps=13740610&shp=30310797&shcp=ff37627b&idc=useast5",
                    "_total_reply": null,
                    "_replies": []
                }
            ]
        },
        {
            "_comment_id": "7507664565388559126",
            "_username": "yves0399",
            "_nickname": "Yves",
            "_comment": "Sampletok",
            "_create_time": "2025-05-23T16:33:04",
            "_avatar": "https://p19-common-sign-useast2a.tiktokcdn-us.com/tos-useast2a-avt-0068-euttp/e9b21c0c2e89aca674de2fa8287865d6~tplv-tiktokx-cropcenter:100:100.jpg?dr=9640&refresh_token=48caf560&x-expires=1756281600&x-signature=OF1OMw7gzrjEyvwDBHopMVSN5Zc%3D&t=4d5b0474&ps=13740610&shp=30310797&shcp=ff37627b&idc=useast5",
            "_total_reply": 0,
            "_replies": []
        }
    ],
    "total_comments": 49
}