{
    "original_url": "https://www.tiktok.com/@lancome.official/video/7511439233425362198",
    "video_id": "7511439233425362198",
    "description": "New York City, we’ve arrived. Idôle House opens its doors very soon. Are you ready for a juicy summer? 💖 #Lancome #IdoleHouse ",
    "video_url": "https://m.tiktok.com/v/7511439233425362198.html?_d=0&comment_author_id=7527028147843187725&preview_pb=0&share_comment_id=7533633197713982222&share_item_id=7511439233425362198&sharer_language=en&source=h5_m&u_code=0",
    "tags": [
        "#Lancome",
        "#IdoleHouse"
    ],
    "comments": [
        {
            "_comment_id": "7533633197713982222",
            "_username": "susanbravo18",
            "_nickname": "★𝒔𝒖(𝒔𝒑𝒊𝒍𝒍𝒆𝒅)★",
            "_comment": "🗣️look it this one, look it that one",
            "_create_time": "2025-08-01T16:05:11",
            "_avatar": "https://p19-sign.tiktokcdn-us.com/tos-useast5-avt-0068-tx/1506c39fb011aeb17d883ff1e1743cc2~tplv-tiktokx-cropcenter:100:100.jpg?dr=9640&refresh_token=add14d89&x-expires=1756281600&x-signature=G4IPdQCNtJD2kqv4u9MctkxYUjs%3D&t=4d5b0474&ps=13740610&shp=30310797&shcp=ff37627b&idc=useast5",
            "_total_reply": 0,
            "_replies": []
        },
        {
            "_comment_id": "7520293888525271815",
            "_username": "whatheellie67",
            "_nickname": "whatheellie67",
            "_comment": "YOUR EVERYWHERR!!! It’s kinda iconic.😛",
            "_create_time": "2025-06-26T17:21:15",
            "_avatar": "https://p16-common-sign-sg.tiktokcdn-us.com/tos-alisg-avt-0068/694ac513a0fece0a810e1565894b0e44~tplv-tiktokx-cropcenter:100:100.jpg?dr=9640&refresh_token=271f777c&x-expires=1756281600&x-signature=g1pAt6TFKXJvaTlUDbBd37NpgWU%3D&t=4d5b0474&ps=13740610&shp=30310797&shcp=ff37627b&idc=useast5",
            "_total_reply": 0,
            "_replies": []
        },
        {
            "_comment_id": "7511442853642552082",
            "_username": "sabinesinno_",
            "_nickname": "Sabine Sinno",
            "_comment": "its the met steps for me",
            "_create_time": "2025-06-02T20:54:44",
            "_avatar": "https://p16-common-sign-sg.tiktokcdn-us.com/tos-alisg-avt-0068/7e32a842b6e918859b3445595bbbbf7e~tplv-tiktokx-cropcenter:100:100.jpg?dr=9640&refresh_token=223bc812&x-expires=1756281600&x-signature=Q5Lcrq0OgSHzKcKGhbiOM0oM5MQ%3D&t=4d5b0474&ps=13740610&shp=30310797&shcp=ff37627b&idc=useast5",
            "_total_reply": 1,
            "_replies": [
                {
                    "_comment_id": "7511442999877239574",
                    "_username": "lancome.official",
                    "_nickname": "Lancôme",
                    "_comment": "Truly iconic ✨",
                    "_create_time": "2025-06-02T20:55:16",
                    "_avatar": "https://p16-common-sign-va.tiktokcdn-us.com/tos-maliva-avt-0068/9424f6caa6a8781766ccf45ddf0a0a0d~tplv-tiktokx-cropcenter:100:100.jpg?dr=9640&refresh_token=2d0d7041&x-expires=1756281600&x-signature=6RRh0sV%2BMiFopbDnto6in1a21L8%3D&t=4d5b0474&ps=13740610&shp=30310797&shcp=ff37627b&idc=useast5",
                    "_total_reply": null,
                    "_replies": []
                }
            ]
        },
        {
            "_comment_id": "7512153934581662510",
            "_username": "shristioli7",
            "_nickname": "Shristi oli",
            "_comment": "Hey wanna collab with you",
            "_create_time": "2025-06-04T18:54:16",
            "_avatar": "https://p16-pu-sign-useast8.tiktokcdn-us.com/tos-useast5-avt-0068-tx/2424bcfa665e343fdec454b6488eb324~tplv-tiktokx-cropcenter:100:100.jpg?dr=9640&refresh_token=cbf68837&x-expires=1756281600&x-signature=euYmbtvVbKpwogIyi95JhqisIHc%3D&t=4d5b0474&ps=13740610&shp=30310797&shcp=ff37627b&idc=useast5",
            "_total_reply": 0,
            "_replies": []
        },
        {
            "_comment_id": "7512848673623327510",
            "_username": "yael66824",
            "_nickname": "yael (spilled)",
            "_comment": "Love liv laugh 💜",
            "_create_time": "2025-06-06T15:50:11",
            "_avatar": "https://p16-common-sign-va.tiktokcdn-us.com/tos-maliva-avt-0068/8c7d424ad42cd808f1383fb7edab6afc~tplv-tiktokx-cropcenter:100:100.jpg?dr=9640&refresh_token=267f3163&x-expires=1756281600&x-signature=I35kPxIy7QyT2IrULaejl2kQLJw%3D&t=4d5b0474&ps=13740610&shp=30310797&shcp=ff37627b&idc=useast5",
            "_total_reply": 0,
            "_replies": []
        },
        {
            "_comment_id": "7538469275591803704",
            "_username": "liskeiradng",
            "_nickname": "Liskeira ✨",
            "_comment": "Lancome look me please🥺😭",
            "_create_time": "2025-08-14T16:51:12",
            "_avatar": "https://p16-common-sign-va.tiktokcdn-us.com/tos-maliva-avt-0068/d14ee8c5db403a0ad82b5e93e00bc0a5~tplv-tiktokx-cropcenter:100:100.jpg?dr=9640&refresh_token=34e4fad6&x-expires=1756281600&x-signature=ByaHVhQyMn%2FXNakQD%2BUgKls5%2Fxc%3D&t=4d5b0474&ps=13740610&shp=30310797&shcp=ff37627b&idc=useast5",
            "_total_reply": 0,
            "_replies": []
        },
        {
            "_comment_id": "7511657827820454702",
            "_username": "faisalbhatti2526",
            "_nickname": "Faisal bhatti",
            "_comment": "help me",
            "_create_time": "2025-06-03T10:50:35",
            "_avatar": "https://p16-pu-sign-useast8.tiktokcdn-us.com/tos-useast5-avt-0068-tx/bd209bc327ff9c8322b57c9f54b8a45e~tplv-tiktokx-cropcenter:100:100.jpg?dr=9640&refresh_token=d60ec9e3&x-expires=1756281600&x-signature=Q%2BXH4zbhdlwa8AWQ%2BWstSj5agMI%3D&t=4d5b0474&ps=13740610&shp=30310797&shcp=ff37627b&idc=useast5",
            "_total_reply": 0,
            "_replies": []
        },
        {
            "_comment_id": "7511439488061653791",
            "_username": "_faithevan_",
            "_nickname": "Faith",
            "_comment": "Juicy summer ✨",
            "_create_time": "2025-06-02T20:41:52",
            "_avatar": "https://p19-pu-sign-useast8.tiktokcdn-us.com/tos-useast8-avt-0068-tx2/da017bb53a5de205d3726fa6831f78b7~tplv-tiktokx-cropcenter:100:100.jpg?dr=9640&refresh_token=427d9d19&x-expires=1756281600&x-signature=H6qZiGLwiUW70Zljs%2B%2BE%2B6jff14%3D&t=4d5b0474&ps=13740610&shp=30310797&shcp=ff37627b&idc=useast5",
            "_total_reply": 2,
            "_replies": [
                {
                    "_comment_id": "7511442797066879766",
                    "_username": "lancome.official",
                    "_nickname": "Lancôme",
                    "_comment": "It just keeps getting juicier ✨",
                    "_create_time": "2025-06-02T20:54:34",
                    "_avatar": "https://p16-common-sign-va.tiktokcdn-us.com/tos-maliva-avt-0068/9424f6caa6a8781766ccf45ddf0a0a0d~tplv-tiktokx-cropcenter:100:100.jpg?dr=9640&refresh_token=2d0d7041&x-expires=1756281600&x-signature=6RRh0sV%2BMiFopbDnto6in1a21L8%3D&t=4d5b0474&ps=13740610&shp=30310797&shcp=ff37627b&idc=useast5",
                    "_total_reply": null,
                    "_replies": []
                },
                {
                    "_comment_id": "7511657959123092266",
                    "_username": "faisalbhatti2526",
                    "_nickname": "Faisal bhatti",
                    "_comment": "help me",
                    "_create_time": "2025-06-03T10:50:39",
                    "_avatar": "https://p16-pu-sign-useast8.tiktokcdn-us.com/tos-useast5-avt-0068-tx/bd209bc327ff9c8322b57c9f54b8a45e~tplv-tiktokx-cropcenter:100:100.jpg?dr=9640&refresh_token=d60ec9e3&x-expires=1756281600&x-signature=Q%2BXH4zbhdlwa8AWQ%2BWstSj5agMI%3D&t=4d5b0474&ps=13740610&shp=30310797&shcp=ff37627b&idc=useast5",
                    "_total_reply": null,
                    "_replies": []
                }
            ]
        },
        {
            "_comment_id": "7511731766539338527",
            "_username": "thaisoffiicial",
            "_nickname": "thais",
            "_comment": "oh im def coming ✨",
            "_create_time": "2025-06-03T15:36:51",
            "_avatar": "https://p16-pu-sign-useast8.tiktokcdn-us.com/tos-useast8-avt-0068-tx2/bc69faf7267109bd66e23f889866178d~tplv-tiktokx-cropcenter:100:100.jpg?dr=9640&refresh_token=2527cc3a&x-expires=1756281600&x-signature=oxCVHsUnY%2FbyUDd1rqcms1AjfUs%3D&t=4d5b0474&ps=13740610&shp=30310797&shcp=ff37627b&idc=useast5",
            "_total_reply": 1,
            "_replies": [
                {
                    "_comment_id": "7510246175644500768",
                    "_username": "lancome.official",
                    "_nickname": "Lancôme",
                    "_comment": "Heheh see you there! ❤️",
                    "_create_time": "2025-06-03T15:45:46",
                    "_avatar": "https://p16-common-sign-va.tiktokcdn-us.com/tos-maliva-avt-0068/9424f6caa6a8781766ccf45ddf0a0a0d~tplv-tiktokx-cropcenter:100:100.jpg?dr=9640&refresh_token=2d0d7041&x-expires=1756281600&x-signature=6RRh0sV%2BMiFopbDnto6in1a21L8%3D&t=4d5b0474&ps=13740610&shp=30310797&shcp=ff37627b&idc=useast5",
                    "_total_reply": null,
                    "_replies": []
                }
            ]
        },
        {
            "_comment_id": "7511558855798424376",
            "_username": "fernnandaramos",
            "_nickname": "Fernnanda Ramos",
            "_comment": "Perfume da Camila pudim",
            "_create_time": "2025-06-03T04:25:07",
            "_avatar": "https://p16-common-sign-va.tiktokcdn-us.com/tos-maliva-avt-0068/acf651bd5c84a5f68c5e246c39d7f409~tplv-tiktokx-cropcenter:100:100.jpg?dr=9640&refresh_token=5e604b1a&x-expires=1756281600&x-signature=6IcKhw13wLVXcECj1ShYdHb9NDY%3D&t=4d5b0474&ps=13740610&shp=30310797&shcp=ff37627b&idc=useast5",
            "_total_reply": 0,
            "_replies": []
        },
        {
            "_comment_id": "7511774548519879470",
            "_username": "lafleur.ny",
            "_nickname": "La Fleur NY🌷",
            "_comment": "Would love to collab👀🌷💗",
            "_create_time": "2025-06-03T18:22:25",
            "_avatar": "https://p19-pu-sign-useast8.tiktokcdn-us.com/tos-useast5-avt-0068-tx/6391c0c99dd86bd36d152cdb0c5839d8~tplv-tiktokx-cropcenter:100:100.jpg?dr=9640&refresh_token=f7b7f247&x-expires=1756281600&x-signature=eHy%2FsKlKjXE22VMCCrN45zdu7M8%3D&t=4d5b0474&ps=13740610&shp=30310797&shcp=ff37627b&idc=useast5",
            "_total_reply": 0,
            "_replies": []
        },
        {
            "_comment_id": "7511460600117248774",
            "_username": "samanthalapices",
            "_nickname": "Samantha Sanabria",
            "_comment": "Summer 🤍🎁🤡",
            "_create_time": "2025-06-02T22:03:42",
            "_avatar": "https://p16-common-sign-va.tiktokcdn-us.com/tos-maliva-avt-0068/8a4943227d2de36cac27efd2a34b68d1~tplv-tiktokx-cropcenter:100:100.jpg?dr=9640&refresh_token=c4d0e80f&x-expires=1756281600&x-signature=TsAZmaTzeIWVj9yGk%2FnEvBi42Ec%3D&t=4d5b0474&ps=13740610&shp=30310797&shcp=ff37627b&idc=useast5",
            "_total_reply": 0,
            "_replies": []
        },
        {
            "_comment_id": "7511514604120818463",
            "_username": "terieboyd",
            "_nickname": "Terie",
            "_comment": "She is everywhere ( do I hear a purchase coming 😝)",
            "_create_time": "2025-06-03T01:33:29",
            "_avatar": "https://p16-sign.tiktokcdn-us.com/tos-useast5-avt-0068-tx/1ebc3c07df0d71e2790d2dc76de465e8~tplv-tiktokx-cropcenter:100:100.jpg?dr=9640&refresh_token=9ae988db&x-expires=1756281600&x-signature=T11OwVZMHFoAp0YxuxHU%2BTciTO8%3D&t=4d5b0474&ps=13740610&shp=30310797&shcp=ff37627b&idc=useast5",
            "_total_reply": 1,
            "_replies": [
                {
                    "_comment_id": "7512113177396511510",
                    "_username": "lancome.official",
                    "_nickname": "Lancôme",
                    "_comment": "Maybe 👀",
                    "_create_time": "2025-06-04T16:15:55",
                    "_avatar": "https://p16-common-sign-va.tiktokcdn-us.com/tos-maliva-avt-0068/9424f6caa6a8781766ccf45ddf0a0a0d~tplv-tiktokx-cropcenter:100:100.jpg?dr=9640&refresh_token=2d0d7041&x-expires=1756281600&x-signature=6RRh0sV%2BMiFopbDnto6in1a21L8%3D&t=4d5b0474&ps=13740610&shp=30310797&shcp=ff37627b&idc=useast5",
                    "_total_reply": null,
                    "_replies": []
                }
            ]
        },
        {
            "_comment_id": "7511442097444537130",
            "_username": "julie_selig",
            "_nickname": "Julie Selig",
            "_comment": "Yassss we’re here 💋💋💋",
            "_create_time": "2025-06-02T20:52:21",
            "_avatar": "https://p16-pu-sign-useast8.tiktokcdn-us.com/tos-useast5-avt-0068-tx/7e3e395b5d23129c16786b8fe6163dd0~tplv-tiktokx-cropcenter:100:100.jpg?dr=9640&refresh_token=c48688f5&x-expires=1756281600&x-signature=zsYTHVZZg0foeU7KI84NBq0Aptg%3D&t=4d5b0474&ps=13740610&shp=30310797&shcp=ff37627b&idc=useast5",
            "_total_reply": 1,
            "_replies": [
                {
                    "_comment_id": "7511442890083713814",
                    "_username": "lancome.official",
                    "_nickname": "Lancôme",
                    "_comment": "And we couldn't be more excited 🤭",
                    "_create_time": "2025-06-02T20:54:53",
                    "_avatar": "https://p16-common-sign-va.tiktokcdn-us.com/tos-maliva-avt-0068/9424f6caa6a8781766ccf45ddf0a0a0d~tplv-tiktokx-cropcenter:100:100.jpg?dr=9640&refresh_token=2d0d7041&x-expires=1756281600&x-signature=6RRh0sV%2BMiFopbDnto6in1a21L8%3D&t=4d5b0474&ps=13740610&shp=30310797&shcp=ff37627b&idc=useast5",
                    "_total_reply": null,
                    "_replies": []
                }
            ]
        },
        {
            "_comment_id": "7511455071311741718",
            "_username": "mitchthemommy",
            "_nickname": "Michelle Lynch",
            "_comment": "love",
            "_create_time": "2025-06-02T21:42:11",
            "_avatar": "https://p16-common-sign-useast2a.tiktokcdn-us.com/tos-useast2a-avt-0068-euttp/6920f07878d573199beb7ecf33571583~tplv-tiktokx-cropcenter:100:100.jpg?dr=9640&refresh_token=f935d486&x-expires=1756281600&x-signature=MmR0vJ3LEheUoxoFQWPFNfpa29U%3D&t=4d5b0474&ps=13740610&shp=30310797&shcp=ff37627b&idc=useast5",
            "_total_reply": 0,
            "_replies": []
        },
        {
            "_comment_id": "7512722575517287190",
            "_username": "vavawoodss",
            "_nickname": "Avaa ᵒᴿ",
            "_comment": "Pls come to London!!",
            "_create_time": "2025-06-06T07:40:49",
            "_avatar": "https://p16-common-sign-va.tiktokcdn-us.com/tos-maliva-avt-0068/099bab70bd486f4a375da02f85654520~tplv-tiktokx-cropcenter:100:100.jpg?dr=9640&refresh_token=89952dd1&x-expires=1756281600&x-signature=nP9BzVhlmsRgVx%2FSq2l%2Bn6SemDc%3D&t=4d5b0474&ps=13740610&shp=30310797&shcp=ff37627b&idc=useast5",
            "_total_reply": 0,
            "_replies": []
        },
        {
            "_comment_id": "7511706891832886022",
            "_username": "barbiegurl437",
            "_nickname": "𝕨𝕖 𝕝𝕠𝕧𝕖 𝕙𝕖𝕣 💜",
            "_comment": "🌷🌷🌷",
            "_create_time": "2025-06-03T13:59:21",
            "_avatar": "https://p16-common-sign-va.tiktokcdn-us.com/tos-maliva-avt-0068/8eeef25792f871790046ca4c351c1891~tplv-tiktokx-cropcenter:100:100.jpg?dr=9640&refresh_token=373ba890&x-expires=1756281600&x-signature=WaaIA5qwbJC%2FszCTytuGIBFSc2Q%3D&t=4d5b0474&ps=13740610&shp=30310797&shcp=ff37627b&idc=useast5",
            "_total_reply": 0,
            "_replies": []
        },
        {
            "_comment_id": "7511671523519316769",
            "_username": "anjaluijkx",
            "_nickname": "anjaluijkx",
            "_comment": "😍😍😍",
            "_create_time": "2025-06-03T11:42:24",
            "_avatar": "https://p16-common-sign-useast2a.tiktokcdn-us.com/tos-useast2a-avt-0068-giso/20b0495d694fb110ff02878cf12a3a39~tplv-tiktokx-cropcenter:100:100.jpg?dr=9640&refresh_token=3b4a4f8e&x-expires=1756281600&x-signature=QD2I3ncfzh5aM843ZE4b53MzbBw%3D&t=4d5b0474&ps=13740610&shp=30310797&shcp=ff37627b&idc=useast5",
            "_total_reply": 0,
            "_replies": []
        },
        {
            "_comment_id": "7511561497022792504",
            "_username": "glamwreet",
            "_nickname": "Glamwreet",
            "_comment": "❤️❤️❤️",
            "_create_time": "2025-06-03T04:35:19",
            "_avatar": "https://p16-common-sign-va.tiktokcdn-us.com/tos-maliva-avt-0068/ef419ed7b1c2309efc3403af3f4825c4~tplv-tiktokx-cropcenter:100:100.jpg?dr=9640&refresh_token=d18b75fc&x-expires=1756281600&x-signature=NfilmQJmfldiO1%2FQ5GvwyTFa8hA%3D&t=4d5b0474&ps=13740610&shp=30310797&shcp=ff37627b&idc=useast5",
            "_total_reply": 0,
            "_replies": []
        },
        {
            "_comment_id": "7511475026265654072",
            "_username": "swati_dhunna",
            "_nickname": "Swati",
            "_comment": "👀👀👀",
            "_create_time": "2025-06-02T22:59:34",
            "_avatar": "https://p16-common-sign-va.tiktokcdn-us.com/tos-maliva-avt-0068/c71497c1416b56b66ff932713f82318f~tplv-tiktokx-cropcenter:100:100.jpg?dr=9640&refresh_token=b18a63e6&x-expires=1756281600&x-signature=n4CZjEPVYSOhoNtRf62LR8ZU2l0%3D&t=4d5b0474&ps=13740610&shp=30310797&shcp=ff37627b&idc=useast5",
            "_total_reply": 0,
            "_replies": []
        },
        {
            "_comment_id": "7511444021967110968",
            "_username": "alyabronze",
            "_nickname": "ALYA Bronze 🤎",
            "_comment": "😍😍😍😍😍😍😍😍😍😍😍",
            "_create_time": "2025-06-02T20:59:20",
            "_avatar": "https://p16-common-sign-va.tiktokcdn-us.com/tos-maliva-avt-0068/be52d3a62f2477a36900e76bd56d3476~tplv-tiktokx-cropcenter:100:100.jpg?dr=9640&refresh_token=e47e4b09&x-expires=1756281600&x-signature=Mdaqp%2F9NH%2BSmV71RhNM0fON%2BusU%3D&t=4d5b0474&ps=13740610&shp=30310797&shcp=ff37627b&idc=useast5",
            "_total_reply": 0,
            "_replies": []
        },
        {
            "_comment_id": "7512493680910582548",
            "_username": "aisar_elkhaled.02",
            "_nickname": "pisces🪼🐬",
            "_comment": "🥰",
            "_create_time": "2025-06-05T16:52:28",
            "_avatar": "https://p16-common-sign-va.tiktokcdn-us.com/tos-maliva-avt-0068/5950cadbe76de6ec40aa56250f702102~tplv-tiktokx-cropcenter:100:100.jpg?dr=9640&refresh_token=7a855109&x-expires=1756281600&x-signature=sjhMBJvWKAtRbUj3N2EbFlpgd2Q%3D&t=4d5b0474&ps=13740610&shp=30310797&shcp=ff37627b&idc=useast5",
            "_total_reply": 0,
            "_replies": []
        },
        {
            "_comment_id": "7511936420119888662",
            "_username": "tamilabegoidze",
            "_nickname": "tata1",
            "_comment": "✨✨✨",
            "_create_time": "2025-06-04T04:51:01",
            "_avatar": "https://p16-common-sign-useast2a.tiktokcdn-us.com/tos-useast2a-avt-0068-euttp/7355183390741495840~tplv-tiktokx-cropcenter:100:100.jpg?dr=9640&refresh_token=f25f3e68&x-expires=1756281600&x-signature=0GI4ASZ2SWSjdw4jGQFAa%2F4NHck%3D&t=4d5b0474&ps=13740610&shp=30310797&shcp=ff37627b&idc=useast5",
            "_total_reply": 0,
            "_replies": []
        },
        {
            "_comment_id": "7524293280722502406",
            "_username": "jennyketi",
            "_nickname": "💖Jenny",
            "_comment": "❤️",
            "_create_time": "2025-07-07T12:01:06",
            "_avatar": "https://p16-common-sign-va.tiktokcdn-us.com/tos-maliva-avt-0068/4bc9e842b4f38087734f50e4d4e37b9f~tplv-tiktokx-cropcenter:100:100.jpg?dr=9640&refresh_token=b1bd5284&x-expires=1756281600&x-signature=wyvu8AoFPlY0g0s6%2By%2Fayavm6cM%3D&t=4d5b0474&ps=13740610&shp=30310797&shcp=ff37627b&idc=useast5",
            "_total_reply": 0,
            "_replies": []
        },
        {
            "_comment_id": "7511810721404207914",
            "_username": "gacampisi",
            "_nickname": "gacampisi",
            "_comment": "❤️",
            "_create_time": "2025-06-03T20:42:29",
            "_avatar": "https://p16-common-sign-va.tiktokcdn-us.com/tos-maliva-avt-0068/7331051926333145093~tplv-tiktokx-cropcenter:100:100.jpg?dr=9640&refresh_token=4aac3866&x-expires=1756281600&x-signature=CfqsYx8tZV1ED9erMOw%2BA0vFQHk%3D&t=4d5b0474&ps=13740610&shp=30310797&shcp=ff37627b&idc=useast5",
            "_total_reply": 0,
            "_replies": []
        },
        {
            "_comment_id": "7511442014090380054",
            "_username": "furniturevillagefan",
            "_nickname": "FurnitureVillagefan",
            "_comment": "Hi Lancome please could you leave a comment on my video about how many brands can comment on my video! 💝",
            "_create_time": "2025-06-02T20:51:28",
            "_avatar": "https://p16-common-sign-va.tiktokcdn-us.com/tos-maliva-avt-0068/3fe0b398ea778a4128688ef538993d43~tplv-tiktokx-cropcenter:100:100.jpg?dr=9640&refresh_token=19beb3e0&x-expires=1756281600&x-signature=ZLhloy1vKLcpjHybpBFGhZhpgtA%3D&t=4d5b0474&ps=13740610&shp=30310797&shcp=ff37627b&idc=useast5",
            "_total_reply": 0,
            "_replies": []
        }
    ],
    "total_comments": 26
}