{
    "original_url": "https://www.tiktok.com/@lancome.official/video/7512818381557419286",
    "video_id": "7512818381557419286",
    "description": "Some things never go out of style—like Juicy Tubes and our favorite 2000s icons, @Ed Westwick, #RachelBilson, and @Gab Union joined us for an exclusive first look at Idôle House in NYC. #IdoleHouse #Lancome",
    "video_url": "https://m.tiktok.com/v/7512818381557419286.html?_d=0&comment_author_id=7467308344321000454&preview_pb=0&share_comment_id=7512870379661591352&share_item_id=7512818381557419286&sharer_language=en&source=h5_m&u_code=0",
    "tags": [
        "#RachelBilson,",
        "#IdoleHouse",
        "#Lancome"
    ],
    "comments": [
        {
            "_comment_id": "7512870379661591352",
            "_username": "eemmarodrigo",
            "_nickname": "𝓔𝓶𝓶𝓪🤍",
            "_comment": "RACHEL AND ED OMG",
            "_create_time": "2025-06-06T17:14:16",
            "_avatar": "https://p16-common-sign-va.tiktokcdn-us.com/tos-maliva-avt-0068/580759faae87d55af2f19e1a0ac280fb~tplv-tiktokx-cropcenter:100:100.jpg?dr=9640&refresh_token=66aedae4&x-expires=1756281600&x-signature=i97QxG%2Fq0IPFAAd449TlYYN0wbk%3D&t=4d5b0474&ps=13740610&shp=30310797&shcp=ff37627b&idc=useast5",
            "_total_reply": 0,
            "_replies": []
        },
        {
            "_comment_id": "7514787152355001110",
            "_username": "brookars",
            "_nickname": "brooke ⋆˚࿔",
            "_comment": "summer and chuck? omg",
            "_create_time": "2025-06-11T21:12:19",
            "_avatar": "https://p16-common-sign-va.tiktokcdn-us.com/tos-maliva-avt-0068/486aa71c0e962c6732b8946eb437ed01~tplv-tiktokx-cropcenter:100:100.jpg?dr=9640&refresh_token=3c7d7c21&x-expires=1756281600&x-signature=PFZGcyvOA9C%2BFl5HACDsEr0USDU%3D&t=4d5b0474&ps=13740610&shp=30310797&shcp=ff37627b&idc=useast5",
            "_total_reply": 1,
            "_replies": [
                {
                    "_comment_id": "7515147682232206102",
                    "_username": "lancome.official",
                    "_nickname": "Lancôme",
                    "_comment": "Two icons ✨",
                    "_create_time": "2025-06-12T20:31:22",
                    "_avatar": "https://p16-common-sign-va.tiktokcdn-us.com/tos-maliva-avt-0068/9424f6caa6a8781766ccf45ddf0a0a0d~tplv-tiktokx-cropcenter:100:100.jpg?dr=9640&refresh_token=2d0d7041&x-expires=1756281600&x-signature=6RRh0sV%2BMiFopbDnto6in1a21L8%3D&t=4d5b0474&ps=13740610&shp=30310797&shcp=ff37627b&idc=useast5",
                    "_total_reply": null,
                    "_replies": []
                }
            ]
        },
        {
            "_comment_id": "7512924024089002774",
            "_username": "missgethimback",
            "_nickname": "σℓινιααρℓαηєтѕ",
            "_comment": "CHUCK BASS?",
            "_create_time": "2025-06-06T20:42:28",
            "_avatar": "https://p16-common-sign-va.tiktokcdn-us.com/tos-maliva-avt-0068/2abe5970d3f5f2fc50afc7d9ee18ca69~tplv-tiktokx-cropcenter:100:100.jpg?dr=9640&refresh_token=a736306a&x-expires=1756281600&x-signature=asm55ri%2B5VfktYewtK8ANfxCAvQ%3D&t=4d5b0474&ps=13740610&shp=30310797&shcp=ff37627b&idc=useast5",
            "_total_reply": 0,
            "_replies": []
        },
        {
            "_comment_id": "7512904052407223041",
            "_username": "fernanditavega18",
            "_nickname": "Fernanda Vega",
            "_comment": "Where is Olivia",
            "_create_time": "2025-06-06T19:24:59",
            "_avatar": "https://p16-common-sign-sg.tiktokcdn-us.com/tos-alisg-avt-0068/72d50e9c6c241612c30d98d71a382c19~tplv-tiktokx-cropcenter:100:100.jpg?dr=9640&refresh_token=60816c60&x-expires=1756281600&x-signature=aidjANS35q0msu8fhvb3jCHiSPQ%3D&t=4d5b0474&ps=13740610&shp=30310797&shcp=ff37627b&idc=useast5",
            "_total_reply": 1,
            "_replies": [
                {
                    "_comment_id": "7521920136090157832",
                    "_username": "levieeforever3",
                    "_nickname": "levieeforever3",
                    "_comment": "",
                    "_create_time": "2025-07-01T02:31:56",
                    "_avatar": "https://p16-common-sign-va.tiktokcdn-us.com/tos-maliva-avt-0068/3b375d7384f9e3c244db49b6113f2508~tplv-tiktokx-cropcenter:100:100.jpg?dr=9640&refresh_token=f938d4c8&x-expires=1756281600&x-signature=8osEmRH%2B2n154e1TE6XVZerEA1I%3D&t=4d5b0474&ps=13740610&shp=30310797&shcp=ff37627b&idc=useast5",
                    "_total_reply": null,
                    "_replies": []
                }
            ]
        },
        {
            "_comment_id": "7513249724269757230",
            "_username": "livvie4life123",
            "_nickname": "Livdumb (Spilled)",
            "_comment": "WHERE IS OLIVIA RODRIGO",
            "_create_time": "2025-06-07T17:47:22",
            "_avatar": "https://p16-pu-sign-useast8.tiktokcdn-us.com/tos-useast5-avt-0068-tx/4d64dbafedc84266a778056c39dba1ea~tplv-tiktokx-cropcenter:100:100.jpg?dr=9640&refresh_token=e6f862fa&x-expires=1756281600&x-signature=5hyUnG3OyigdkXSyDvPmFmC%2FS3s%3D&t=4d5b0474&ps=13740610&shp=30310797&shcp=ff37627b&idc=useast5",
            "_total_reply": 0,
            "_replies": []
        },
        {
            "_comment_id": "7525017524850279190",
            "_username": "jenny_ferlopez",
            "_nickname": "Τζένη Φερλόπεζ🫦",
            "_comment": "You need immediately Leighton Meester. 🌸🩷",
            "_create_time": "2025-07-09T10:51:29",
            "_avatar": "https://p16-common-sign-useast2a.tiktokcdn-us.com/tos-useast2a-avt-0068-euttp/b138eec4ebdb2118d7b730b1f78f3d04~tplv-tiktokx-cropcenter:100:100.jpg?dr=9640&refresh_token=ca352080&x-expires=1756281600&x-signature=TuOJoslC8KGFFoPQOLcYn6AcfW8%3D&t=4d5b0474&ps=13740610&shp=30310797&shcp=ff37627b&idc=useast5",
            "_total_reply": 0,
            "_replies": []
        },
        {
            "_comment_id": "7512999147525571358",
            "_username": "user59918211",
            "_nickname": "Madi",
            "_comment": "OMG this nostalgic song and this group of people is making me so happy I love Lancôme thank you for bringing them back!!!!!!!",
            "_create_time": "2025-06-07T01:34:22",
            "_avatar": "https://p16-common-sign-va.tiktokcdn-us.com/tos-maliva-avt-0068/7326260988611821574~tplv-tiktokx-cropcenter:100:100.jpg?dr=9640&refresh_token=6a33b06a&x-expires=1756281600&x-signature=437TOeLn9VSKieAR2WqiLN%2BxSQk%3D&t=4d5b0474&ps=13740610&shp=30310797&shcp=ff37627b&idc=useast5",
            "_total_reply": 1,
            "_replies": [
                {
                    "_comment_id": "7513504304642147094",
                    "_username": "lancome.official",
                    "_nickname": "Lancôme",
                    "_comment": "our pleasure 🥰💖",
                    "_create_time": "2025-06-08T10:14:18",
                    "_avatar": "https://p16-common-sign-va.tiktokcdn-us.com/tos-maliva-avt-0068/9424f6caa6a8781766ccf45ddf0a0a0d~tplv-tiktokx-cropcenter:100:100.jpg?dr=9640&refresh_token=2d0d7041&x-expires=1756281600&x-signature=6RRh0sV%2BMiFopbDnto6in1a21L8%3D&t=4d5b0474&ps=13740610&shp=30310797&shcp=ff37627b&idc=useast5",
                    "_total_reply": null,
                    "_replies": []
                }
            ]
        },
        {
            "_comment_id": "7513346767136916245",
            "_username": "roryjade6",
            "_nickname": "Roryjade.22 (spilled)",
            "_comment": "Olivia? come out come out wherever u areee",
            "_create_time": "2025-06-08T00:03:09",
            "_avatar": "https://p16-common-sign-sg.tiktokcdn-us.com/tos-alisg-avt-0068/c910c6a74093074a255b1c31ec1de346~tplv-tiktokx-cropcenter:100:100.jpg?dr=9640&refresh_token=043523ed&x-expires=1756281600&x-signature=GkkTs5fnpVpgDEg5QG9DIUfbJUM%3D&t=4d5b0474&ps=13740610&shp=30310797&shcp=ff37627b&idc=useast5",
            "_total_reply": 0,
            "_replies": []
        },
        {
            "_comment_id": "7513038399315755819",
            "_username": "sofiarivera525",
            "_nickname": "Sofie",
            "_comment": "OLIVIA 😭😭",
            "_create_time": "2025-06-07T04:06:33",
            "_avatar": "https://p16-pu-sign-useast8.tiktokcdn-us.com/tos-useast5-avt-0068-tx/09388ceb02204c037f21497a42506585~tplv-tiktokx-cropcenter:100:100.jpg?dr=9640&refresh_token=3be89c58&x-expires=1756281600&x-signature=ywcMofEh070IGie5y0icuxpfLA0%3D&t=4d5b0474&ps=13740610&shp=30310797&shcp=ff37627b&idc=useast5",
            "_total_reply": 0,
            "_replies": []
        },
        {
            "_comment_id": "7513665714412094230",
            "_username": "swedishfinds",
            "_nickname": "Swedish Finds|Content Creator",
            "_comment": "Chuck ♥️",
            "_create_time": "2025-06-08T20:40:36",
            "_avatar": "https://p16-common-sign-va.tiktokcdn-us.com/tos-maliva-avt-0068/143866cfc556ee9c3154dbb3fd2ed04b~tplv-tiktokx-cropcenter:100:100.jpg?dr=9640&refresh_token=cf2f1b6d&x-expires=1756281600&x-signature=C%2Bd7G%2FxtEfzQppHEx23yr%2Bq4j9o%3D&t=4d5b0474&ps=13740610&shp=30310797&shcp=ff37627b&idc=useast5",
            "_total_reply": 0,
            "_replies": []
        },
        {
            "_comment_id": "7512818528254051089",
            "_username": "alexasainzjuarez",
            "_nickname": "ིྀAlexa la Patrona ིྀ",
            "_comment": "First",
            "_create_time": "2025-06-06T13:53:05",
            "_avatar": "https://p19-common-sign-sg.tiktokcdn-us.com/tos-alisg-avt-0068/3048d25354543a386256242f592bdac3~tplv-tiktokx-cropcenter:100:100.jpg?dr=9640&refresh_token=e252158e&x-expires=1756281600&x-signature=umJi%2FFHQT0DpajGIRsWSh%2B8H%2F5M%3D&t=4d5b0474&ps=13740610&shp=30310797&shcp=ff37627b&idc=useast5",
            "_total_reply": 0,
            "_replies": []
        },
        {
            "_comment_id": "7513073716252033799",
            "_username": "giovannaotero",
            "_nickname": "Giovanna Otero",
            "_comment": "Summer Roberts 💕✨",
            "_create_time": "2025-06-07T06:23:15",
            "_avatar": "https://p16-common-sign-sg.tiktokcdn-us.com/tos-alisg-avt-0068/959cfa1a295dd16d563ee163e13efbd7~tplv-tiktokx-cropcenter:100:100.jpg?dr=9640&refresh_token=ab485e3c&x-expires=1756281600&x-signature=2Jb4KUXU93Xew7xZHw80ZsU8UdE%3D&t=4d5b0474&ps=13740610&shp=30310797&shcp=ff37627b&idc=useast5",
            "_total_reply": 0,
            "_replies": []
        },
        {
            "_comment_id": "7513237023139742495",
            "_username": "haden.commmm",
            "_nickname": "Jaden Fields",
            "_comment": "Chuck bass",
            "_create_time": "2025-06-07T16:57:22",
            "_avatar": "https://p16-pu-sign-useast8.tiktokcdn-us.com/tos-useast8-avt-0068-tx2/fcd2bd0f619ebfb158d4079d37b75719~tplv-tiktokx-cropcenter:100:100.jpg?dr=9640&refresh_token=3fe302c7&x-expires=1756281600&x-signature=8PrJzRlBTK%2FH8UO4u3nFlkNvuwY%3D&t=4d5b0474&ps=13740610&shp=30310797&shcp=ff37627b&idc=useast5",
            "_total_reply": 0,
            "_replies": []
        },
        {
            "_comment_id": "7512823822708458262",
            "_username": "ginte1990",
            "_nickname": "Gintare2004 🍓",
            "_comment": "Pretty 💕",
            "_create_time": "2025-06-06T14:13:43",
            "_avatar": "https://p16-common-sign-useast2a.tiktokcdn-us.com/tos-useast2a-avt-0068-euttp/033f760a6798505855d5f7bc59afc238~tplv-tiktokx-cropcenter:100:100.jpg?dr=9640&refresh_token=37e170d8&x-expires=1756281600&x-signature=YLFG5GlnBQcWPAt6QRWNNcLRFyI%3D&t=4d5b0474&ps=13740610&shp=30310797&shcp=ff37627b&idc=useast5",
            "_total_reply": 0,
            "_replies": []
        },
        {
            "_comment_id": "7512881314460500737",
            "_username": "herm.io.ne",
            "_nickname": "i★",
            "_comment": "ED OMG",
            "_create_time": "2025-06-06T17:56:51",
            "_avatar": "https://p16-common-sign-sg.tiktokcdn-us.com/tos-alisg-avt-0068/7b612bf1f4e5abb9c1c2d1a6aa5e32f8~tplv-tiktokx-cropcenter:100:100.jpg?dr=9640&refresh_token=1803f933&x-expires=1756281600&x-signature=pN%2BbIIHITSbWFkgRCO9OmiVITLg%3D&t=4d5b0474&ps=13740610&shp=30310797&shcp=ff37627b&idc=useast5",
            "_total_reply": 0,
            "_replies": []
        },
        {
            "_comment_id": "7512836935645250335",
            "_username": "terieboyd",
            "_nickname": "Terie",
            "_comment": "Gorgeous!!!",
            "_create_time": "2025-06-06T15:05:03",
            "_avatar": "https://p16-sign.tiktokcdn-us.com/tos-useast5-avt-0068-tx/1ebc3c07df0d71e2790d2dc76de465e8~tplv-tiktokx-cropcenter:100:100.jpg?dr=9640&refresh_token=9ae988db&x-expires=1756281600&x-signature=T11OwVZMHFoAp0YxuxHU%2BTciTO8%3D&t=4d5b0474&ps=13740610&shp=30310797&shcp=ff37627b&idc=useast5",
            "_total_reply": 0,
            "_replies": []
        },
        {
            "_comment_id": "7512821260373181206",
            "_username": ".l0gicalll",
            "_nickname": "𝐥𝐢𝐥𝐜𝐬𝐢⛸️💟 ᵒᴿ 𐙚",
            "_comment": "ICONIC 😻😻😻",
            "_create_time": "2025-06-06T14:03:44",
            "_avatar": "https://p16-common-sign-va.tiktokcdn-us.com/tos-maliva-avt-0068/8ad945259a9e9365682f0f62f6e5b6c1~tplv-tiktokx-cropcenter:100:100.jpg?dr=9640&refresh_token=d970be77&x-expires=1756281600&x-signature=M6Ed6%2B%2B3UKpJNlvoeHdpgWxvFzY%3D&t=4d5b0474&ps=13740610&shp=30310797&shcp=ff37627b&idc=useast5",
            "_total_reply": 1,
            "_replies": [
                {
                    "_comment_id": "7513504506464060182",
                    "_username": "lancome.official",
                    "_nickname": "Lancôme",
                    "_comment": "that’s how we roll 💅💖",
                    "_create_time": "2025-06-08T10:15:07",
                    "_avatar": "https://p16-common-sign-va.tiktokcdn-us.com/tos-maliva-avt-0068/9424f6caa6a8781766ccf45ddf0a0a0d~tplv-tiktokx-cropcenter:100:100.jpg?dr=9640&refresh_token=2d0d7041&x-expires=1756281600&x-signature=6RRh0sV%2BMiFopbDnto6in1a21L8%3D&t=4d5b0474&ps=13740610&shp=30310797&shcp=ff37627b&idc=useast5",
                    "_total_reply": null,
                    "_replies": []
                }
            ]
        },
        {
            "_comment_id": "7512818586152551224",
            "_username": "rayna11159",
            "_nickname": "rayna11159",
            "_comment": "pretty 💕💕",
            "_create_time": "2025-06-06T13:53:24",
            "_avatar": "https://p16-common-sign-sg.tiktokcdn-us.com/tos-alisg-avt-0068/5982d7550dcd508b6d09d362621252e2~tplv-tiktokx-cropcenter:100:100.jpg?dr=9640&refresh_token=499eb49e&x-expires=1756281600&x-signature=vlG556rF3UoMIgGoqwzqdci6FhY%3D&t=4d5b0474&ps=13740610&shp=30310797&shcp=ff37627b&idc=useast5",
            "_total_reply": 0,
            "_replies": []
        },
        {
            "_comment_id": "7515015421276226310",
            "_username": "helen123.450",
            "_nickname": "helen123",
            "_comment": "❤️",
            "_create_time": "2025-06-12T11:58:06",
            "_avatar": "https://p16-common-sign-va.tiktokcdn-us.com/tos-maliva-avt-0068/7394873822169432069~tplv-tiktokx-cropcenter:100:100.jpg?dr=9640&refresh_token=c4a4da01&x-expires=1756281600&x-signature=y1e%2BMq%2Ba7jsW%2FxKATHynE4J8pQI%3D&t=4d5b0474&ps=13740610&shp=30310797&shcp=ff37627b&idc=useast5",
            "_total_reply": 0,
            "_replies": []
        },
        {
            "_comment_id": "7518850837687517982",
            "_username": "kaylaperkins538",
            "_nickname": "Kayla Perkins",
            "_comment": "❤️",
            "_create_time": "2025-06-22T20:01:38",
            "_avatar": "https://p19-pu-sign-useast8.tiktokcdn-us.com/tos-useast5-avt-0068-tx/9545c86b3590101cacd36c78d01f353b~tplv-tiktokx-cropcenter:100:100.jpg?dr=9640&refresh_token=6f23e9e7&x-expires=1756281600&x-signature=cpTnsbb21DdHV5VkP5ajzyl2biE%3D&t=4d5b0474&ps=13740610&shp=30310797&shcp=ff37627b&idc=useast5",
            "_total_reply": 0,
            "_replies": []
        },
        {
            "_comment_id": "7512944163286319879",
            "_username": "mochi.de.fresa29",
            "_nickname": "Sheldon",
            "_comment": "And Olivia??????@Lancôme",
            "_create_time": "2025-06-06T22:00:43",
            "_avatar": "https://p16-common-sign-sg.tiktokcdn-us.com/tos-alisg-avt-0068/7ec778953577ef776f27941b61f7dade~tplv-tiktokx-cropcenter:100:100.jpg?dr=9640&refresh_token=352dd0b8&x-expires=1756281600&x-signature=4TLpuVIWRtWReSfVN5RSj1dGBk4%3D&t=4d5b0474&ps=13740610&shp=30310797&shcp=ff37627b&idc=useast5",
            "_total_reply": 0,
            "_replies": []
        },
        {
            "_comment_id": "7512851487467373330",
            "_username": "elladaniel43",
            "_nickname": "EILLADANE VIONE❤",
            "_comment": "🥰",
            "_create_time": "2025-06-06T16:00:51",
            "_avatar": "https://p16-common-sign-sg.tiktokcdn-us.com/tos-alisg-avt-0068/0177ea72eadbaf4a2801a6fb33ff22d5~tplv-tiktokx-cropcenter:100:100.jpg?dr=9640&refresh_token=571c64b9&x-expires=1756281600&x-signature=WvQ%2BL%2F1xjBP8F8ylOaTCD%2FRiWGs%3D&t=4d5b0474&ps=13740610&shp=30310797&shcp=ff37627b&idc=useast5",
            "_total_reply": 0,
            "_replies": []
        },
        {
            "_comment_id": "7512820228637606678",
            "_username": "annang042",
            "_nickname": "anna",
            "_comment": "🥰",
            "_create_time": "2025-06-06T13:59:46",
            "_avatar": "https://p16-common-sign-va.tiktokcdn-us.com/tos-maliva-avt-0068/7c3e761751fa337405fde2251afc615e~tplv-tiktokx-cropcenter:100:100.jpg?dr=9640&refresh_token=befccaa7&x-expires=1756281600&x-signature=OH9WjLfCva35OuknflOFPmIJqms%3D&t=4d5b0474&ps=13740610&shp=30310797&shcp=ff37627b&idc=useast5",
            "_total_reply": 0,
            "_replies": []
        },
        {
            "_comment_id": "7512820263543014150",
            "_username": "barbiegurl437",
            "_nickname": "𝕨𝕖 𝕝𝕠𝕧𝕖 𝕙𝕖𝕣 💜",
            "_comment": "🌷🌷🌷🌷",
            "_create_time": "2025-06-06T13:59:53",
            "_avatar": "https://p16-common-sign-va.tiktokcdn-us.com/tos-maliva-avt-0068/8eeef25792f871790046ca4c351c1891~tplv-tiktokx-cropcenter:100:100.jpg?dr=9640&refresh_token=373ba890&x-expires=1756281600&x-signature=WaaIA5qwbJC%2FszCTytuGIBFSc2Q%3D&t=4d5b0474&ps=13740610&shp=30310797&shcp=ff37627b&idc=useast5",
            "_total_reply": 0,
            "_replies": []
        },
        {
            "_comment_id": "7512913165480051477",
            "_username": "regis.version",
            "_nickname": "𝓡𝓻𝓰𝓲☆🍸",
            "_comment": "292 likes wowww",
            "_create_time": "2025-06-06T20:00:21",
            "_avatar": "https://p16-common-sign-sg.tiktokcdn-us.com/tos-alisg-avt-0068/57b1aaa47fe65709eaac044e723cf6ee~tplv-tiktokx-cropcenter:100:100.jpg?dr=9640&refresh_token=f568799e&x-expires=1756281600&x-signature=rKrT%2Fj7HpiY0PGfVdLO5Yqjh304%3D&t=4d5b0474&ps=13740610&shp=30310797&shcp=ff37627b&idc=useast5",
            "_total_reply": 0,
            "_replies": []
        },
        {
            "_comment_id": "7540399469332022029",
            "_username": "jatnut",
            "_nickname": "jatnna🌱",
            "_comment": ".",
            "_create_time": "2025-08-19T21:41:52",
            "_avatar": "https://p19-sign.tiktokcdn-us.com/tos-useast5-avt-0068-tx/4fd72991c8dff4ca4e75d7633c313ae6~tplv-tiktokx-cropcenter:100:100.jpg?dr=9640&refresh_token=964c1ef1&x-expires=1756281600&x-signature=RcfFkaJcXlLyHpLR5AW4vuvK0Qw%3D&t=4d5b0474&ps=13740610&shp=30310797&shcp=ff37627b&idc=useast5",
            "_total_reply": 0,
            "_replies": []
        },
        {
            "_comment_id": "7512832216016864022",
            "_username": "danielivie",
            "_nickname": "📣 ݃ 𝖽𑄙ִ𝗇𝗂 ׁ ᰢ     ᵒᴿ",
            "_comment": "ÑAMCOME HI",
            "_create_time": "2025-06-06T14:46:17",
            "_avatar": "https://p16-common-sign-va.tiktokcdn-us.com/tos-maliva-avt-0068/c2376c18c21defb922fc80d6e324102c~tplv-tiktokx-cropcenter:100:100.jpg?dr=9640&refresh_token=f5dd891d&x-expires=1756281600&x-signature=ZMxYqqGrOcFT7SOAeaLKfZEhieI%3D&t=4d5b0474&ps=13740610&shp=30310797&shcp=ff37627b&idc=useast5",
            "_total_reply": 0,
            "_replies": []
        },
        {
            "_comment_id": "7522118977659093773",
            "_username": "princessjasminealaddin17",
            "_nickname": "PrincessJasmine💙🧞‍♂️🕌",
            "_comment": "Early so iconic & Stunning and Beautiful & Gorgeous photos 📸📸📸📸📸😍😍😍😍😍🥰🥰🥰🥰🥰❤️❤️❤️❤️❤️❣️❣️❣️❣️❣️",
            "_create_time": "2025-07-01T15:24:02",
            "_avatar": "https://p19-sign.tiktokcdn-us.com/tos-useast5-avt-0068-tx/7349155352849416235~tplv-tiktokx-cropcenter:100:100.jpg?dr=9640&refresh_token=53bc2fd0&x-expires=1756281600&x-signature=13Deh4pPvUDuqtrAEZHabrjOAos%3D&t=4d5b0474&ps=13740610&shp=30310797&shcp=ff37627b&idc=useast5",
            "_total_reply": 0,
            "_replies": []
        }
    ],
    "total_comments": 28
}