{
    "original_url": "https://www.tiktok.com/@lancome.official/video/7512933692881341718",
    "video_id": "7512933692881341718",
    "description": "Just @Ed Westwick making #JuicyTubes even more iconic. #IdoleHouse #Lancome ",
    "video_url": "https://m.tiktok.com/v/7512933692881341718.html?_d=0&comment_author_id=7484305731205121070&preview_pb=0&share_comment_id=7512939777185645354&share_item_id=7512933692881341718&sharer_language=en&source=h5_m&u_code=0",
    "tags": [
        "#JuicyTubes",
        "#IdoleHouse",
        "#Lancome"
    ],
    "comments": [
        {
            "_comment_id": "7512939777185645354",
            "_username": "aaliyahs.xoxo",
            "_nickname": "aaliyah",
            "_comment": "well hello there chuck bass",
            "_create_time": "2025-06-06T21:43:43",
            "_avatar": "https://p19-pu-sign-useast8.tiktokcdn-us.com/tos-useast5-avt-0068-tx/a3fd2e0e6c7fcb004ef1506f43d11ca1~tplv-tiktokx-cropcenter:100:100.jpg?dr=9640&refresh_token=c8ac7999&x-expires=1756281600&x-signature=lyJm4ALOUTQeJZYUNQ1veWb6VTc%3D&t=4d5b0474&ps=13740610&shp=30310797&shcp=ff37627b&idc=useast5",
            "_total_reply": 1,
            "_replies": [
                {
                    "_comment_id": "7514357650971624194",
                    "_username": "lancome.official",
                    "_nickname": "Lancôme",
                    "_comment": "The icon ✨",
                    "_create_time": "2025-06-10T17:25:43",
                    "_avatar": "https://p19-common-sign-va.tiktokcdn-us.com/tos-maliva-avt-0068/9424f6caa6a8781766ccf45ddf0a0a0d~tplv-tiktokx-cropcenter:100:100.jpg?dr=9640&refresh_token=4e732867&x-expires=1756281600&x-signature=5PN4EHVgtRvUll6IF2OIT9lcCWk%3D&t=4d5b0474&ps=13740610&shp=30310797&shcp=ff37627b&idc=useast5",
                    "_total_reply": null,
                    "_replies": []
                }
            ]
        },
        {
            "_comment_id": "7512947572542128927",
            "_username": "giaanyc",
            "_nickname": "giaarodz",
            "_comment": "CHUCK?",
            "_create_time": "2025-06-06T22:14:00",
            "_avatar": "https://p19-pu-sign-useast8.tiktokcdn-us.com/tos-useast8-avt-0068-tx2/2c7e410b159fb9143101156b55f16986~tplv-tiktokx-cropcenter:100:100.jpg?dr=9640&refresh_token=73718545&x-expires=1756281600&x-signature=JJiSTalszOW0ZKdqt6BIIociakk%3D&t=4d5b0474&ps=13740610&shp=30310797&shcp=ff37627b&idc=useast5",
            "_total_reply": 1,
            "_replies": [
                {
                    "_comment_id": "7514357774919418646",
                    "_username": "lancome.official",
                    "_nickname": "Lancôme",
                    "_comment": "The one and only 🤭",
                    "_create_time": "2025-06-10T17:26:05",
                    "_avatar": "https://p16-common-sign-va.tiktokcdn-us.com/tos-maliva-avt-0068/9424f6caa6a8781766ccf45ddf0a0a0d~tplv-tiktokx-cropcenter:100:100.jpg?dr=9640&refresh_token=2d0d7041&x-expires=1756281600&x-signature=6RRh0sV%2BMiFopbDnto6in1a21L8%3D&t=4d5b0474&ps=13740610&shp=30310797&shcp=ff37627b&idc=useast5",
                    "_total_reply": null,
                    "_replies": []
                }
            ]
        },
        {
            "_comment_id": "7512933953462141701",
            "_username": "bribri.bda",
            "_nickname": "bribri.bda",
            "_comment": "Hiii",
            "_create_time": "2025-06-06T21:21:04",
            "_avatar": "https://p19-common-sign-va.tiktokcdn-us.com/tos-maliva-avt-0068/acddde3e8b17b8ac31a9970c63336711~tplv-tiktokx-cropcenter:100:100.jpg?dr=9640&refresh_token=d7d0796f&x-expires=1756281600&x-signature=ORwtjYHgJBwaSGphgrSJfqLNbNk%3D&t=4d5b0474&ps=13740610&shp=30310797&shcp=ff37627b&idc=useast5",
            "_total_reply": 1,
            "_replies": [
                {
                    "_comment_id": "7513499028510671618",
                    "_username": "lancome.official",
                    "_nickname": "Lancôme",
                    "_comment": "hiiii",
                    "_create_time": "2025-06-08T09:53:48",
                    "_avatar": "https://p16-common-sign-va.tiktokcdn-us.com/tos-maliva-avt-0068/9424f6caa6a8781766ccf45ddf0a0a0d~tplv-tiktokx-cropcenter:100:100.jpg?dr=9640&refresh_token=2d0d7041&x-expires=1756281600&x-signature=6RRh0sV%2BMiFopbDnto6in1a21L8%3D&t=4d5b0474&ps=13740610&shp=30310797&shcp=ff37627b&idc=useast5",
                    "_total_reply": null,
                    "_replies": []
                }
            ]
        },
        {
            "_comment_id": "7512936555120902934",
            "_username": "livbedumb4life301",
            "_nickname": "★ ~miss.so.american~⋆.˚✮🎧✮˚.⋆",
            "_comment": "Lancôme is a ICON thoooo 🤩🤩🤩",
            "_create_time": "2025-06-06T21:31:04",
            "_avatar": "https://p16-common-sign-va.tiktokcdn-us.com/tos-maliva-avt-0068/78aae6c53d7b0c0679e60f045149f680~tplv-tiktokx-cropcenter:100:100.jpg?dr=9640&refresh_token=6e001f0d&x-expires=1756281600&x-signature=Q5JPcs8Ki22rXA2QsVAPJvryAWA%3D&t=4d5b0474&ps=13740610&shp=30310797&shcp=ff37627b&idc=useast5",
            "_total_reply": 2,
            "_replies": [
                {
                    "_comment_id": "7513499374938063638",
                    "_username": "lancome.official",
                    "_nickname": "Lancôme",
                    "_comment": "forever and always 💅💕",
                    "_create_time": "2025-06-08T09:55:08",
                    "_avatar": "https://p16-common-sign-va.tiktokcdn-us.com/tos-maliva-avt-0068/9424f6caa6a8781766ccf45ddf0a0a0d~tplv-tiktokx-cropcenter:100:100.jpg?dr=9640&refresh_token=2d0d7041&x-expires=1756281600&x-signature=6RRh0sV%2BMiFopbDnto6in1a21L8%3D&t=4d5b0474&ps=13740610&shp=30310797&shcp=ff37627b&idc=useast5",
                    "_total_reply": null,
                    "_replies": []
                }
            ]
        },
        {
            "_comment_id": "7512943350632858414",
            "_username": "captainsava.ho",
            "_nickname": "ﾒ𝟶",
            "_comment": "chuck bass?",
            "_create_time": "2025-06-06T21:57:57",
            "_avatar": "https://p16-pu-sign-useast8.tiktokcdn-us.com/tos-useast8-avt-0068-tx2/512c45c345d5547a0087c15fa2de191d~tplv-tiktokx-cropcenter:100:100.jpg?dr=9640&refresh_token=a26911e1&x-expires=1756281600&x-signature=ngbTr69e5miF0W8wnKavTZqj9H8%3D&t=4d5b0474&ps=13740610&shp=30310797&shcp=ff37627b&idc=useast5",
            "_total_reply": 1,
            "_replies": [
                {
                    "_comment_id": "7514357703951991574",
                    "_username": "lancome.official",
                    "_nickname": "Lancôme",
                    "_comment": "Front and center ✨",
                    "_create_time": "2025-06-10T17:25:53",
                    "_avatar": "https://p16-common-sign-va.tiktokcdn-us.com/tos-maliva-avt-0068/9424f6caa6a8781766ccf45ddf0a0a0d~tplv-tiktokx-cropcenter:100:100.jpg?dr=9640&refresh_token=2d0d7041&x-expires=1756281600&x-signature=6RRh0sV%2BMiFopbDnto6in1a21L8%3D&t=4d5b0474&ps=13740610&shp=30310797&shcp=ff37627b&idc=useast5",
                    "_total_reply": null,
                    "_replies": []
                }
            ]
        },
        {
            "_comment_id": "7512935711172100871",
            "_username": "anto_t251",
            "_nickname": "Anto",
            "_comment": "OMGGG",
            "_create_time": "2025-06-06T21:27:50",
            "_avatar": "https://p16-common-sign-sg.tiktokcdn-us.com/tos-alisg-avt-0068/da7db53a5e1c161288533768dbdd619d~tplv-tiktokx-cropcenter:100:100.jpg?dr=9640&refresh_token=8e6871c3&x-expires=1756281600&x-signature=iX3a3hJa1XezitRsGiDFWp8pC0M%3D&t=4d5b0474&ps=13740610&shp=30310797&shcp=ff37627b&idc=useast5",
            "_total_reply": 1,
            "_replies": [
                {
                    "_comment_id": "7513499116773606146",
                    "_username": "lancome.official",
                    "_nickname": "Lancôme",
                    "_comment": "Can’t get over this 🥹",
                    "_create_time": "2025-06-08T09:54:03",
                    "_avatar": "https://p16-common-sign-va.tiktokcdn-us.com/tos-maliva-avt-0068/9424f6caa6a8781766ccf45ddf0a0a0d~tplv-tiktokx-cropcenter:100:100.jpg?dr=9640&refresh_token=2d0d7041&x-expires=1756281600&x-signature=6RRh0sV%2BMiFopbDnto6in1a21L8%3D&t=4d5b0474&ps=13740610&shp=30310797&shcp=ff37627b&idc=useast5",
                    "_total_reply": null,
                    "_replies": []
                }
            ]
        },
        {
            "_comment_id": "7512940013324763960",
            "_username": "seer1t",
            "_nickname": "seerit",
            "_comment": "Lancome please tell Olivia i’m her biggest fan💕",
            "_create_time": "2025-06-06T21:44:29",
            "_avatar": "https://p16-common-sign-sg.tiktokcdn-us.com/tos-alisg-avt-0068/9845500da3aaf3f418f6e11d7818b0f3~tplv-tiktokx-cropcenter:100:100.jpg?dr=9640&refresh_token=a431da50&x-expires=1756281600&x-signature=byr06Y%2FfBNH%2F9muVgk5udMDMLaI%3D&t=4d5b0474&ps=13740610&shp=30310797&shcp=ff37627b&idc=useast5",
            "_total_reply": 1,
            "_replies": [
                {
                    "_comment_id": "7513499260458222358",
                    "_username": "lancome.official",
                    "_nickname": "Lancôme",
                    "_comment": "we will 💜",
                    "_create_time": "2025-06-08T09:54:39",
                    "_avatar": "https://p16-common-sign-va.tiktokcdn-us.com/tos-maliva-avt-0068/9424f6caa6a8781766ccf45ddf0a0a0d~tplv-tiktokx-cropcenter:100:100.jpg?dr=9640&refresh_token=2d0d7041&x-expires=1756281600&x-signature=6RRh0sV%2BMiFopbDnto6in1a21L8%3D&t=4d5b0474&ps=13740610&shp=30310797&shcp=ff37627b&idc=useast5",
                    "_total_reply": null,
                    "_replies": []
                }
            ]
        },
        {
            "_comment_id": "7513010156646744874",
            "_username": "lovingandlivinginla",
            "_nickname": "Living LA",
            "_comment": "Love this 💕💕💕",
            "_create_time": "2025-06-07T02:16:56",
            "_avatar": "https://p16-pu-sign-useast8.tiktokcdn-us.com/tos-useast5-avt-0068-tx/3a2fb2e79d79272086ca8ebe3026fcde~tplv-tiktokx-cropcenter:100:100.jpg?dr=9640&refresh_token=1c04a622&x-expires=1756281600&x-signature=Nt50EP2FN%2FQi5641j2%2F%2B3YdSi24%3D&t=4d5b0474&ps=13740610&shp=30310797&shcp=ff37627b&idc=useast5",
            "_total_reply": 2,
            "_replies": [
                {
                    "_comment_id": "7514357520892265238",
                    "_username": "lancome.official",
                    "_nickname": "Lancôme",
                    "_comment": "So do we 🤭",
                    "_create_time": "2025-06-10T17:25:13",
                    "_avatar": "https://p16-common-sign-va.tiktokcdn-us.com/tos-maliva-avt-0068/9424f6caa6a8781766ccf45ddf0a0a0d~tplv-tiktokx-cropcenter:100:100.jpg?dr=9640&refresh_token=2d0d7041&x-expires=1756281600&x-signature=6RRh0sV%2BMiFopbDnto6in1a21L8%3D&t=4d5b0474&ps=13740610&shp=30310797&shcp=ff37627b&idc=useast5",
                    "_total_reply": null,
                    "_replies": []
                },
                {
                    "_comment_id": "7514358187190010666",
                    "_username": "lovingandlivinginla",
                    "_nickname": "Living LA",
                    "_comment": "😘😘😘",
                    "_create_time": "2025-06-10T17:27:53",
                    "_avatar": "https://p19-pu-sign-useast8.tiktokcdn-us.com/tos-useast5-avt-0068-tx/3a2fb2e79d79272086ca8ebe3026fcde~tplv-tiktokx-cropcenter:100:100.jpg?dr=9640&refresh_token=5d679303&x-expires=1756281600&x-signature=u2iK6xgrswfMI1gt8VnMQGoM3j8%3D&t=4d5b0474&ps=13740610&shp=30310797&shcp=ff37627b&idc=useast5",
                    "_total_reply": null,
                    "_replies": []
                }
            ]
        },
        {
            "_comment_id": "7512934105988072197",
            "_username": "sof_girl13",
            "_nickname": "sof_girl13",
            "_comment": "Hiiii💜💗",
            "_create_time": "2025-06-06T21:21:36",
            "_avatar": "https://p19-common-sign-va.tiktokcdn-us.com/tos-maliva-avt-0068/ac20d4d70e4530dfb5d3ef207091ad9f~tplv-tiktokx-cropcenter:100:100.jpg?dr=9640&refresh_token=13508e02&x-expires=1756281600&x-signature=p1VBKYxBJGAS%2F%2B4GlTM1drz353E%3D&t=4d5b0474&ps=13740610&shp=30310797&shcp=ff37627b&idc=useast5",
            "_total_reply": 1,
            "_replies": [
                {
                    "_comment_id": "7514357622994240278",
                    "_username": "lancome.official",
                    "_nickname": "Lancôme",
                    "_comment": "Hii 🩷",
                    "_create_time": "2025-06-10T17:25:36",
                    "_avatar": "https://p16-common-sign-va.tiktokcdn-us.com/tos-maliva-avt-0068/9424f6caa6a8781766ccf45ddf0a0a0d~tplv-tiktokx-cropcenter:100:100.jpg?dr=9640&refresh_token=2d0d7041&x-expires=1756281600&x-signature=6RRh0sV%2BMiFopbDnto6in1a21L8%3D&t=4d5b0474&ps=13740610&shp=30310797&shcp=ff37627b&idc=useast5",
                    "_total_reply": null,
                    "_replies": []
                }
            ]
        },
        {
            "_comment_id": "7513009687618274070",
            "_username": "lo.hannb",
            "_nickname": "Lô-Hann",
            "_comment": "O M G",
            "_create_time": "2025-06-07T02:15:44",
            "_avatar": "https://p16-common-sign-va.tiktokcdn-us.com/tos-maliva-avt-0068/4bf3d4281022c37392588d6f194f9d0d~tplv-tiktokx-cropcenter:100:100.jpg?dr=9640&refresh_token=8e80a4fe&x-expires=1756281600&x-signature=LD4PkkKcCJOczeYHqdC9PepbjMQ%3D&t=4d5b0474&ps=13740610&shp=30310797&shcp=ff37627b&idc=useast5",
            "_total_reply": 1,
            "_replies": [
                {
                    "_comment_id": "7514357486461698838",
                    "_username": "lancome.official",
                    "_nickname": "Lancôme",
                    "_comment": "We’re screaming",
                    "_create_time": "2025-06-10T17:25:06",
                    "_avatar": "https://p16-common-sign-va.tiktokcdn-us.com/tos-maliva-avt-0068/9424f6caa6a8781766ccf45ddf0a0a0d~tplv-tiktokx-cropcenter:100:100.jpg?dr=9640&refresh_token=2d0d7041&x-expires=1756281600&x-signature=6RRh0sV%2BMiFopbDnto6in1a21L8%3D&t=4d5b0474&ps=13740610&shp=30310797&shcp=ff37627b&idc=useast5",
                    "_total_reply": null,
                    "_replies": []
                }
            ]
        },
        {
            "_comment_id": "7512943631075345170",
            "_username": "mrs.hallow",
            "_nickname": "Mrs. Hallow",
            "_comment": "Please, we need solutions regarding our shipping in Mexico. We've sent emails and made phone calls about the situation, but nothing has been resolved.",
            "_create_time": "2025-06-06T21:58:38",
            "_avatar": "https://p16-common-sign-va.tiktokcdn-us.com/tos-maliva-avt-0068/6eba8fb97a926fdb608cb0361c6d1cfe~tplv-tiktokx-cropcenter:100:100.jpg?dr=9640&refresh_token=c1a08f11&x-expires=1756281600&x-signature=WkF7a%2BLk%2Fi%2F3fbmV9nR8JSlPA3Q%3D&t=4d5b0474&ps=13740610&shp=30310797&shcp=ff37627b&idc=useast5",
            "_total_reply": 0,
            "_replies": []
        },
        {
            "_comment_id": "7513139858429739798",
            "_username": "molliebedumb",
            "_nickname": "Mollie (lanatic+livie 😮‍💨)",
            "_comment": "CHUCK?!?",
            "_create_time": "2025-06-07T10:40:01",
            "_avatar": "https://p19-common-sign-va.tiktokcdn-us.com/tos-maliva-avt-0068/61d78c775e2782645b5a71aaeeb1bd97~tplv-tiktokx-cropcenter:100:100.jpg?dr=9640&refresh_token=00a6d663&x-expires=1756281600&x-signature=5khfI4%2B8LvhBDRG9ss%2F2%2FFTCU9k%3D&t=4d5b0474&ps=13740610&shp=30310797&shcp=ff37627b&idc=useast5",
            "_total_reply": 1,
            "_replies": [
                {
                    "_comment_id": "7514357597358850838",
                    "_username": "lancome.official",
                    "_nickname": "Lancôme",
                    "_comment": "The iconic Chuck Bass ✨",
                    "_create_time": "2025-06-10T17:25:32",
                    "_avatar": "https://p16-common-sign-va.tiktokcdn-us.com/tos-maliva-avt-0068/9424f6caa6a8781766ccf45ddf0a0a0d~tplv-tiktokx-cropcenter:100:100.jpg?dr=9640&refresh_token=2d0d7041&x-expires=1756281600&x-signature=6RRh0sV%2BMiFopbDnto6in1a21L8%3D&t=4d5b0474&ps=13740610&shp=30310797&shcp=ff37627b&idc=useast5",
                    "_total_reply": null,
                    "_replies": []
                }
            ]
        },
        {
            "_comment_id": "7512935187220054830",
            "_username": "lilislays01",
            "_nickname": "Liliana🌸🦦",
            "_comment": "omgggggggg I wanna good but I live so far away I'm such a big livie!!!!!!!!!!!",
            "_create_time": "2025-06-06T21:26:01",
            "_avatar": "https://p16-pu-sign-useast8.tiktokcdn-us.com/tos-useast5-avt-0068-tx/9cdf9ed93415800afc4088e76a16b4f1~tplv-tiktokx-cropcenter:100:100.jpg?dr=9640&refresh_token=e8e1b147&x-expires=1756281600&x-signature=keIZaqas8YPW2UQIDvnwDMeacDo%3D&t=4d5b0474&ps=13740610&shp=30310797&shcp=ff37627b&idc=useast5",
            "_total_reply": 0,
            "_replies": []
        },
        {
            "_comment_id": "7512934830431404831",
            "_username": "_aarg1312__",
            "_nickname": "ailed💕",
            "_comment": "heyyy",
            "_create_time": "2025-06-06T21:24:39",
            "_avatar": "https://p16-pu-sign-useast8.tiktokcdn-us.com/tos-useast8-avt-0068-tx2/e3b4a5f24c5770d8e6c0ef2d9e580f6d~tplv-tiktokx-cropcenter:100:100.jpg?dr=9640&refresh_token=b6b7a054&x-expires=1756281600&x-signature=xRih6AGUziNoLsMZ9j730o5RDOU%3D&t=4d5b0474&ps=13740610&shp=30310797&shcp=ff37627b&idc=useast5",
            "_total_reply": 0,
            "_replies": []
        },
        {
            "_comment_id": "7512935275914674990",
            "_username": "itsvivii01",
            "_nickname": "Vivi💜🎸",
            "_comment": "Hii",
            "_create_time": "2025-06-06T21:26:36",
            "_avatar": "https://p16-pu-sign-useast8.tiktokcdn-us.com/tos-useast5-avt-0068-tx/34e95cb458a4e9c6f0dd1dbf94d88b2f~tplv-tiktokx-cropcenter:100:100.jpg?dr=9640&refresh_token=ef4c55cc&x-expires=1756281600&x-signature=hpV%2F%2BRTDFKvvd15YgRgThBJR0%2B8%3D&t=4d5b0474&ps=13740610&shp=30310797&shcp=ff37627b&idc=useast5",
            "_total_reply": 0,
            "_replies": []
        },
        {
            "_comment_id": "7512934486565684024",
            "_username": "teheromytehe",
            "_nickname": "tehe_rom_tehe",
            "_comment": "ICONICCC",
            "_create_time": "2025-06-06T21:23:02",
            "_avatar": "https://p16-common-sign-va.tiktokcdn-us.com/tos-maliva-avt-0068/3632edc9232f9bb16f15caca0cf91130~tplv-tiktokx-cropcenter:100:100.jpg?dr=9640&refresh_token=5eae0f1e&x-expires=1756281600&x-signature=dGSHXENoDv%2FNwztCnyjnH%2Bs8Vtk%3D&t=4d5b0474&ps=13740610&shp=30310797&shcp=ff37627b&idc=useast5",
            "_total_reply": 1,
            "_replies": [
                {
                    "_comment_id": "7513499197733290774",
                    "_username": "lancome.official",
                    "_nickname": "Lancôme",
                    "_comment": "Hehehe 🤭💖",
                    "_create_time": "2025-06-08T09:54:32",
                    "_avatar": "https://p16-common-sign-va.tiktokcdn-us.com/tos-maliva-avt-0068/9424f6caa6a8781766ccf45ddf0a0a0d~tplv-tiktokx-cropcenter:100:100.jpg?dr=9640&refresh_token=2d0d7041&x-expires=1756281600&x-signature=6RRh0sV%2BMiFopbDnto6in1a21L8%3D&t=4d5b0474&ps=13740610&shp=30310797&shcp=ff37627b&idc=useast5",
                    "_total_reply": null,
                    "_replies": []
                }
            ]
        },
        {
            "_comment_id": "7513320858598572805",
            "_username": "eemmarodrigo",
            "_nickname": "𝓔𝓶𝓶𝓪🤍",
            "_comment": "ed😍😍😍",
            "_create_time": "2025-06-07T22:22:23",
            "_avatar": "https://p19-common-sign-va.tiktokcdn-us.com/tos-maliva-avt-0068/580759faae87d55af2f19e1a0ac280fb~tplv-tiktokx-cropcenter:100:100.jpg?dr=9640&refresh_token=2bc5b36f&x-expires=1756281600&x-signature=q2q89PBxVuSxQ6Hr9IYBmI385pc%3D&t=4d5b0474&ps=13740610&shp=30310797&shcp=ff37627b&idc=useast5",
            "_total_reply": 0,
            "_replies": []
        },
        {
            "_comment_id": "7512962707457835798",
            "_username": "amyc3333",
            "_nickname": "amy",
            "_comment": "Love it",
            "_create_time": "2025-06-06T23:12:35",
            "_avatar": "https://p16-common-sign-useast2a.tiktokcdn-us.com/tos-useast2a-avt-0068-euttp/373c2741cc83811383913b9ee25c01d5~tplv-tiktokx-cropcenter:100:100.jpg?dr=9640&refresh_token=62ea7c95&x-expires=1756281600&x-signature=pHYUarwJiB6FavzYtsFGKJr0WhU%3D&t=4d5b0474&ps=13740610&shp=30310797&shcp=ff37627b&idc=useast5",
            "_total_reply": 0,
            "_replies": []
        },
        {
            "_comment_id": "7513060002326168351",
            "_username": "chlo.ee9",
            "_nickname": "🌷chloe 🌷",
            "_comment": "@Carlee (ft. Lana Del Rey)",
            "_create_time": "2025-06-07T05:30:40",
            "_avatar": "https://p19-pu-sign-useast8.tiktokcdn-us.com/tos-useast8-avt-0068-tx2/0aa0e92ced9c099491912c255b2811cc~tplv-tiktokx-cropcenter:100:100.jpg?dr=9640&refresh_token=2b3c607c&x-expires=1756281600&x-signature=FdXoH7%2B7LDXbEN1dGzr94ok%2Fi0k%3D&t=4d5b0474&ps=13740610&shp=30310797&shcp=ff37627b&idc=useast5",
            "_total_reply": 0,
            "_replies": []
        },
        {
            "_comment_id": "7513186333930750766",
            "_username": "roosvelly",
            "_nickname": "Roosvelly",
            "_comment": "😁😁😁",
            "_create_time": "2025-06-07T13:40:50",
            "_avatar": "https://p19-common-sign-va.tiktokcdn-us.com/tos-maliva-avt-0068/87776c25d17bbf983fb9f2c152ade61f~tplv-tiktokx-cropcenter:100:100.jpg?dr=9640&refresh_token=4abc7078&x-expires=1756281600&x-signature=pZfI1Mt7xng5B%2FcplgXArSVsg9A%3D&t=4d5b0474&ps=13740610&shp=30310797&shcp=ff37627b&idc=useast5",
            "_total_reply": 0,
            "_replies": []
        },
        {
            "_comment_id": "7513069080016290603",
            "_username": "drudavis487",
            "_nickname": "drudavis487",
            "_comment": "🔥🔥🔥",
            "_create_time": "2025-06-07T06:06:07",
            "_avatar": "https://p16-common-sign-va.tiktokcdn-us.com/tos-maliva-avt-0068/7329624614832799749~tplv-tiktokx-cropcenter:100:100.jpg?dr=9640&refresh_token=1662f4fb&x-expires=1756281600&x-signature=LKMzxaSM6QS7h4XqJmn1COEGsd4%3D&t=4d5b0474&ps=13740610&shp=30310797&shcp=ff37627b&idc=useast5",
            "_total_reply": 0,
            "_replies": []
        },
        {
            "_comment_id": "7519207643564098312",
            "_username": "vivianamayorga37",
            "_nickname": "Viviana Mayorga",
            "_comment": "😁",
            "_create_time": "2025-06-23T19:06:03",
            "_avatar": "https://p16-common-sign-sg.tiktokcdn-us.com/tos-alisg-avt-0068/a89abd1dab5e70ad7447742c50ec5770~tplv-tiktokx-cropcenter:100:100.jpg?dr=9640&refresh_token=0701800b&x-expires=1756281600&x-signature=U7ySfrHhPnDkNGyaQbIQddowaus%3D&t=4d5b0474&ps=13740610&shp=30310797&shcp=ff37627b&idc=useast5",
            "_total_reply": 0,
            "_replies": []
        },
        {
            "_comment_id": "7513243553319371542",
            "_username": "nicolerodriguez_06",
            "_nickname": "Nicki",
            "_comment": "🥰🥰🥰",
            "_create_time": "2025-06-07T17:22:32",
            "_avatar": "https://p16-common-sign-va.tiktokcdn-us.com/tos-maliva-avt-0068/9b88dc4bb6fc8e523505112b6179be10~tplv-tiktokx-cropcenter:100:100.jpg?dr=9640&refresh_token=b38c2855&x-expires=1756281600&x-signature=d8L5CtRWBtpUhWdnZ%2BbTwj3KKj4%3D&t=4d5b0474&ps=13740610&shp=30310797&shcp=ff37627b&idc=useast5",
            "_total_reply": 0,
            "_replies": []
        },
        {
            "_comment_id": "7539230296257970958",
            "_username": "khansoofia3",
            "_nickname": "Khan Soofia",
            "_comment": "🥰🥰",
            "_create_time": "2025-08-16T18:04:49",
            "_avatar": "https://p16-common-sign-sg.tiktokcdn-us.com/tos-alisg-avt-0068/7324786754194505730~tplv-tiktokx-cropcenter:100:100.jpg?dr=9640&refresh_token=ea3319d7&x-expires=1756281600&x-signature=Z%2F92DomesK7bAPShd0U0lBomkOw%3D&t=4d5b0474&ps=13740610&shp=30310797&shcp=ff37627b&idc=useast5",
            "_total_reply": 0,
            "_replies": []
        },
        {
            "_comment_id": "7519732077516997406",
            "_username": "coquette.fairy.official",
            "_nickname": "coquette.fairy.official",
            "_comment": "@tumblruser987",
            "_create_time": "2025-06-25T05:01:14",
            "_avatar": "https://p19-pu-sign-useast8.tiktokcdn-us.com/tos-useast8-avt-0068-tx2/96026794e9f5a29e2ad65bbe33f46a54~tplv-tiktokx-cropcenter:100:100.jpg?dr=9640&refresh_token=223f94b4&x-expires=1756281600&x-signature=7Uw%2B8izx%2FQb6JH8QMtSq80jXWzU%3D&t=4d5b0474&ps=13740610&shp=30310797&shcp=ff37627b&idc=useast5",
            "_total_reply": 0,
            "_replies": []
        },
        {
            "_comment_id": "7512937231889515306",
            "_username": "julie_selig",
            "_nickname": "Julie Selig",
            "_comment": "💋💋💋💋💋💋💋",
            "_create_time": "2025-06-06T21:34:19",
            "_avatar": "https://p16-pu-sign-useast8.tiktokcdn-us.com/tos-useast5-avt-0068-tx/7e3e395b5d23129c16786b8fe6163dd0~tplv-tiktokx-cropcenter:100:100.jpg?dr=9640&refresh_token=c48688f5&x-expires=1756281600&x-signature=zsYTHVZZg0foeU7KI84NBq0Aptg%3D&t=4d5b0474&ps=13740610&shp=30310797&shcp=ff37627b&idc=useast5",
            "_total_reply": 0,
            "_replies": []
        },
        {
            "_comment_id": "7516149751508484871",
            "_username": "anushi.d",
            "_nickname": "Anushika",
            "_comment": "🥰🥰🥰",
            "_create_time": "2025-06-15T13:19:51",
            "_avatar": "https://p19-common-sign-va.tiktokcdn-us.com/tos-maliva-avt-0068/2efea82639cedc8b66fbe6b13be01ff0~tplv-tiktokx-cropcenter:100:100.jpg?dr=9640&refresh_token=04d6a037&x-expires=1756281600&x-signature=CRXK6ulZWgCyrBirWJ%2F7wd0YXrs%3D&t=4d5b0474&ps=13740610&shp=30310797&shcp=ff37627b&idc=useast5",
            "_total_reply": 0,
            "_replies": []
        },
        {
            "_comment_id": "7516799718887473934",
            "_username": "bianca_anahi99",
            "_nickname": "Mrs. Pecina | TEACHING 4ₜₕ🍎🤍",
            "_comment": "@Lancôme I messaged y’all! 🥹🩷",
            "_create_time": "2025-06-17T07:22:38",
            "_avatar": "https://p19-pu-sign-useast8.tiktokcdn-us.com/tos-useast5-avt-0068-tx/0dac0cef2794ddbaf03189443e585be2~tplv-tiktokx-cropcenter:100:100.jpg?dr=9640&refresh_token=14ff56ad&x-expires=1756281600&x-signature=Fw1K6ANaFIkq4zPbkOICEVp8t78%3D&t=4d5b0474&ps=13740610&shp=30310797&shcp=ff37627b&idc=useast5",
            "_total_reply": 0,
            "_replies": []
        },
        {
            "_comment_id": "7513548532470072081",
            "_username": "sona.sitoula",
            "_nickname": "S♡|\\|A🦋",
            "_comment": "@Lancôme can’t get over this send me some pr😃😃",
            "_create_time": "2025-06-08T13:05:50",
            "_avatar": "https://p16-common-sign-sg.tiktokcdn-us.com/tos-alisg-avt-0068/9af970e2f4a951da491e69fb17c4976f~tplv-tiktokx-cropcenter:100:100.jpg?dr=9640&refresh_token=75100340&x-expires=1756281600&x-signature=GdMxtlqcJwyYHEwrV3hPTDn1HN4%3D&t=4d5b0474&ps=13740610&shp=30310797&shcp=ff37627b&idc=useast5",
            "_total_reply": 0,
            "_replies": []
        },
        {
            "_comment_id": "7512955051024073503",
            "_username": "valerie_yyy",
            "_nickname": "valslooks",
            "_comment": "I wanna hold his hand",
            "_create_time": "2025-06-06T22:43:06",
            "_avatar": "https://p16-pu-sign-useast8.tiktokcdn-us.com/tos-useast8-avt-0068-tx2/c98b2eef5cfb8457cab9d17abf8d0366~tplv-tiktokx-cropcenter:100:100.jpg?dr=9640&refresh_token=0aa29cdf&x-expires=1756281600&x-signature=ATMg1RBdu5wfzS%2F48WlS%2BaK7fvE%3D&t=4d5b0474&ps=13740610&shp=30310797&shcp=ff37627b&idc=useast5",
            "_total_reply": 0,
            "_replies": []
        }
    ],
    "total_comments": 30
}