{
    "original_url": "https://www.tiktok.com/@lancome.official/video/7513737751980739862",
    "video_id": "7513737751980739862",
    "description": "That’s a wrap! Thank you NYC for making Idôle House the place to be this weekend. #Lancome #IdoleHouse ",
    "video_url": "https://m.tiktok.com/v/7513737751980739862.html?_d=0&comment_author_id=7426086161432413230&preview_pb=0&share_comment_id=7513739388753347374&share_item_id=7513737751980739862&sharer_language=en&source=h5_m&u_code=0",
    "tags": [
        "#Lancome",
        "#IdoleHouse"
    ],
    "comments": [
        {
            "_comment_id": "7513739388753347374",
            "_username": "olivafan1234_",
            "_nickname": "Olivia fan",
            "_comment": "Hi",
            "_create_time": "2025-06-09T01:26:32",
            "_avatar": "https://p16-pu-sign-useast8.tiktokcdn-us.com/tos-useast5-avt-0068-tx/1bd0835673b330ab1294e54d67163e09~tplv-tiktokx-cropcenter:100:100.jpg?dr=9640&refresh_token=03cf02c5&x-expires=1756281600&x-signature=TsMP3r4hRy2Qx9zZJhrV%2FyhyTZw%3D&t=4d5b0474&ps=13740610&shp=30310797&shcp=ff37627b&idc=useast5",
            "_total_reply": 1,
            "_replies": [
                {
                    "_comment_id": "7513972104309424918",
                    "_username": "lancome.official",
                    "_nickname": "Lancôme",
                    "_comment": "heyyy 💜",
                    "_create_time": "2025-06-09T16:29:34",
                    "_avatar": "https://p16-common-sign-va.tiktokcdn-us.com/tos-maliva-avt-0068/9424f6caa6a8781766ccf45ddf0a0a0d~tplv-tiktokx-cropcenter:100:100.jpg?dr=9640&refresh_token=2d0d7041&x-expires=1756281600&x-signature=6RRh0sV%2BMiFopbDnto6in1a21L8%3D&t=4d5b0474&ps=13740610&shp=30310797&shcp=ff37627b&idc=useast5",
                    "_total_reply": null,
                    "_replies": []
                }
            ]
        },
        {
            "_comment_id": "7514186891387011886",
            "_username": "princessjasminealaddin17",
            "_nickname": "PrincessJasmine💙🧞‍♂️🕌",
            "_comment": "Early I love Olivia so much so iconic 😍😍😍😍😍🥰🥰🥰🥰🥰❤️❤️❤️❤️❤️❣️❣️❣️❣️❣️",
            "_create_time": "2025-06-10T06:23:16",
            "_avatar": "https://p16-sign.tiktokcdn-us.com/tos-useast5-avt-0068-tx/7349155352849416235~tplv-tiktokx-cropcenter:100:100.jpg?dr=9640&refresh_token=e413db0f&x-expires=1756281600&x-signature=nayJaoVC%2BXGyggHC0wrO4Ejn%2BJA%3D&t=4d5b0474&ps=13740610&shp=30310797&shcp=ff37627b&idc=useast5",
            "_total_reply": 0,
            "_replies": []
        },
        {
            "_comment_id": "7514092227494970158",
            "_username": "princessboamahh",
            "_nickname": "princessboamah",
            "_comment": "Omg I see my self 😍😍in pink",
            "_create_time": "2025-06-10T00:16:01",
            "_avatar": "https://p19-sign.tiktokcdn-us.com/tos-useast5-avt-0068-tx/0c58405ce014209b301acf3aaaf357a0~tplv-tiktokx-cropcenter:100:100.jpg?dr=9640&refresh_token=d490ecd5&x-expires=1756281600&x-signature=StawoYqjO4aMF9G0U9wL8ZOd7QQ%3D&t=4d5b0474&ps=13740610&shp=30310797&shcp=ff37627b&idc=useast5",
            "_total_reply": 2,
            "_replies": [
                {
                    "_comment_id": "7515090264794235653",
                    "_username": "pretty4223",
                    "_nickname": "user5572683850986",
                    "_comment": "Saw youuuuuuu🤭",
                    "_create_time": "2025-06-12T16:48:36",
                    "_avatar": "https://p19-common-sign-va.tiktokcdn-us.com/tos-maliva-avt-0068/cf7c3c2e84648e9dfe395f8122f4980b~tplv-tiktokx-cropcenter:100:100.jpg?dr=9640&refresh_token=fbe4e1ea&x-expires=1756281600&x-signature=BUtWcSrWuJxg19RNI3ugPrRNF9U%3D&t=4d5b0474&ps=13740610&shp=30310797&shcp=ff37627b&idc=useast5",
                    "_total_reply": null,
                    "_replies": []
                },
                {
                    "_comment_id": "7515153694895211310",
                    "_username": "princessboamahh",
                    "_nickname": "princessboamah",
                    "_comment": "Yess🤭🤭🥰",
                    "_create_time": "2025-06-12T20:54:51",
                    "_avatar": "https://p19-sign.tiktokcdn-us.com/tos-useast5-avt-0068-tx/0c58405ce014209b301acf3aaaf357a0~tplv-tiktokx-cropcenter:100:100.jpg?dr=9640&refresh_token=d490ecd5&x-expires=1756281600&x-signature=StawoYqjO4aMF9G0U9wL8ZOd7QQ%3D&t=4d5b0474&ps=13740610&shp=30310797&shcp=ff37627b&idc=useast5",
                    "_total_reply": null,
                    "_replies": []
                }
            ]
        },
        {
            "_comment_id": "7514358092793283371",
            "_username": "areenmanoug",
            "_nickname": "areen | ugc creator",
            "_comment": "just wondering if there’s any way I could get the professional photos/videos taken of me at the lash bar on Saturday? would love to have them for my content 💛",
            "_create_time": "2025-06-10T17:27:31",
            "_avatar": "https://p16-sign.tiktokcdn-us.com/tos-useast5-avt-0068-tx/eef413c10eac30788d3405bf0635dded~tplv-tiktokx-cropcenter:100:100.jpg?dr=9640&refresh_token=d9fc7dd6&x-expires=1756281600&x-signature=BHx8Ez0WfJfkwf%2FNXICh%2BKf9v8U%3D&t=4d5b0474&ps=13740610&shp=30310797&shcp=ff37627b&idc=useast5",
            "_total_reply": 0,
            "_replies": []
        },
        {
            "_comment_id": "7513747150972830482",
            "_username": "tehetetotehe",
            "_nickname": "tala",
            "_comment": "Omg I love Olivia",
            "_create_time": "2025-06-09T01:56:39",
            "_avatar": "https://p16-common-sign-sg.tiktokcdn-us.com/tos-alisg-avt-0068/5b15afa70c715e680caf04472bd84bd7~tplv-tiktokx-cropcenter:100:100.jpg?dr=9640&refresh_token=ac0f9035&x-expires=1756281600&x-signature=baFCbj%2BTN3weUCkDCvPZB5D%2BHgU%3D&t=4d5b0474&ps=13740610&shp=30310797&shcp=ff37627b&idc=useast5",
            "_total_reply": 2,
            "_replies": [
                {
                    "_comment_id": "7513972072969356054",
                    "_username": "lancome.official",
                    "_nickname": "Lancôme",
                    "_comment": "We love her too!",
                    "_create_time": "2025-06-09T16:29:24",
                    "_avatar": "https://p16-common-sign-va.tiktokcdn-us.com/tos-maliva-avt-0068/9424f6caa6a8781766ccf45ddf0a0a0d~tplv-tiktokx-cropcenter:100:100.jpg?dr=9640&refresh_token=2d0d7041&x-expires=1756281600&x-signature=6RRh0sV%2BMiFopbDnto6in1a21L8%3D&t=4d5b0474&ps=13740610&shp=30310797&shcp=ff37627b&idc=useast5",
                    "_total_reply": null,
                    "_replies": []
                },
                {
                    "_comment_id": "7513972296459404040",
                    "_username": "tehetetotehe",
                    "_nickname": "tala",
                    "_comment": "YAYYYY",
                    "_create_time": "2025-06-09T16:30:15",
                    "_avatar": "https://p16-common-sign-sg.tiktokcdn-us.com/tos-alisg-avt-0068/5b15afa70c715e680caf04472bd84bd7~tplv-tiktokx-cropcenter:100:100.jpg?dr=9640&refresh_token=ac0f9035&x-expires=1756281600&x-signature=baFCbj%2BTN3weUCkDCvPZB5D%2BHgU%3D&t=4d5b0474&ps=13740610&shp=30310797&shcp=ff37627b&idc=useast5",
                    "_total_reply": null,
                    "_replies": []
                }
            ]
        },
        {
            "_comment_id": "7513742426675118856",
            "_username": "nayeon_78901",
            "_nickname": "-livvv💜-",
            "_comment": "Hi I love your makeup 💗",
            "_create_time": "2025-06-09T01:38:17",
            "_avatar": "https://p19-common-sign-sg.tiktokcdn-us.com/tos-alisg-avt-0068/783eec31868702569e5a923dd42fbe34~tplv-tiktokx-cropcenter:100:100.jpg?dr=9640&refresh_token=1b4353c9&x-expires=1756281600&x-signature=4StKdHkHECfz1C%2BFwBoh5dklfSw%3D&t=4d5b0474&ps=13740610&shp=30310797&shcp=ff37627b&idc=useast5",
            "_total_reply": 1,
            "_replies": [
                {
                    "_comment_id": "7513972011220402966",
                    "_username": "lancome.official",
                    "_nickname": "Lancôme",
                    "_comment": "aww, thanks for sharing 🥰",
                    "_create_time": "2025-06-09T16:29:09",
                    "_avatar": "https://p16-common-sign-va.tiktokcdn-us.com/tos-maliva-avt-0068/9424f6caa6a8781766ccf45ddf0a0a0d~tplv-tiktokx-cropcenter:100:100.jpg?dr=9640&refresh_token=2d0d7041&x-expires=1756281600&x-signature=6RRh0sV%2BMiFopbDnto6in1a21L8%3D&t=4d5b0474&ps=13740610&shp=30310797&shcp=ff37627b&idc=useast5",
                    "_total_reply": null,
                    "_replies": []
                }
            ]
        },
        {
            "_comment_id": "7513843078031360798",
            "_username": "thatgirlaux",
            "_nickname": "ℳ𝒾𝓀𝒶𝓎𝓁𝒶🦋",
            "_comment": "OMGG how do I get a PR package from you guys !?! 🤗😅",
            "_create_time": "2025-06-09T08:09:50",
            "_avatar": "https://p16-sign.tiktokcdn-us.com/tos-useast5-avt-0068-tx/da15174b8e79cb04c7a1c4b585b1ebf5~tplv-tiktokx-cropcenter:100:100.jpg?dr=9640&refresh_token=e6fdfcd3&x-expires=1756281600&x-signature=ENppbDUD3v6ArhwhMziAthlsIH4%3D&t=4d5b0474&ps=13740610&shp=30310797&shcp=ff37627b&idc=useast5",
            "_total_reply": 0,
            "_replies": []
        },
        {
            "_comment_id": "7513745429574533905",
            "_username": "georgiedumapit",
            "_nickname": "georgiana 𝜗𝜚",
            "_comment": "can’t wait to see where idôle house lands next!!",
            "_create_time": "2025-06-09T01:49:59",
            "_avatar": "https://p16-common-sign-sg.tiktokcdn-us.com/tos-alisg-avt-0068/9fb4467c117aec00517ee7a03521a684~tplv-tiktokx-cropcenter:100:100.jpg?dr=9640&refresh_token=4a671fe1&x-expires=1756281600&x-signature=qyU6Y255hlzE3VcUkwiiMw9j%2Ff8%3D&t=4d5b0474&ps=13740610&shp=30310797&shcp=ff37627b&idc=useast5",
            "_total_reply": 1,
            "_replies": [
                {
                    "_comment_id": "7513971977481093910",
                    "_username": "lancome.official",
                    "_nickname": "Lancôme",
                    "_comment": "stay tuned 🥰",
                    "_create_time": "2025-06-09T16:28:58",
                    "_avatar": "https://p16-common-sign-va.tiktokcdn-us.com/tos-maliva-avt-0068/9424f6caa6a8781766ccf45ddf0a0a0d~tplv-tiktokx-cropcenter:100:100.jpg?dr=9640&refresh_token=2d0d7041&x-expires=1756281600&x-signature=6RRh0sV%2BMiFopbDnto6in1a21L8%3D&t=4d5b0474&ps=13740610&shp=30310797&shcp=ff37627b&idc=useast5",
                    "_total_reply": null,
                    "_replies": []
                }
            ]
        },
        {
            "_comment_id": "7539701007988048670",
            "_username": "sharysseferguson",
            "_nickname": "Sharysse Ferguson",
            "_comment": "Omg so cool!",
            "_create_time": "2025-08-18T00:30:59",
            "_avatar": "https://p19-pu-sign-useast8.tiktokcdn-us.com/tos-useast8-avt-0068-tx2/5cd0e71128051fa6790354509db30ac2~tplv-tiktokx-cropcenter:100:100.jpg?dr=9640&refresh_token=63362a10&x-expires=1756281600&x-signature=HGKXkjbXDoSaiZEdVMTN5hQm638%3D&t=4d5b0474&ps=13740610&shp=30310797&shcp=ff37627b&idc=useast5",
            "_total_reply": 0,
            "_replies": []
        },
        {
            "_comment_id": "7513741988774167327",
            "_username": "jerseygirlemily",
            "_nickname": "em",
            "_comment": "omg i made the vidoe😘",
            "_create_time": "2025-06-09T01:36:50",
            "_avatar": "https://p16-pu-sign-useast8.tiktokcdn-us.com/tos-useast8-avt-0068-tx2/147908310b29c92a958ccc635e8a439e~tplv-tiktokx-cropcenter:100:100.jpg?dr=9640&refresh_token=8b1657ca&x-expires=1756281600&x-signature=AWFoOcpW9XncYw%2BW34WihD73YPw%3D&t=4d5b0474&ps=13740610&shp=30310797&shcp=ff37627b&idc=useast5",
            "_total_reply": 1,
            "_replies": [
                {
                    "_comment_id": "7514000092011414294",
                    "_username": "lancome.official",
                    "_nickname": "Lancôme",
                    "_comment": "You’re an icon ✨",
                    "_create_time": "2025-06-09T18:18:13",
                    "_avatar": "https://p16-common-sign-va.tiktokcdn-us.com/tos-maliva-avt-0068/9424f6caa6a8781766ccf45ddf0a0a0d~tplv-tiktokx-cropcenter:100:100.jpg?dr=9640&refresh_token=2d0d7041&x-expires=1756281600&x-signature=6RRh0sV%2BMiFopbDnto6in1a21L8%3D&t=4d5b0474&ps=13740610&shp=30310797&shcp=ff37627b&idc=useast5",
                    "_total_reply": null,
                    "_replies": []
                }
            ]
        },
        {
            "_comment_id": "7515707548713485061",
            "_username": "seth4467",
            "_nickname": "Seth",
            "_comment": "@princessboamah I see ya🥰",
            "_create_time": "2025-06-14T08:44:06",
            "_avatar": "https://p16-common-sign-va.tiktokcdn-us.com/tos-maliva-avt-0068/7349374098151538694~tplv-tiktokx-cropcenter:100:100.jpg?dr=9640&refresh_token=30c64b04&x-expires=1756281600&x-signature=z8CLdtC%2FQuj2FrKR1o5iHSmqBeE%3D&t=4d5b0474&ps=13740610&shp=30310797&shcp=ff37627b&idc=useast5",
            "_total_reply": 0,
            "_replies": []
        },
        {
            "_comment_id": "7521902698653565713",
            "_username": "shwelattpwintwholesale",
            "_nickname": "daw mya hnin wai",
            "_comment": "🖤",
            "_create_time": "2025-07-01T01:24:29",
            "_avatar": "https://p16-common-sign-sg.tiktokcdn-us.com/tos-alisg-avt-0068/a923fd3f074cd3d65c6170de8e055b2a~tplv-tiktokx-cropcenter:100:100.jpg?dr=9640&refresh_token=09df6171&x-expires=1756281600&x-signature=8Jc02pUpzCIyYerWU1Rt5297Bzg%3D&t=4d5b0474&ps=13740610&shp=30310797&shcp=ff37627b&idc=useast5",
            "_total_reply": 0,
            "_replies": []
        },
        {
            "_comment_id": "7513738426942178056",
            "_username": "fa1.141",
            "_nickname": "FA🌺",
            "_comment": "✨✨✨",
            "_create_time": "2025-06-09T01:22:51",
            "_avatar": "https://p16-common-sign-sg.tiktokcdn-us.com/tos-alisg-avt-0068/ab25dc902dc4f1087825eae746dac95c~tplv-tiktokx-cropcenter:100:100.jpg?dr=9640&refresh_token=4341bc53&x-expires=1756281600&x-signature=%2BMgmIjEWx23zFvEIerecdQGkWZQ%3D&t=4d5b0474&ps=13740610&shp=30310797&shcp=ff37627b&idc=useast5",
            "_total_reply": 0,
            "_replies": []
        },
        {
            "_comment_id": "7513929676176884502",
            "_username": "mitchthemommy",
            "_nickname": "Michelle Lynch",
            "_comment": "❤️",
            "_create_time": "2025-06-09T13:44:56",
            "_avatar": "https://p16-common-sign-useast2a.tiktokcdn-us.com/tos-useast2a-avt-0068-euttp/6920f07878d573199beb7ecf33571583~tplv-tiktokx-cropcenter:100:100.jpg?dr=9640&refresh_token=f935d486&x-expires=1756281600&x-signature=MmR0vJ3LEheUoxoFQWPFNfpa29U%3D&t=4d5b0474&ps=13740610&shp=30310797&shcp=ff37627b&idc=useast5",
            "_total_reply": 0,
            "_replies": []
        },
        {
            "_comment_id": "7514362881656701738",
            "_username": "taty_74",
            "_nickname": "Tatiana",
            "_comment": "When are you coming to Miami ?@Lancôme",
            "_create_time": "2025-06-10T17:46:32",
            "_avatar": "https://p19-pu-sign-useast8.tiktokcdn-us.com/tos-useast5-avt-0068-tx/ad2f9aacb19aa9534650a7d8c20a93b0~tplv-tiktokx-cropcenter:100:100.jpg?dr=9640&refresh_token=0203d9ba&x-expires=1756281600&x-signature=qJIZkrjefxsSL0or0UeQC1B6hlg%3D&t=4d5b0474&ps=13740610&shp=30310797&shcp=ff37627b&idc=useast5",
            "_total_reply": 0,
            "_replies": []
        },
        {
            "_comment_id": "7513950690306343685",
            "_username": "barbiegurl437",
            "_nickname": "𝕨𝕖 𝕝𝕠𝕧𝕖 𝕙𝕖𝕣 💜",
            "_comment": "🌷🌷🌷",
            "_create_time": "2025-06-09T15:06:25",
            "_avatar": "https://p16-common-sign-va.tiktokcdn-us.com/tos-maliva-avt-0068/8eeef25792f871790046ca4c351c1891~tplv-tiktokx-cropcenter:100:100.jpg?dr=9640&refresh_token=373ba890&x-expires=1756281600&x-signature=WaaIA5qwbJC%2FszCTytuGIBFSc2Q%3D&t=4d5b0474&ps=13740610&shp=30310797&shcp=ff37627b&idc=useast5",
            "_total_reply": 0,
            "_replies": []
        },
        {
            "_comment_id": "7516982208575685406",
            "_username": "johanna3845",
            "_nickname": "Johanna",
            "_comment": "😂",
            "_create_time": "2025-06-17T19:10:43",
            "_avatar": "https://p19-pu-sign-useast8.tiktokcdn-us.com/tos-useast8-avt-0068-tx2/78cb0790a2c2398bea026adfb4e6fdce~tplv-tiktokx-cropcenter:100:100.jpg?dr=9640&refresh_token=51c210e6&x-expires=1756281600&x-signature=4jCLnY44r%2FQhcl6B7kJaDQLHb%2BQ%3D&t=4d5b0474&ps=13740610&shp=30310797&shcp=ff37627b&idc=useast5",
            "_total_reply": 0,
            "_replies": []
        },
        {
            "_comment_id": "7514031824412492566",
            "_username": "cristina91ugc",
            "_nickname": "Cristina | UGC",
            "_comment": "❤️",
            "_create_time": "2025-06-09T20:21:18",
            "_avatar": "https://p16-common-sign-va.tiktokcdn-us.com/tos-maliva-avt-0068/97d77474283697cbed1d9acb3d8a5e7a~tplv-tiktokx-cropcenter:100:100.jpg?dr=9640&refresh_token=c6d49072&x-expires=1756281600&x-signature=Yl%2Fpbj%2BcdycqSiqc3xOTJARDaf4%3D&t=4d5b0474&ps=13740610&shp=30310797&shcp=ff37627b&idc=useast5",
            "_total_reply": 0,
            "_replies": []
        },
        {
            "_comment_id": "7513845794501821206",
            "_username": "annang042",
            "_nickname": "anna",
            "_comment": "🥰",
            "_create_time": "2025-06-09T08:19:35",
            "_avatar": "https://p16-common-sign-va.tiktokcdn-us.com/tos-maliva-avt-0068/7c3e761751fa337405fde2251afc615e~tplv-tiktokx-cropcenter:100:100.jpg?dr=9640&refresh_token=befccaa7&x-expires=1756281600&x-signature=OH9WjLfCva35OuknflOFPmIJqms%3D&t=4d5b0474&ps=13740610&shp=30310797&shcp=ff37627b&idc=useast5",
            "_total_reply": 0,
            "_replies": []
        },
        {
            "_comment_id": "7514069425981604628",
            "_username": "regis.version",
            "_nickname": "𝓡𝓻𝓰𝓲☆🍸",
            "_comment": "75 likes EARLYYY\nlove LANCÔME 💗⭐",
            "_create_time": "2025-06-09T22:47:18",
            "_avatar": "https://p16-common-sign-sg.tiktokcdn-us.com/tos-alisg-avt-0068/57b1aaa47fe65709eaac044e723cf6ee~tplv-tiktokx-cropcenter:100:100.jpg?dr=9640&refresh_token=f568799e&x-expires=1756281600&x-signature=rKrT%2Fj7HpiY0PGfVdLO5Yqjh304%3D&t=4d5b0474&ps=13740610&shp=30310797&shcp=ff37627b&idc=useast5",
            "_total_reply": 0,
            "_replies": []
        },
        {
            "_comment_id": "7516799259065484087",
            "_username": "bianca_anahi99",
            "_nickname": "Mrs. Pecina | TEACHING 4ₜₕ🍎🤍",
            "_comment": "@Lancôme I messaged y’all! 🥹🩷",
            "_create_time": "2025-06-17T07:21:16",
            "_avatar": "https://p19-pu-sign-useast8.tiktokcdn-us.com/tos-useast5-avt-0068-tx/0dac0cef2794ddbaf03189443e585be2~tplv-tiktokx-cropcenter:100:100.jpg?dr=9640&refresh_token=14ff56ad&x-expires=1756281600&x-signature=Fw1K6ANaFIkq4zPbkOICEVp8t78%3D&t=4d5b0474&ps=13740610&shp=30310797&shcp=ff37627b&idc=useast5",
            "_total_reply": 0,
            "_replies": []
        },
        {
            "_comment_id": "7513738652980249351",
            "_username": "justcallmekate22",
            "_nickname": "Katherine Caldeira",
            "_comment": "Hi,Lancome,how are you?I would like to work with you because I love those products so much.May you give me more info for dm?🥰💗",
            "_create_time": "2025-06-09T01:23:36",
            "_avatar": "https://p16-common-sign-sg.tiktokcdn-us.com/tos-alisg-avt-0068/23698f1b6483e49823ad95d4ea46c535~tplv-tiktokx-cropcenter:100:100.jpg?dr=9640&refresh_token=4d094854&x-expires=1756281600&x-signature=BcEJun1KawLKh5lhoROSzkIEjL8%3D&t=4d5b0474&ps=13740610&shp=30310797&shcp=ff37627b&idc=useast5",
            "_total_reply": 0,
            "_replies": []
        },
        {
            "_comment_id": "7537654795298374418",
            "_username": "siska.achy",
            "_nickname": "Listari Siska",
            "_comment": "🔥",
            "_create_time": "2025-08-12T12:10:24",
            "_avatar": "https://p16-common-sign-sg.tiktokcdn-us.com/tos-alisg-avt-0068/7335085574983778322~tplv-tiktokx-cropcenter:100:100.jpg?dr=9640&refresh_token=90c89586&x-expires=1756281600&x-signature=yvi%2BYgq0Hh%2BYmIaCybDWJoaEt7E%3D&t=4d5b0474&ps=13740610&shp=30310797&shcp=ff37627b&idc=useast5",
            "_total_reply": 0,
            "_replies": []
        },
        {
            "_comment_id": "7522195146755785503",
            "_username": "lemyamudd165",
            "_nickname": "MaeRose 🌺 |Lemya",
            "_comment": "Sent you a dm 💜",
            "_create_time": "2025-07-01T20:19:27",
            "_avatar": "https://p19-pu-sign-useast8.tiktokcdn-us.com/tos-useast8-avt-0068-tx2/7f53217ccbfd0f0c9513da7d6cc25fff~tplv-tiktokx-cropcenter:100:100.jpg?dr=9640&refresh_token=1a9d34e5&x-expires=1756281600&x-signature=ptEXOYbpm2Trozi4Y2w92b9r6z0%3D&t=4d5b0474&ps=13740610&shp=30310797&shcp=ff37627b&idc=useast5",
            "_total_reply": 0,
            "_replies": []
        },
        {
            "_comment_id": "7515241058541126422",
            "_username": "fday21akacindy4580",
            "_nickname": "Fday21",
            "_comment": "Please Choose @zeudidipalmaofficial for your next campaigns",
            "_create_time": "2025-06-13T02:34:49",
            "_avatar": "https://p16-common-sign-va.tiktokcdn-us.com/tos-maliva-avt-0068/7325986899317915654~tplv-tiktokx-cropcenter:100:100.jpg?dr=9640&refresh_token=5ec6862a&x-expires=1756281600&x-signature=xK2%2FvRoCxrVz9BXaJ1yQJfyvQCI%3D&t=4d5b0474&ps=13740610&shp=30310797&shcp=ff37627b&idc=useast5",
            "_total_reply": 0,
            "_replies": []
        }
    ],
    "total_comments": 25
}