{
    "original_url": "https://www.tiktok.com/@lancome.official/video/7513567123021630742",
    "video_id": "7513567123021630742",
    "description": "Caught mid-gloss reapplying Juicy Tubes at #IdôleHouse #Lancome ",
    "video_url": "https://m.tiktok.com/v/7513567123021630742.html?_d=0&comment_author_id=6666133164811698181&preview_pb=0&share_comment_id=7514361952580682538&share_item_id=7513567123021630742&sharer_language=en&source=h5_m&u_code=0",
    "tags": [
        "#IdôleHouse",
        "#Lancome"
    ],
    "comments": [
        {
            "_comment_id": "7514361952580682538",
            "_username": "kikisimomo",
            "_nickname": "Ki",
            "_comment": "🩷 Thank you for having me!!!",
            "_create_time": "2025-06-10T17:42:48",
            "_avatar": "https://p19-pu-sign-useast8.tiktokcdn-us.com/tos-useast5-avt-0068-tx/7479c5bbe9e1de1869a34542347b77cc~tplv-tiktokx-cropcenter:100:100.jpg?dr=9640&refresh_token=ed8aafb9&x-expires=1756281600&x-signature=FQZrHiZjk5qUOTN58tYDRWPv0gI%3D&t=4d5b0474&ps=13740610&shp=30310797&shcp=ff37627b&idc=useast5",
            "_total_reply": 0,
            "_replies": []
        },
        {
            "_comment_id": "7513568357673763592",
            "_username": "olivia_eilish4",
            "_nickname": "a girl",
            "_comment": "tell Olivia I love her😭",
            "_create_time": "2025-06-08T14:22:41",
            "_avatar": "https://p16-common-sign-sg.tiktokcdn-us.com/tos-alisg-avt-0068/6b67f1b9e1a5b3f3b36c6919be2f3385~tplv-tiktokx-cropcenter:100:100.jpg?dr=9640&refresh_token=ad889dd9&x-expires=1756281600&x-signature=kvXo7Owga6JFYKmVVJxLDfGozwQ%3D&t=4d5b0474&ps=13740610&shp=30310797&shcp=ff37627b&idc=useast5",
            "_total_reply": 2,
            "_replies": [
                {
                    "_comment_id": "7513641461952594710",
                    "_username": "lancome.official",
                    "_nickname": "Lancôme",
                    "_comment": "okay, we will 🥰",
                    "_create_time": "2025-06-08T19:06:33",
                    "_avatar": "https://p16-common-sign-va.tiktokcdn-us.com/tos-maliva-avt-0068/9424f6caa6a8781766ccf45ddf0a0a0d~tplv-tiktokx-cropcenter:100:100.jpg?dr=9640&refresh_token=2d0d7041&x-expires=1756281600&x-signature=6RRh0sV%2BMiFopbDnto6in1a21L8%3D&t=4d5b0474&ps=13740610&shp=30310797&shcp=ff37627b&idc=useast5",
                    "_total_reply": null,
                    "_replies": []
                },
                {
                    "_comment_id": "7513713629633004296",
                    "_username": "olivia_eilish4",
                    "_nickname": "a girl",
                    "_comment": "omg, thank you 😭",
                    "_create_time": "2025-06-08T23:46:41",
                    "_avatar": "https://p16-common-sign-sg.tiktokcdn-us.com/tos-alisg-avt-0068/6b67f1b9e1a5b3f3b36c6919be2f3385~tplv-tiktokx-cropcenter:100:100.jpg?dr=9640&refresh_token=ad889dd9&x-expires=1756281600&x-signature=kvXo7Owga6JFYKmVVJxLDfGozwQ%3D&t=4d5b0474&ps=13740610&shp=30310797&shcp=ff37627b&idc=useast5",
                    "_total_reply": null,
                    "_replies": []
                }
            ]
        },
        {
            "_comment_id": "7513570408139473682",
            "_username": "_alkida_basha",
            "_nickname": "Olivia 🦋",
            "_comment": "Awwwwwww so cute",
            "_create_time": "2025-06-08T14:30:40",
            "_avatar": "https://p16-common-sign-sg.tiktokcdn-us.com/tos-alisg-avt-0068/0b6a3afd816edb98bc5be0c25e37debf~tplv-tiktokx-cropcenter:100:100.jpg?dr=9640&refresh_token=321266ef&x-expires=1756281600&x-signature=ZMiBhFEVkw3OkxXCBjTdJye9U8o%3D&t=4d5b0474&ps=13740610&shp=30310797&shcp=ff37627b&idc=useast5",
            "_total_reply": 2,
            "_replies": [
                {
                    "_comment_id": "7513641682043601686",
                    "_username": "lancome.official",
                    "_nickname": "Lancôme",
                    "_comment": "the cutest 🥹💕",
                    "_create_time": "2025-06-08T19:07:19",
                    "_avatar": "https://p16-common-sign-va.tiktokcdn-us.com/tos-maliva-avt-0068/9424f6caa6a8781766ccf45ddf0a0a0d~tplv-tiktokx-cropcenter:100:100.jpg?dr=9640&refresh_token=2d0d7041&x-expires=1756281600&x-signature=6RRh0sV%2BMiFopbDnto6in1a21L8%3D&t=4d5b0474&ps=13740610&shp=30310797&shcp=ff37627b&idc=useast5",
                    "_total_reply": null,
                    "_replies": []
                },
                {
                    "_comment_id": "7519471420775793426",
                    "_username": "_alkida_basha",
                    "_nickname": "Olivia 🦋",
                    "_comment": "I love you lancome and tell olivia Ilove her pls",
                    "_create_time": "2025-06-24T12:09:37",
                    "_avatar": "https://p16-common-sign-sg.tiktokcdn-us.com/tos-alisg-avt-0068/0b6a3afd816edb98bc5be0c25e37debf~tplv-tiktokx-cropcenter:100:100.jpg?dr=9640&refresh_token=321266ef&x-expires=1756281600&x-signature=ZMiBhFEVkw3OkxXCBjTdJye9U8o%3D&t=4d5b0474&ps=13740610&shp=30310797&shcp=ff37627b&idc=useast5",
                    "_total_reply": null,
                    "_replies": []
                }
            ]
        },
        {
            "_comment_id": "7514825144919016223",
            "_username": "90s___baby",
            "_nickname": "Lizette Magdaleno",
            "_comment": "dear @Lancôme id love a paris hilton juicy tubes PR BOX 😍 it's fabulous.",
            "_create_time": "2025-06-11T23:40:04",
            "_avatar": "https://p16-pu-sign-useast8.tiktokcdn-us.com/tos-useast8-avt-0068-tx2/b45951d3f96e8f6c90e1e3e4cd112bda~tplv-tiktokx-cropcenter:100:100.jpg?dr=9640&refresh_token=36a415af&x-expires=1756281600&x-signature=9i4IAB0X6qmC5%2BGWCQdfBjzdtfk%3D&t=4d5b0474&ps=13740610&shp=30310797&shcp=ff37627b&idc=useast5",
            "_total_reply": 0,
            "_replies": []
        },
        {
            "_comment_id": "7513592368281486102",
            "_username": "eliana.kalogeras.9",
            "_nickname": "༄ amiyaa ✫彡",
            "_comment": "TELL OLIVIA SHES THE BEST",
            "_create_time": "2025-06-08T15:55:58",
            "_avatar": "https://p16-common-sign-va.tiktokcdn-us.com/tos-maliva-avt-0068/ebc4f4321af368262dba141ff914be48~tplv-tiktokx-cropcenter:100:100.jpg?dr=9640&refresh_token=dbe9eb61&x-expires=1756281600&x-signature=lvcGoGzrD3ms11kRwgZTWUH2K6I%3D&t=4d5b0474&ps=13740610&shp=30310797&shcp=ff37627b&idc=useast5",
            "_total_reply": 1,
            "_replies": [
                {
                    "_comment_id": "7513641616599483158",
                    "_username": "lancome.official",
                    "_nickname": "Lancôme",
                    "_comment": "we will, she’s such an icon 💜",
                    "_create_time": "2025-06-08T19:07:02",
                    "_avatar": "https://p16-common-sign-va.tiktokcdn-us.com/tos-maliva-avt-0068/9424f6caa6a8781766ccf45ddf0a0a0d~tplv-tiktokx-cropcenter:100:100.jpg?dr=9640&refresh_token=2d0d7041&x-expires=1756281600&x-signature=6RRh0sV%2BMiFopbDnto6in1a21L8%3D&t=4d5b0474&ps=13740610&shp=30310797&shcp=ff37627b&idc=useast5",
                    "_total_reply": null,
                    "_replies": []
                }
            ]
        },
        {
            "_comment_id": "7514084355196388118",
            "_username": "miss.inga",
            "_nickname": "Inga",
            "_comment": "I want them all 🥰",
            "_create_time": "2025-06-09T23:45:17",
            "_avatar": "https://p16-common-sign-va.tiktokcdn-us.com/tos-maliva-avt-0068/b096fc150f4cf3426d67f3a5044368df~tplv-tiktokx-cropcenter:100:100.jpg?dr=9640&refresh_token=f9496c06&x-expires=1756281600&x-signature=7fUq19dXFL7NgYk4Hp6cWewNErk%3D&t=4d5b0474&ps=13740610&shp=30310797&shcp=ff37627b&idc=useast5",
            "_total_reply": 0,
            "_replies": []
        },
        {
            "_comment_id": "7513568767570494230",
            "_username": "isha_ax",
            "_nickname": "ishaꨄ",
            "_comment": "we love you lancòmeeeee💜",
            "_create_time": "2025-06-08T14:24:21",
            "_avatar": "https://p19-common-sign-useast2a.tiktokcdn-us.com/tos-useast2a-avt-0068-euttp/76db21a7ed0cd3e686a528c6594210e2~tplv-tiktokx-cropcenter:100:100.jpg?dr=9640&refresh_token=07baad0b&x-expires=1756281600&x-signature=Fj483iINu3y%2FYqviteJexgsMLPc%3D&t=4d5b0474&ps=13740610&shp=30310797&shcp=ff37627b&idc=useast5",
            "_total_reply": 1,
            "_replies": [
                {
                    "_comment_id": "7513641647163376406",
                    "_username": "lancome.official",
                    "_nickname": "Lancôme",
                    "_comment": "LOVE YOU",
                    "_create_time": "2025-06-08T19:07:10",
                    "_avatar": "https://p16-common-sign-va.tiktokcdn-us.com/tos-maliva-avt-0068/9424f6caa6a8781766ccf45ddf0a0a0d~tplv-tiktokx-cropcenter:100:100.jpg?dr=9640&refresh_token=2d0d7041&x-expires=1756281600&x-signature=6RRh0sV%2BMiFopbDnto6in1a21L8%3D&t=4d5b0474&ps=13740610&shp=30310797&shcp=ff37627b&idc=useast5",
                    "_total_reply": null,
                    "_replies": []
                }
            ]
        },
        {
            "_comment_id": "7513662146422752022",
            "_username": "martina_brighenti",
            "_nickname": "LaMarty | BEAUTY",
            "_comment": "Dreaming to collab like a PR with you 🥹❤️",
            "_create_time": "2025-06-08T20:26:45",
            "_avatar": "https://p16-common-sign-va.tiktokcdn-us.com/tos-maliva-avt-0068/dea90261d62490bf89b92de2402f9e88~tplv-tiktokx-cropcenter:100:100.jpg?dr=9640&refresh_token=c74d0a04&x-expires=1756281600&x-signature=1rjwBtK4B93cRXrZHZbUKqjXwzI%3D&t=4d5b0474&ps=13740610&shp=30310797&shcp=ff37627b&idc=useast5",
            "_total_reply": 0,
            "_replies": []
        },
        {
            "_comment_id": "7514042511704507158",
            "_username": "amyc3333",
            "_nickname": "amy",
            "_comment": "Love",
            "_create_time": "2025-06-09T21:02:46",
            "_avatar": "https://p16-common-sign-useast2a.tiktokcdn-us.com/tos-useast2a-avt-0068-euttp/373c2741cc83811383913b9ee25c01d5~tplv-tiktokx-cropcenter:100:100.jpg?dr=9640&refresh_token=62ea7c95&x-expires=1756281600&x-signature=pHYUarwJiB6FavzYtsFGKJr0WhU%3D&t=4d5b0474&ps=13740610&shp=30310797&shcp=ff37627b&idc=useast5",
            "_total_reply": 0,
            "_replies": []
        },
        {
            "_comment_id": "7515076259581641478",
            "_username": "ellennmichelle",
            "_nickname": "ellennmichelle",
            "_comment": "@princessboamah 🔥❤️",
            "_create_time": "2025-06-12T15:54:18",
            "_avatar": "https://p16-common-sign-va.tiktokcdn-us.com/tos-maliva-avt-0068/62c4678973fe17f98bfa44b5e86ea4c5~tplv-tiktokx-cropcenter:100:100.jpg?dr=9640&refresh_token=2c416a5a&x-expires=1756281600&x-signature=OKTJyjxQM194k71fMa73IUVtIKM%3D&t=4d5b0474&ps=13740610&shp=30310797&shcp=ff37627b&idc=useast5",
            "_total_reply": 1,
            "_replies": [
                {
                    "_comment_id": "7515809414134432558",
                    "_username": "princessboamahh",
                    "_nickname": "princessboamah",
                    "_comment": "🥰❤️",
                    "_create_time": "2025-06-14T15:19:23",
                    "_avatar": "https://p16-sign.tiktokcdn-us.com/tos-useast5-avt-0068-tx/0c58405ce014209b301acf3aaaf357a0~tplv-tiktokx-cropcenter:100:100.jpg?dr=9640&refresh_token=434d403a&x-expires=1756281600&x-signature=%2FvSxzFpMFouCHQmdPBBjHoiNwwU%3D&t=4d5b0474&ps=13740610&shp=30310797&shcp=ff37627b&idc=useast5",
                    "_total_reply": null,
                    "_replies": []
                }
            ]
        },
        {
            "_comment_id": "7513568010973496086",
            "_username": "_.nuria03._",
            "_nickname": "Nuriaa 🥖🐛",
            "_comment": "❤️",
            "_create_time": "2025-06-08T14:21:29",
            "_avatar": "https://p16-common-sign-va.tiktokcdn-us.com/tos-maliva-avt-0068/02263b636fb03b185fff93e0a0610382~tplv-tiktokx-cropcenter:100:100.jpg?dr=9640&refresh_token=92acab0c&x-expires=1756281600&x-signature=xd6ABFJ8QboNI2j8vivBUKp8hx4%3D&t=4d5b0474&ps=13740610&shp=30310797&shcp=ff37627b&idc=useast5",
            "_total_reply": 0,
            "_replies": []
        },
        {
            "_comment_id": "7513569827648193300",
            "_username": "fatoom_maybank",
            "_nickname": "fatoom_maybank$",
            "_comment": "❤️❤️❤️",
            "_create_time": "2025-06-08T14:28:29",
            "_avatar": "https://p16-common-sign-sg.tiktokcdn-us.com/tos-alisg-avt-0068/8c16b1dc2bd3fd8f597e679e3e3086e7~tplv-tiktokx-cropcenter:100:100.jpg?dr=9640&refresh_token=46899982&x-expires=1756281600&x-signature=OqobvscWdUTFGUOkxZfwJeEAUm8%3D&t=4d5b0474&ps=13740610&shp=30310797&shcp=ff37627b&idc=useast5",
            "_total_reply": 0,
            "_replies": []
        },
        {
            "_comment_id": "7513576100790993707",
            "_username": "julie_selig",
            "_nickname": "Julie Selig",
            "_comment": "💋💋💋",
            "_create_time": "2025-06-08T14:53:32",
            "_avatar": "https://p19-pu-sign-useast8.tiktokcdn-us.com/tos-useast5-avt-0068-tx/7e3e395b5d23129c16786b8fe6163dd0~tplv-tiktokx-cropcenter:100:100.jpg?dr=9640&refresh_token=7c41677e&x-expires=1756281600&x-signature=LTPQzUVf02sb0X3QoT77yYsQuEs%3D&t=4d5b0474&ps=13740610&shp=30310797&shcp=ff37627b&idc=useast5",
            "_total_reply": 0,
            "_replies": []
        },
        {
            "_comment_id": "7514397315461923640",
            "_username": "eluvieeyra__",
            "_nickname": "eluu",
            "_comment": "🥰",
            "_create_time": "2025-06-10T19:59:30",
            "_avatar": "https://p19-common-sign-va.tiktokcdn-us.com/tos-maliva-avt-0068/767e111f0a1af551a3576c04111b1153~tplv-tiktokx-cropcenter:100:100.jpg?dr=9640&refresh_token=584a7e0b&x-expires=1756281600&x-signature=Rft8KwCy1aUZWVY%2FYef5qyuSgAk%3D&t=4d5b0474&ps=13740610&shp=30310797&shcp=ff37627b&idc=useast5",
            "_total_reply": 0,
            "_replies": []
        },
        {
            "_comment_id": "7514435866359431966",
            "_username": "user174977202",
            "_nickname": "Alex Perez",
            "_comment": "🥰🥰🥰",
            "_create_time": "2025-06-10T22:29:32",
            "_avatar": "https://p16-common-sign-va.tiktokcdn-us.com/tos-maliva-avt-0068/7325060332464439301~tplv-tiktokx-cropcenter:100:100.jpg?dr=9640&refresh_token=1b3fa000&x-expires=1756281600&x-signature=OZVLWd2FiSIT%2FGdYW7SnTHNaEAU%3D&t=4d5b0474&ps=13740610&shp=30310797&shcp=ff37627b&idc=useast5",
            "_total_reply": 0,
            "_replies": []
        },
        {
            "_comment_id": "7513599021332890424",
            "_username": "barbiegurl437",
            "_nickname": "𝕨𝕖 𝕝𝕠𝕧𝕖 𝕙𝕖𝕣 💜",
            "_comment": "🌷🌷🌷",
            "_create_time": "2025-06-08T16:21:45",
            "_avatar": "https://p19-common-sign-va.tiktokcdn-us.com/tos-maliva-avt-0068/8eeef25792f871790046ca4c351c1891~tplv-tiktokx-cropcenter:100:100.jpg?dr=9640&refresh_token=967eaa8d&x-expires=1756281600&x-signature=NEr3lAaQcXjHK3EWXdHgjquil9c%3D&t=4d5b0474&ps=13740610&shp=30310797&shcp=ff37627b&idc=useast5",
            "_total_reply": 0,
            "_replies": []
        },
        {
            "_comment_id": "7515831851086136070",
            "_username": "mart1nha11",
            "_nickname": "mart1nha11",
            "_comment": "😁",
            "_create_time": "2025-06-14T16:46:19",
            "_avatar": "https://p16-common-sign-va.tiktokcdn-us.com/tos-maliva-avt-0068/4ca59760ef95692c243d58693f4473a3~tplv-tiktokx-cropcenter:100:100.jpg?dr=9640&refresh_token=4b701ade&x-expires=1756281600&x-signature=tXorHn5ZhK2X65dr%2Fa2Z2kumN84%3D&t=4d5b0474&ps=13740610&shp=30310797&shcp=ff37627b&idc=useast5",
            "_total_reply": 0,
            "_replies": []
        },
        {
            "_comment_id": "7516799533767623438",
            "_username": "bianca_anahi99",
            "_nickname": "Mrs. Pecina | TEACHING 4ₜₕ🍎🤍",
            "_comment": "@Lancôme I messaged y’all! 🥹🩷",
            "_create_time": "2025-06-17T07:21:53",
            "_avatar": "https://p16-pu-sign-useast8.tiktokcdn-us.com/tos-useast5-avt-0068-tx/0dac0cef2794ddbaf03189443e585be2~tplv-tiktokx-cropcenter:100:100.jpg?dr=9640&refresh_token=d5d49d7d&x-expires=1756281600&x-signature=aOAHSddqDeUcHmz2KEgzPDE4EMU%3D&t=4d5b0474&ps=13740610&shp=30310797&shcp=ff37627b&idc=useast5",
            "_total_reply": 0,
            "_replies": []
        },
        {
            "_comment_id": "7513594982130107158",
            "_username": "mitchthemommy",
            "_nickname": "Michelle Lynch",
            "_comment": "obessed",
            "_create_time": "2025-06-08T16:06:06",
            "_avatar": "https://p16-common-sign-useast2a.tiktokcdn-us.com/tos-useast2a-avt-0068-euttp/6920f07878d573199beb7ecf33571583~tplv-tiktokx-cropcenter:100:100.jpg?dr=9640&refresh_token=f935d486&x-expires=1756281600&x-signature=MmR0vJ3LEheUoxoFQWPFNfpa29U%3D&t=4d5b0474&ps=13740610&shp=30310797&shcp=ff37627b&idc=useast5",
            "_total_reply": 1,
            "_replies": [
                {
                    "_comment_id": "7513641751970726678",
                    "_username": "lancome.official",
                    "_nickname": "Lancôme",
                    "_comment": "it’s impossible not to be 💕",
                    "_create_time": "2025-06-08T19:07:34",
                    "_avatar": "https://p16-common-sign-va.tiktokcdn-us.com/tos-maliva-avt-0068/9424f6caa6a8781766ccf45ddf0a0a0d~tplv-tiktokx-cropcenter:100:100.jpg?dr=9640&refresh_token=2d0d7041&x-expires=1756281600&x-signature=6RRh0sV%2BMiFopbDnto6in1a21L8%3D&t=4d5b0474&ps=13740610&shp=30310797&shcp=ff37627b&idc=useast5",
                    "_total_reply": null,
                    "_replies": []
                }
            ]
        }
    ],
    "total_comments": 19
}