{
    "original_url": "https://www.tiktok.com/@lancome.official/video/7513769612614389014",
    "video_id": "7513769612614389014",
    "description": "What a weekend! Thanks for making Idôle House so special. 💓 #Lancome #IdoleHouse ",
    "video_url": "https://m.tiktok.com/v/7513769612614389014.html?_d=0&comment_author_id=7121042162963383338&preview_pb=0&share_comment_id=7519629413908415245&share_item_id=7513769612614389014&sharer_language=en&source=h5_m&u_code=0",
    "tags": [
        "#Lancome",
        "#IdoleHouse"
    ],
    "comments": [
        {
            "_comment_id": "7519629413908415245",
            "_username": "princessjasminealaddin17",
            "_nickname": "PrincessJasmine💙🧞‍♂️🕌",
            "_comment": "Early my Lancome Products I'm obsessed awesome & amazing ✨️✨️✨️✨️✨️💋💋💋💋💋💄💄💄💄💄💟💟💟💟💟💖💖💖💖💖💗💗💗💗💗💕💕💕💕💕😍😍😍😍😍🥰🥰🥰🥰🥰❤️❤️❤️❤️❤️❣️❣️❣️❣️❣️",
            "_create_time": "2025-06-24T22:23:06",
            "_avatar": "https://p19-sign.tiktokcdn-us.com/tos-useast5-avt-0068-tx/7349155352849416235~tplv-tiktokx-cropcenter:100:100.jpg?dr=9640&refresh_token=53bc2fd0&x-expires=1756281600&x-signature=13Deh4pPvUDuqtrAEZHabrjOAos%3D&t=4d5b0474&ps=13740610&shp=30310797&shcp=ff37627b&idc=useast5",
            "_total_reply": 0,
            "_replies": []
        },
        {
            "_comment_id": "7517068258256651021",
            "_username": "liviee_4_life",
            "_nickname": "liviee_4_life",
            "_comment": "I meant that I am Liv’s biggest fan can you tell her I said hi and I love the Juicy Tubes💜❤️",
            "_create_time": "2025-06-18T00:44:14",
            "_avatar": "https://p16-sign.tiktokcdn-us.com/tos-useast5-avt-0068-tx/8ce728e615eecabd5f526a15a955e8a2~tplv-tiktokx-cropcenter:100:100.jpg?dr=9640&refresh_token=6b416bf1&x-expires=1756281600&x-signature=UQuVy4he20u21YONIinMx8d0tik%3D&t=4d5b0474&ps=13740610&shp=30310797&shcp=ff37627b&idc=useast5",
            "_total_reply": 1,
            "_replies": [
                {
                    "_comment_id": "7517321041375413014",
                    "_username": "lancome.official",
                    "_nickname": "Lancôme",
                    "_comment": "We will! 🩷",
                    "_create_time": "2025-06-18T17:05:04",
                    "_avatar": "https://p16-common-sign-va.tiktokcdn-us.com/tos-maliva-avt-0068/9424f6caa6a8781766ccf45ddf0a0a0d~tplv-tiktokx-cropcenter:100:100.jpg?dr=9640&refresh_token=2d0d7041&x-expires=1756281600&x-signature=6RRh0sV%2BMiFopbDnto6in1a21L8%3D&t=4d5b0474&ps=13740610&shp=30310797&shcp=ff37627b&idc=useast5",
                    "_total_reply": null,
                    "_replies": []
                }
            ]
        },
        {
            "_comment_id": "7522665360321184568",
            "_username": "brookelynnbaume",
            "_nickname": "Livie4life🎶🦋",
            "_comment": "tell olivia im her biggest fan and to mail me some😭💜💜",
            "_create_time": "2025-07-03T02:43:58",
            "_avatar": "https://p16-common-sign-va.tiktokcdn-us.com/tos-maliva-avt-0068/6edff8a064238c9e3fa1d6d44ac3a2f4~tplv-tiktokx-cropcenter:100:100.jpg?dr=9640&refresh_token=0943ba29&x-expires=1756281600&x-signature=GpSyMI6Ye%2Ff8DSXY9znnvpYZHl8%3D&t=4d5b0474&ps=13740610&shp=30310797&shcp=ff37627b&idc=useast5",
            "_total_reply": 0,
            "_replies": []
        },
        {
            "_comment_id": "7513834514808996654",
            "_username": "kittyy3300",
            "_nickname": "🐈‍⬛",
            "_comment": "Do the juicy tubes have scent ?",
            "_create_time": "2025-06-09T07:36:25",
            "_avatar": "https://p16-pu-sign-useast8.tiktokcdn-us.com/tos-useast5-avt-0068-tx/98f28a0688da43b7876707c818e7a6b3~tplv-tiktokx-cropcenter:100:100.jpg?dr=9640&refresh_token=6c475352&x-expires=1756281600&x-signature=wsDNCfGBd5ioa1KuvU6S42QmXsA%3D&t=4d5b0474&ps=13740610&shp=30310797&shcp=ff37627b&idc=useast5",
            "_total_reply": 1,
            "_replies": [
                {
                    "_comment_id": "7513999708222751510",
                    "_username": "lancome.official",
                    "_nickname": "Lancôme",
                    "_comment": "They smell delicious 💋✨",
                    "_create_time": "2025-06-09T18:16:35",
                    "_avatar": "https://p16-common-sign-va.tiktokcdn-us.com/tos-maliva-avt-0068/9424f6caa6a8781766ccf45ddf0a0a0d~tplv-tiktokx-cropcenter:100:100.jpg?dr=9640&refresh_token=2d0d7041&x-expires=1756281600&x-signature=6RRh0sV%2BMiFopbDnto6in1a21L8%3D&t=4d5b0474&ps=13740610&shp=30310797&shcp=ff37627b&idc=useast5",
                    "_total_reply": null,
                    "_replies": []
                }
            ]
        },
        {
            "_comment_id": "7516544403407110934",
            "_username": "ciarajaynebrown_24",
            "_nickname": "️ciarajaynebrown💙🥶🦋🐟🧞‍♂️",
            "_comment": "your products are amazing,, tell Olivia we miss herrrr!!",
            "_create_time": "2025-06-16T14:51:24",
            "_avatar": "https://p16-common-sign-va.tiktokcdn-us.com/tos-maliva-avt-0068/edbec9e6b680353f38c23a14c24847c8~tplv-tiktokx-cropcenter:100:100.jpg?dr=9640&refresh_token=d0ec49ff&x-expires=1756281600&x-signature=pjqOwsuirAK903uOOUInwiZUhuk%3D&t=4d5b0474&ps=13740610&shp=30310797&shcp=ff37627b&idc=useast5",
            "_total_reply": 0,
            "_replies": []
        },
        {
            "_comment_id": "7516480536002724622",
            "_username": "hello.bykye",
            "_nickname": "✨ Kye | TTS ✨",
            "_comment": "Would",
            "_create_time": "2025-06-16T10:45:03",
            "_avatar": "https://p16-sign.tiktokcdn-us.com/tos-useast5-avt-0068-tx/8e82029f9dbb667cc6d9b97cded31a14~tplv-tiktokx-cropcenter:100:100.jpg?dr=9640&refresh_token=1a15bb2c&x-expires=1756281600&x-signature=B3B29V1CAffADcdx4meVHqoGH58%3D&t=4d5b0474&ps=13740610&shp=30310797&shcp=ff37627b&idc=useast5",
            "_total_reply": 0,
            "_replies": []
        },
        {
            "_comment_id": "7513773007302083374",
            "_username": "areenmanoug",
            "_nickname": "areen | ugc creator",
            "_comment": "amazing experience!! 💗",
            "_create_time": "2025-06-09T03:37:51",
            "_avatar": "https://p16-sign.tiktokcdn-us.com/tos-useast5-avt-0068-tx/eef413c10eac30788d3405bf0635dded~tplv-tiktokx-cropcenter:100:100.jpg?dr=9640&refresh_token=d9fc7dd6&x-expires=1756281600&x-signature=BHx8Ez0WfJfkwf%2FNXICh%2BKf9v8U%3D&t=4d5b0474&ps=13740610&shp=30310797&shcp=ff37627b&idc=useast5",
            "_total_reply": 1,
            "_replies": [
                {
                    "_comment_id": "7514674139815838486",
                    "_username": "lancome.official",
                    "_nickname": "Lancôme",
                    "_comment": "So glad you think so! 💖",
                    "_create_time": "2025-06-11T13:53:49",
                    "_avatar": "https://p16-common-sign-va.tiktokcdn-us.com/tos-maliva-avt-0068/9424f6caa6a8781766ccf45ddf0a0a0d~tplv-tiktokx-cropcenter:100:100.jpg?dr=9640&refresh_token=2d0d7041&x-expires=1756281600&x-signature=6RRh0sV%2BMiFopbDnto6in1a21L8%3D&t=4d5b0474&ps=13740610&shp=30310797&shcp=ff37627b&idc=useast5",
                    "_total_reply": null,
                    "_replies": []
                }
            ]
        },
        {
            "_comment_id": "7517468007750206222",
            "_username": "its.hannahh.t",
            "_nickname": "hannah 🤍",
            "_comment": "Would love to collab 🌸🌸🌸🌸",
            "_create_time": "2025-06-19T02:35:35",
            "_avatar": "https://p16-pu-sign-useast8.tiktokcdn-us.com/tos-useast5-avt-0068-tx/048175269fc7fa38d7f1aa1dce75dbb4~tplv-tiktokx-cropcenter:100:100.jpg?dr=9640&refresh_token=ec0aca01&x-expires=1756281600&x-signature=EFSHIbEsQCiOk25qcZD7HyEiQ%2Bw%3D&t=4d5b0474&ps=13740610&shp=30310797&shcp=ff37627b&idc=useast5",
            "_total_reply": 0,
            "_replies": []
        },
        {
            "_comment_id": "7513891916665848606",
            "_username": "terieboyd",
            "_nickname": "Terie",
            "_comment": "Yesssss!!!!",
            "_create_time": "2025-06-09T11:19:38",
            "_avatar": "https://p16-sign.tiktokcdn-us.com/tos-useast5-avt-0068-tx/1ebc3c07df0d71e2790d2dc76de465e8~tplv-tiktokx-cropcenter:100:100.jpg?dr=9640&refresh_token=9ae988db&x-expires=1756281600&x-signature=T11OwVZMHFoAp0YxuxHU%2BTciTO8%3D&t=4d5b0474&ps=13740610&shp=30310797&shcp=ff37627b&idc=useast5",
            "_total_reply": 1,
            "_replies": [
                {
                    "_comment_id": "7514000070707610391",
                    "_username": "lancome.official",
                    "_nickname": "Lancôme",
                    "_comment": "We had so much fun 🥰",
                    "_create_time": "2025-06-09T18:18:01",
                    "_avatar": "https://p16-common-sign-va.tiktokcdn-us.com/tos-maliva-avt-0068/9424f6caa6a8781766ccf45ddf0a0a0d~tplv-tiktokx-cropcenter:100:100.jpg?dr=9640&refresh_token=2d0d7041&x-expires=1756281600&x-signature=6RRh0sV%2BMiFopbDnto6in1a21L8%3D&t=4d5b0474&ps=13740610&shp=30310797&shcp=ff37627b&idc=useast5",
                    "_total_reply": null,
                    "_replies": []
                }
            ]
        },
        {
            "_comment_id": "7516610565577048855",
            "_username": "nragll",
            "_nickname": "Noor",
            "_comment": "I got my first Juicy Tubes from my mom about 20 y ago ,i swear this bring so much emotions from teenhood i cried when i bought the 3 new ones❤️",
            "_create_time": "2025-06-16T19:08:09",
            "_avatar": "https://p16-common-sign-va.tiktokcdn-us.com/tos-maliva-avt-0068/255ad485524fe8decb70e3d45b901ee0~tplv-tiktokx-cropcenter:100:100.jpg?dr=9640&refresh_token=87656b51&x-expires=1756281600&x-signature=FlIGXXQagic1%2BvpbZZSae3yzE2Y%3D&t=4d5b0474&ps=13740610&shp=30310797&shcp=ff37627b&idc=useast5",
            "_total_reply": 0,
            "_replies": []
        },
        {
            "_comment_id": "7513997348675715845",
            "_username": "barbiegurl437",
            "_nickname": "𝕨𝕖 𝕝𝕠𝕧𝕖 𝕙𝕖𝕣 💜",
            "_comment": "love it 🌷🌷🌷",
            "_create_time": "2025-06-09T18:07:29",
            "_avatar": "https://p16-common-sign-va.tiktokcdn-us.com/tos-maliva-avt-0068/8eeef25792f871790046ca4c351c1891~tplv-tiktokx-cropcenter:100:100.jpg?dr=9640&refresh_token=373ba890&x-expires=1756281600&x-signature=WaaIA5qwbJC%2FszCTytuGIBFSc2Q%3D&t=4d5b0474&ps=13740610&shp=30310797&shcp=ff37627b&idc=useast5",
            "_total_reply": 2,
            "_replies": [
                {
                    "_comment_id": "7514000018983584534",
                    "_username": "lancome.official",
                    "_nickname": "Lancôme",
                    "_comment": "You and us both 💖",
                    "_create_time": "2025-06-09T18:17:51",
                    "_avatar": "https://p16-common-sign-va.tiktokcdn-us.com/tos-maliva-avt-0068/9424f6caa6a8781766ccf45ddf0a0a0d~tplv-tiktokx-cropcenter:100:100.jpg?dr=9640&refresh_token=2d0d7041&x-expires=1756281600&x-signature=6RRh0sV%2BMiFopbDnto6in1a21L8%3D&t=4d5b0474&ps=13740610&shp=30310797&shcp=ff37627b&idc=useast5",
                    "_total_reply": null,
                    "_replies": []
                },
                {
                    "_comment_id": "7514000099921691448",
                    "_username": "barbiegurl437",
                    "_nickname": "𝕨𝕖 𝕝𝕠𝕧𝕖 𝕙𝕖𝕣 💜",
                    "_comment": "yes girl🥰🥰🥰",
                    "_create_time": "2025-06-09T18:18:15",
                    "_avatar": "https://p16-common-sign-va.tiktokcdn-us.com/tos-maliva-avt-0068/8eeef25792f871790046ca4c351c1891~tplv-tiktokx-cropcenter:100:100.jpg?dr=9640&refresh_token=373ba890&x-expires=1756281600&x-signature=WaaIA5qwbJC%2FszCTytuGIBFSc2Q%3D&t=4d5b0474&ps=13740610&shp=30310797&shcp=ff37627b&idc=useast5",
                    "_total_reply": null,
                    "_replies": []
                }
            ]
        },
        {
            "_comment_id": "7513828710135841554",
            "_username": "manuelaforeror",
            "_nickname": "Manuela Forero",
            "_comment": "😍✨ we need the keychains!!!!!",
            "_create_time": "2025-06-09T07:13:01",
            "_avatar": "https://p16-common-sign-va.tiktokcdn-us.com/tos-maliva-avt-0068/51ee119dab24d673641bbdfef64a75c4~tplv-tiktokx-cropcenter:100:100.jpg?dr=9640&refresh_token=92bfd9f5&x-expires=1756281600&x-signature=DGVK%2BSQgE9EMC0AOsK3p8m5TnEk%3D&t=4d5b0474&ps=13740610&shp=30310797&shcp=ff37627b&idc=useast5",
            "_total_reply": 1,
            "_replies": [
                {
                    "_comment_id": "7513971820317049622",
                    "_username": "lancome.official",
                    "_nickname": "Lancôme",
                    "_comment": "they’re so gorgeous 😍",
                    "_create_time": "2025-06-09T16:28:28",
                    "_avatar": "https://p16-common-sign-va.tiktokcdn-us.com/tos-maliva-avt-0068/9424f6caa6a8781766ccf45ddf0a0a0d~tplv-tiktokx-cropcenter:100:100.jpg?dr=9640&refresh_token=2d0d7041&x-expires=1756281600&x-signature=6RRh0sV%2BMiFopbDnto6in1a21L8%3D&t=4d5b0474&ps=13740610&shp=30310797&shcp=ff37627b&idc=useast5",
                    "_total_reply": null,
                    "_replies": []
                }
            ]
        },
        {
            "_comment_id": "7513770121874113302",
            "_username": "mamyii_dbzzl",
            "_nickname": "mamyii",
            "_comment": "Bring me there 😍😍😍",
            "_create_time": "2025-06-09T03:26:23",
            "_avatar": "https://p16-common-sign-useast2a.tiktokcdn-us.com/tos-useast2a-avt-0068-euttp/f2ac30bc8c34b0a17fae0478c99e76cb~tplv-tiktokx-cropcenter:100:100.jpg?dr=9640&refresh_token=d7dee364&x-expires=1756281600&x-signature=9emgjddbSEzY6B2rykoCSNSgk88%3D&t=4d5b0474&ps=13740610&shp=30310797&shcp=ff37627b&idc=useast5",
            "_total_reply": 1,
            "_replies": [
                {
                    "_comment_id": "7513971740247556886",
                    "_username": "lancome.official",
                    "_nickname": "Lancôme",
                    "_comment": "the place to be 😌",
                    "_create_time": "2025-06-09T16:28:08",
                    "_avatar": "https://p19-common-sign-va.tiktokcdn-us.com/tos-maliva-avt-0068/9424f6caa6a8781766ccf45ddf0a0a0d~tplv-tiktokx-cropcenter:100:100.jpg?dr=9640&refresh_token=4e732867&x-expires=1756281600&x-signature=5PN4EHVgtRvUll6IF2OIT9lcCWk%3D&t=4d5b0474&ps=13740610&shp=30310797&shcp=ff37627b&idc=useast5",
                    "_total_reply": null,
                    "_replies": []
                }
            ]
        },
        {
            "_comment_id": "7513833835030037270",
            "_username": "livbedumb4life301",
            "_nickname": "★ ~miss.so.american~⋆.˚✮🎧✮˚.⋆",
            "_comment": "Tell Liv I love herrrr xx💜",
            "_create_time": "2025-06-09T07:33:07",
            "_avatar": "https://p16-common-sign-va.tiktokcdn-us.com/tos-maliva-avt-0068/78aae6c53d7b0c0679e60f045149f680~tplv-tiktokx-cropcenter:100:100.jpg?dr=9640&refresh_token=6e001f0d&x-expires=1756281600&x-signature=Q5JPcs8Ki22rXA2QsVAPJvryAWA%3D&t=4d5b0474&ps=13740610&shp=30310797&shcp=ff37627b&idc=useast5",
            "_total_reply": 1,
            "_replies": [
                {
                    "_comment_id": "7513971911379026710",
                    "_username": "lancome.official",
                    "_nickname": "Lancôme",
                    "_comment": "Okay we will 💜",
                    "_create_time": "2025-06-09T16:28:44",
                    "_avatar": "https://p16-common-sign-va.tiktokcdn-us.com/tos-maliva-avt-0068/9424f6caa6a8781766ccf45ddf0a0a0d~tplv-tiktokx-cropcenter:100:100.jpg?dr=9640&refresh_token=2d0d7041&x-expires=1756281600&x-signature=6RRh0sV%2BMiFopbDnto6in1a21L8%3D&t=4d5b0474&ps=13740610&shp=30310797&shcp=ff37627b&idc=useast5",
                    "_total_reply": null,
                    "_replies": []
                }
            ]
        },
        {
            "_comment_id": "7514090290740839176",
            "_username": "cielogutierrez07",
            "_nickname": "𝐻𝒶𝒸𝒽𝒾¡★🍓!",
            "_comment": "I love your products",
            "_create_time": "2025-06-10T00:08:21",
            "_avatar": "https://p16-common-sign-va.tiktokcdn-us.com/tos-maliva-avt-0068/10f15886a17e01cd895ec1e897639866~tplv-tiktokx-cropcenter:100:100.jpg?dr=9640&refresh_token=2b305bc4&x-expires=1756281600&x-signature=8d8dyZx0I0KEG4rSr8IFbVm4DHc%3D&t=4d5b0474&ps=13740610&shp=30310797&shcp=ff37627b&idc=useast5",
            "_total_reply": 2,
            "_replies": [
                {
                    "_comment_id": "7514344748708578070",
                    "_username": "lancome.official",
                    "_nickname": "Lancôme",
                    "_comment": "Which product is your favorite? 👀",
                    "_create_time": "2025-06-10T16:35:44",
                    "_avatar": "https://p16-common-sign-va.tiktokcdn-us.com/tos-maliva-avt-0068/9424f6caa6a8781766ccf45ddf0a0a0d~tplv-tiktokx-cropcenter:100:100.jpg?dr=9640&refresh_token=2d0d7041&x-expires=1756281600&x-signature=6RRh0sV%2BMiFopbDnto6in1a21L8%3D&t=4d5b0474&ps=13740610&shp=30310797&shcp=ff37627b&idc=useast5",
                    "_total_reply": null,
                    "_replies": []
                },
                {
                    "_comment_id": "7514350825058697991",
                    "_username": "cielogutierrez07",
                    "_nickname": "𝐻𝒶𝒸𝒽𝒾¡★🍓!",
                    "_comment": "ALL OF THEM (especially fragrances)",
                    "_create_time": "2025-06-10T16:59:05",
                    "_avatar": "https://p16-common-sign-va.tiktokcdn-us.com/tos-maliva-avt-0068/10f15886a17e01cd895ec1e897639866~tplv-tiktokx-cropcenter:100:100.jpg?dr=9640&refresh_token=2b305bc4&x-expires=1756281600&x-signature=8d8dyZx0I0KEG4rSr8IFbVm4DHc%3D&t=4d5b0474&ps=13740610&shp=30310797&shcp=ff37627b&idc=useast5",
                    "_total_reply": null,
                    "_replies": []
                }
            ]
        },
        {
            "_comment_id": "7513782107086095112",
            "_username": "only.me9959",
            "_nickname": "Only me💫🪩🦋",
            "_comment": "Hello💖 can I get a hi?",
            "_create_time": "2025-06-09T04:12:14",
            "_avatar": "https://p16-common-sign-sg.tiktokcdn-us.com/tos-alisg-avt-0068/1948572f58d2d2796fd83c3b6c27284a~tplv-tiktokx-cropcenter:100:100.jpg?dr=9640&refresh_token=85fcd8f8&x-expires=1756281600&x-signature=sMo05u69i6otGKTlE5slOagDm3U%3D&t=4d5b0474&ps=13740610&shp=30310797&shcp=ff37627b&idc=useast5",
            "_total_reply": 2,
            "_replies": [
                {
                    "_comment_id": "7513971372949177110",
                    "_username": "lancome.official",
                    "_nickname": "Lancôme",
                    "_comment": "hiii 💖",
                    "_create_time": "2025-06-09T16:26:47",
                    "_avatar": "https://p16-common-sign-va.tiktokcdn-us.com/tos-maliva-avt-0068/9424f6caa6a8781766ccf45ddf0a0a0d~tplv-tiktokx-cropcenter:100:100.jpg?dr=9640&refresh_token=2d0d7041&x-expires=1756281600&x-signature=6RRh0sV%2BMiFopbDnto6in1a21L8%3D&t=4d5b0474&ps=13740610&shp=30310797&shcp=ff37627b&idc=useast5",
                    "_total_reply": null,
                    "_replies": []
                },
                {
                    "_comment_id": "7513995897916850965",
                    "_username": "only.me9959",
                    "_nickname": "Only me💫🪩🦋",
                    "_comment": "Thanks!!💖💕",
                    "_create_time": "2025-06-09T18:01:51",
                    "_avatar": "https://p16-common-sign-sg.tiktokcdn-us.com/tos-alisg-avt-0068/1948572f58d2d2796fd83c3b6c27284a~tplv-tiktokx-cropcenter:100:100.jpg?dr=9640&refresh_token=85fcd8f8&x-expires=1756281600&x-signature=sMo05u69i6otGKTlE5slOagDm3U%3D&t=4d5b0474&ps=13740610&shp=30310797&shcp=ff37627b&idc=useast5",
                    "_total_reply": null,
                    "_replies": []
                }
            ]
        },
        {
            "_comment_id": "7517067711336465166",
            "_username": "liviee_4_life",
            "_nickname": "liviee_4_life",
            "_comment": "I’m Live",
            "_create_time": "2025-06-18T00:42:03",
            "_avatar": "https://p16-sign.tiktokcdn-us.com/tos-useast5-avt-0068-tx/8ce728e615eecabd5f526a15a955e8a2~tplv-tiktokx-cropcenter:100:100.jpg?dr=9640&refresh_token=6b416bf1&x-expires=1756281600&x-signature=UQuVy4he20u21YONIinMx8d0tik%3D&t=4d5b0474&ps=13740610&shp=30310797&shcp=ff37627b&idc=useast5",
            "_total_reply": 0,
            "_replies": []
        },
        {
            "_comment_id": "7516480700968125197",
            "_username": "hello.bykye",
            "_nickname": "✨ Kye | TTS ✨",
            "_comment": "Would like to try this!!! ✨💕",
            "_create_time": "2025-06-16T10:45:13",
            "_avatar": "https://p16-sign.tiktokcdn-us.com/tos-useast5-avt-0068-tx/8e82029f9dbb667cc6d9b97cded31a14~tplv-tiktokx-cropcenter:100:100.jpg?dr=9640&refresh_token=1a15bb2c&x-expires=1756281600&x-signature=B3B29V1CAffADcdx4meVHqoGH58%3D&t=4d5b0474&ps=13740610&shp=30310797&shcp=ff37627b&idc=useast5",
            "_total_reply": 0,
            "_replies": []
        },
        {
            "_comment_id": "7515822741824701206",
            "_username": "alllvenka2",
            "_nickname": "Ali na",
            "_comment": "🔥",
            "_create_time": "2025-06-14T16:10:57",
            "_avatar": "https://p16-common-sign-va.tiktokcdn-us.com/tos-maliva-avt-0068/4b41f0ec3a00ea34719aefdfd15098d6~tplv-tiktokx-cropcenter:100:100.jpg?dr=9640&refresh_token=d6554fa4&x-expires=1756281600&x-signature=s1Xdk6BTqK2HQDps2hRAnRsSnXw%3D&t=4d5b0474&ps=13740610&shp=30310797&shcp=ff37627b&idc=useast5",
            "_total_reply": 0,
            "_replies": []
        },
        {
            "_comment_id": "7515863067101594390",
            "_username": "macie3228",
            "_nickname": "macie",
            "_comment": "💓",
            "_create_time": "2025-06-14T18:47:28",
            "_avatar": "https://p16-common-sign-va.tiktokcdn-us.com/tos-maliva-avt-0068/1eb697e6b2734e832341f9d31864cc6e~tplv-tiktokx-cropcenter:100:100.jpg?dr=9640&refresh_token=bc311e35&x-expires=1756281600&x-signature=FJXoZhYvcL9Mqi6NWkQ8pk6oL88%3D&t=4d5b0474&ps=13740610&shp=30310797&shcp=ff37627b&idc=useast5",
            "_total_reply": 0,
            "_replies": []
        },
        {
            "_comment_id": "7516644843121738518",
            "_username": "queeniesss5789",
            "_nickname": "tasha",
            "_comment": "♥️",
            "_create_time": "2025-06-16T21:21:07",
            "_avatar": "https://p16-common-sign-useast2a.tiktokcdn-us.com/tos-useast2a-avt-0068-euttp/b050c287b2caa6d79e833351538d3e02~tplv-tiktokx-cropcenter:100:100.jpg?dr=9640&refresh_token=c7834557&x-expires=1756281600&x-signature=pr8dXrxMhwEUBehYqILK6mo3Z7I%3D&t=4d5b0474&ps=13740610&shp=30310797&shcp=ff37627b&idc=useast5",
            "_total_reply": 0,
            "_replies": []
        },
        {
            "_comment_id": "7513792583203472150",
            "_username": "veroat87",
            "_nickname": "VeroAt",
            "_comment": "💖💖💖💖💖",
            "_create_time": "2025-06-09T04:53:58",
            "_avatar": "https://p16-common-sign-va.tiktokcdn-us.com/tos-maliva-avt-0068/ac0da8fdf1e1f20add92437e4895e5ee~tplv-tiktokx-cropcenter:100:100.jpg?dr=9640&refresh_token=ccff9829&x-expires=1756281600&x-signature=TB2cKExGD5eL7xvQXgx85GlXvJs%3D&t=4d5b0474&ps=13740610&shp=30310797&shcp=ff37627b&idc=useast5",
            "_total_reply": 0,
            "_replies": []
        },
        {
            "_comment_id": "7514161928538866450",
            "_username": "kathrynata0",
            "_nickname": "@katie",
            "_comment": "🥰",
            "_create_time": "2025-06-10T04:46:08",
            "_avatar": "https://p16-common-sign-sg.tiktokcdn-us.com/tos-alisg-avt-0068/26077cfa1c5a314307075b004e537bd3~tplv-tiktokx-cropcenter:100:100.jpg?dr=9640&refresh_token=a0651d65&x-expires=1756281600&x-signature=9KpxRZZkrX0iu%2B0hL2pTPSQPZKQ%3D&t=4d5b0474&ps=13740610&shp=30310797&shcp=ff37627b&idc=useast5",
            "_total_reply": 0,
            "_replies": []
        },
        {
            "_comment_id": "7515174949025252127",
            "_username": "kenzieheartsf1",
            "_nickname": "Kenzieee_4!",
            "_comment": "💗",
            "_create_time": "2025-06-12T22:17:28",
            "_avatar": "https://p19-pu-sign-useast8.tiktokcdn-us.com/tos-useast8-avt-0068-tx2/21aeadbdb460785641dbb836469b7578~tplv-tiktokx-cropcenter:100:100.jpg?dr=9640&refresh_token=16c1954a&x-expires=1756281600&x-signature=EXQWw%2BLrIsvIH9JUNgOKZ9yWa84%3D&t=4d5b0474&ps=13740610&shp=30310797&shcp=ff37627b&idc=useast5",
            "_total_reply": 0,
            "_replies": []
        },
        {
            "_comment_id": "7516799313399661326",
            "_username": "bianca_anahi99",
            "_nickname": "Mrs. Pecina | TEACHING 4ₜₕ🍎🤍",
            "_comment": "@Lancôme I messaged y’all! 🥹🩷",
            "_create_time": "2025-06-17T07:21:09",
            "_avatar": "https://p19-pu-sign-useast8.tiktokcdn-us.com/tos-useast5-avt-0068-tx/0dac0cef2794ddbaf03189443e585be2~tplv-tiktokx-cropcenter:100:100.jpg?dr=9640&refresh_token=14ff56ad&x-expires=1756281600&x-signature=Fw1K6ANaFIkq4zPbkOICEVp8t78%3D&t=4d5b0474&ps=13740610&shp=30310797&shcp=ff37627b&idc=useast5",
            "_total_reply": 0,
            "_replies": []
        },
        {
            "_comment_id": "7515240916526367510",
            "_username": "fday21akacindy4580",
            "_nickname": "Fday21",
            "_comment": "Please Choose @zeudidipalmaofficial for your next campaigns 🙏",
            "_create_time": "2025-06-13T02:34:21",
            "_avatar": "https://p16-common-sign-va.tiktokcdn-us.com/tos-maliva-avt-0068/7325986899317915654~tplv-tiktokx-cropcenter:100:100.jpg?dr=9640&refresh_token=5ec6862a&x-expires=1756281600&x-signature=xK2%2FvRoCxrVz9BXaJ1yQJfyvQCI%3D&t=4d5b0474&ps=13740610&shp=30310797&shcp=ff37627b&idc=useast5",
            "_total_reply": 0,
            "_replies": []
        },
        {
            "_comment_id": "7514403801048449834",
            "_username": "rohsiddiqui",
            "_nickname": "Rohma",
            "_comment": "Current obsession: juicy tubes 🫶🏽💄🍒🌸",
            "_create_time": "2025-06-10T20:25:25",
            "_avatar": "https://p19-pu-sign-useast8.tiktokcdn-us.com/tos-useast5-avt-0068-tx/7350222032933486635~tplv-tiktokx-cropcenter:100:100.jpg?dr=9640&refresh_token=32e89547&x-expires=1756281600&x-signature=5Zb5b8udR6EZj%2F0DCy09lDNCKAY%3D&t=4d5b0474&ps=13740610&shp=30310797&shcp=ff37627b&idc=useast5",
            "_total_reply": 2,
            "_replies": [
                {
                    "_comment_id": "7514674186339697430",
                    "_username": "lancome.official",
                    "_nickname": "Lancôme",
                    "_comment": "Which shade? 👀",
                    "_create_time": "2025-06-11T13:54:05",
                    "_avatar": "https://p16-common-sign-va.tiktokcdn-us.com/tos-maliva-avt-0068/9424f6caa6a8781766ccf45ddf0a0a0d~tplv-tiktokx-cropcenter:100:100.jpg?dr=9640&refresh_token=2d0d7041&x-expires=1756281600&x-signature=6RRh0sV%2BMiFopbDnto6in1a21L8%3D&t=4d5b0474&ps=13740610&shp=30310797&shcp=ff37627b&idc=useast5",
                    "_total_reply": null,
                    "_replies": []
                },
                {
                    "_comment_id": "7514724373024342827",
                    "_username": "rohsiddiqui",
                    "_nickname": "Rohma",
                    "_comment": "Miracle & Hallucination 🥰🫶🏽💄",
                    "_create_time": "2025-06-11T17:09:09",
                    "_avatar": "https://p16-pu-sign-useast8.tiktokcdn-us.com/tos-useast5-avt-0068-tx/7350222032933486635~tplv-tiktokx-cropcenter:100:100.jpg?dr=9640&refresh_token=d8205e85&x-expires=1756281600&x-signature=Fofj7HFi24TE67mmdiXmXv%2BscoQ%3D&t=4d5b0474&ps=13740610&shp=30310797&shcp=ff37627b&idc=useast5",
                    "_total_reply": null,
                    "_replies": []
                }
            ]
        },
        {
            "_comment_id": "7513799483437073182",
            "_username": "johnny_oliva_aleman",
            "_nickname": "Johnny (spilled)",
            "_comment": "I wanted to",
            "_create_time": "2025-06-09T05:20:00",
            "_avatar": "https://p19-pu-sign-useast8.tiktokcdn-us.com/tos-useast8-avt-0068-tx2/258bee26e3819b4682069b83c5be660f~tplv-tiktokx-cropcenter:100:100.jpg?dr=9640&refresh_token=99b65ca2&x-expires=1756281600&x-signature=sgh%2F%2FM%2BAr7JAJKAcsOWGrCsAF7U%3D&t=4d5b0474&ps=13740610&shp=30310797&shcp=ff37627b&idc=useast5",
            "_total_reply": 0,
            "_replies": []
        },
        {
            "_comment_id": "7514081314972304135",
            "_username": "justcallmekate22",
            "_nickname": "Katherine Caldeira",
            "_comment": ":Hi,Lancome,how are you?I would like to work with you because I love those products so much.May you give me more info for dm?🥰💗",
            "_create_time": "2025-06-09T23:33:32",
            "_avatar": "https://p16-common-sign-sg.tiktokcdn-us.com/tos-alisg-avt-0068/23698f1b6483e49823ad95d4ea46c535~tplv-tiktokx-cropcenter:100:100.jpg?dr=9640&refresh_token=4d094854&x-expires=1756281600&x-signature=BcEJun1KawLKh5lhoROSzkIEjL8%3D&t=4d5b0474&ps=13740610&shp=30310797&shcp=ff37627b&idc=useast5",
            "_total_reply": 0,
            "_replies": []
        }
    ],
    "total_comments": 29
}