{
    "original_url": "https://www.tiktok.com/@lancome.official/video/7513349840219278614",
    "video_id": "7513349840219278614",
    "description": "It was a glossy affair with Friends of the house at the opening night of Idôle House in New York. 💖#Lancome #IdoleHouse #JuicyTubes",
    "video_url": "https://m.tiktok.com/v/7513349840219278614.html?_d=0&comment_author_id=7490937659641873426&preview_pb=0&share_comment_id=7513482947132375826&share_item_id=7513349840219278614&sharer_language=en&source=h5_m&u_code=0",
    "tags": [
        "#IdoleHouse",
        "#JuicyTubes"
    ],
    "comments": [
        {
            "_comment_id": "7513482947132375826",
            "_username": "whatheellie67",
            "_nickname": "whatheellie67",
            "_comment": "STOP THIS IS SO ICONIC!!! 💄💞",
            "_create_time": "2025-06-08T08:51:16",
            "_avatar": "https://p16-common-sign-sg.tiktokcdn-us.com/tos-alisg-avt-0068/694ac513a0fece0a810e1565894b0e44~tplv-tiktokx-cropcenter:100:100.jpg?dr=9640&refresh_token=271f777c&x-expires=1756281600&x-signature=g1pAt6TFKXJvaTlUDbBd37NpgWU%3D&t=4d5b0474&ps=13740610&shp=30310797&shcp=ff37627b&idc=useast5",
            "_total_reply": 1,
            "_replies": [
                {
                    "_comment_id": "7513497621483438870",
                    "_username": "lancome.official",
                    "_nickname": "Lancôme",
                    "_comment": "we just can’t stop 😏💖",
                    "_create_time": "2025-06-08T09:48:16",
                    "_avatar": "https://p16-common-sign-va.tiktokcdn-us.com/tos-maliva-avt-0068/9424f6caa6a8781766ccf45ddf0a0a0d~tplv-tiktokx-cropcenter:100:100.jpg?dr=9640&refresh_token=2d0d7041&x-expires=1756281600&x-signature=6RRh0sV%2BMiFopbDnto6in1a21L8%3D&t=4d5b0474&ps=13740610&shp=30310797&shcp=ff37627b&idc=useast5",
                    "_total_reply": null,
                    "_replies": []
                }
            ]
        },
        {
            "_comment_id": "7513546218980967184",
            "_username": "sona.sitoula",
            "_nickname": "S♡|\\|A🦋",
            "_comment": "Missed the won prize of may🥺🥺 or i am in my dreams or it’s absolutely spam email🧐i got please help",
            "_create_time": "2025-06-08T12:56:56",
            "_avatar": "https://p16-common-sign-sg.tiktokcdn-us.com/tos-alisg-avt-0068/9af970e2f4a951da491e69fb17c4976f~tplv-tiktokx-cropcenter:100:100.jpg?dr=9640&refresh_token=75100340&x-expires=1756281600&x-signature=GdMxtlqcJwyYHEwrV3hPTDn1HN4%3D&t=4d5b0474&ps=13740610&shp=30310797&shcp=ff37627b&idc=useast5",
            "_total_reply": 0,
            "_replies": []
        },
        {
            "_comment_id": "7513352716229296918",
            "_username": "livie0459",
            "_nickname": "𝐥𝐢𝐯𝐢𝐞ᵒʳ୨ৎ",
            "_comment": "i have the electro marhsmallow amd its sooooo good!",
            "_create_time": "2025-06-08T00:26:11",
            "_avatar": "https://p16-common-sign-va.tiktokcdn-us.com/tos-maliva-avt-0068/6c20f119c36d8a7f792241ebe43bc9f4~tplv-tiktokx-cropcenter:100:100.jpg?dr=9640&refresh_token=7382e712&x-expires=1756281600&x-signature=t2uNQBu%2BmFnQ7QccZTNfteiFGD8%3D&t=4d5b0474&ps=13740610&shp=30310797&shcp=ff37627b&idc=useast5",
            "_total_reply": 3,
            "_replies": [
                {
                    "_comment_id": "7513497819505050390",
                    "_username": "lancome.official",
                    "_nickname": "Lancôme",
                    "_comment": "a total icon 💕",
                    "_create_time": "2025-06-08T09:49:04",
                    "_avatar": "https://p16-common-sign-va.tiktokcdn-us.com/tos-maliva-avt-0068/9424f6caa6a8781766ccf45ddf0a0a0d~tplv-tiktokx-cropcenter:100:100.jpg?dr=9640&refresh_token=2d0d7041&x-expires=1756281600&x-signature=6RRh0sV%2BMiFopbDnto6in1a21L8%3D&t=4d5b0474&ps=13740610&shp=30310797&shcp=ff37627b&idc=useast5",
                    "_total_reply": null,
                    "_replies": []
                },
                {
                    "_comment_id": "7522824591141552927",
                    "_username": "daisy27897",
                    "_nickname": "☆⭒Daisy⭒☆",
                    "_comment": "ofc",
                    "_create_time": "2025-07-03T13:02:52",
                    "_avatar": "https://p16-pu-sign-useast8.tiktokcdn-us.com/tos-useast8-avt-0068-tx2/6620cf70abe3844779013416215f57cf~tplv-tiktokx-cropcenter:100:100.jpg?dr=9640&refresh_token=c3c353b3&x-expires=1756281600&x-signature=sUdTUNQqjJ%2FYrNkqGQqV2NA8BZw%3D&t=4d5b0474&ps=13740610&shp=30310797&shcp=ff37627b&idc=useast5",
                    "_total_reply": null,
                    "_replies": []
                }
            ]
        },
        {
            "_comment_id": "7513596626853085958",
            "_username": "sweet.andyf",
            "_nickname": "🦋★ DRE ★💗",
            "_comment": "I want it, I need it 😫",
            "_create_time": "2025-06-08T16:12:33",
            "_avatar": "https://p16-common-sign-va.tiktokcdn-us.com/tos-maliva-avt-0068/0d167daf17e4fd79dcdb3ba3bfce89c0~tplv-tiktokx-cropcenter:100:100.jpg?dr=9640&refresh_token=7857d509&x-expires=1756281600&x-signature=CtwfpU%2BtX3yDyDbcxW4UpYJIHeU%3D&t=4d5b0474&ps=13740610&shp=30310797&shcp=ff37627b&idc=useast5",
            "_total_reply": 0,
            "_replies": []
        },
        {
            "_comment_id": "7528245408079069959",
            "_username": "lay_is_a_livie",
            "_nickname": "Layla (Spilled) 🎸🎧",
            "_comment": "I'm getting one tomorrow!!",
            "_create_time": "2025-07-18T03:37:10",
            "_avatar": "https://p16-common-sign-sg.tiktokcdn-us.com/tos-alisg-avt-0068/7c8c9967bb1cb785dc80b5f153fd2fcf~tplv-tiktokx-cropcenter:100:100.jpg?dr=9640&refresh_token=51d919ec&x-expires=1756281600&x-signature=rFajrUBOGtOssVv4y%2FHn6F1ibOA%3D&t=4d5b0474&ps=13740610&shp=30310797&shcp=ff37627b&idc=useast5",
            "_total_reply": 0,
            "_replies": []
        },
        {
            "_comment_id": "7513530344316257046",
            "_username": "_sofiiiia__a",
            "_nickname": "️sofia",
            "_comment": "im in the uk i cant get them :(",
            "_create_time": "2025-06-08T11:55:20",
            "_avatar": "https://p16-common-sign-va.tiktokcdn-us.com/tos-maliva-avt-0068/99b0725132dcfee33ffee769e8be3a72~tplv-tiktokx-cropcenter:100:100.jpg?dr=9640&refresh_token=8442a649&x-expires=1756281600&x-signature=geHkLOjNDUob1lCY1Ruf9l5S7FA%3D&t=4d5b0474&ps=13740610&shp=30310797&shcp=ff37627b&idc=useast5",
            "_total_reply": 0,
            "_replies": []
        },
        {
            "_comment_id": "7513350997470249750",
            "_username": "tq.summer_",
            "_nickname": "𝓢𝓾𝓶𝓶𝓮𝓻🪷",
            "_comment": "4 mins ago",
            "_create_time": "2025-06-08T00:19:30",
            "_avatar": "https://p16-common-sign-useast2a.tiktokcdn-us.com/tos-useast2a-avt-0068-euttp/491b663253916d62c29228b4fedcb87a~tplv-tiktokx-cropcenter:100:100.jpg?dr=9640&refresh_token=a9eacf67&x-expires=1756281600&x-signature=njpaEpTJTW7rg3HVq%2F1TxtSNld4%3D&t=4d5b0474&ps=13740610&shp=30310797&shcp=ff37627b&idc=useast5",
            "_total_reply": 0,
            "_replies": []
        },
        {
            "_comment_id": "7516771726157611790",
            "_username": "princessjasminealaddin17",
            "_nickname": "PrincessJasmine💙🧞‍♂️🕌",
            "_comment": "Early my favorite Lancome Lip Glosses Shade combo I'm obsessed need it look so Pretty & iconic ✨️✨️✨️✨️✨️💋💋💋💋💋💄💄💄💄💄😍😍😍😍😍🥰🥰🥰🥰🥰❤️❤️❤️❤️❤️❣️❣️❣️❣️❣️",
            "_create_time": "2025-06-17T05:33:44",
            "_avatar": "https://p16-sign.tiktokcdn-us.com/tos-useast5-avt-0068-tx/7349155352849416235~tplv-tiktokx-cropcenter:100:100.jpg?dr=9640&refresh_token=e413db0f&x-expires=1756281600&x-signature=nayJaoVC%2BXGyggHC0wrO4Ejn%2BJA%3D&t=4d5b0474&ps=13740610&shp=30310797&shcp=ff37627b&idc=useast5",
            "_total_reply": 0,
            "_replies": []
        },
        {
            "_comment_id": "7513422228416807687",
            "_username": "alyshabae",
            "_nickname": "alysha bae",
            "_comment": "will it come to sg?",
            "_create_time": "2025-06-08T04:55:40",
            "_avatar": "https://p16-common-sign-sg.tiktokcdn-us.com/tos-alisg-avt-0068/9ab5d4f8b63466e16a918399504ca1ce~tplv-tiktokx-cropcenter:100:100.jpg?dr=9640&refresh_token=dd7e4c47&x-expires=1756281600&x-signature=DLIPeKUj46RID4edyK7PpFDzWwA%3D&t=4d5b0474&ps=13740610&shp=30310797&shcp=ff37627b&idc=useast5",
            "_total_reply": 0,
            "_replies": []
        },
        {
            "_comment_id": "7513596063916294934",
            "_username": "mitchthemommy",
            "_nickname": "Michelle Lynch",
            "_comment": "iconic product",
            "_create_time": "2025-06-08T16:10:15",
            "_avatar": "https://p16-common-sign-useast2a.tiktokcdn-us.com/tos-useast2a-avt-0068-euttp/6920f07878d573199beb7ecf33571583~tplv-tiktokx-cropcenter:100:100.jpg?dr=9640&refresh_token=f935d486&x-expires=1756281600&x-signature=MmR0vJ3LEheUoxoFQWPFNfpa29U%3D&t=4d5b0474&ps=13740610&shp=30310797&shcp=ff37627b&idc=useast5",
            "_total_reply": 1,
            "_replies": [
                {
                    "_comment_id": "7513642289265525526",
                    "_username": "lancome.official",
                    "_nickname": "Lancôme",
                    "_comment": "for an iconic juicy shine 💖",
                    "_create_time": "2025-06-08T19:09:40",
                    "_avatar": "https://p19-common-sign-va.tiktokcdn-us.com/tos-maliva-avt-0068/9424f6caa6a8781766ccf45ddf0a0a0d~tplv-tiktokx-cropcenter:100:100.jpg?dr=9640&refresh_token=4e732867&x-expires=1756281600&x-signature=5PN4EHVgtRvUll6IF2OIT9lcCWk%3D&t=4d5b0474&ps=13740610&shp=30310797&shcp=ff37627b&idc=useast5",
                    "_total_reply": null,
                    "_replies": []
                }
            ]
        },
        {
            "_comment_id": "7513350706875777822",
            "_username": "livy_edits28",
            "_nickname": "𝓛𝓲𝓿𝔂 (𝓼𝓹𝓲𝓵𝓵𝓮𝓭)",
            "_comment": "AHH EARLY WISH OLIVIA WAS IN THIS VID😔😔😔💜💜💜",
            "_create_time": "2025-06-08T00:18:19",
            "_avatar": "https://p16-pu-sign-useast8.tiktokcdn-us.com/tos-useast8-avt-0068-tx2/7f93e47931b1e757546f803d436196c6~tplv-tiktokx-cropcenter:100:100.jpg?dr=9640&refresh_token=97def139&x-expires=1756281600&x-signature=ApyAutwCl6cDcbylh31VDO8HzaM%3D&t=4d5b0474&ps=13740610&shp=30310797&shcp=ff37627b&idc=useast5",
            "_total_reply": 0,
            "_replies": []
        },
        {
            "_comment_id": "7513541502551819030",
            "_username": "claudia.cch",
            "_nickname": "Claudz☁️",
            "_comment": "The best 🤭🤭🤭",
            "_create_time": "2025-06-08T12:38:32",
            "_avatar": "https://p19-common-sign-useast2a.tiktokcdn-us.com/tos-useast2a-avt-0068-euttp/936b4c8a9dc41b3ca49d823d046c36b2~tplv-tiktokx-cropcenter:100:100.jpg?dr=9640&refresh_token=79f73ab2&x-expires=1756281600&x-signature=1kQ%2FYWW%2BfdQn7t2K2NZvMsZm9Ew%3D&t=4d5b0474&ps=13740610&shp=30310797&shcp=ff37627b&idc=useast5",
            "_total_reply": 1,
            "_replies": [
                {
                    "_comment_id": "7513642360443454230",
                    "_username": "lancome.official",
                    "_nickname": "Lancôme",
                    "_comment": "you have great taste 🤭💖",
                    "_create_time": "2025-06-08T19:10:00",
                    "_avatar": "https://p16-common-sign-va.tiktokcdn-us.com/tos-maliva-avt-0068/9424f6caa6a8781766ccf45ddf0a0a0d~tplv-tiktokx-cropcenter:100:100.jpg?dr=9640&refresh_token=2d0d7041&x-expires=1756281600&x-signature=6RRh0sV%2BMiFopbDnto6in1a21L8%3D&t=4d5b0474&ps=13740610&shp=30310797&shcp=ff37627b&idc=useast5",
                    "_total_reply": null,
                    "_replies": []
                }
            ]
        },
        {
            "_comment_id": "7513911010467857174",
            "_username": "hanandarwish.92",
            "_nickname": "Hanan Darwish",
            "_comment": "ser fina ut produkterna fina du ❤️❤️",
            "_create_time": "2025-06-09T12:32:31",
            "_avatar": "https://p16-common-sign-useast2a.tiktokcdn-us.com/tos-useast2a-avt-0068-euttp/7300344643114237984~tplv-tiktokx-cropcenter:100:100.jpg?dr=9640&refresh_token=f479c525&x-expires=1756281600&x-signature=ouZPtJQxxSF9jwg2AmDo1b5xpQc%3D&t=4d5b0474&ps=13740610&shp=30310797&shcp=ff37627b&idc=useast5",
            "_total_reply": 0,
            "_replies": []
        },
        {
            "_comment_id": "7513350643832013598",
            "_username": "therealshadykady",
            "_nickname": "The Real Shady Kady",
            "_comment": "first? 🥰🥰🥰",
            "_create_time": "2025-06-08T00:18:18",
            "_avatar": "https://p19-pu-sign-useast8.tiktokcdn-us.com/tos-useast8-avt-0068-tx2/34efb3f046344ae0cc08d9cce1a7d899~tplv-tiktokx-cropcenter:100:100.jpg?dr=9640&refresh_token=13920fb0&x-expires=1756281600&x-signature=6ygymg0%2FD4O7%2FiMnOqufoQakjTE%3D&t=4d5b0474&ps=13740610&shp=30310797&shcp=ff37627b&idc=useast5",
            "_total_reply": 0,
            "_replies": []
        },
        {
            "_comment_id": "7513363012826612486",
            "_username": "adeline.dcruze",
            "_nickname": "Adeline 🇨🇦🇧🇩",
            "_comment": "10th",
            "_create_time": "2025-06-08T01:06:05",
            "_avatar": "https://p16-common-sign-sg.tiktokcdn-us.com/tos-alisg-avt-0068/fc2c896f29f802b2ee860b11315a3ee8~tplv-tiktokx-cropcenter:100:100.jpg?dr=9640&refresh_token=f9500a1c&x-expires=1756281600&x-signature=joSDjomSmltwB49xpS23AK0PO3Y%3D&t=4d5b0474&ps=13740610&shp=30310797&shcp=ff37627b&idc=useast5",
            "_total_reply": 0,
            "_replies": []
        },
        {
            "_comment_id": "7513353746786861846",
            "_username": "miss.inga",
            "_nickname": "Inga",
            "_comment": "I need juicy tube in my life 😍",
            "_create_time": "2025-06-08T00:30:19",
            "_avatar": "https://p19-common-sign-va.tiktokcdn-us.com/tos-maliva-avt-0068/b096fc150f4cf3426d67f3a5044368df~tplv-tiktokx-cropcenter:100:100.jpg?dr=9640&refresh_token=3afb4abf&x-expires=1756281600&x-signature=0q5YdCMZv0Lrt95DupA1%2FjjmlZ0%3D&t=4d5b0474&ps=13740610&shp=30310797&shcp=ff37627b&idc=useast5",
            "_total_reply": 1,
            "_replies": [
                {
                    "_comment_id": "7513497737145729814",
                    "_username": "lancome.official",
                    "_nickname": "Lancôme",
                    "_comment": "who doesn’t 💖",
                    "_create_time": "2025-06-08T09:48:45",
                    "_avatar": "https://p16-common-sign-va.tiktokcdn-us.com/tos-maliva-avt-0068/9424f6caa6a8781766ccf45ddf0a0a0d~tplv-tiktokx-cropcenter:100:100.jpg?dr=9640&refresh_token=2d0d7041&x-expires=1756281600&x-signature=6RRh0sV%2BMiFopbDnto6in1a21L8%3D&t=4d5b0474&ps=13740610&shp=30310797&shcp=ff37627b&idc=useast5",
                    "_total_reply": null,
                    "_replies": []
                }
            ]
        },
        {
            "_comment_id": "7513350862074249991",
            "_username": "cielogutierrez07",
            "_nickname": "𝐻𝒶𝒸𝒽𝒾¡★🍓!",
            "_comment": "OMGG I LOVE IT",
            "_create_time": "2025-06-08T00:18:59",
            "_avatar": "https://p16-common-sign-va.tiktokcdn-us.com/tos-maliva-avt-0068/10f15886a17e01cd895ec1e897639866~tplv-tiktokx-cropcenter:100:100.jpg?dr=9640&refresh_token=2b305bc4&x-expires=1756281600&x-signature=8d8dyZx0I0KEG4rSr8IFbVm4DHc%3D&t=4d5b0474&ps=13740610&shp=30310797&shcp=ff37627b&idc=useast5",
            "_total_reply": 2,
            "_replies": [
                {
                    "_comment_id": "7513497662977737494",
                    "_username": "lancome.official",
                    "_nickname": "Lancôme",
                    "_comment": "SAME 💖",
                    "_create_time": "2025-06-08T09:48:27",
                    "_avatar": "https://p16-common-sign-va.tiktokcdn-us.com/tos-maliva-avt-0068/9424f6caa6a8781766ccf45ddf0a0a0d~tplv-tiktokx-cropcenter:100:100.jpg?dr=9640&refresh_token=2d0d7041&x-expires=1756281600&x-signature=6RRh0sV%2BMiFopbDnto6in1a21L8%3D&t=4d5b0474&ps=13740610&shp=30310797&shcp=ff37627b&idc=useast5",
                    "_total_reply": null,
                    "_replies": []
                },
                {
                    "_comment_id": "7513643003384251144",
                    "_username": "cielogutierrez07",
                    "_nickname": "𝐻𝒶𝒸𝒽𝒾¡★🍓!",
                    "_comment": "OMGG",
                    "_create_time": "2025-06-08T19:12:29",
                    "_avatar": "https://p16-common-sign-va.tiktokcdn-us.com/tos-maliva-avt-0068/10f15886a17e01cd895ec1e897639866~tplv-tiktokx-cropcenter:100:100.jpg?dr=9640&refresh_token=2b305bc4&x-expires=1756281600&x-signature=8d8dyZx0I0KEG4rSr8IFbVm4DHc%3D&t=4d5b0474&ps=13740610&shp=30310797&shcp=ff37627b&idc=useast5",
                    "_total_reply": null,
                    "_replies": []
                }
            ]
        },
        {
            "_comment_id": "7513547658502849296",
            "_username": "sona.sitoula",
            "_nickname": "S♡|\\|A🦋",
            "_comment": "Send me some pr🥺❤❤❤i need this girly",
            "_create_time": "2025-06-08T13:02:26",
            "_avatar": "https://p16-common-sign-sg.tiktokcdn-us.com/tos-alisg-avt-0068/9af970e2f4a951da491e69fb17c4976f~tplv-tiktokx-cropcenter:100:100.jpg?dr=9640&refresh_token=75100340&x-expires=1756281600&x-signature=GdMxtlqcJwyYHEwrV3hPTDn1HN4%3D&t=4d5b0474&ps=13740610&shp=30310797&shcp=ff37627b&idc=useast5",
            "_total_reply": 0,
            "_replies": []
        },
        {
            "_comment_id": "7513471186960089902",
            "_username": "hottesthanes",
            "_nickname": "HottestHanes",
            "_comment": "",
            "_create_time": "2025-06-08T08:07:30",
            "_avatar": "https://p16-sign.tiktokcdn-us.com/tos-useast5-avt-0068-tx/ccecad10bc7e14742c225322c75c7ed7~tplv-tiktokx-cropcenter:100:100.jpg?dr=9640&refresh_token=fe9e489d&x-expires=1756281600&x-signature=N2vDQnA7ae4nX9%2FwY6qXc3kixUY%3D&t=4d5b0474&ps=13740610&shp=30310797&shcp=ff37627b&idc=useast5",
            "_total_reply": 0,
            "_replies": []
        },
        {
            "_comment_id": "7513684352980550422",
            "_username": "sandy32807",
            "_nickname": "sandy",
            "_comment": "❤️🌹❤️🌹❤️🌹❤️",
            "_create_time": "2025-06-08T21:52:57",
            "_avatar": "https://p16-common-sign-useast2a.tiktokcdn-us.com/tos-useast2a-avt-0068-euttp/d462794418f4f00ac3680023dbda4788~tplv-tiktokx-cropcenter:100:100.jpg?dr=9640&refresh_token=fc0f67a4&x-expires=1756281600&x-signature=6XaBFUrez7Pn0tXBp9Yc8rQQivs%3D&t=4d5b0474&ps=13740610&shp=30310797&shcp=ff37627b&idc=useast5",
            "_total_reply": 0,
            "_replies": []
        },
        {
            "_comment_id": "7513654199726064406",
            "_username": "spareaccount538",
            "_nickname": "Lexi⁉️",
            "_comment": "🥰🥰🥰",
            "_create_time": "2025-06-08T19:55:54",
            "_avatar": "https://p16-common-sign-useast2a.tiktokcdn-us.com/tos-useast2a-avt-0068-euttp/7266181848006000673~tplv-tiktokx-cropcenter:100:100.jpg?dr=9640&refresh_token=5c57608f&x-expires=1756281600&x-signature=JjYpFqgvLlT%2BpFdk5pzvreNo1nk%3D&t=4d5b0474&ps=13740610&shp=30310797&shcp=ff37627b&idc=useast5",
            "_total_reply": 0,
            "_replies": []
        },
        {
            "_comment_id": "7513472462446428950",
            "_username": "annang042",
            "_nickname": "anna",
            "_comment": "🥰",
            "_create_time": "2025-06-08T08:10:47",
            "_avatar": "https://p16-common-sign-va.tiktokcdn-us.com/tos-maliva-avt-0068/7c3e761751fa337405fde2251afc615e~tplv-tiktokx-cropcenter:100:100.jpg?dr=9640&refresh_token=befccaa7&x-expires=1756281600&x-signature=OH9WjLfCva35OuknflOFPmIJqms%3D&t=4d5b0474&ps=13740610&shp=30310797&shcp=ff37627b&idc=useast5",
            "_total_reply": 0,
            "_replies": []
        },
        {
            "_comment_id": "7513451892728709944",
            "_username": "barbiegurl437",
            "_nickname": "𝕨𝕖 𝕝𝕠𝕧𝕖 𝕙𝕖𝕣 💜",
            "_comment": "🌷🌷🌷",
            "_create_time": "2025-06-08T06:51:08",
            "_avatar": "https://p16-common-sign-va.tiktokcdn-us.com/tos-maliva-avt-0068/8eeef25792f871790046ca4c351c1891~tplv-tiktokx-cropcenter:100:100.jpg?dr=9640&refresh_token=373ba890&x-expires=1756281600&x-signature=WaaIA5qwbJC%2FszCTytuGIBFSc2Q%3D&t=4d5b0474&ps=13740610&shp=30310797&shcp=ff37627b&idc=useast5",
            "_total_reply": 0,
            "_replies": []
        },
        {
            "_comment_id": "7513394700952306474",
            "_username": "julie_selig",
            "_nickname": "Julie Selig",
            "_comment": "💋💋💋",
            "_create_time": "2025-06-08T03:09:20",
            "_avatar": "https://p16-pu-sign-useast8.tiktokcdn-us.com/tos-useast5-avt-0068-tx/7e3e395b5d23129c16786b8fe6163dd0~tplv-tiktokx-cropcenter:100:100.jpg?dr=9640&refresh_token=c48688f5&x-expires=1756281600&x-signature=zsYTHVZZg0foeU7KI84NBq0Aptg%3D&t=4d5b0474&ps=13740610&shp=30310797&shcp=ff37627b&idc=useast5",
            "_total_reply": 0,
            "_replies": []
        },
        {
            "_comment_id": "7513354608086762248",
            "_username": "liv_41913",
            "_nickname": "Aithanattt  💗🥋",
            "_comment": "😻😻😻",
            "_create_time": "2025-06-08T00:33:29",
            "_avatar": "https://p16-common-sign-sg.tiktokcdn-us.com/tos-alisg-avt-0068/30b593050762b3b5210efa0e0b45dbb2~tplv-tiktokx-cropcenter:100:100.jpg?dr=9640&refresh_token=41d3a341&x-expires=1756281600&x-signature=BKCkRr9QxChF098fZ%2F9x3zbFOJI%3D&t=4d5b0474&ps=13740610&shp=30310797&shcp=ff37627b&idc=useast5",
            "_total_reply": 0,
            "_replies": []
        },
        {
            "_comment_id": "7513350379846435602",
            "_username": "metxstr",
            "_nickname": "zaliq : 🦇",
            "_comment": "😐",
            "_create_time": "2025-06-08T00:17:02",
            "_avatar": "https://p16-common-sign-sg.tiktokcdn-us.com/tos-alisg-avt-0068/2330d66a111f5687b7149b77d2a9af2d~tplv-tiktokx-cropcenter:100:100.jpg?dr=9640&refresh_token=9f74b6d4&x-expires=1756281600&x-signature=hvi6MVTqrG%2FftmBa%2FMMrnv9isOc%3D&t=4d5b0474&ps=13740610&shp=30310797&shcp=ff37627b&idc=useast5",
            "_total_reply": 0,
            "_replies": []
        },
        {
            "_comment_id": "7517314079908741901",
            "_username": "mama_bear_232",
            "_nickname": "♡Sina♡_♡Mama_Wife♡",
            "_comment": "😍",
            "_create_time": "2025-06-18T16:38:14",
            "_avatar": "https://p16-pu-sign-useast8.tiktokcdn-us.com/tos-useast5-avt-0068-tx/c35319f3ff16755f4c6d3c90e649222e~tplv-tiktokx-cropcenter:100:100.jpg?dr=9640&refresh_token=9b18204c&x-expires=1756281600&x-signature=mcgVipC5s1LK3RsB%2FrFmmy7TNzU%3D&t=4d5b0474&ps=13740610&shp=30310797&shcp=ff37627b&idc=useast5",
            "_total_reply": 0,
            "_replies": []
        },
        {
            "_comment_id": "7516563126357263126",
            "_username": "queeniesss5789",
            "_nickname": "tasha",
            "_comment": "♥️",
            "_create_time": "2025-06-16T16:04:04",
            "_avatar": "https://p16-common-sign-useast2a.tiktokcdn-us.com/tos-useast2a-avt-0068-euttp/b050c287b2caa6d79e833351538d3e02~tplv-tiktokx-cropcenter:100:100.jpg?dr=9640&refresh_token=c7834557&x-expires=1756281600&x-signature=pr8dXrxMhwEUBehYqILK6mo3Z7I%3D&t=4d5b0474&ps=13740610&shp=30310797&shcp=ff37627b&idc=useast5",
            "_total_reply": 0,
            "_replies": []
        },
        {
            "_comment_id": "7516799556865999630",
            "_username": "bianca_anahi99",
            "_nickname": "Mrs. Pecina | TEACHING 4ₜₕ🍎🤍",
            "_comment": "@Lancôme I messaged y’all! 🥹🩷",
            "_create_time": "2025-06-17T07:22:14",
            "_avatar": "https://p16-pu-sign-useast8.tiktokcdn-us.com/tos-useast5-avt-0068-tx/0dac0cef2794ddbaf03189443e585be2~tplv-tiktokx-cropcenter:100:100.jpg?dr=9640&refresh_token=d5d49d7d&x-expires=1756281600&x-signature=aOAHSddqDeUcHmz2KEgzPDE4EMU%3D&t=4d5b0474&ps=13740610&shp=30310797&shcp=ff37627b&idc=useast5",
            "_total_reply": 0,
            "_replies": []
        },
        {
            "_comment_id": "7513351488795673377",
            "_username": "maissae.ratil",
            "_nickname": "maissae RATIL",
            "_comment": "🥰🥰🥰😍😍😍❤️❤️❤️🤩🤩🤩",
            "_create_time": "2025-06-08T00:21:38",
            "_avatar": "https://p16-common-sign-va.tiktokcdn-us.com/tos-maliva-avt-0068/0516d71945a484c3dfff05a0737accc5~tplv-tiktokx-cropcenter:100:100.jpg?dr=9640&refresh_token=4f68e92a&x-expires=1756281600&x-signature=0eAaee0dIk0EXbFpFEFLnRGvtVg%3D&t=4d5b0474&ps=13740610&shp=30310797&shcp=ff37627b&idc=useast5",
            "_total_reply": 0,
            "_replies": []
        }
    ],
    "total_comments": 30
}