{
    "original_url": "https://www.tiktok.com/@lancome.official/video/7514026695578504470",
    "video_id": "7514026695578504470",
    "description": "Everyone got the Juicy Tubes memo for the music festival. #Lancome #JuicyTubes @Beca @chelseaasoflate @Aimee Kelly @valslooks @Lera @Winta Zesu @Bethany @Lauren W. @Natalie Bright ",
    "video_url": "https://m.tiktok.com/v/7514026695578504470.html?_d=0&comment_author_id=7285020567903716385&preview_pb=0&share_comment_id=7514642650386203394&share_item_id=7514026695578504470&sharer_language=en&source=h5_m&u_code=0",
    "tags": [
        "#Lancome",
        "#JuicyTubes"
    ],
    "comments": [
        {
            "_comment_id": "7514642650386203394",
            "_username": "serena_argento",
            "_nickname": "serena_argento",
            "_comment": "i see the Guts vinyl of Olivia Rodrigo 💜",
            "_create_time": "2025-06-11T11:51:37",
            "_avatar": "https://p16-common-sign-useast2a.tiktokcdn-us.com/tos-useast2a-avt-0068-euttp/1f62d3e37dc12a50edc3126e9d9e940e~tplv-tiktokx-cropcenter:100:100.jpg?dr=9640&refresh_token=3a44c615&x-expires=1756281600&x-signature=n%2BMRGY7Vzb7zp9oPbOs0qGCKKrM%3D&t=4d5b0474&ps=13740610&shp=30310797&shcp=ff37627b&idc=useast5",
            "_total_reply": 0,
            "_replies": []
        },
        {
            "_comment_id": "7514079221230027542",
            "_username": "jamboreewedding",
            "_nickname": "bree | 2025 bride",
            "_comment": "You had me at purple! Let me make content for you!!",
            "_create_time": "2025-06-09T23:25:24",
            "_avatar": "https://p16-common-sign-useast2a.tiktokcdn-us.com/tos-useast2a-avt-0068-euttp/9a681f269fa4552099809e3eb1940f4b~tplv-tiktokx-cropcenter:100:100.jpg?dr=9640&refresh_token=1c9c2fe1&x-expires=1756281600&x-signature=2rV7mTmbr3Qt01x8M3N3mysHrB4%3D&t=4d5b0474&ps=13740610&shp=30310797&shcp=ff37627b&idc=useast5",
            "_total_reply": 0,
            "_replies": []
        },
        {
            "_comment_id": "7514091860890649375",
            "_username": "winta_zesu",
            "_nickname": "Winta",
            "_comment": "Yayay so much fun",
            "_create_time": "2025-06-10T00:14:30",
            "_avatar": "https://p19-pu-sign-useast8.tiktokcdn-us.com/tos-useast8-avt-0068-tx2/82d5d28d8e644a1fa67cc19aaeb4c652~tplv-tiktokx-cropcenter:100:100.jpg?dr=9640&refresh_token=63530b53&x-expires=1756281600&x-signature=JX9wT8WEnqF1oeV84ck01ix09Fo%3D&t=4d5b0474&ps=13740610&shp=30310797&shcp=ff37627b&idc=useast5",
            "_total_reply": 1,
            "_replies": [
                {
                    "_comment_id": "7514344548832969494",
                    "_username": "lancome.official",
                    "_nickname": "Lancôme",
                    "_comment": "We had a blast 🥰",
                    "_create_time": "2025-06-10T16:34:55",
                    "_avatar": "https://p16-common-sign-va.tiktokcdn-us.com/tos-maliva-avt-0068/9424f6caa6a8781766ccf45ddf0a0a0d~tplv-tiktokx-cropcenter:100:100.jpg?dr=9640&refresh_token=2d0d7041&x-expires=1756281600&x-signature=6RRh0sV%2BMiFopbDnto6in1a21L8%3D&t=4d5b0474&ps=13740610&shp=30310797&shcp=ff37627b&idc=useast5",
                    "_total_reply": null,
                    "_replies": []
                }
            ]
        },
        {
            "_comment_id": "7514422424658871062",
            "_username": "spilledlivia",
            "_nickname": "ᵒᴿ",
            "_comment": "MY LIV GLOSS ARRIVEDDDD TODAY",
            "_create_time": "2025-06-10T21:36:58",
            "_avatar": "https://p16-common-sign-va.tiktokcdn-us.com/tos-maliva-avt-0068/6144a8e8cb6366f104b74cbf2b7db875~tplv-tiktokx-cropcenter:100:100.jpg?dr=9640&refresh_token=f450e610&x-expires=1756281600&x-signature=eYJg131XxDuWrAr0Da7MefrhH%2BI%3D&t=4d5b0474&ps=13740610&shp=30310797&shcp=ff37627b&idc=useast5",
            "_total_reply": 1,
            "_replies": [
                {
                    "_comment_id": "7515146779491664662",
                    "_username": "lancome.official",
                    "_nickname": "Lancôme",
                    "_comment": "How are you liking it?! 😉",
                    "_create_time": "2025-06-12T20:27:50",
                    "_avatar": "https://p16-common-sign-va.tiktokcdn-us.com/tos-maliva-avt-0068/9424f6caa6a8781766ccf45ddf0a0a0d~tplv-tiktokx-cropcenter:100:100.jpg?dr=9640&refresh_token=2d0d7041&x-expires=1756281600&x-signature=6RRh0sV%2BMiFopbDnto6in1a21L8%3D&t=4d5b0474&ps=13740610&shp=30310797&shcp=ff37627b&idc=useast5",
                    "_total_reply": null,
                    "_replies": []
                }
            ]
        },
        {
            "_comment_id": "7515191654367052549",
            "_username": "straberryicecream",
            "_nickname": "Le☆🎸",
            "_comment": "You’re the best💜💜💜👑👑",
            "_create_time": "2025-06-12T23:21:59",
            "_avatar": "https://p16-common-sign-va.tiktokcdn-us.com/tos-maliva-avt-0068/71f5d3bf129a7efde5a7728c00ce2b09~tplv-tiktokx-cropcenter:100:100.jpg?dr=9640&refresh_token=139dc5fe&x-expires=1756281600&x-signature=CwH7ePW2OTxyKqsXRj3hK%2BOvyz8%3D&t=4d5b0474&ps=13740610&shp=30310797&shcp=ff37627b&idc=useast5",
            "_total_reply": 1,
            "_replies": [
                {
                    "_comment_id": "7515494202760774422",
                    "_username": "lancome.official",
                    "_nickname": "Lancôme",
                    "_comment": "Glad you think so 🤭",
                    "_create_time": "2025-06-13T18:56:06",
                    "_avatar": "https://p16-common-sign-va.tiktokcdn-us.com/tos-maliva-avt-0068/9424f6caa6a8781766ccf45ddf0a0a0d~tplv-tiktokx-cropcenter:100:100.jpg?dr=9640&refresh_token=2d0d7041&x-expires=1756281600&x-signature=6RRh0sV%2BMiFopbDnto6in1a21L8%3D&t=4d5b0474&ps=13740610&shp=30310797&shcp=ff37627b&idc=useast5",
                    "_total_reply": null,
                    "_replies": []
                }
            ]
        },
        {
            "_comment_id": "7514219601006494471",
            "_username": "pntiacbandit",
            "_nickname": "Mich",
            "_comment": "ayuda 🥹 no me han mandado mi pedido y no me atienden en lancome mexico",
            "_create_time": "2025-06-10T08:29:52",
            "_avatar": "https://p16-common-sign-va.tiktokcdn-us.com/tos-maliva-avt-0068/0d80bf83ead0667238738b5eed0f4fe4~tplv-tiktokx-cropcenter:100:100.jpg?dr=9640&refresh_token=ce807a7c&x-expires=1756281600&x-signature=H1kSZ7hHYfIBNFlo%2FQM0bcM%2B9c8%3D&t=4d5b0474&ps=13740610&shp=30310797&shcp=ff37627b&idc=useast5",
            "_total_reply": 0,
            "_replies": []
        },
        {
            "_comment_id": "7514061294707507999",
            "_username": "courtney_lanexo",
            "_nickname": "courtney_lanexo",
            "_comment": "Fun 😍",
            "_create_time": "2025-06-09T22:15:54",
            "_avatar": "https://p16-pu-sign-useast8.tiktokcdn-us.com/tos-useast5-avt-0068-tx/7348329079323492398~tplv-tiktokx-cropcenter:100:100.jpg?dr=9640&refresh_token=d4ff65bd&x-expires=1756281600&x-signature=8K3jzuLxO%2FI%2BdXq9MuHOZIpw%2BJQ%3D&t=4d5b0474&ps=13740610&shp=30310797&shcp=ff37627b&idc=useast5",
            "_total_reply": 1,
            "_replies": [
                {
                    "_comment_id": "7514358374991004438",
                    "_username": "lancome.official",
                    "_nickname": "Lancôme",
                    "_comment": "It was lots of fun 🥰",
                    "_create_time": "2025-06-10T17:28:30",
                    "_avatar": "https://p16-common-sign-va.tiktokcdn-us.com/tos-maliva-avt-0068/9424f6caa6a8781766ccf45ddf0a0a0d~tplv-tiktokx-cropcenter:100:100.jpg?dr=9640&refresh_token=2d0d7041&x-expires=1756281600&x-signature=6RRh0sV%2BMiFopbDnto6in1a21L8%3D&t=4d5b0474&ps=13740610&shp=30310797&shcp=ff37627b&idc=useast5",
                    "_total_reply": null,
                    "_replies": []
                }
            ]
        },
        {
            "_comment_id": "7514154338294825771",
            "_username": "princessjasminealaddin17",
            "_nickname": "PrincessJasmine💙🧞‍♂️🕌",
            "_comment": "Early I love Lancome so much so iconic So Beautiful and Gorgeous 😍😍😍😍😍🥰🥰🥰🥰🥰❤️❤️❤️❤️❤️❣️❣️❣️❣️❣️",
            "_create_time": "2025-06-10T04:16:57",
            "_avatar": "https://p16-sign.tiktokcdn-us.com/tos-useast5-avt-0068-tx/7349155352849416235~tplv-tiktokx-cropcenter:100:100.jpg?dr=9640&refresh_token=e413db0f&x-expires=1756281600&x-signature=nayJaoVC%2BXGyggHC0wrO4Ejn%2BJA%3D&t=4d5b0474&ps=13740610&shp=30310797&shcp=ff37627b&idc=useast5",
            "_total_reply": 1,
            "_replies": [
                {
                    "_comment_id": "7514673891476128534",
                    "_username": "lancome.official",
                    "_nickname": "Lancôme",
                    "_comment": "We 🩷 you!",
                    "_create_time": "2025-06-11T13:52:53",
                    "_avatar": "https://p16-common-sign-va.tiktokcdn-us.com/tos-maliva-avt-0068/9424f6caa6a8781766ccf45ddf0a0a0d~tplv-tiktokx-cropcenter:100:100.jpg?dr=9640&refresh_token=2d0d7041&x-expires=1756281600&x-signature=6RRh0sV%2BMiFopbDnto6in1a21L8%3D&t=4d5b0474&ps=13740610&shp=30310797&shcp=ff37627b&idc=useast5",
                    "_total_reply": null,
                    "_replies": []
                }
            ]
        },
        {
            "_comment_id": "7515067250405376799",
            "_username": "clara_w34",
            "_nickname": "Clara 💗",
            "_comment": "the purple is EVERYTHING",
            "_create_time": "2025-06-12T15:19:51",
            "_avatar": "https://p19-pu-sign-useast8.tiktokcdn-us.com/tos-useast8-avt-0068-tx2/4d36c92edcc9b4e548e3cee5b4b6cab2~tplv-tiktokx-cropcenter:100:100.jpg?dr=9640&refresh_token=14be8a5a&x-expires=1756281600&x-signature=OCzBUQFaCzaizjI6DTu38fFoXJE%3D&t=4d5b0474&ps=13740610&shp=30310797&shcp=ff37627b&idc=useast5",
            "_total_reply": 2,
            "_replies": [
                {
                    "_comment_id": "7515146505442722583",
                    "_username": "lancome.official",
                    "_nickname": "Lancôme",
                    "_comment": "Call us obsessed ✨",
                    "_create_time": "2025-06-12T20:26:52",
                    "_avatar": "https://p16-common-sign-va.tiktokcdn-us.com/tos-maliva-avt-0068/9424f6caa6a8781766ccf45ddf0a0a0d~tplv-tiktokx-cropcenter:100:100.jpg?dr=9640&refresh_token=2d0d7041&x-expires=1756281600&x-signature=6RRh0sV%2BMiFopbDnto6in1a21L8%3D&t=4d5b0474&ps=13740610&shp=30310797&shcp=ff37627b&idc=useast5",
                    "_total_reply": null,
                    "_replies": []
                },
                {
                    "_comment_id": "7515159365797004063",
                    "_username": "clara_w34",
                    "_nickname": "Clara 💗",
                    "_comment": "yup yup yup!!!",
                    "_create_time": "2025-06-12T21:16:53",
                    "_avatar": "https://p16-pu-sign-useast8.tiktokcdn-us.com/tos-useast8-avt-0068-tx2/4d36c92edcc9b4e548e3cee5b4b6cab2~tplv-tiktokx-cropcenter:100:100.jpg?dr=9640&refresh_token=0e341ffb&x-expires=1756281600&x-signature=dU2l3lkJE3Oln4fy2cEDqI4RcmA%3D&t=4d5b0474&ps=13740610&shp=30310797&shcp=ff37627b&idc=useast5",
                    "_total_reply": null,
                    "_replies": []
                }
            ]
        },
        {
            "_comment_id": "7514036853655208712",
            "_username": "soff.lctt",
            "_nickname": "sofii",
            "_comment": "ICONIC 💜",
            "_create_time": "2025-06-09T20:40:49",
            "_avatar": "https://p16-common-sign-sg.tiktokcdn-us.com/tos-alisg-avt-0068/7f8556426087bc1333808ae19c7bf918~tplv-tiktokx-cropcenter:100:100.jpg?dr=9640&refresh_token=f134d153&x-expires=1756281600&x-signature=G5NEEsq7J69aihKPm1UV0dVE5x8%3D&t=4d5b0474&ps=13740610&shp=30310797&shcp=ff37627b&idc=useast5",
            "_total_reply": 1,
            "_replies": [
                {
                    "_comment_id": "7515146878281548566",
                    "_username": "lancome.official",
                    "_nickname": "Lancôme",
                    "_comment": "Couldn’t agree more 🤭",
                    "_create_time": "2025-06-12T20:28:15",
                    "_avatar": "https://p16-common-sign-va.tiktokcdn-us.com/tos-maliva-avt-0068/9424f6caa6a8781766ccf45ddf0a0a0d~tplv-tiktokx-cropcenter:100:100.jpg?dr=9640&refresh_token=2d0d7041&x-expires=1756281600&x-signature=6RRh0sV%2BMiFopbDnto6in1a21L8%3D&t=4d5b0474&ps=13740610&shp=30310797&shcp=ff37627b&idc=useast5",
                    "_total_reply": null,
                    "_replies": []
                }
            ]
        },
        {
            "_comment_id": "7514516013162054431",
            "_username": "bigbackkkkperioddd232",
            "_nickname": "🎸🎸nirvanas #1 fannn🎸🎸",
            "_comment": "pls tell olivia i said hiiiii and im going to see her saturday",
            "_create_time": "2025-06-11T03:40:13",
            "_avatar": "https://p19-pu-sign-useast8.tiktokcdn-us.com/tos-useast8-avt-0068-tx2/327651214ee2a45a69ce46b13306cd5f~tplv-tiktokx-cropcenter:100:100.jpg?dr=9640&refresh_token=c13599c1&x-expires=1756281600&x-signature=5s5PV9tFLgg3ut5GlmyzZD6EaAc%3D&t=4d5b0474&ps=13740610&shp=30310797&shcp=ff37627b&idc=useast5",
            "_total_reply": 1,
            "_replies": [
                {
                    "_comment_id": "7515146691176383254",
                    "_username": "lancome.official",
                    "_nickname": "Lancôme",
                    "_comment": "Have the best time! ✨",
                    "_create_time": "2025-06-12T20:27:30",
                    "_avatar": "https://p16-common-sign-va.tiktokcdn-us.com/tos-maliva-avt-0068/9424f6caa6a8781766ccf45ddf0a0a0d~tplv-tiktokx-cropcenter:100:100.jpg?dr=9640&refresh_token=2d0d7041&x-expires=1756281600&x-signature=6RRh0sV%2BMiFopbDnto6in1a21L8%3D&t=4d5b0474&ps=13740610&shp=30310797&shcp=ff37627b&idc=useast5",
                    "_total_reply": null,
                    "_replies": []
                }
            ]
        },
        {
            "_comment_id": "7514370837052048150",
            "_username": "cicilia_21_",
            "_nickname": "Cici",
            "_comment": "Love this 💖💖💖",
            "_create_time": "2025-06-10T18:16:49",
            "_avatar": "https://p16-common-sign-useast2a.tiktokcdn-us.com/tos-useast2a-avt-0068-euttp/fbd7c077ce217e36926da8f44418a0b2~tplv-tiktokx-cropcenter:100:100.jpg?dr=9640&refresh_token=876f5372&x-expires=1756281600&x-signature=ud2TvHvjJf5AfyQtjMHV%2FzqrCQM%3D&t=4d5b0474&ps=13740610&shp=30310797&shcp=ff37627b&idc=useast5",
            "_total_reply": 1,
            "_replies": [
                {
                    "_comment_id": "7515146643919946518",
                    "_username": "lancome.official",
                    "_nickname": "Lancôme",
                    "_comment": "You and us both ✨",
                    "_create_time": "2025-06-12T20:27:22",
                    "_avatar": "https://p19-common-sign-va.tiktokcdn-us.com/tos-maliva-avt-0068/9424f6caa6a8781766ccf45ddf0a0a0d~tplv-tiktokx-cropcenter:100:100.jpg?dr=9640&refresh_token=4e732867&x-expires=1756281600&x-signature=5PN4EHVgtRvUll6IF2OIT9lcCWk%3D&t=4d5b0474&ps=13740610&shp=30310797&shcp=ff37627b&idc=useast5",
                    "_total_reply": null,
                    "_replies": []
                }
            ]
        },
        {
            "_comment_id": "7516617725441868566",
            "_username": "lailasharma66",
            "_nickname": "lailasharma66",
            "_comment": "Are you coming to Hyde park",
            "_create_time": "2025-06-16T19:35:53",
            "_avatar": "https://p16-common-sign-useast2a.tiktokcdn-us.com/tos-useast2a-avt-0068-euttp/be8815fea624b51b7788ab395c56a231~tplv-tiktokx-cropcenter:100:100.jpg?dr=9640&refresh_token=e058db6e&x-expires=1756281600&x-signature=ZVW9rpC%2BR8NIjyZyCwBQS6mYrQQ%3D&t=4d5b0474&ps=13740610&shp=30310797&shcp=ff37627b&idc=useast5",
            "_total_reply": 0,
            "_replies": []
        },
        {
            "_comment_id": "7514748232729232134",
            "_username": "mariadacostasaraivaor",
            "_nickname": "Livie 🦋🇵🇹",
            "_comment": "I love Olivia Rodrigo and Lâncome 😭😭💜💜🥺🥺",
            "_create_time": "2025-06-11T18:41:20",
            "_avatar": "https://p16-common-sign-va.tiktokcdn-us.com/tos-maliva-avt-0068/efe1b1571269f4fe5a528392346f88c5~tplv-tiktokx-cropcenter:100:100.jpg?dr=9640&refresh_token=661a1544&x-expires=1756281600&x-signature=P6kCNuiBqeXvIpTZhegvKd4mJwM%3D&t=4d5b0474&ps=13740610&shp=30310797&shcp=ff37627b&idc=useast5",
            "_total_reply": 2,
            "_replies": [
                {
                    "_comment_id": "7515146615829578518",
                    "_username": "lancome.official",
                    "_nickname": "Lancôme",
                    "_comment": "We 💜 you!",
                    "_create_time": "2025-06-12T20:27:10",
                    "_avatar": "https://p16-common-sign-va.tiktokcdn-us.com/tos-maliva-avt-0068/9424f6caa6a8781766ccf45ddf0a0a0d~tplv-tiktokx-cropcenter:100:100.jpg?dr=9640&refresh_token=2d0d7041&x-expires=1756281600&x-signature=6RRh0sV%2BMiFopbDnto6in1a21L8%3D&t=4d5b0474&ps=13740610&shp=30310797&shcp=ff37627b&idc=useast5",
                    "_total_reply": null,
                    "_replies": []
                },
                {
                    "_comment_id": "7515184496788390662",
                    "_username": "mariadacostasaraivaor",
                    "_nickname": "Livie 🦋🇵🇹",
                    "_comment": "💜❤️😭🥺🇵🇹",
                    "_create_time": "2025-06-12T22:54:17",
                    "_avatar": "https://p19-common-sign-va.tiktokcdn-us.com/tos-maliva-avt-0068/efe1b1571269f4fe5a528392346f88c5~tplv-tiktokx-cropcenter:100:100.jpg?dr=9640&refresh_token=9b1b3fd6&x-expires=1756281600&x-signature=BoMFePYGU9ZjhMxh7C2ChBR1iuc%3D&t=4d5b0474&ps=13740610&shp=30310797&shcp=ff37627b&idc=useast5",
                    "_total_reply": null,
                    "_replies": []
                }
            ]
        },
        {
            "_comment_id": "7514566616324227858",
            "_username": "chrissyh312",
            "_nickname": "Christine",
            "_comment": "I NEED IT BUT IM IN AUSTRALIA 😭",
            "_create_time": "2025-06-11T06:56:27",
            "_avatar": "https://p16-common-sign-sg.tiktokcdn-us.com/tos-alisg-avt-0068/9cece186139619906ab278fb7110f072~tplv-tiktokx-cropcenter:100:100.jpg?dr=9640&refresh_token=46a118af&x-expires=1756281600&x-signature=ok8vOi4kescT4q4NUaysxK72iGE%3D&t=4d5b0474&ps=13740610&shp=30310797&shcp=ff37627b&idc=useast5",
            "_total_reply": 0,
            "_replies": []
        },
        {
            "_comment_id": "7521379555397272342",
            "_username": "vasss1ss",
            "_nickname": "vas_🧚🏼‍♀️",
            "_comment": "the color is EVERYTHING 🤭💜",
            "_create_time": "2025-06-29T15:34:20",
            "_avatar": "https://p19-common-sign-va.tiktokcdn-us.com/tos-maliva-avt-0068/d4fbff9a39ce317da90a133d7fc147bf~tplv-tiktokx-cropcenter:100:100.jpg?dr=9640&refresh_token=077bc8ba&x-expires=1756281600&x-signature=zJAd%2BiKWZW6r8yiM0zUGYoVCNxI%3D&t=4d5b0474&ps=13740610&shp=30310797&shcp=ff37627b&idc=useast5",
            "_total_reply": 1,
            "_replies": [
                {
                    "_comment_id": "7521325851670528801",
                    "_username": "lancome.official",
                    "_nickname": "Lancôme",
                    "_comment": "🥰 💜 💜",
                    "_create_time": "2025-06-29T17:56:12",
                    "_avatar": "https://p16-common-sign-va.tiktokcdn-us.com/tos-maliva-avt-0068/9424f6caa6a8781766ccf45ddf0a0a0d~tplv-tiktokx-cropcenter:100:100.jpg?dr=9640&refresh_token=2d0d7041&x-expires=1756281600&x-signature=6RRh0sV%2BMiFopbDnto6in1a21L8%3D&t=4d5b0474&ps=13740610&shp=30310797&shcp=ff37627b&idc=useast5",
                    "_total_reply": null,
                    "_replies": []
                }
            ]
        },
        {
            "_comment_id": "7514111990950183710",
            "_username": "olivwife_",
            "_nickname": "𝑳𝒊𝒍𝒚",
            "_comment": "Obsessed 💜💜💜",
            "_create_time": "2025-06-10T01:32:39",
            "_avatar": "https://p19-pu-sign-useast8.tiktokcdn-us.com/tos-useast5-avt-0068-tx/b603e010ef212a0f4f6abce1fbb904a8~tplv-tiktokx-cropcenter:100:100.jpg?dr=9640&refresh_token=6053d5da&x-expires=1756281600&x-signature=OZ5RewpZZ22D2%2BEXqp0q9mga8zE%3D&t=4d5b0474&ps=13740610&shp=30310797&shcp=ff37627b&idc=useast5",
            "_total_reply": 2,
            "_replies": [
                {
                    "_comment_id": "7514229620263371542",
                    "_username": "lancome.official",
                    "_nickname": "Lancôme",
                    "_comment": "You could say that again 🤭💜",
                    "_create_time": "2025-06-10T09:08:59",
                    "_avatar": "https://p16-common-sign-va.tiktokcdn-us.com/tos-maliva-avt-0068/9424f6caa6a8781766ccf45ddf0a0a0d~tplv-tiktokx-cropcenter:100:100.jpg?dr=9640&refresh_token=2d0d7041&x-expires=1756281600&x-signature=6RRh0sV%2BMiFopbDnto6in1a21L8%3D&t=4d5b0474&ps=13740610&shp=30310797&shcp=ff37627b&idc=useast5",
                    "_total_reply": null,
                    "_replies": []
                },
                {
                    "_comment_id": "7514229400298423071",
                    "_username": "olivwife_",
                    "_nickname": "𝑳𝒊𝒍𝒚",
                    "_comment": "OBSESSED 💜💜💜",
                    "_create_time": "2025-06-10T09:09:26",
                    "_avatar": "https://p19-pu-sign-useast8.tiktokcdn-us.com/tos-useast5-avt-0068-tx/b603e010ef212a0f4f6abce1fbb904a8~tplv-tiktokx-cropcenter:100:100.jpg?dr=9640&refresh_token=6053d5da&x-expires=1756281600&x-signature=OZ5RewpZZ22D2%2BEXqp0q9mga8zE%3D&t=4d5b0474&ps=13740610&shp=30310797&shcp=ff37627b&idc=useast5",
                    "_total_reply": null,
                    "_replies": []
                }
            ]
        },
        {
            "_comment_id": "7514409968595944214",
            "_username": "claudia.cch",
            "_nickname": "Claudz☁️",
            "_comment": "Perfect",
            "_create_time": "2025-06-10T20:48:41",
            "_avatar": "https://p16-common-sign-useast2a.tiktokcdn-us.com/tos-useast2a-avt-0068-euttp/936b4c8a9dc41b3ca49d823d046c36b2~tplv-tiktokx-cropcenter:100:100.jpg?dr=9640&refresh_token=551138fd&x-expires=1756281600&x-signature=NLXfZWjnWXSrHAVS2oG4p1noSwA%3D&t=4d5b0474&ps=13740610&shp=30310797&shcp=ff37627b&idc=useast5",
            "_total_reply": 1,
            "_replies": []
        },
        {
            "_comment_id": "7514047750892978950",
            "_username": "ccarmiller",
            "_nickname": "Carly Miller ❥",
            "_comment": "A dream!!😍",
            "_create_time": "2025-06-09T21:23:04",
            "_avatar": "https://p16-common-sign-va.tiktokcdn-us.com/tos-maliva-avt-0068/b221fc295b5a70253badbe8ca9f29e8e~tplv-tiktokx-cropcenter:100:100.jpg?dr=9640&refresh_token=c067c832&x-expires=1756281600&x-signature=oVhLQuRs4UgC2cn68J2Y%2FoEdZjU%3D&t=4d5b0474&ps=13740610&shp=30310797&shcp=ff37627b&idc=useast5",
            "_total_reply": 1,
            "_replies": [
                {
                    "_comment_id": "7514673823843107606",
                    "_username": "lancome.official",
                    "_nickname": "Lancôme",
                    "_comment": "It truly was ✨",
                    "_create_time": "2025-06-11T13:52:44",
                    "_avatar": "https://p16-common-sign-va.tiktokcdn-us.com/tos-maliva-avt-0068/9424f6caa6a8781766ccf45ddf0a0a0d~tplv-tiktokx-cropcenter:100:100.jpg?dr=9640&refresh_token=2d0d7041&x-expires=1756281600&x-signature=6RRh0sV%2BMiFopbDnto6in1a21L8%3D&t=4d5b0474&ps=13740610&shp=30310797&shcp=ff37627b&idc=useast5",
                    "_total_reply": null,
                    "_replies": []
                }
            ]
        },
        {
            "_comment_id": "7514035895226778399",
            "_username": "bynataliebright",
            "_nickname": "Natalie Bright",
            "_comment": "♥️♥️♥️♥️iconic",
            "_create_time": "2025-06-09T20:37:19",
            "_avatar": "https://p16-pu-sign-useast8.tiktokcdn-us.com/tos-useast5-avt-0068-tx/0ba3096c16fdcd0f00bd37340fda73db~tplv-tiktokx-cropcenter:100:100.jpg?dr=9640&refresh_token=e6068cd1&x-expires=1756281600&x-signature=jNYlen7tRQZdRjzo2gsoD%2FT12R8%3D&t=4d5b0474&ps=13740610&shp=30310797&shcp=ff37627b&idc=useast5",
            "_total_reply": 1,
            "_replies": [
                {
                    "_comment_id": "7514344524660556566",
                    "_username": "lancome.official",
                    "_nickname": "Lancôme",
                    "_comment": "Right? 😍",
                    "_create_time": "2025-06-10T16:34:45",
                    "_avatar": "https://p16-common-sign-va.tiktokcdn-us.com/tos-maliva-avt-0068/9424f6caa6a8781766ccf45ddf0a0a0d~tplv-tiktokx-cropcenter:100:100.jpg?dr=9640&refresh_token=2d0d7041&x-expires=1756281600&x-signature=6RRh0sV%2BMiFopbDnto6in1a21L8%3D&t=4d5b0474&ps=13740610&shp=30310797&shcp=ff37627b&idc=useast5",
                    "_total_reply": null,
                    "_replies": []
                }
            ]
        },
        {
            "_comment_id": "7514048518047662879",
            "_username": "byaimeekelly",
            "_nickname": "Aimee Kelly",
            "_comment": "🥰🥰🥰 Best time ever",
            "_create_time": "2025-06-09T21:26:17",
            "_avatar": "https://p16-pu-sign-useast8.tiktokcdn-us.com/tos-useast8-avt-0068-tx2/25efa32c1af6942b3ff02ce89972d788~tplv-tiktokx-cropcenter:100:100.jpg?dr=9640&refresh_token=728aedf3&x-expires=1756281600&x-signature=wVi74EBABYM7%2BA1K4tYeFba3dEg%3D&t=4d5b0474&ps=13740610&shp=30310797&shcp=ff37627b&idc=useast5",
            "_total_reply": 1,
            "_replies": [
                {
                    "_comment_id": "7514344495687828246",
                    "_username": "lancome.official",
                    "_nickname": "Lancôme",
                    "_comment": "Couldn’t agree more ✨",
                    "_create_time": "2025-06-10T16:34:39",
                    "_avatar": "https://p19-common-sign-va.tiktokcdn-us.com/tos-maliva-avt-0068/9424f6caa6a8781766ccf45ddf0a0a0d~tplv-tiktokx-cropcenter:100:100.jpg?dr=9640&refresh_token=4e732867&x-expires=1756281600&x-signature=5PN4EHVgtRvUll6IF2OIT9lcCWk%3D&t=4d5b0474&ps=13740610&shp=30310797&shcp=ff37627b&idc=useast5",
                    "_total_reply": null,
                    "_replies": []
                }
            ]
        },
        {
            "_comment_id": "7515174878711825182",
            "_username": "kenzieheartsf1",
            "_nickname": "Kenzieee_4!",
            "_comment": "Wow",
            "_create_time": "2025-06-12T22:17:15",
            "_avatar": "https://p19-pu-sign-useast8.tiktokcdn-us.com/tos-useast8-avt-0068-tx2/21aeadbdb460785641dbb836469b7578~tplv-tiktokx-cropcenter:100:100.jpg?dr=9640&refresh_token=16c1954a&x-expires=1756281600&x-signature=EXQWw%2BLrIsvIH9JUNgOKZ9yWa84%3D&t=4d5b0474&ps=13740610&shp=30310797&shcp=ff37627b&idc=useast5",
            "_total_reply": 0,
            "_replies": []
        },
        {
            "_comment_id": "7514089865236775698",
            "_username": "cielogutierrez07",
            "_nickname": "𝐻𝒶𝒸𝒽𝒾¡★🍓!",
            "_comment": "I need a Lancôme festival tour in Argentina with Olivia Rodrigo, now!",
            "_create_time": "2025-06-10T00:06:40",
            "_avatar": "https://p16-common-sign-va.tiktokcdn-us.com/tos-maliva-avt-0068/10f15886a17e01cd895ec1e897639866~tplv-tiktokx-cropcenter:100:100.jpg?dr=9640&refresh_token=2b305bc4&x-expires=1756281600&x-signature=8d8dyZx0I0KEG4rSr8IFbVm4DHc%3D&t=4d5b0474&ps=13740610&shp=30310797&shcp=ff37627b&idc=useast5",
            "_total_reply": 0,
            "_replies": []
        },
        {
            "_comment_id": "7515064081797481237",
            "_username": "haylii1367",
            "_nickname": "Haylii_user???",
            "_comment": "Yass I want 😭🤪",
            "_create_time": "2025-06-12T15:06:58",
            "_avatar": "https://p16-common-sign-sg.tiktokcdn-us.com/tos-alisg-avt-0068/fa663f9e12ebecb45ff37d82fb04a0fc~tplv-tiktokx-cropcenter:100:100.jpg?dr=9640&refresh_token=87841760&x-expires=1756281600&x-signature=8CfsqPg7O6Ajg6wE4Q%2F%2FTtNsS9Y%3D&t=4d5b0474&ps=13740610&shp=30310797&shcp=ff37627b&idc=useast5",
            "_total_reply": 0,
            "_replies": []
        },
        {
            "_comment_id": "7514028824180638486",
            "_username": "emma_di1emma",
            "_nickname": "⋆˚࿔ emma 𝜗𝜚˚⋆",
            "_comment": "Omg the lippies look amazing 🌺",
            "_create_time": "2025-06-09T20:09:42",
            "_avatar": "https://p19-common-sign-va.tiktokcdn-us.com/tos-maliva-avt-0068/e5bcf2d9e07e535136da19e7e33c1ef6~tplv-tiktokx-cropcenter:100:100.jpg?dr=9640&refresh_token=e5b9b10a&x-expires=1756281600&x-signature=dDAdAw0D3pg8xsYRAeH1nMnYRy8%3D&t=4d5b0474&ps=13740610&shp=30310797&shcp=ff37627b&idc=useast5",
            "_total_reply": 1,
            "_replies": [
                {
                    "_comment_id": "7514229703897547542",
                    "_username": "lancome.official",
                    "_nickname": "Lancôme",
                    "_comment": "Riiiiight 🫠🥹",
                    "_create_time": "2025-06-10T09:09:12",
                    "_avatar": "https://p16-common-sign-va.tiktokcdn-us.com/tos-maliva-avt-0068/9424f6caa6a8781766ccf45ddf0a0a0d~tplv-tiktokx-cropcenter:100:100.jpg?dr=9640&refresh_token=2d0d7041&x-expires=1756281600&x-signature=6RRh0sV%2BMiFopbDnto6in1a21L8%3D&t=4d5b0474&ps=13740610&shp=30310797&shcp=ff37627b&idc=useast5",
                    "_total_reply": null,
                    "_replies": []
                }
            ]
        },
        {
            "_comment_id": "7514027197612409622",
            "_username": "eilidhxmcguigan",
            "_nickname": "𝐞𝐢𝐥𝐢𝐝𝐡💞💝",
            "_comment": "First",
            "_create_time": "2025-06-09T20:03:23",
            "_avatar": "https://p16-common-sign-va.tiktokcdn-us.com/tos-maliva-avt-0068/ebf7ad5ae3877d42ed16d37fbb92241c~tplv-tiktokx-cropcenter:100:100.jpg?dr=9640&refresh_token=587c933c&x-expires=1756281600&x-signature=phbG9J8EDoJDCf1WvktuaMok1bc%3D&t=4d5b0474&ps=13740610&shp=30310797&shcp=ff37627b&idc=useast5",
            "_total_reply": 0,
            "_replies": []
        },
        {
            "_comment_id": "7514028674267005702",
            "_username": "ifatinpoq0d",
            "_nickname": "Iman (Olivia’s version)",
            "_comment": "EARLY",
            "_create_time": "2025-06-09T20:09:00",
            "_avatar": "https://p16-common-sign-sg.tiktokcdn-us.com/tos-alisg-avt-0068/31690b26f3ad39a07c9d6ec6e4c05da6~tplv-tiktokx-cropcenter:100:100.jpg?dr=9640&refresh_token=9262f7a1&x-expires=1756281600&x-signature=YmMnAGYmOSQD7W%2FVpl%2BcyevYOjI%3D&t=4d5b0474&ps=13740610&shp=30310797&shcp=ff37627b&idc=useast5",
            "_total_reply": 0,
            "_replies": []
        },
        {
            "_comment_id": "7514074815876907798",
            "_username": "_sofiiiia__a",
            "_nickname": "️sofia",
            "_comment": "obsessed with the purple theme!",
            "_create_time": "2025-06-09T23:08:14",
            "_avatar": "https://p16-common-sign-va.tiktokcdn-us.com/tos-maliva-avt-0068/99b0725132dcfee33ffee769e8be3a72~tplv-tiktokx-cropcenter:100:100.jpg?dr=9640&refresh_token=8442a649&x-expires=1756281600&x-signature=geHkLOjNDUob1lCY1Ruf9l5S7FA%3D&t=4d5b0474&ps=13740610&shp=30310797&shcp=ff37627b&idc=useast5",
            "_total_reply": 2,
            "_replies": [
                {
                    "_comment_id": "7514229515829674774",
                    "_username": "lancome.official",
                    "_nickname": "Lancôme",
                    "_comment": "Heheh us too",
                    "_create_time": "2025-06-10T09:08:29",
                    "_avatar": "https://p16-common-sign-va.tiktokcdn-us.com/tos-maliva-avt-0068/9424f6caa6a8781766ccf45ddf0a0a0d~tplv-tiktokx-cropcenter:100:100.jpg?dr=9640&refresh_token=2d0d7041&x-expires=1756281600&x-signature=6RRh0sV%2BMiFopbDnto6in1a21L8%3D&t=4d5b0474&ps=13740610&shp=30310797&shcp=ff37627b&idc=useast5",
                    "_total_reply": null,
                    "_replies": []
                },
                {
                    "_comment_id": "7514333461413397250",
                    "_username": "_sofiiiia__a",
                    "_nickname": "️sofia",
                    "_comment": "❤️",
                    "_create_time": "2025-06-10T15:51:50",
                    "_avatar": "https://p16-common-sign-va.tiktokcdn-us.com/tos-maliva-avt-0068/99b0725132dcfee33ffee769e8be3a72~tplv-tiktokx-cropcenter:100:100.jpg?dr=9640&refresh_token=8442a649&x-expires=1756281600&x-signature=geHkLOjNDUob1lCY1Ruf9l5S7FA%3D&t=4d5b0474&ps=13740610&shp=30310797&shcp=ff37627b&idc=useast5",
                    "_total_reply": null,
                    "_replies": []
                }
            ]
        },
        {
            "_comment_id": "7514070610851611422",
            "_username": "carinajoellen",
            "_nickname": "cari",
            "_comment": "So cute!",
            "_create_time": "2025-06-09T22:51:57",
            "_avatar": "https://p16-pu-sign-useast8.tiktokcdn-us.com/tos-useast8-avt-0068-tx2/5d0c5c5e2564bbfadd283ee5e0d0957c~tplv-tiktokx-cropcenter:100:100.jpg?dr=9640&refresh_token=94bbddfc&x-expires=1756281600&x-signature=B6AQAGpe%2BP3%2FyB5h0ltsp%2F7MHpk%3D&t=4d5b0474&ps=13740610&shp=30310797&shcp=ff37627b&idc=useast5",
            "_total_reply": 0,
            "_replies": []
        },
        {
            "_comment_id": "7522664556045714181",
            "_username": "brookelynnbaume",
            "_nickname": "Livie4life🎶🦋",
            "_comment": "tell olivia she's the best 💜💜",
            "_create_time": "2025-07-03T02:40:45",
            "_avatar": "https://p16-common-sign-va.tiktokcdn-us.com/tos-maliva-avt-0068/6edff8a064238c9e3fa1d6d44ac3a2f4~tplv-tiktokx-cropcenter:100:100.jpg?dr=9640&refresh_token=0943ba29&x-expires=1756281600&x-signature=GpSyMI6Ye%2Ff8DSXY9znnvpYZHl8%3D&t=4d5b0474&ps=13740610&shp=30310797&shcp=ff37627b&idc=useast5",
            "_total_reply": 0,
            "_replies": []
        },
        {
            "_comment_id": "7514027638409085718",
            "_username": "mitchthemommy",
            "_nickname": "Michelle Lynch",
            "_comment": "would love to go one day",
            "_create_time": "2025-06-09T20:05:07",
            "_avatar": "https://p16-common-sign-useast2a.tiktokcdn-us.com/tos-useast2a-avt-0068-euttp/6920f07878d573199beb7ecf33571583~tplv-tiktokx-cropcenter:100:100.jpg?dr=9640&refresh_token=f935d486&x-expires=1756281600&x-signature=MmR0vJ3LEheUoxoFQWPFNfpa29U%3D&t=4d5b0474&ps=13740610&shp=30310797&shcp=ff37627b&idc=useast5",
            "_total_reply": 0,
            "_replies": []
        },
        {
            "_comment_id": "7514027174623806230",
            "_username": "eilidhxmcguigan",
            "_nickname": "𝐞𝐢𝐥𝐢𝐝𝐡💞💝",
            "_comment": "F💜💜💜",
            "_create_time": "2025-06-09T20:03:17",
            "_avatar": "https://p16-common-sign-va.tiktokcdn-us.com/tos-maliva-avt-0068/ebf7ad5ae3877d42ed16d37fbb92241c~tplv-tiktokx-cropcenter:100:100.jpg?dr=9640&refresh_token=587c933c&x-expires=1756281600&x-signature=phbG9J8EDoJDCf1WvktuaMok1bc%3D&t=4d5b0474&ps=13740610&shp=30310797&shcp=ff37627b&idc=useast5",
            "_total_reply": 0,
            "_replies": []
        },
        {
            "_comment_id": "7519542408443921174",
            "_username": "olivia_rosee4",
            "_nickname": "Shhh 🤫",
            "_comment": "Obsessed with Olivia & now you, you are literally giving Olivia vibes 💜💜",
            "_create_time": "2025-06-24T16:45:10",
            "_avatar": "https://p16-common-sign-va.tiktokcdn-us.com/tos-maliva-avt-0068/bb50130d7e1ca39b0a9341d58e53a83c~tplv-tiktokx-cropcenter:100:100.jpg?dr=9640&refresh_token=6c048a95&x-expires=1756281600&x-signature=thsgjtq7wAbwpA7CfBUG0kdtfzU%3D&t=4d5b0474&ps=13740610&shp=30310797&shcp=ff37627b&idc=useast5",
            "_total_reply": 0,
            "_replies": []
        },
        {
            "_comment_id": "7523272781707379478",
            "_username": "gabryielakowalska",
            "_nickname": "I LOVE OLIVIA, BILLIE💜🥑🦋💙",
            "_comment": "Plssss tel liv i love her 💜💜💜😭plssss",
            "_create_time": "2025-07-04T18:00:56",
            "_avatar": "https://p16-common-sign-va.tiktokcdn-us.com/tos-maliva-avt-0068/8a4fb04da8e0a2281f5364e110c26f3d~tplv-tiktokx-cropcenter:100:100.jpg?dr=9640&refresh_token=65dd4395&x-expires=1756281600&x-signature=v9khEDJqMd4QHJc8ko1lXLHzcxE%3D&t=4d5b0474&ps=13740610&shp=30310797&shcp=ff37627b&idc=useast5",
            "_total_reply": 0,
            "_replies": []
        },
        {
            "_comment_id": "7518946649554289439",
            "_username": "alicia.rodriguez9751",
            "_nickname": "Alicia Rodriguez",
            "_comment": "Omg the Liv CD!",
            "_create_time": "2025-06-23T02:13:36",
            "_avatar": "https://p16-common-sign-va.tiktokcdn-us.com/musically-maliva-obj/1594805258216454~tplv-tiktokx-cropcenter:100:100.jpg?dr=9640&refresh_token=e95abb24&x-expires=1756281600&x-signature=3sj6OaLiS8USBUJlFKzdpJPzweM%3D&t=4d5b0474&ps=13740610&shp=30310797&shcp=ff37627b&idc=useast5",
            "_total_reply": 0,
            "_replies": []
        },
        {
            "_comment_id": "7519540931365290774",
            "_username": "livvvvvvvvvvrodriguez",
            "_nickname": "LIVVVVVVVVVRODRIGUEZ(spilled)",
            "_comment": "#ilovelancômeandliv",
            "_create_time": "2025-06-24T16:39:26",
            "_avatar": "https://p16-common-sign-va.tiktokcdn-us.com/tos-maliva-avt-0068/1b154d642734e6572bf1772f2f2d7aa2~tplv-tiktokx-cropcenter:100:100.jpg?dr=9640&refresh_token=d0110972&x-expires=1756281600&x-signature=5fmeA%2Bk3ylldqcMPsy4XuP7rGU0%3D&t=4d5b0474&ps=13740610&shp=30310797&shcp=ff37627b&idc=useast5",
            "_total_reply": 0,
            "_replies": []
        },
        {
            "_comment_id": "7514037627026998062",
            "_username": "rachxbeauty",
            "_nickname": "Rachel K🪐",
            "_comment": "This looks so fun!!!!! Have been dying to try the new lavender shade :)",
            "_create_time": "2025-06-09T20:44:42",
            "_avatar": "https://p16-sign.tiktokcdn-us.com/tos-useast5-avt-0068-tx/f7d28af43f70e54e14aeff57ea3c93f3~tplv-tiktokx-cropcenter:100:100.jpg?dr=9640&refresh_token=5cb993b6&x-expires=1756281600&x-signature=gf7OLh803nFMvpQ1DwHfq4YOjD8%3D&t=4d5b0474&ps=13740610&shp=30310797&shcp=ff37627b&idc=useast5",
            "_total_reply": 0,
            "_replies": []
        },
        {
            "_comment_id": "7516954797984318221",
            "_username": "billieluver3",
            "_nickname": "b.i.l.l.e_e.i.l.i.sh",
            "_comment": "Lancôme will you respond to me?! Pls(day 1)",
            "_create_time": "2025-06-17T17:24:03",
            "_avatar": "https://p16-sign.tiktokcdn-us.com/tos-useast5-avt-0068-tx/c2cb812f46a95aca09ec517406138896~tplv-tiktokx-cropcenter:100:100.jpg?dr=9640&refresh_token=45ba2329&x-expires=1756281600&x-signature=zWSReOS%2BKZdFB1qZyMOF9tQmm7g%3D&t=4d5b0474&ps=13740610&shp=30310797&shcp=ff37627b&idc=useast5",
            "_total_reply": 0,
            "_replies": []
        },
        {
            "_comment_id": "7515177795632497430",
            "_username": "payalmanohar",
            "_nickname": "payalmanohar",
            "_comment": "Wowwww this look litt 🔥",
            "_create_time": "2025-06-12T22:28:20",
            "_avatar": "https://p16-common-sign-useast2a.tiktokcdn-us.com/tos-useast2a-avt-0068-euttp/8dd85968943cc8a3d1206ef6d763ed93~tplv-tiktokx-cropcenter:100:100.jpg?dr=9640&refresh_token=dc6d53b1&x-expires=1756281600&x-signature=rK5rO08ggZmzs%2FThgEhFmkyDKsY%3D&t=4d5b0474&ps=13740610&shp=30310797&shcp=ff37627b&idc=useast5",
            "_total_reply": 0,
            "_replies": []
        },
        {
            "_comment_id": "7523089157708759822",
            "_username": "ciennaso",
            "_nickname": "cienna ◡̈ so ₊˚⊹♡",
            "_comment": "this is a dream 😇",
            "_create_time": "2025-07-04T06:08:40",
            "_avatar": "https://p19-pu-sign-useast8.tiktokcdn-us.com/tos-useast5-avt-0068-tx/4892ec19ce76e99ccf4fb05e4b1bfb5e~tplv-tiktokx-cropcenter:100:100.jpg?dr=9640&refresh_token=646a2d27&x-expires=1756281600&x-signature=YPMSamyMFYvWfj5s3eu3LfuVS4Y%3D&t=4d5b0474&ps=13740610&shp=30310797&shcp=ff37627b&idc=useast5",
            "_total_reply": 0,
            "_replies": []
        },
        {
            "_comment_id": "7514068373848949527",
            "_username": "miss.inga",
            "_nickname": "Inga",
            "_comment": "I wish I can be there 😍",
            "_create_time": "2025-06-09T22:43:05",
            "_avatar": "https://p16-common-sign-va.tiktokcdn-us.com/tos-maliva-avt-0068/b096fc150f4cf3426d67f3a5044368df~tplv-tiktokx-cropcenter:100:100.jpg?dr=9640&refresh_token=f9496c06&x-expires=1756281600&x-signature=7fUq19dXFL7NgYk4Hp6cWewNErk%3D&t=4d5b0474&ps=13740610&shp=30310797&shcp=ff37627b&idc=useast5",
            "_total_reply": 1,
            "_replies": [
                {
                    "_comment_id": "7514229427330073366",
                    "_username": "lancome.official",
                    "_nickname": "Lancôme",
                    "_comment": "🥹🥹💖💖 there in spirit",
                    "_create_time": "2025-06-10T09:08:11",
                    "_avatar": "https://p16-common-sign-va.tiktokcdn-us.com/tos-maliva-avt-0068/9424f6caa6a8781766ccf45ddf0a0a0d~tplv-tiktokx-cropcenter:100:100.jpg?dr=9640&refresh_token=2d0d7041&x-expires=1756281600&x-signature=6RRh0sV%2BMiFopbDnto6in1a21L8%3D&t=4d5b0474&ps=13740610&shp=30310797&shcp=ff37627b&idc=useast5",
                    "_total_reply": null,
                    "_replies": []
                }
            ]
        },
        {
            "_comment_id": "7517073252880007966",
            "_username": "byclaudiak",
            "_nickname": "byclaudiak",
            "_comment": "Espectacular",
            "_create_time": "2025-06-18T01:03:41",
            "_avatar": "https://p16-pu-sign-useast8.tiktokcdn-us.com/tos-useast8-avt-0068-tx2/8b04a1db0b9247442bc99b5ecfd4a91a~tplv-tiktokx-cropcenter:100:100.jpg?dr=9640&refresh_token=b046ec7d&x-expires=1756281600&x-signature=8G%2BCyLfrLZN%2FKz09oPe1gKo7lyM%3D&t=4d5b0474&ps=13740610&shp=30310797&shcp=ff37627b&idc=useast5",
            "_total_reply": 0,
            "_replies": []
        },
        {
            "_comment_id": "7531074396548547345",
            "_username": "olivia_rodrigoedits2003",
            "_nickname": "☆𝐋𝐢𝐯☆(𝐒𝐩𝐢𝐥𝐥𝐞𝐝)",
            "_comment": "in loveeeeeeeee",
            "_create_time": "2025-07-25T18:35:09",
            "_avatar": "https://p16-common-sign-sg.tiktokcdn-us.com/tos-alisg-avt-0068/4a02f8c582c3b7eebb7a798670d20b4c~tplv-tiktokx-cropcenter:100:100.jpg?dr=9640&refresh_token=af771c81&x-expires=1756281600&x-signature=OrrATwnHPf4gbI6vGTlVA%2F2yBdI%3D&t=4d5b0474&ps=13740610&shp=30310797&shcp=ff37627b&idc=useast5",
            "_total_reply": 0,
            "_replies": []
        },
        {
            "_comment_id": "7514827606447031071",
            "_username": "genassyy",
            "_nickname": "📍 𝔏𝔄",
            "_comment": "💔 i dropped my $200 bottle perfume soo heart broken buh im in loveeee with yalls products",
            "_create_time": "2025-06-11T23:49:42",
            "_avatar": "https://p19-pu-sign-useast8.tiktokcdn-us.com/tos-useast8-avt-0068-tx2/05280207a5f7924bdb1d965ff0563155~tplv-tiktokx-cropcenter:100:100.jpg?dr=9640&refresh_token=cfae6ca8&x-expires=1756281600&x-signature=tLtEEwzSdoBGVko6sMXwoH%2F69Ts%3D&t=4d5b0474&ps=13740610&shp=30310797&shcp=ff37627b&idc=useast5",
            "_total_reply": 0,
            "_replies": []
        },
        {
            "_comment_id": "7514794152509637407",
            "_username": "adventuresofvictoria",
            "_nickname": "Victoria💥",
            "_comment": "Would love to festival together sometime 🥰🥰",
            "_create_time": "2025-06-11T21:39:42",
            "_avatar": "https://p19-pu-sign-useast8.tiktokcdn-us.com/tos-useast8-avt-0068-tx2/2dbd75ecb0db6bc5ae49f920c5944c81~tplv-tiktokx-cropcenter:100:100.jpg?dr=9640&refresh_token=faa10bd2&x-expires=1756281600&x-signature=d0jWFkGCy%2BHqxYchFcHkfdVY8pw%3D&t=4d5b0474&ps=13740610&shp=30310797&shcp=ff37627b&idc=useast5",
            "_total_reply": 0,
            "_replies": []
        },
        {
            "_comment_id": "7514788531275350840",
            "_username": "eu..rosana",
            "_nickname": "Rosana Rabelo",
            "_comment": "tô aqui pela @zeudidipalma",
            "_create_time": "2025-06-11T21:17:47",
            "_avatar": "https://p16-common-sign-va.tiktokcdn-us.com/tos-maliva-avt-0068/d7f8028694ce7dbf0b3a850a7171297d~tplv-tiktokx-cropcenter:100:100.jpg?dr=9640&refresh_token=54e7b0c9&x-expires=1756281600&x-signature=0epcblapIPV3d8iYmxppPjwU%2BZQ%3D&t=4d5b0474&ps=13740610&shp=30310797&shcp=ff37627b&idc=useast5",
            "_total_reply": 0,
            "_replies": []
        },
        {
            "_comment_id": "7514317026665480968",
            "_username": "daniela82205",
            "_nickname": "Sherk_lover",
            "_comment": "When do you sell this in Japan !😩😩I need them 😭😩😩😩❤️",
            "_create_time": "2025-06-10T14:47:58",
            "_avatar": "https://p16-common-sign-sg.tiktokcdn-us.com/tos-alisg-avt-0068/10ed0e3c8d5e44fbf7397a57099d8dd8~tplv-tiktokx-cropcenter:100:100.jpg?dr=9640&refresh_token=8f4b89b7&x-expires=1756281600&x-signature=xQtcDS3CJRc41KfsLm3AgKSl8M8%3D&t=4d5b0474&ps=13740610&shp=30310797&shcp=ff37627b&idc=useast5",
            "_total_reply": 0,
            "_replies": []
        },
        {
            "_comment_id": "7516695962766951185",
            "_username": "rens.39_livis",
            "_nickname": "Renataaa🌟",
            "_comment": "I Will stay there🤩🤩💜",
            "_create_time": "2025-06-17T00:40:02",
            "_avatar": "https://p16-common-sign-sg.tiktokcdn-us.com/tos-alisg-avt-0068/a74a9843f66cdc0757298e38f8d965a0~tplv-tiktokx-cropcenter:100:100.jpg?dr=9640&refresh_token=93c734d0&x-expires=1756281600&x-signature=tw8z8Ll9uKa3fEPul0xB3oO41k8%3D&t=4d5b0474&ps=13740610&shp=30310797&shcp=ff37627b&idc=useast5",
            "_total_reply": 0,
            "_replies": []
        },
        {
            "_comment_id": "7514080515969090347",
            "_username": "polonaaamy",
            "_nickname": "Lera",
            "_comment": "🥰🥰 thank youuu",
            "_create_time": "2025-06-09T23:30:37",
            "_avatar": "https://p16-sign.tiktokcdn-us.com/tos-useast5-avt-0068-tx/e31d14b38dd5216bcbaedeb14238c68f~tplv-tiktokx-cropcenter:100:100.jpg?dr=9640&refresh_token=2841a6b7&x-expires=1756281600&x-signature=4OXjS3k%2FFW1%2BMQBRYIFKxLcH2wo%3D&t=4d5b0474&ps=13740610&shp=30310797&shcp=ff37627b&idc=useast5",
            "_total_reply": 0,
            "_replies": []
        },
        {
            "_comment_id": "7518958493921198879",
            "_username": "livy_edits28",
            "_nickname": "𝓛𝓲𝓿𝔂 (𝓼𝓹𝓲𝓵𝓵𝓮𝓭)",
            "_comment": "Girl I saw that",
            "_create_time": "2025-06-23T02:59:38",
            "_avatar": "https://p19-pu-sign-useast8.tiktokcdn-us.com/tos-useast8-avt-0068-tx2/7f93e47931b1e757546f803d436196c6~tplv-tiktokx-cropcenter:100:100.jpg?dr=9640&refresh_token=a9db1270&x-expires=1756281600&x-signature=8I5a0in4wrRBz34og5XQvSIGvd8%3D&t=4d5b0474&ps=13740610&shp=30310797&shcp=ff37627b&idc=useast5",
            "_total_reply": 0,
            "_replies": []
        },
        {
            "_comment_id": "7515441727630492449",
            "_username": "nina_xx444",
            "_nickname": "💘💘",
            "_comment": "",
            "_create_time": "2025-06-13T15:32:33",
            "_avatar": "https://p16-common-sign-useast2a.tiktokcdn-us.com/tos-useast2a-avt-0068-euttp/43bc899ea92967c4cf774b4562c7f5a5~tplv-tiktokx-cropcenter:100:100.jpg?dr=9640&refresh_token=9fbd9798&x-expires=1756281600&x-signature=lvMebvsCzRwQ6Z35UzZD1Hq8eho%3D&t=4d5b0474&ps=13740610&shp=30310797&shcp=ff37627b&idc=useast5",
            "_total_reply": 1,
            "_replies": [
                {
                    "_comment_id": "7515441773692142369",
                    "_username": "nina_xx444",
                    "_nickname": "💘💘",
                    "_comment": "Just love the gloss",
                    "_create_time": "2025-06-13T15:32:42",
                    "_avatar": "https://p16-common-sign-useast2a.tiktokcdn-us.com/tos-useast2a-avt-0068-euttp/43bc899ea92967c4cf774b4562c7f5a5~tplv-tiktokx-cropcenter:100:100.jpg?dr=9640&refresh_token=9fbd9798&x-expires=1756281600&x-signature=lvMebvsCzRwQ6Z35UzZD1Hq8eho%3D&t=4d5b0474&ps=13740610&shp=30310797&shcp=ff37627b&idc=useast5",
                    "_total_reply": null,
                    "_replies": []
                }
            ]
        },
        {
            "_comment_id": "7514313074532631301",
            "_username": "otaviastori",
            "_nickname": "otaviastori",
            "_comment": "Zeudi di palma is very Nice , collab please🥰 @zeudidipalmaofficial and Lancôme 🔥",
            "_create_time": "2025-06-10T14:32:44",
            "_avatar": "https://p16-common-sign-va.tiktokcdn-us.com/tos-maliva-avt-0068/7377147532169084934~tplv-tiktokx-cropcenter:100:100.jpg?dr=9640&refresh_token=cc97c81f&x-expires=1756281600&x-signature=qKZlf188jzh3bJpZS40DhQC19g4%3D&t=4d5b0474&ps=13740610&shp=30310797&shcp=ff37627b&idc=useast5",
            "_total_reply": 0,
            "_replies": []
        },
        {
            "_comment_id": "7514312784911450885",
            "_username": "fabrcia.otavia",
            "_nickname": "Fabrícia Otavia",
            "_comment": "Zeudi and @Lancôme 🥰🤝 collab please",
            "_create_time": "2025-06-10T14:31:38",
            "_avatar": "https://p16-common-sign-va.tiktokcdn-us.com/tos-maliva-avt-0068/dd340dd0514e6eeb4d0f1d6f5ec1f056~tplv-tiktokx-cropcenter:100:100.jpg?dr=9640&refresh_token=53c7970b&x-expires=1756281600&x-signature=nNY7Q%2FXmr3wcFfyfiV5UM3lLkA8%3D&t=4d5b0474&ps=13740610&shp=30310797&shcp=ff37627b&idc=useast5",
            "_total_reply": 0,
            "_replies": []
        },
        {
            "_comment_id": "7514312552386822918",
            "_username": "daniellepereiracl",
            "_nickname": "Danielle Pereira",
            "_comment": "Collab with @zeudidipalmaofficial ❤️zeudi and Lancôme ❤️",
            "_create_time": "2025-06-10T14:30:38",
            "_avatar": "https://p16-common-sign-va.tiktokcdn-us.com/tos-maliva-avt-0068/7243830581522333702~tplv-tiktokx-cropcenter:100:100.jpg?dr=9640&refresh_token=a2ad3015&x-expires=1756281600&x-signature=kXESKX1iG3Wj79G1A%2FgtI8U71KI%3D&t=4d5b0474&ps=13740610&shp=30310797&shcp=ff37627b&idc=useast5",
            "_total_reply": 0,
            "_replies": []
        },
        {
            "_comment_id": "7514312201013084984",
            "_username": "otaviastori",
            "_nickname": "otaviastori",
            "_comment": "@Lancôme and zeudi di palma collab please 🔥💕",
            "_create_time": "2025-06-10T14:29:14",
            "_avatar": "https://p16-common-sign-va.tiktokcdn-us.com/tos-maliva-avt-0068/7377147532169084934~tplv-tiktokx-cropcenter:100:100.jpg?dr=9640&refresh_token=cc97c81f&x-expires=1756281600&x-signature=qKZlf188jzh3bJpZS40DhQC19g4%3D&t=4d5b0474&ps=13740610&shp=30310797&shcp=ff37627b&idc=useast5",
            "_total_reply": 0,
            "_replies": []
        },
        {
            "_comment_id": "7515240598215852822",
            "_username": "fday21akacindy4580",
            "_nickname": "Fday21",
            "_comment": "Please Choose @zeudidipalmaofficial for your next campaigns",
            "_create_time": "2025-06-13T02:32:42",
            "_avatar": "https://p16-common-sign-va.tiktokcdn-us.com/tos-maliva-avt-0068/7325986899317915654~tplv-tiktokx-cropcenter:100:100.jpg?dr=9640&refresh_token=5ec6862a&x-expires=1756281600&x-signature=xK2%2FvRoCxrVz9BXaJ1yQJfyvQCI%3D&t=4d5b0474&ps=13740610&shp=30310797&shcp=ff37627b&idc=useast5",
            "_total_reply": 1,
            "_replies": [
                {
                    "_comment_id": "7515240499249152770",
                    "_username": "fday21akacindy4580",
                    "_nickname": "Fday21",
                    "_comment": "",
                    "_create_time": "2025-06-13T02:32:57",
                    "_avatar": "https://p16-common-sign-va.tiktokcdn-us.com/tos-maliva-avt-0068/7325986899317915654~tplv-tiktokx-cropcenter:100:100.jpg?dr=9640&refresh_token=5ec6862a&x-expires=1756281600&x-signature=xK2%2FvRoCxrVz9BXaJ1yQJfyvQCI%3D&t=4d5b0474&ps=13740610&shp=30310797&shcp=ff37627b&idc=useast5",
                    "_total_reply": null,
                    "_replies": []
                }
            ]
        },
        {
            "_comment_id": "7514039902443717406",
            "_username": "valerie_yyy",
            "_nickname": "valslooks",
            "_comment": "❤️❤️❤️❤️❤️❤️",
            "_create_time": "2025-06-09T20:52:46",
            "_avatar": "https://p16-pu-sign-useast8.tiktokcdn-us.com/tos-useast8-avt-0068-tx2/c98b2eef5cfb8457cab9d17abf8d0366~tplv-tiktokx-cropcenter:100:100.jpg?dr=9640&refresh_token=0aa29cdf&x-expires=1756281600&x-signature=ATMg1RBdu5wfzS%2F48WlS%2BaK7fvE%3D&t=4d5b0474&ps=13740610&shp=30310797&shcp=ff37627b&idc=useast5",
            "_total_reply": 0,
            "_replies": []
        },
        {
            "_comment_id": "7514043418328138518",
            "_username": "annang042",
            "_nickname": "anna",
            "_comment": "🥰",
            "_create_time": "2025-06-09T21:06:18",
            "_avatar": "https://p16-common-sign-va.tiktokcdn-us.com/tos-maliva-avt-0068/7c3e761751fa337405fde2251afc615e~tplv-tiktokx-cropcenter:100:100.jpg?dr=9640&refresh_token=befccaa7&x-expires=1756281600&x-signature=OH9WjLfCva35OuknflOFPmIJqms%3D&t=4d5b0474&ps=13740610&shp=30310797&shcp=ff37627b&idc=useast5",
            "_total_reply": 0,
            "_replies": []
        },
        {
            "_comment_id": "7515432595715982110",
            "_username": "mysashaofficial",
            "_nickname": "✨Sasha G✨",
            "_comment": "🥰♥️",
            "_create_time": "2025-06-13T14:57:25",
            "_avatar": "https://p19-pu-sign-useast8.tiktokcdn-us.com/tos-useast8-avt-0068-tx2/caf53416f94666d02fffc5266c542fca~tplv-tiktokx-cropcenter:100:100.jpg?dr=9640&refresh_token=2c37ba35&x-expires=1756281600&x-signature=BHSDPZkdnf1QcitdHAj%2FmoB6ETE%3D&t=4d5b0474&ps=13740610&shp=30310797&shcp=ff37627b&idc=useast5",
            "_total_reply": 0,
            "_replies": []
        },
        {
            "_comment_id": "7514155653115233070",
            "_username": "julie_selig",
            "_nickname": "Julie Selig",
            "_comment": "💋💋💋💋💋💋",
            "_create_time": "2025-06-10T04:22:18",
            "_avatar": "https://p16-pu-sign-useast8.tiktokcdn-us.com/tos-useast5-avt-0068-tx/7e3e395b5d23129c16786b8fe6163dd0~tplv-tiktokx-cropcenter:100:100.jpg?dr=9640&refresh_token=c48688f5&x-expires=1756281600&x-signature=zsYTHVZZg0foeU7KI84NBq0Aptg%3D&t=4d5b0474&ps=13740610&shp=30310797&shcp=ff37627b&idc=useast5",
            "_total_reply": 0,
            "_replies": []
        },
        {
            "_comment_id": "7515432593899930398",
            "_username": "mysashaofficial",
            "_nickname": "✨Sasha G✨",
            "_comment": "♥️♥️♥️",
            "_create_time": "2025-06-13T14:57:23",
            "_avatar": "https://p19-pu-sign-useast8.tiktokcdn-us.com/tos-useast8-avt-0068-tx2/caf53416f94666d02fffc5266c542fca~tplv-tiktokx-cropcenter:100:100.jpg?dr=9640&refresh_token=2c37ba35&x-expires=1756281600&x-signature=BHSDPZkdnf1QcitdHAj%2FmoB6ETE%3D&t=4d5b0474&ps=13740610&shp=30310797&shcp=ff37627b&idc=useast5",
            "_total_reply": 0,
            "_replies": []
        },
        {
            "_comment_id": "7514076368172221207",
            "_username": "confessionsofashop",
            "_nickname": "confessionsofashopaholic",
            "_comment": "😍",
            "_create_time": "2025-06-09T23:14:15",
            "_avatar": "https://p16-common-sign-useast2a.tiktokcdn-us.com/tos-useast2a-avt-0068-euttp/025c2b593f1878b4291478d2b0862ed2~tplv-tiktokx-cropcenter:100:100.jpg?dr=9640&refresh_token=3c4a63d3&x-expires=1756281600&x-signature=kkW8S%2BxgxuiltAAGlVw66%2FtBcmQ%3D&t=4d5b0474&ps=13740610&shp=30310797&shcp=ff37627b&idc=useast5",
            "_total_reply": 0,
            "_replies": []
        },
        {
            "_comment_id": "7514052220029420294",
            "_username": "barbiegurl437",
            "_nickname": "𝕨𝕖 𝕝𝕠𝕧𝕖 𝕙𝕖𝕣 💜",
            "_comment": "@Lancôme always win💄💄💄🛍🛍🛍",
            "_create_time": "2025-06-09T21:40:42",
            "_avatar": "https://p19-common-sign-va.tiktokcdn-us.com/tos-maliva-avt-0068/8eeef25792f871790046ca4c351c1891~tplv-tiktokx-cropcenter:100:100.jpg?dr=9640&refresh_token=967eaa8d&x-expires=1756281600&x-signature=NEr3lAaQcXjHK3EWXdHgjquil9c%3D&t=4d5b0474&ps=13740610&shp=30310797&shcp=ff37627b&idc=useast5",
            "_total_reply": 0,
            "_replies": []
        },
        {
            "_comment_id": "7517838168395055903",
            "_username": "oliviarodrigo_fan14",
            "_nickname": "oliviarodrigo_fan14",
            "_comment": "♥️",
            "_create_time": "2025-06-20T02:32:06",
            "_avatar": "https://p19-pu-sign-useast8.tiktokcdn-us.com/tos-useast8-avt-0068-tx2/7674906e7518fc6a74749f41e94e474d~tplv-tiktokx-cropcenter:100:100.jpg?dr=9640&refresh_token=ff39520c&x-expires=1756281600&x-signature=D1zC510rxO4FlZzRt2RZ%2Fz9VqLE%3D&t=4d5b0474&ps=13740610&shp=30310797&shcp=ff37627b&idc=useast5",
            "_total_reply": 0,
            "_replies": []
        },
        {
            "_comment_id": "7514899278545453829",
            "_username": "samanthalapices",
            "_nickname": "Samantha Sanabria",
            "_comment": "🙏🏻🌃💜",
            "_create_time": "2025-06-12T04:27:33",
            "_avatar": "https://p16-common-sign-va.tiktokcdn-us.com/tos-maliva-avt-0068/8a4943227d2de36cac27efd2a34b68d1~tplv-tiktokx-cropcenter:100:100.jpg?dr=9640&refresh_token=c4d0e80f&x-expires=1756281600&x-signature=TsAZmaTzeIWVj9yGk%2FnEvBi42Ec%3D&t=4d5b0474&ps=13740610&shp=30310797&shcp=ff37627b&idc=useast5",
            "_total_reply": 0,
            "_replies": []
        },
        {
            "_comment_id": "7538760910674101014",
            "_username": "hello.kitkat.pixie",
            "_nickname": "Pixie 🌸",
            "_comment": "YASSSS LOVE YOU GUYS 😘💋😘",
            "_create_time": "2025-08-15T11:42:49",
            "_avatar": "https://p16-common-sign-va.tiktokcdn-us.com/tos-maliva-avt-0068/f999d63c301ee4cebac94d49ca04a659~tplv-tiktokx-cropcenter:100:100.jpg?dr=9640&refresh_token=ce12db34&x-expires=1756281600&x-signature=xZiarRmxZDjhVni5U7RFTp5ZQwA%3D&t=4d5b0474&ps=13740610&shp=30310797&shcp=ff37627b&idc=useast5",
            "_total_reply": 2,
            "_replies": [
                {
                    "_comment_id": "7538845432299242262",
                    "_username": "lancome.official",
                    "_nickname": "Lancôme",
                    "_comment": "We 🩷 you!",
                    "_create_time": "2025-08-15T17:10:44",
                    "_avatar": "https://p16-common-sign-va.tiktokcdn-us.com/tos-maliva-avt-0068/9424f6caa6a8781766ccf45ddf0a0a0d~tplv-tiktokx-cropcenter:100:100.jpg?dr=9640&refresh_token=2d0d7041&x-expires=1756281600&x-signature=6RRh0sV%2BMiFopbDnto6in1a21L8%3D&t=4d5b0474&ps=13740610&shp=30310797&shcp=ff37627b&idc=useast5",
                    "_total_reply": null,
                    "_replies": []
                },
                {
                    "_comment_id": "7538898388106380054",
                    "_username": "hello.kitkat.pixie",
                    "_nickname": "Pixie 🌸",
                    "_comment": "Love you too bestie 🥰🥰",
                    "_create_time": "2025-08-15T20:36:18",
                    "_avatar": "https://p16-common-sign-va.tiktokcdn-us.com/tos-maliva-avt-0068/f999d63c301ee4cebac94d49ca04a659~tplv-tiktokx-cropcenter:100:100.jpg?dr=9640&refresh_token=ce12db34&x-expires=1756281600&x-signature=xZiarRmxZDjhVni5U7RFTp5ZQwA%3D&t=4d5b0474&ps=13740610&shp=30310797&shcp=ff37627b&idc=useast5",
                    "_total_reply": null,
                    "_replies": []
                }
            ]
        },
        {
            "_comment_id": "7515110056787247894",
            "_username": "jennis1395",
            "_nickname": "Jaz 💕",
            "_comment": "Juicy tubes are my fave!! Please check out my latest post, I’m going through chemotherapy and it would mean the world 🤩💕",
            "_create_time": "2025-06-12T18:05:23",
            "_avatar": "https://p16-common-sign-useast2a.tiktokcdn-us.com/tos-useast2a-avt-0068-euttp/71f5c8a4db03653ae8ae43d779ab7ed9~tplv-tiktokx-cropcenter:100:100.jpg?dr=9640&refresh_token=662ccf99&x-expires=1756281600&x-signature=VCDc%2FD0A07p6mn%2FwFc3EM9nxV6Q%3D&t=4d5b0474&ps=13740610&shp=30310797&shcp=ff37627b&idc=useast5",
            "_total_reply": 0,
            "_replies": []
        },
        {
            "_comment_id": "7514027924909163287",
            "_username": "furniturevillagefan",
            "_nickname": "FurnitureVillagefan",
            "_comment": "Hi @Lancôme please could you leave a comment on my video about how many brands can comment on my video! 💝",
            "_create_time": "2025-06-09T20:06:08",
            "_avatar": "https://p16-common-sign-va.tiktokcdn-us.com/tos-maliva-avt-0068/3fe0b398ea778a4128688ef538993d43~tplv-tiktokx-cropcenter:100:100.jpg?dr=9640&refresh_token=19beb3e0&x-expires=1756281600&x-signature=ZLhloy1vKLcpjHybpBFGhZhpgtA%3D&t=4d5b0474&ps=13740610&shp=30310797&shcp=ff37627b&idc=useast5",
            "_total_reply": 0,
            "_replies": []
        },
        {
            "_comment_id": "7516799211486561037",
            "_username": "bianca_anahi99",
            "_nickname": "Mrs. Pecina | TEACHING 4ₜₕ🍎🤍",
            "_comment": "@Lancôme I messaged y’all! 🥹🩷",
            "_create_time": "2025-06-17T07:20:52",
            "_avatar": "https://p16-pu-sign-useast8.tiktokcdn-us.com/tos-useast5-avt-0068-tx/0dac0cef2794ddbaf03189443e585be2~tplv-tiktokx-cropcenter:100:100.jpg?dr=9640&refresh_token=d5d49d7d&x-expires=1756281600&x-signature=aOAHSddqDeUcHmz2KEgzPDE4EMU%3D&t=4d5b0474&ps=13740610&shp=30310797&shcp=ff37627b&idc=useast5",
            "_total_reply": 0,
            "_replies": []
        },
        {
            "_comment_id": "7538760809159344918",
            "_username": "hello.kitkat.pixie",
            "_nickname": "Pixie 🌸",
            "_comment": "Yasssss, GUTSSSSS",
            "_create_time": "2025-08-15T11:42:27",
            "_avatar": "https://p16-common-sign-va.tiktokcdn-us.com/tos-maliva-avt-0068/f999d63c301ee4cebac94d49ca04a659~tplv-tiktokx-cropcenter:100:100.jpg?dr=9640&refresh_token=ce12db34&x-expires=1756281600&x-signature=xZiarRmxZDjhVni5U7RFTp5ZQwA%3D&t=4d5b0474&ps=13740610&shp=30310797&shcp=ff37627b&idc=useast5",
            "_total_reply": 2,
            "_replies": [
                {
                    "_comment_id": "7538845501987832598",
                    "_username": "lancome.official",
                    "_nickname": "Lancôme",
                    "_comment": "It was incredible! ✨",
                    "_create_time": "2025-08-15T17:11:02",
                    "_avatar": "https://p16-common-sign-va.tiktokcdn-us.com/tos-maliva-avt-0068/9424f6caa6a8781766ccf45ddf0a0a0d~tplv-tiktokx-cropcenter:100:100.jpg?dr=9640&refresh_token=2d0d7041&x-expires=1756281600&x-signature=6RRh0sV%2BMiFopbDnto6in1a21L8%3D&t=4d5b0474&ps=13740610&shp=30310797&shcp=ff37627b&idc=useast5",
                    "_total_reply": null,
                    "_replies": []
                },
                {
                    "_comment_id": "7538898367590515478",
                    "_username": "hello.kitkat.pixie",
                    "_nickname": "Pixie 🌸",
                    "_comment": "It wassss, pops I was there 😁😁",
                    "_create_time": "2025-08-15T20:36:07",
                    "_avatar": "https://p19-common-sign-va.tiktokcdn-us.com/tos-maliva-avt-0068/f999d63c301ee4cebac94d49ca04a659~tplv-tiktokx-cropcenter:100:100.jpg?dr=9640&refresh_token=6f31c3a0&x-expires=1756281600&x-signature=OrHEoOnqDpPIpUXPLu%2FqQztP4Ec%3D&t=4d5b0474&ps=13740610&shp=30310797&shcp=ff37627b&idc=useast5",
                    "_total_reply": null,
                    "_replies": []
                }
            ]
        },
        {
            "_comment_id": "7514080932468376328",
            "_username": "justcallmekate22",
            "_nickname": "Katherine Caldeira",
            "_comment": "Hi,lancome,how are you?I would like to work with you because I love those products so much.May you give me more info for dm?🥰💗",
            "_create_time": "2025-06-09T23:32:05",
            "_avatar": "https://p16-common-sign-sg.tiktokcdn-us.com/tos-alisg-avt-0068/23698f1b6483e49823ad95d4ea46c535~tplv-tiktokx-cropcenter:100:100.jpg?dr=9640&refresh_token=4d094854&x-expires=1756281600&x-signature=BcEJun1KawLKh5lhoROSzkIEjL8%3D&t=4d5b0474&ps=13740610&shp=30310797&shcp=ff37627b&idc=useast5",
            "_total_reply": 0,
            "_replies": []
        },
        {
            "_comment_id": "7514313357458506502",
            "_username": "gabrielaunidajs",
            "_nickname": "Gabriela unidas",
            "_comment": "Zeudi and lancome 🥰 @@zeudidipalmaofficial",
            "_create_time": "2025-06-10T14:33:46",
            "_avatar": "https://p16-common-sign-va.tiktokcdn-us.com/tos-maliva-avt-0068/7326517146733182982~tplv-tiktokx-cropcenter:100:100.jpg?dr=9640&refresh_token=58e3c473&x-expires=1756281600&x-signature=lmclJTWWWUJkFYUH%2FgrqG6vgkhY%3D&t=4d5b0474&ps=13740610&shp=30310797&shcp=ff37627b&idc=useast5",
            "_total_reply": 0,
            "_replies": []
        },
        {
            "_comment_id": "7515503863677616927",
            "_username": "marielabagnato",
            "_nickname": "Mariela Bagnato",
            "_comment": "So much FOMO",
            "_create_time": "2025-06-13T19:33:51",
            "_avatar": "https://p16-sign.tiktokcdn-us.com/tos-useast5-avt-0068-tx/c459a55825fbe7bd3b7bb0789d69ad6e~tplv-tiktokx-cropcenter:100:100.jpg?dr=9640&refresh_token=1a1308ea&x-expires=1756281600&x-signature=2gCfE9ill6uQow0Nitx92CFV%2B7I%3D&t=4d5b0474&ps=13740610&shp=30310797&shcp=ff37627b&idc=useast5",
            "_total_reply": 0,
            "_replies": []
        },
        {
            "_comment_id": "7514033283547939640",
            "_username": "milakate1999",
            "_nickname": "MilaKate",
            "_comment": "😍😍😍😍",
            "_create_time": "2025-06-09T20:26:57",
            "_avatar": "https://p16-common-sign-va.tiktokcdn-us.com/tos-maliva-avt-0068/0bed0de49c5c273f5ecafb22ff07e20e~tplv-tiktokx-cropcenter:100:100.jpg?dr=9640&refresh_token=ff2f1a43&x-expires=1756281600&x-signature=fNPp947SWgqOeLilw0wmG%2BoaTcI%3D&t=4d5b0474&ps=13740610&shp=30310797&shcp=ff37627b&idc=useast5",
            "_total_reply": 0,
            "_replies": []
        }
    ],
    "total_comments": 74
}