{
    "original_url": "https://www.tiktok.com/@lancome.official/video/7515729671007259926",
    "video_id": "7515729671007259926",
    "description": "Ready to power up your glow? Discover Skin Idôle 3 Serum Supertint, an ultra-lightweight glow tinted serum with breathable texture to enhance, smooth and visibly plump your skin with up to 24h wear*. *Consumer test, 165 women. #Lancome #Supertint #Makeup #MustHave #NaturalLook",
    "video_url": "https://m.tiktok.com/v/7515729671007259926.html?_d=0&comment_author_id=7395925257909732370&preview_pb=0&share_comment_id=7532365903901311762&share_item_id=7515729671007259926&sharer_language=en&source=h5_m&u_code=0",
    "tags": [
        "#Lancome",
        "#Supertint",
        "#Makeup",
        "#MustHave",
        "#NaturalLook"
    ],
    "comments": [
        {
            "_comment_id": "7532365903901311762",
            "_username": "kjstyvc1234",
            "_nickname": "방승분bjms1",
            "_comment": "파운데이션. 사야지",
            "_create_time": "2025-07-29T06:06:50",
            "_avatar": "https://p16-common-sign-sg.tiktokcdn-us.com/tos-alisg-avt-0068/51d50b5aba1cfc51887615766375b332~tplv-tiktokx-cropcenter:100:100.jpg?dr=9640&refresh_token=997eddfa&x-expires=1756281600&x-signature=fPWTgiDdUEphMZm9BTrgwEXYPPw%3D&t=4d5b0474&ps=13740610&shp=30310797&shcp=ff37627b&idc=useast5",
            "_total_reply": 0,
            "_replies": []
        },
        {
            "_comment_id": "7522300844190384926",
            "_username": "queenmadison11_",
            "_nickname": "Jade West",
            "_comment": "give ys samples",
            "_create_time": "2025-07-02T03:09:31",
            "_avatar": "https://p16-common-sign-va.tiktokcdn-us.com/tos-maliva-avt-0068/174bacea0c100e72c3fca14dc8e036d3~tplv-tiktokx-cropcenter:100:100.jpg?dr=9640&refresh_token=aa4fbab0&x-expires=1756281600&x-signature=vZYBGQ2cm3Bu5dqZTHGxTHraDeg%3D&t=4d5b0474&ps=13740610&shp=30310797&shcp=ff37627b&idc=useast5",
            "_total_reply": 0,
            "_replies": []
        },
        {
            "_comment_id": "7519706013701899026",
            "_username": "jaberkhan33456",
            "_nickname": "Jaberkhan33456",
            "_comment": "Absolutely 💯💯💯",
            "_create_time": "2025-06-25T03:20:03",
            "_avatar": "https://p16-common-sign-useast2a.tiktokcdn-us.com/tos-useast2a-avt-0068-giso/de7c30f440850fcf2b87398f1fe88ca3~tplv-tiktokx-cropcenter:100:100.jpg?dr=9640&refresh_token=b4b3d3e2&x-expires=1756281600&x-signature=PK1JUj1ghjwTyMO0S5BKpslQtZE%3D&t=4d5b0474&ps=13740610&shp=30310797&shcp=ff37627b&idc=useast5",
            "_total_reply": 0,
            "_replies": []
        },
        {
            "_comment_id": "7526050982464733960",
            "_username": "tmdqns1",
            "_nickname": "b방승분k",
            "_comment": "쉐딩?",
            "_create_time": "2025-07-12T05:41:41",
            "_avatar": "https://p16-common-sign-sg.tiktokcdn-us.com/tos-alisg-avt-0068/b7cbc7f0ed80314cd52fe87aaa08fcc4~tplv-tiktokx-cropcenter:100:100.jpg?dr=9640&refresh_token=7b8eece5&x-expires=1756281600&x-signature=PwxOcZiiN9N54DTBYtkpSthXpCc%3D&t=4d5b0474&ps=13740610&shp=30310797&shcp=ff37627b&idc=useast5",
            "_total_reply": 0,
            "_replies": []
        },
        {
            "_comment_id": "7515730922982343446",
            "_username": "xoxodaxisy",
            "_nickname": "daisᥫ᭡",
            "_comment": "i cannot wait to try this",
            "_create_time": "2025-06-14T10:14:40",
            "_avatar": "https://p16-common-sign-va.tiktokcdn-us.com/tos-maliva-avt-0068/3bd06cb84d49f80a92ab71b2283bb820~tplv-tiktokx-cropcenter:100:100.jpg?dr=9640&refresh_token=98be8252&x-expires=1756281600&x-signature=K95iuV7jqzGaGeyzamYmeOB3IxM%3D&t=4d5b0474&ps=13740610&shp=30310797&shcp=ff37627b&idc=useast5",
            "_total_reply": 1,
            "_replies": [
                {
                    "_comment_id": "7516583762270389014",
                    "_username": "lancome.official",
                    "_nickname": "Lancôme",
                    "_comment": "Your skin is going to love it! ✨",
                    "_create_time": "2025-06-16T17:24:10",
                    "_avatar": "https://p16-common-sign-va.tiktokcdn-us.com/tos-maliva-avt-0068/9424f6caa6a8781766ccf45ddf0a0a0d~tplv-tiktokx-cropcenter:100:100.jpg?dr=9640&refresh_token=2d0d7041&x-expires=1756281600&x-signature=6RRh0sV%2BMiFopbDnto6in1a21L8%3D&t=4d5b0474&ps=13740610&shp=30310797&shcp=ff37627b&idc=useast5",
                    "_total_reply": null,
                    "_replies": []
                }
            ]
        },
        {
            "_comment_id": "7516695903919424272",
            "_username": "rens.39_livis",
            "_nickname": "Renataaa🌟",
            "_comment": "I love this💜💜🤩",
            "_create_time": "2025-06-17T00:39:24",
            "_avatar": "https://p16-common-sign-sg.tiktokcdn-us.com/tos-alisg-avt-0068/a74a9843f66cdc0757298e38f8d965a0~tplv-tiktokx-cropcenter:100:100.jpg?dr=9640&refresh_token=93c734d0&x-expires=1756281600&x-signature=tw8z8Ll9uKa3fEPul0xB3oO41k8%3D&t=4d5b0474&ps=13740610&shp=30310797&shcp=ff37627b&idc=useast5",
            "_total_reply": 0,
            "_replies": []
        },
        {
            "_comment_id": "7516669139358139158",
            "_username": "amyc3333",
            "_nickname": "amy",
            "_comment": "Need this",
            "_create_time": "2025-06-16T22:55:34",
            "_avatar": "https://p16-common-sign-useast2a.tiktokcdn-us.com/tos-useast2a-avt-0068-euttp/373c2741cc83811383913b9ee25c01d5~tplv-tiktokx-cropcenter:100:100.jpg?dr=9640&refresh_token=62ea7c95&x-expires=1756281600&x-signature=pHYUarwJiB6FavzYtsFGKJr0WhU%3D&t=4d5b0474&ps=13740610&shp=30310797&shcp=ff37627b&idc=useast5",
            "_total_reply": 1,
            "_replies": [
                {
                    "_comment_id": "7518065185010746134",
                    "_username": "lancome.official",
                    "_nickname": "Lancôme",
                    "_comment": "It’s perfect for summertime ✨",
                    "_create_time": "2025-06-20T17:12:49",
                    "_avatar": "https://p16-common-sign-va.tiktokcdn-us.com/tos-maliva-avt-0068/9424f6caa6a8781766ccf45ddf0a0a0d~tplv-tiktokx-cropcenter:100:100.jpg?dr=9640&refresh_token=2d0d7041&x-expires=1756281600&x-signature=6RRh0sV%2BMiFopbDnto6in1a21L8%3D&t=4d5b0474&ps=13740610&shp=30310797&shcp=ff37627b&idc=useast5",
                    "_total_reply": null,
                    "_replies": []
                }
            ]
        },
        {
            "_comment_id": "7515731335084835591",
            "_username": "whatheellie67",
            "_nickname": "whatheellie67",
            "_comment": "Early!! ❤️❤️",
            "_create_time": "2025-06-14T10:16:10",
            "_avatar": "https://p16-common-sign-sg.tiktokcdn-us.com/tos-alisg-avt-0068/694ac513a0fece0a810e1565894b0e44~tplv-tiktokx-cropcenter:100:100.jpg?dr=9640&refresh_token=271f777c&x-expires=1756281600&x-signature=g1pAt6TFKXJvaTlUDbBd37NpgWU%3D&t=4d5b0474&ps=13740610&shp=30310797&shcp=ff37627b&idc=useast5",
            "_total_reply": 0,
            "_replies": []
        },
        {
            "_comment_id": "7515735790938030870",
            "_username": "_sofiiiia__a",
            "_nickname": "️sofia",
            "_comment": "woah omg (this is on my fyp)",
            "_create_time": "2025-06-14T10:33:31",
            "_avatar": "https://p16-common-sign-va.tiktokcdn-us.com/tos-maliva-avt-0068/99b0725132dcfee33ffee769e8be3a72~tplv-tiktokx-cropcenter:100:100.jpg?dr=9640&refresh_token=8442a649&x-expires=1756281600&x-signature=geHkLOjNDUob1lCY1Ruf9l5S7FA%3D&t=4d5b0474&ps=13740610&shp=30310797&shcp=ff37627b&idc=useast5",
            "_total_reply": 0,
            "_replies": []
        },
        {
            "_comment_id": "7515730565872337686",
            "_username": "j.avra",
            "_nickname": "avraa(billie's version)",
            "_comment": "love your products 😻😻😻",
            "_create_time": "2025-06-14T10:13:20",
            "_avatar": "https://p16-common-sign-va.tiktokcdn-us.com/tos-maliva-avt-0068/10b7aba7fe15d2f4b332b33dfa48b636~tplv-tiktokx-cropcenter:100:100.jpg?dr=9640&refresh_token=0c994322&x-expires=1756281600&x-signature=9o6OYmDfCeFbfri0UpeupvevQYY%3D&t=4d5b0474&ps=13740610&shp=30310797&shcp=ff37627b&idc=useast5",
            "_total_reply": 3,
            "_replies": [
                {
                    "_comment_id": "7516583798567568150",
                    "_username": "lancome.official",
                    "_nickname": "Lancôme",
                    "_comment": "Awe, what’s your favorite product? 🥰",
                    "_create_time": "2025-06-16T17:24:18",
                    "_avatar": "https://p16-common-sign-va.tiktokcdn-us.com/tos-maliva-avt-0068/9424f6caa6a8781766ccf45ddf0a0a0d~tplv-tiktokx-cropcenter:100:100.jpg?dr=9640&refresh_token=2d0d7041&x-expires=1756281600&x-signature=6RRh0sV%2BMiFopbDnto6in1a21L8%3D&t=4d5b0474&ps=13740610&shp=30310797&shcp=ff37627b&idc=useast5",
                    "_total_reply": null,
                    "_replies": []
                },
                {
                    "_comment_id": "7520834261513011974",
                    "_username": "zakia.ahmed7860",
                    "_nickname": "️Zaa",
                    "_comment": "please add me on your pr list",
                    "_create_time": "2025-06-28T04:18:24",
                    "_avatar": "https://p16-common-sign-va.tiktokcdn-us.com/tos-maliva-avt-0068/86995e61f68a173b3ec7845e38d73a42~tplv-tiktokx-cropcenter:100:100.jpg?dr=9640&refresh_token=e9123de4&x-expires=1756281600&x-signature=xw8MPmgvZVk8xXa6lCGiVZAoVGo%3D&t=4d5b0474&ps=13740610&shp=30310797&shcp=ff37627b&idc=useast5",
                    "_total_reply": null,
                    "_replies": []
                }
            ]
        },
        {
            "_comment_id": "7515898438198919967",
            "_username": "scarlett_rose1",
            "_nickname": "️",
            "_comment": "can you tell olivia I said hi (please I've been a fan since bizardvark)",
            "_create_time": "2025-06-14T21:04:53",
            "_avatar": "https://p16-sign.tiktokcdn-us.com/tos-useast5-avt-0068-tx/dd92b179bbcdf4f0e3fcf2a76cd79bab~tplv-tiktokx-cropcenter:100:100.jpg?dr=9640&refresh_token=b79d6f7e&x-expires=1756281600&x-signature=R54%2FO1tUYIXiJFIITmEJRPnk%2B4Y%3D&t=4d5b0474&ps=13740610&shp=30310797&shcp=ff37627b&idc=useast5",
            "_total_reply": 0,
            "_replies": []
        },
        {
            "_comment_id": "7521423120254272258",
            "_username": "ksenia.blaine",
            "_nickname": "Ksenia",
            "_comment": "Currently manifesting this into my makeup bag 🤩 Can‘t wait to fill my first impression, this looks like magic in a bottle 🥰",
            "_create_time": "2025-06-29T18:23:22",
            "_avatar": "https://p16-common-sign-useast2a.tiktokcdn-us.com/tos-useast2a-avt-0068-euttp/83bd4d1641e7c62403376a2a19eee0e8~tplv-tiktokx-cropcenter:100:100.jpg?dr=9640&refresh_token=6313106c&x-expires=1756281600&x-signature=EwcLUAP1dKsN3Ar6iSKSr4I5LlI%3D&t=4d5b0474&ps=13740610&shp=30310797&shcp=ff37627b&idc=useast5",
            "_total_reply": 0,
            "_replies": []
        },
        {
            "_comment_id": "7515732242179146526",
            "_username": ".olivia.rodrigo.fan",
            "_nickname": "Danny (spilled 💜)",
            "_comment": "looks firee",
            "_create_time": "2025-06-14T10:21:07",
            "_avatar": "https://p19-pu-sign-useast8.tiktokcdn-us.com/tos-useast8-avt-0068-tx2/98aa696c1838dc2cba37ad149895fac6~tplv-tiktokx-cropcenter:100:100.jpg?dr=9640&refresh_token=be1a13f9&x-expires=1756281600&x-signature=nr33NwxNzjyDkgwXW%2FC3Bu%2B5%2BNQ%3D&t=4d5b0474&ps=13740610&shp=30310797&shcp=ff37627b&idc=useast5",
            "_total_reply": 1,
            "_replies": [
                {
                    "_comment_id": "7515727003719746336",
                    "_username": "lancome.official",
                    "_nickname": "Lancôme",
                    "_comment": "we think so too 🥰",
                    "_create_time": "2025-06-14T20:40:54",
                    "_avatar": "https://p16-common-sign-va.tiktokcdn-us.com/tos-maliva-avt-0068/9424f6caa6a8781766ccf45ddf0a0a0d~tplv-tiktokx-cropcenter:100:100.jpg?dr=9640&refresh_token=2d0d7041&x-expires=1756281600&x-signature=6RRh0sV%2BMiFopbDnto6in1a21L8%3D&t=4d5b0474&ps=13740610&shp=30310797&shcp=ff37627b&idc=useast5",
                    "_total_reply": null,
                    "_replies": []
                }
            ]
        },
        {
            "_comment_id": "7515769727597396741",
            "_username": "caramia870",
            "_nickname": "Cara87",
            "_comment": "omg .🥰🙏can't wait to actually get to try this .",
            "_create_time": "2025-06-14T12:45:18",
            "_avatar": "https://p16-common-sign-va.tiktokcdn-us.com/tos-maliva-avt-0068/12da0229969f1deb6bf49d1e4416b0ac~tplv-tiktokx-cropcenter:100:100.jpg?dr=9640&refresh_token=d30abede&x-expires=1756281600&x-signature=ucbjNdPDkZdYX%2FgPxYtm4aoX8xU%3D&t=4d5b0474&ps=13740610&shp=30310797&shcp=ff37627b&idc=useast5",
            "_total_reply": 1,
            "_replies": [
                {
                    "_comment_id": "7515747156251149088",
                    "_username": "lancome.official",
                    "_nickname": "Lancôme",
                    "_comment": "so excited for you 🥰",
                    "_create_time": "2025-06-14T20:39:59",
                    "_avatar": "https://p16-common-sign-va.tiktokcdn-us.com/tos-maliva-avt-0068/9424f6caa6a8781766ccf45ddf0a0a0d~tplv-tiktokx-cropcenter:100:100.jpg?dr=9640&refresh_token=2d0d7041&x-expires=1756281600&x-signature=6RRh0sV%2BMiFopbDnto6in1a21L8%3D&t=4d5b0474&ps=13740610&shp=30310797&shcp=ff37627b&idc=useast5",
                    "_total_reply": null,
                    "_replies": []
                }
            ]
        },
        {
            "_comment_id": "7515897944588272406",
            "_username": "lamot52",
            "_nickname": "lamot",
            "_comment": "i want please",
            "_create_time": "2025-06-14T21:02:44",
            "_avatar": "https://p19-common-sign-va.tiktokcdn-us.com/tos-maliva-avt-0068/4cd02589cfd0718d1f118f3354ed436d~tplv-tiktokx-cropcenter:100:100.jpg?dr=9640&refresh_token=76303ed5&x-expires=1756281600&x-signature=pUbpsr8Mm1j8jkRizGAPs5jvFPk%3D&t=4d5b0474&ps=13740610&shp=30310797&shcp=ff37627b&idc=useast5",
            "_total_reply": 0,
            "_replies": []
        },
        {
            "_comment_id": "7524777575793574711",
            "_username": "smilingjoce",
            "_nickname": "Jocelyn Beauty & Skin",
            "_comment": "Why am I just hearing about this now?! 👀😭✨",
            "_create_time": "2025-07-08T19:20:22",
            "_avatar": "https://p16-sign.tiktokcdn-us.com/tos-useast5-avt-0068-tx/e26a02a1750409a9c7a4f28fbffb0dd3~tplv-tiktokx-cropcenter:100:100.jpg?dr=9640&refresh_token=6d3c49e2&x-expires=1756281600&x-signature=l5FDymcDl6BvtEJ3qDDnkCthyDA%3D&t=4d5b0474&ps=13740610&shp=30310797&shcp=ff37627b&idc=useast5",
            "_total_reply": 0,
            "_replies": []
        },
        {
            "_comment_id": "7515875495310328618",
            "_username": "ohitsmags",
            "_nickname": "Maggie",
            "_comment": "Need 🤩✨",
            "_create_time": "2025-06-14T19:35:53",
            "_avatar": "https://p16-sign.tiktokcdn-us.com/tos-useast5-avt-0068-tx/787566ea278140e2a572404456c60f56~tplv-tiktokx-cropcenter:100:100.jpg?dr=9640&refresh_token=6e47bf29&x-expires=1756281600&x-signature=vqQ7Si9lttmt%2Fujlk2reIhpWewI%3D&t=4d5b0474&ps=13740610&shp=30310797&shcp=ff37627b&idc=useast5",
            "_total_reply": 2,
            "_replies": [
                {
                    "_comment_id": "7516583756879528726",
                    "_username": "lancome.official",
                    "_nickname": "Lancôme",
                    "_comment": "Not a want 😉",
                    "_create_time": "2025-06-16T17:24:04",
                    "_avatar": "https://p16-common-sign-va.tiktokcdn-us.com/tos-maliva-avt-0068/9424f6caa6a8781766ccf45ddf0a0a0d~tplv-tiktokx-cropcenter:100:100.jpg?dr=9640&refresh_token=2d0d7041&x-expires=1756281600&x-signature=6RRh0sV%2BMiFopbDnto6in1a21L8%3D&t=4d5b0474&ps=13740610&shp=30310797&shcp=ff37627b&idc=useast5",
                    "_total_reply": null,
                    "_replies": []
                },
                {
                    "_comment_id": "7516634029933282090",
                    "_username": "ohitsmags",
                    "_nickname": "Maggie",
                    "_comment": "Agreed 😅",
                    "_create_time": "2025-06-16T20:39:14",
                    "_avatar": "https://p16-sign.tiktokcdn-us.com/tos-useast5-avt-0068-tx/787566ea278140e2a572404456c60f56~tplv-tiktokx-cropcenter:100:100.jpg?dr=9640&refresh_token=6e47bf29&x-expires=1756281600&x-signature=vqQ7Si9lttmt%2Fujlk2reIhpWewI%3D&t=4d5b0474&ps=13740610&shp=30310797&shcp=ff37627b&idc=useast5",
                    "_total_reply": null,
                    "_replies": []
                }
            ]
        },
        {
            "_comment_id": "7515922616550998806",
            "_username": "mitchthemommy",
            "_nickname": "Michelle Lynch",
            "_comment": "dreamy",
            "_create_time": "2025-06-14T22:38:37",
            "_avatar": "https://p16-common-sign-useast2a.tiktokcdn-us.com/tos-useast2a-avt-0068-euttp/6920f07878d573199beb7ecf33571583~tplv-tiktokx-cropcenter:100:100.jpg?dr=9640&refresh_token=f935d486&x-expires=1756281600&x-signature=MmR0vJ3LEheUoxoFQWPFNfpa29U%3D&t=4d5b0474&ps=13740610&shp=30310797&shcp=ff37627b&idc=useast5",
            "_total_reply": 2,
            "_replies": [
                {
                    "_comment_id": "7516583920592798486",
                    "_username": "lancome.official",
                    "_nickname": "Lancôme",
                    "_comment": "The texture and the coverage, absolutely 😍",
                    "_create_time": "2025-06-16T17:24:48",
                    "_avatar": "https://p16-common-sign-va.tiktokcdn-us.com/tos-maliva-avt-0068/9424f6caa6a8781766ccf45ddf0a0a0d~tplv-tiktokx-cropcenter:100:100.jpg?dr=9640&refresh_token=2d0d7041&x-expires=1756281600&x-signature=6RRh0sV%2BMiFopbDnto6in1a21L8%3D&t=4d5b0474&ps=13740610&shp=30310797&shcp=ff37627b&idc=useast5",
                    "_total_reply": null,
                    "_replies": []
                },
                {
                    "_comment_id": "7516617520238527254",
                    "_username": "mitchthemommy",
                    "_nickname": "Michelle Lynch",
                    "_comment": "winner",
                    "_create_time": "2025-06-16T19:35:06",
                    "_avatar": "https://p16-common-sign-useast2a.tiktokcdn-us.com/tos-useast2a-avt-0068-euttp/6920f07878d573199beb7ecf33571583~tplv-tiktokx-cropcenter:100:100.jpg?dr=9640&refresh_token=f935d486&x-expires=1756281600&x-signature=MmR0vJ3LEheUoxoFQWPFNfpa29U%3D&t=4d5b0474&ps=13740610&shp=30310797&shcp=ff37627b&idc=useast5",
                    "_total_reply": null,
                    "_replies": []
                }
            ]
        },
        {
            "_comment_id": "7515730554797835030",
            "_username": "j.avra",
            "_nickname": "avraa(billie's version)",
            "_comment": "first 💓💓💓",
            "_create_time": "2025-06-14T10:13:13",
            "_avatar": "https://p16-common-sign-va.tiktokcdn-us.com/tos-maliva-avt-0068/10b7aba7fe15d2f4b332b33dfa48b636~tplv-tiktokx-cropcenter:100:100.jpg?dr=9640&refresh_token=0c994322&x-expires=1756281600&x-signature=9o6OYmDfCeFbfri0UpeupvevQYY%3D&t=4d5b0474&ps=13740610&shp=30310797&shcp=ff37627b&idc=useast5",
            "_total_reply": 0,
            "_replies": []
        },
        {
            "_comment_id": "7520654810388087574",
            "_username": "bouquetlilyy",
            "_nickname": "lily ♡🦋",
            "_comment": "sample",
            "_create_time": "2025-06-27T16:41:49",
            "_avatar": "https://p16-common-sign-va.tiktokcdn-us.com/tos-maliva-avt-0068/09827a7188e1c6f0a6d99f9d46fceaf0~tplv-tiktokx-cropcenter:100:100.jpg?dr=9640&refresh_token=c99f5c2a&x-expires=1756281600&x-signature=DuHkOA2GgMkybHwhOQHfdppqREc%3D&t=4d5b0474&ps=13740610&shp=30310797&shcp=ff37627b&idc=useast5",
            "_total_reply": 0,
            "_replies": []
        },
        {
            "_comment_id": "7526050938566853384",
            "_username": "tmdqns1",
            "_nickname": "b방승분k",
            "_comment": "파운데이션?",
            "_create_time": "2025-07-12T05:41:31",
            "_avatar": "https://p16-common-sign-sg.tiktokcdn-us.com/tos-alisg-avt-0068/b7cbc7f0ed80314cd52fe87aaa08fcc4~tplv-tiktokx-cropcenter:100:100.jpg?dr=9640&refresh_token=7b8eece5&x-expires=1756281600&x-signature=PwxOcZiiN9N54DTBYtkpSthXpCc%3D&t=4d5b0474&ps=13740610&shp=30310797&shcp=ff37627b&idc=useast5",
            "_total_reply": 0,
            "_replies": []
        },
        {
            "_comment_id": "7536768772393206551",
            "_username": "cutiepie.lipcare",
            "_nickname": "cutiepie lipcare",
            "_comment": "I want to try ur brand could i have a free sample",
            "_create_time": "2025-08-10T02:52:37",
            "_avatar": "https://p16-common-sign-va.tiktokcdn-us.com/tos-maliva-avt-0068/dbf9c95788482c20731ddcbaf78278cf~tplv-tiktokx-cropcenter:100:100.jpg?dr=9640&refresh_token=d0474cd5&x-expires=1756281600&x-signature=DQERpoHzK8r4ub0qoKAr2kT6mZs%3D&t=4d5b0474&ps=13740610&shp=30310797&shcp=ff37627b&idc=useast5",
            "_total_reply": 0,
            "_replies": []
        },
        {
            "_comment_id": "7515731190516908806",
            "_username": "barbiegurl437",
            "_nickname": "𝕨𝕖 𝕝𝕠𝕧𝕖 𝕙𝕖𝕣 💜",
            "_comment": "love it @Lancôme 🌷🌷🌷",
            "_create_time": "2025-06-14T10:15:53",
            "_avatar": "https://p16-common-sign-va.tiktokcdn-us.com/tos-maliva-avt-0068/8eeef25792f871790046ca4c351c1891~tplv-tiktokx-cropcenter:100:100.jpg?dr=9640&refresh_token=373ba890&x-expires=1756281600&x-signature=WaaIA5qwbJC%2FszCTytuGIBFSc2Q%3D&t=4d5b0474&ps=13740610&shp=30310797&shcp=ff37627b&idc=useast5",
            "_total_reply": 1,
            "_replies": [
                {
                    "_comment_id": "7516583852003148566",
                    "_username": "lancome.official",
                    "_nickname": "Lancôme",
                    "_comment": "So happy! ✨",
                    "_create_time": "2025-06-16T17:24:30",
                    "_avatar": "https://p16-common-sign-va.tiktokcdn-us.com/tos-maliva-avt-0068/9424f6caa6a8781766ccf45ddf0a0a0d~tplv-tiktokx-cropcenter:100:100.jpg?dr=9640&refresh_token=2d0d7041&x-expires=1756281600&x-signature=6RRh0sV%2BMiFopbDnto6in1a21L8%3D&t=4d5b0474&ps=13740610&shp=30310797&shcp=ff37627b&idc=useast5",
                    "_total_reply": null,
                    "_replies": []
                }
            ]
        },
        {
            "_comment_id": "7515888108656558879",
            "_username": "iliketotalkblog",
            "_nickname": "iliketotalkblog",
            "_comment": "😍😍",
            "_create_time": "2025-06-14T20:24:55",
            "_avatar": "https://p16-pu-sign-useast8.tiktokcdn-us.com/tos-useast5-avt-0068-tx/80972851390bfc1b8c5e51d1d1b2f809~tplv-tiktokx-cropcenter:100:100.jpg?dr=9640&refresh_token=92b01b7e&x-expires=1756281600&x-signature=JVYv0R%2Fz0vl0P9Khvmv81dVL0PI%3D&t=4d5b0474&ps=13740610&shp=30310797&shcp=ff37627b&idc=useast5",
            "_total_reply": 0,
            "_replies": []
        },
        {
            "_comment_id": "7519416084273873686",
            "_username": "ellestrick",
            "_nickname": "ellestrick",
            "_comment": "🙌🏻🙌🏻",
            "_create_time": "2025-06-24T08:35:04",
            "_avatar": "https://p16-common-sign-va.tiktokcdn-us.com/tos-maliva-avt-0068/7324805628214378501~tplv-tiktokx-cropcenter:100:100.jpg?dr=9640&refresh_token=08b6f447&x-expires=1756281600&x-signature=YJkRzOR75PpT3%2FHpGgjv7zBwT%2B8%3D&t=4d5b0474&ps=13740610&shp=30310797&shcp=ff37627b&idc=useast5",
            "_total_reply": 0,
            "_replies": []
        },
        {
            "_comment_id": "7532909414904087309",
            "_username": "sierraniki",
            "_nickname": "sierraniki",
            "_comment": "❤️❤️❤️",
            "_create_time": "2025-07-30T17:16:11",
            "_avatar": "https://p19-sign.tiktokcdn-us.com/tos-useast5-avt-0068-tx/666b27e7495a91f2ed1b187f9259538d~tplv-tiktokx-cropcenter:100:100.jpg?dr=9640&refresh_token=83df19bd&x-expires=1756281600&x-signature=u5xBg5qdX9RrUcz3NROmUwk5tVA%3D&t=4d5b0474&ps=13740610&shp=30310797&shcp=ff37627b&idc=useast5",
            "_total_reply": 0,
            "_replies": []
        },
        {
            "_comment_id": "7516013490621530902",
            "_username": "veroat87",
            "_nickname": "VeroAt",
            "_comment": "😍✨💖😍✨💖",
            "_create_time": "2025-06-15T04:32:05",
            "_avatar": "https://p16-common-sign-va.tiktokcdn-us.com/tos-maliva-avt-0068/ac0da8fdf1e1f20add92437e4895e5ee~tplv-tiktokx-cropcenter:100:100.jpg?dr=9640&refresh_token=ccff9829&x-expires=1756281600&x-signature=TB2cKExGD5eL7xvQXgx85GlXvJs%3D&t=4d5b0474&ps=13740610&shp=30310797&shcp=ff37627b&idc=useast5",
            "_total_reply": 0,
            "_replies": []
        },
        {
            "_comment_id": "7515848098079589142",
            "_username": "jocelyne.rhim5",
            "_nickname": "Jocelyne Rhim",
            "_comment": "💜💜💜💜",
            "_create_time": "2025-06-14T17:49:28",
            "_avatar": "https://p16-common-sign-va.tiktokcdn-us.com/tos-maliva-avt-0068/5ebfc5e48db9a37ef2e817b740b640ac~tplv-tiktokx-cropcenter:100:100.jpg?dr=9640&refresh_token=e2c46637&x-expires=1756281600&x-signature=5N0QQevWw92J%2FzWww12PsFXQSFg%3D&t=4d5b0474&ps=13740610&shp=30310797&shcp=ff37627b&idc=useast5",
            "_total_reply": 0,
            "_replies": []
        },
        {
            "_comment_id": "7516698259357860664",
            "_username": "alinnedesouza_",
            "_nickname": "Alinnedesouza",
            "_comment": "😍😍😍😍😍😍",
            "_create_time": "2025-06-17T00:48:28",
            "_avatar": "https://p16-common-sign-va.tiktokcdn-us.com/tos-maliva-avt-0068/f10bb507bd2aa2982e3f93582dd4ff11~tplv-tiktokx-cropcenter:100:100.jpg?dr=9640&refresh_token=93d2928a&x-expires=1756281600&x-signature=hQ%2Fh%2BrHbKmn%2FvnUdHeGNa6yyPPQ%3D&t=4d5b0474&ps=13740610&shp=30310797&shcp=ff37627b&idc=useast5",
            "_total_reply": 0,
            "_replies": []
        },
        {
            "_comment_id": "7516236771483616022",
            "_username": "queeniesss5789",
            "_nickname": "tasha",
            "_comment": "♥️",
            "_create_time": "2025-06-15T18:57:34",
            "_avatar": "https://p19-common-sign-useast2a.tiktokcdn-us.com/tos-useast2a-avt-0068-euttp/b050c287b2caa6d79e833351538d3e02~tplv-tiktokx-cropcenter:100:100.jpg?dr=9640&refresh_token=92c3bd27&x-expires=1756281600&x-signature=ZwQsWYJSri%2F%2B6dV75EHUVodwe9k%3D&t=4d5b0474&ps=13740610&shp=30310797&shcp=ff37627b&idc=useast5",
            "_total_reply": 0,
            "_replies": []
        },
        {
            "_comment_id": "7516393783370613534",
            "_username": "zeeriioo",
            "_nickname": "Ze ⟭⟬⁷⟢",
            "_comment": "😍😍",
            "_create_time": "2025-06-16T05:07:06",
            "_avatar": "https://p16-sign.tiktokcdn-us.com/tos-useast5-avt-0068-tx/434c2c5f8477534f4f9f770375e65141~tplv-tiktokx-cropcenter:100:100.jpg?dr=9640&refresh_token=881ae204&x-expires=1756281600&x-signature=sPHon%2Bz1FQP9wOJqvOx9K%2By4kUw%3D&t=4d5b0474&ps=13740610&shp=30310797&shcp=ff37627b&idc=useast5",
            "_total_reply": 0,
            "_replies": []
        },
        {
            "_comment_id": "7516799124345504525",
            "_username": "bianca_anahi99",
            "_nickname": "Mrs. Pecina | TEACHING 4ₜₕ🍎🤍",
            "_comment": "@Lancôme I messaged y’all! 🥹🩷",
            "_create_time": "2025-06-17T07:20:34",
            "_avatar": "https://p19-pu-sign-useast8.tiktokcdn-us.com/tos-useast5-avt-0068-tx/0dac0cef2794ddbaf03189443e585be2~tplv-tiktokx-cropcenter:100:100.jpg?dr=9640&refresh_token=14ff56ad&x-expires=1756281600&x-signature=Fw1K6ANaFIkq4zPbkOICEVp8t78%3D&t=4d5b0474&ps=13740610&shp=30310797&shcp=ff37627b&idc=useast5",
            "_total_reply": 0,
            "_replies": []
        },
        {
            "_comment_id": "7518234777888867127",
            "_username": "deniselegister77",
            "_nickname": "Denise legister",
            "_comment": "I really want to buy your skin tint and have placed it in my cart about 10 times. But I’m having a hard time figuring out what my color match is. How do I know whether I have yellow or peachy undertones? I can’t afford to buy multiples to try them out, so any advice or guidance you can give me I’d greatly appreciate!",
            "_create_time": "2025-06-21T04:11:04",
            "_avatar": "https://p19-pu-sign-useast8.tiktokcdn-us.com/tos-useast5-avt-0068-tx/a135d3c1bdd13724a9c70ef84b317dba~tplv-tiktokx-cropcenter:100:100.jpg?dr=9640&refresh_token=1a2c3204&x-expires=1756281600&x-signature=fdZ710WFvzIOQh3cMmxFxnkl6es%3D&t=4d5b0474&ps=13740610&shp=30310797&shcp=ff37627b&idc=useast5",
            "_total_reply": 0,
            "_replies": []
        }
    ],
    "total_comments": 33
}