{
    "original_url": "https://www.tiktok.com/@lancome.official/video/7516546257788079382",
    "video_id": "7516546257788079382",
    "description": "You hold the choice in your hands: #JoinTheRefillMovement with Lancôme Absolue✨ #Lancome #LancomeAbsolue #AbsolueLongevityTheSoftCream #Skincare #Refill #Sustainability ",
    "video_url": "https://m.tiktok.com/v/7516546257788079382.html?_d=0&comment_author_id=6741767238074450950&preview_pb=0&share_comment_id=7518479042531984158&share_item_id=7516546257788079382&sharer_language=en&source=h5_m&u_code=0",
    "tags": [
        "#JoinTheRefillMovement",
        "#Lancome",
        "#LancomeAbsolue",
        "#AbsolueLongevityTheSoftCream",
        "#Skincare",
        "#Refill",
        "#Sustainability"
    ],
    "comments": [
        {
            "_comment_id": "7518479042531984158",
            "_username": "vso.444",
            "_nickname": ":)",
            "_comment": "R u guys animal cruelty free ?",
            "_create_time": "2025-06-21T19:59:15",
            "_avatar": "https://p19-pu-sign-useast8.tiktokcdn-us.com/tos-useast5-avt-0068-tx/bdfd5f9d688c4d3cba93f03460d5685b~tplv-tiktokx-cropcenter:100:100.jpg?dr=9640&refresh_token=a09f5a89&x-expires=1756281600&x-signature=HhqLPjjgjx3JmHB7sge7MEPODwo%3D&t=4d5b0474&ps=13740610&shp=30310797&shcp=ff37627b&idc=useast5",
            "_total_reply": 0,
            "_replies": []
        },
        {
            "_comment_id": "7516547056334521110",
            "_username": "kateduffyxo",
            "_nickname": "kate 🍋",
            "_comment": "Where’s Olivia",
            "_create_time": "2025-06-16T15:01:47",
            "_avatar": "https://p16-common-sign-va.tiktokcdn-us.com/tos-maliva-avt-0068/0cf7e0ed6c3b22a253d95d64318bbb8d~tplv-tiktokx-cropcenter:100:100.jpg?dr=9640&refresh_token=4d76b754&x-expires=1756281600&x-signature=CVeX0saVeSVBq68AW%2BzCqJVIwpw%3D&t=4d5b0474&ps=13740610&shp=30310797&shcp=ff37627b&idc=useast5",
            "_total_reply": 1,
            "_replies": [
                {
                    "_comment_id": "7516582084182737686",
                    "_username": "lancome.official",
                    "_nickname": "Lancôme",
                    "_comment": "She’s always here 🤭",
                    "_create_time": "2025-06-16T17:17:34",
                    "_avatar": "https://p16-common-sign-va.tiktokcdn-us.com/tos-maliva-avt-0068/9424f6caa6a8781766ccf45ddf0a0a0d~tplv-tiktokx-cropcenter:100:100.jpg?dr=9640&refresh_token=2d0d7041&x-expires=1756281600&x-signature=6RRh0sV%2BMiFopbDnto6in1a21L8%3D&t=4d5b0474&ps=13740610&shp=30310797&shcp=ff37627b&idc=useast5",
                    "_total_reply": null,
                    "_replies": []
                }
            ]
        },
        {
            "_comment_id": "7520281360868459271",
            "_username": "jaberkhan33456",
            "_nickname": "Jaberkhan33456",
            "_comment": "Appreciate Your 🔥 Ok 💯",
            "_create_time": "2025-06-26T16:32:36",
            "_avatar": "https://p19-common-sign-useast2a.tiktokcdn-us.com/tos-useast2a-avt-0068-giso/de7c30f440850fcf2b87398f1fe88ca3~tplv-tiktokx-cropcenter:100:100.jpg?dr=9640&refresh_token=42eb964b&x-expires=1756281600&x-signature=NbJkNRN7knZ3VI3kTGaJ4xkNuLs%3D&t=4d5b0474&ps=13740610&shp=30310797&shcp=ff37627b&idc=useast5",
            "_total_reply": 0,
            "_replies": []
        },
        {
            "_comment_id": "7516683773389030186",
            "_username": "princessjasminealaddin17",
            "_nickname": "PrincessJasmine💙🧞‍♂️🕌",
            "_comment": "Early My favorite Lancome Skincare Perfume ✨️✨️✨️✨️✨️😍😍😍😍😍🥰🥰🥰🥰🥰❤️❤️❤️❤️❤️❣️❣️❣️❣️❣️",
            "_create_time": "2025-06-16T23:52:21",
            "_avatar": "https://p19-sign.tiktokcdn-us.com/tos-useast5-avt-0068-tx/7349155352849416235~tplv-tiktokx-cropcenter:100:100.jpg?dr=9640&refresh_token=53bc2fd0&x-expires=1756281600&x-signature=13Deh4pPvUDuqtrAEZHabrjOAos%3D&t=4d5b0474&ps=13740610&shp=30310797&shcp=ff37627b&idc=useast5",
            "_total_reply": 0,
            "_replies": []
        },
        {
            "_comment_id": "7516755842252718866",
            "_username": "urlocal_olivia",
            "_nickname": "allanericanolivia",
            "_comment": "Hi can u like my video🥰",
            "_create_time": "2025-06-17T04:31:52",
            "_avatar": "https://p16-common-sign-sg.tiktokcdn-us.com/tos-alisg-avt-0068/a17ae061f575d121e5d259334bab0b1c~tplv-tiktokx-cropcenter:100:100.jpg?dr=9640&refresh_token=c38d5ae6&x-expires=1756281600&x-signature=gu%2BTqppx7Us762f%2B08Ni5cyeJ0E%3D&t=4d5b0474&ps=13740610&shp=30310797&shcp=ff37627b&idc=useast5",
            "_total_reply": 0,
            "_replies": []
        },
        {
            "_comment_id": "7517675266769568567",
            "_username": "alivya_liv2",
            "_nickname": "Liv :3",
            "_comment": "Obsessed 💕✨",
            "_create_time": "2025-06-19T15:59:57",
            "_avatar": "https://p16-sign.tiktokcdn-us.com/tos-useast5-avt-0068-tx/d7e5c0b06e227342fe4cdbd234bb08a6~tplv-tiktokx-cropcenter:100:100.jpg?dr=9640&refresh_token=43ad0046&x-expires=1756281600&x-signature=D9M3lZmq1NdI6ep4uV3rWGiOgaM%3D&t=4d5b0474&ps=13740610&shp=30310797&shcp=ff37627b&idc=useast5",
            "_total_reply": 2,
            "_replies": [
                {
                    "_comment_id": "7518063017469526806",
                    "_username": "lancome.official",
                    "_nickname": "Lancôme",
                    "_comment": "So happy to hear 💖",
                    "_create_time": "2025-06-20T17:04:22",
                    "_avatar": "https://p16-common-sign-va.tiktokcdn-us.com/tos-maliva-avt-0068/9424f6caa6a8781766ccf45ddf0a0a0d~tplv-tiktokx-cropcenter:100:100.jpg?dr=9640&refresh_token=2d0d7041&x-expires=1756281600&x-signature=6RRh0sV%2BMiFopbDnto6in1a21L8%3D&t=4d5b0474&ps=13740610&shp=30310797&shcp=ff37627b&idc=useast5",
                    "_total_reply": null,
                    "_replies": []
                },
                {
                    "_comment_id": "7518114138049069837",
                    "_username": "alivya_liv2",
                    "_nickname": "Liv :3",
                    "_comment": "OMG I LOVE YOU GUYS!!! If you ever need a girl to promo anything I’m so down! 💕",
                    "_create_time": "2025-06-20T20:22:50",
                    "_avatar": "https://p16-sign.tiktokcdn-us.com/tos-useast5-avt-0068-tx/d7e5c0b06e227342fe4cdbd234bb08a6~tplv-tiktokx-cropcenter:100:100.jpg?dr=9640&refresh_token=43ad0046&x-expires=1756281600&x-signature=D9M3lZmq1NdI6ep4uV3rWGiOgaM%3D&t=4d5b0474&ps=13740610&shp=30310797&shcp=ff37627b&idc=useast5",
                    "_total_reply": null,
                    "_replies": []
                }
            ]
        },
        {
            "_comment_id": "7516629111865770774",
            "_username": "mitchthemommy",
            "_nickname": "Michelle Lynch",
            "_comment": "need",
            "_create_time": "2025-06-16T20:20:07",
            "_avatar": "https://p16-common-sign-useast2a.tiktokcdn-us.com/tos-useast2a-avt-0068-euttp/6920f07878d573199beb7ecf33571583~tplv-tiktokx-cropcenter:100:100.jpg?dr=9640&refresh_token=f935d486&x-expires=1756281600&x-signature=MmR0vJ3LEheUoxoFQWPFNfpa29U%3D&t=4d5b0474&ps=13740610&shp=30310797&shcp=ff37627b&idc=useast5",
            "_total_reply": 2,
            "_replies": [
                {
                    "_comment_id": "7516942903898473238",
                    "_username": "lancome.official",
                    "_nickname": "Lancôme",
                    "_comment": "This is your sign 😉✨",
                    "_create_time": "2025-06-17T16:37:44",
                    "_avatar": "https://p16-common-sign-va.tiktokcdn-us.com/tos-maliva-avt-0068/9424f6caa6a8781766ccf45ddf0a0a0d~tplv-tiktokx-cropcenter:100:100.jpg?dr=9640&refresh_token=2d0d7041&x-expires=1756281600&x-signature=6RRh0sV%2BMiFopbDnto6in1a21L8%3D&t=4d5b0474&ps=13740610&shp=30310797&shcp=ff37627b&idc=useast5",
                    "_total_reply": null,
                    "_replies": []
                },
                {
                    "_comment_id": "7516954346099622678",
                    "_username": "mitchthemommy",
                    "_nickname": "Michelle Lynch",
                    "_comment": "🙌",
                    "_create_time": "2025-06-17T17:22:17",
                    "_avatar": "https://p19-common-sign-useast2a.tiktokcdn-us.com/tos-useast2a-avt-0068-euttp/6920f07878d573199beb7ecf33571583~tplv-tiktokx-cropcenter:100:100.jpg?dr=9640&refresh_token=c7aadb2f&x-expires=1756281600&x-signature=mCF9GFcbFs8%2Byc6EXqQSF5awpcI%3D&t=4d5b0474&ps=13740610&shp=30310797&shcp=ff37627b&idc=useast5",
                    "_total_reply": null,
                    "_replies": []
                }
            ]
        },
        {
            "_comment_id": "7516696850973033229",
            "_username": "yaninnr",
            "_nickname": "yanin*♡",
            "_comment": "The packaging is everything😍😍",
            "_create_time": "2025-06-17T00:43:11",
            "_avatar": "https://p16-pu-sign-useast8.tiktokcdn-us.com/tos-useast5-avt-0068-tx/2e4667727cb11667b8260c5f3369cd0e~tplv-tiktokx-cropcenter:100:100.jpg?dr=9640&refresh_token=5ca5295e&x-expires=1756281600&x-signature=94VhD7XboZMjgjW43x8N2cZlmUY%3D&t=4d5b0474&ps=13740610&shp=30310797&shcp=ff37627b&idc=useast5",
            "_total_reply": 1,
            "_replies": [
                {
                    "_comment_id": "7516942913496187670",
                    "_username": "lancome.official",
                    "_nickname": "Lancôme",
                    "_comment": "Doesn’t it give luxe ✨",
                    "_create_time": "2025-06-17T16:37:53",
                    "_avatar": "https://p16-common-sign-va.tiktokcdn-us.com/tos-maliva-avt-0068/9424f6caa6a8781766ccf45ddf0a0a0d~tplv-tiktokx-cropcenter:100:100.jpg?dr=9640&refresh_token=2d0d7041&x-expires=1756281600&x-signature=6RRh0sV%2BMiFopbDnto6in1a21L8%3D&t=4d5b0474&ps=13740610&shp=30310797&shcp=ff37627b&idc=useast5",
                    "_total_reply": null,
                    "_replies": []
                }
            ]
        },
        {
            "_comment_id": "7516695189240972033",
            "_username": "rens.39_livis",
            "_nickname": "Renataaa🌟",
            "_comment": "Amaizing 💜🤩",
            "_create_time": "2025-06-17T00:37:07",
            "_avatar": "https://p16-common-sign-sg.tiktokcdn-us.com/tos-alisg-avt-0068/a74a9843f66cdc0757298e38f8d965a0~tplv-tiktokx-cropcenter:100:100.jpg?dr=9640&refresh_token=93c734d0&x-expires=1756281600&x-signature=tw8z8Ll9uKa3fEPul0xB3oO41k8%3D&t=4d5b0474&ps=13740610&shp=30310797&shcp=ff37627b&idc=useast5",
            "_total_reply": 0,
            "_replies": []
        },
        {
            "_comment_id": "7516920461802046222",
            "_username": "consistentlya",
            "_nickname": "Consistently A",
            "_comment": "Lancôme will always be that girl!! 🔥",
            "_create_time": "2025-06-17T15:11:12",
            "_avatar": "https://p19-pu-sign-useast8.tiktokcdn-us.com/tos-useast5-avt-0068-tx/3af1726cb8b4426cba411a2d9d53e4d3~tplv-tiktokx-cropcenter:100:100.jpg?dr=9640&refresh_token=9b1e088d&x-expires=1756281600&x-signature=pDFajB4YyKqrDPvfRS8j965pyxQ%3D&t=4d5b0474&ps=13740610&shp=30310797&shcp=ff37627b&idc=useast5",
            "_total_reply": 1,
            "_replies": [
                {
                    "_comment_id": "7516855428165272352",
                    "_username": "lancome.official",
                    "_nickname": "Lancôme",
                    "_comment": "You could say that again 🤭❤️",
                    "_create_time": "2025-06-17T15:23:07",
                    "_avatar": "https://p16-common-sign-va.tiktokcdn-us.com/tos-maliva-avt-0068/9424f6caa6a8781766ccf45ddf0a0a0d~tplv-tiktokx-cropcenter:100:100.jpg?dr=9640&refresh_token=2d0d7041&x-expires=1756281600&x-signature=6RRh0sV%2BMiFopbDnto6in1a21L8%3D&t=4d5b0474&ps=13740610&shp=30310797&shcp=ff37627b&idc=useast5",
                    "_total_reply": null,
                    "_replies": []
                }
            ]
        },
        {
            "_comment_id": "7516774519123411743",
            "_username": "rachxbeauty",
            "_nickname": "Rachel K🪐",
            "_comment": "I love all of your products!!! I use at least 2 in my daily routine. Finally found a brand that works well for my skin!! Thank you ❤️",
            "_create_time": "2025-06-17T05:44:46",
            "_avatar": "https://p19-sign.tiktokcdn-us.com/tos-useast5-avt-0068-tx/f7d28af43f70e54e14aeff57ea3c93f3~tplv-tiktokx-cropcenter:100:100.jpg?dr=9640&refresh_token=3884d734&x-expires=1756281600&x-signature=uJ0LD73en7d6w55%2FmKw%2Bf%2FWSFHc%3D&t=4d5b0474&ps=13740610&shp=30310797&shcp=ff37627b&idc=useast5",
            "_total_reply": 2,
            "_replies": [
                {
                    "_comment_id": "7516943010802696982",
                    "_username": "lancome.official",
                    "_nickname": "Lancôme",
                    "_comment": "This makes us smile 🥹💖",
                    "_create_time": "2025-06-17T16:38:07",
                    "_avatar": "https://p16-common-sign-va.tiktokcdn-us.com/tos-maliva-avt-0068/9424f6caa6a8781766ccf45ddf0a0a0d~tplv-tiktokx-cropcenter:100:100.jpg?dr=9640&refresh_token=2d0d7041&x-expires=1756281600&x-signature=6RRh0sV%2BMiFopbDnto6in1a21L8%3D&t=4d5b0474&ps=13740610&shp=30310797&shcp=ff37627b&idc=useast5",
                    "_total_reply": null,
                    "_replies": []
                },
                {
                    "_comment_id": "7516946073627067150",
                    "_username": "rachxbeauty",
                    "_nickname": "Rachel K🪐",
                    "_comment": "Seriously my favorite brand!!! ❤️",
                    "_create_time": "2025-06-17T16:50:26",
                    "_avatar": "https://p19-sign.tiktokcdn-us.com/tos-useast5-avt-0068-tx/f7d28af43f70e54e14aeff57ea3c93f3~tplv-tiktokx-cropcenter:100:100.jpg?dr=9640&refresh_token=3884d734&x-expires=1756281600&x-signature=uJ0LD73en7d6w55%2FmKw%2Bf%2FWSFHc%3D&t=4d5b0474&ps=13740610&shp=30310797&shcp=ff37627b&idc=useast5",
                    "_total_reply": null,
                    "_replies": []
                }
            ]
        },
        {
            "_comment_id": "7521961130995991352",
            "_username": "cuca8793",
            "_nickname": "Monica GG (Dolci Greco)",
            "_comment": "Soft petals and radiant skin 🌷 Thank you Lancôme for your luxurious touch. From Costa Rica, this is Dolci Greco living. Pura Vida, let’s do magic together 🌞",
            "_create_time": "2025-07-01T05:11:13",
            "_avatar": "https://p16-common-sign-va.tiktokcdn-us.com/tos-maliva-avt-0068/7c3fae2d8a854c73798ce7408362ff6c~tplv-tiktokx-cropcenter:100:100.jpg?dr=9640&refresh_token=21fa6418&x-expires=1756281600&x-signature=QQ%2FRZHtv%2FNgbP0eiJqDjolDgqqw%3D&t=4d5b0474&ps=13740610&shp=30310797&shcp=ff37627b&idc=useast5",
            "_total_reply": 0,
            "_replies": []
        },
        {
            "_comment_id": "7516547097333613334",
            "_username": "_sofiiiia__a",
            "_nickname": "️sofia",
            "_comment": "2ndddd",
            "_create_time": "2025-06-16T15:01:51",
            "_avatar": "https://p16-common-sign-va.tiktokcdn-us.com/tos-maliva-avt-0068/99b0725132dcfee33ffee769e8be3a72~tplv-tiktokx-cropcenter:100:100.jpg?dr=9640&refresh_token=8442a649&x-expires=1756281600&x-signature=geHkLOjNDUob1lCY1Ruf9l5S7FA%3D&t=4d5b0474&ps=13740610&shp=30310797&shcp=ff37627b&idc=useast5",
            "_total_reply": 0,
            "_replies": []
        },
        {
            "_comment_id": "7516563744698155794",
            "_username": "justcallmekate22",
            "_nickname": "Katherine Caldeira",
            "_comment": "@Lancôme May you say hi to Ed Westwick for me?🥹🥹🥹🥹🥹",
            "_create_time": "2025-06-16T16:06:21",
            "_avatar": "https://p16-common-sign-sg.tiktokcdn-us.com/tos-alisg-avt-0068/23698f1b6483e49823ad95d4ea46c535~tplv-tiktokx-cropcenter:100:100.jpg?dr=9640&refresh_token=4d094854&x-expires=1756281600&x-signature=BcEJun1KawLKh5lhoROSzkIEjL8%3D&t=4d5b0474&ps=13740610&shp=30310797&shcp=ff37627b&idc=useast5",
            "_total_reply": 1,
            "_replies": [
                {
                    "_comment_id": "7516582104207459095",
                    "_username": "lancome.official",
                    "_nickname": "Lancôme",
                    "_comment": "Of course we can ✨",
                    "_create_time": "2025-06-16T17:17:43",
                    "_avatar": "https://p16-common-sign-va.tiktokcdn-us.com/tos-maliva-avt-0068/9424f6caa6a8781766ccf45ddf0a0a0d~tplv-tiktokx-cropcenter:100:100.jpg?dr=9640&refresh_token=2d0d7041&x-expires=1756281600&x-signature=6RRh0sV%2BMiFopbDnto6in1a21L8%3D&t=4d5b0474&ps=13740610&shp=30310797&shcp=ff37627b&idc=useast5",
                    "_total_reply": null,
                    "_replies": []
                }
            ]
        },
        {
            "_comment_id": "7516635144940716823",
            "_username": "sea2108",
            "_nickname": "SEA💙",
            "_comment": "🥰🥰",
            "_create_time": "2025-06-16T20:43:32",
            "_avatar": "https://p16-common-sign-va.tiktokcdn-us.com/tos-maliva-avt-0068/6c71247e7bcad0691e887682a51ca050~tplv-tiktokx-cropcenter:100:100.jpg?dr=9640&refresh_token=4e7f8602&x-expires=1756281600&x-signature=WM35W%2FMsfih2WU9%2FziHhPMXipe4%3D&t=4d5b0474&ps=13740610&shp=30310797&shcp=ff37627b&idc=useast5",
            "_total_reply": 0,
            "_replies": []
        },
        {
            "_comment_id": "7516614026564469509",
            "_username": "barbiegurl437",
            "_nickname": "𝕨𝕖 𝕝𝕠𝕧𝕖 𝕙𝕖𝕣 💜",
            "_comment": "go @Lancôme you are the one for us 🌷🌷🌷🌷",
            "_create_time": "2025-06-16T19:21:36",
            "_avatar": "https://p16-common-sign-va.tiktokcdn-us.com/tos-maliva-avt-0068/8eeef25792f871790046ca4c351c1891~tplv-tiktokx-cropcenter:100:100.jpg?dr=9640&refresh_token=373ba890&x-expires=1756281600&x-signature=WaaIA5qwbJC%2FszCTytuGIBFSc2Q%3D&t=4d5b0474&ps=13740610&shp=30310797&shcp=ff37627b&idc=useast5",
            "_total_reply": 0,
            "_replies": []
        },
        {
            "_comment_id": "7516551654973899542",
            "_username": "queeniesss5789",
            "_nickname": "tasha",
            "_comment": "♥️",
            "_create_time": "2025-06-16T15:19:38",
            "_avatar": "https://p16-common-sign-useast2a.tiktokcdn-us.com/tos-useast2a-avt-0068-euttp/b050c287b2caa6d79e833351538d3e02~tplv-tiktokx-cropcenter:100:100.jpg?dr=9640&refresh_token=c7834557&x-expires=1756281600&x-signature=pr8dXrxMhwEUBehYqILK6mo3Z7I%3D&t=4d5b0474&ps=13740610&shp=30310797&shcp=ff37627b&idc=useast5",
            "_total_reply": 0,
            "_replies": []
        },
        {
            "_comment_id": "7516747857027711766",
            "_username": "veroat87",
            "_nickname": "VeroAt",
            "_comment": "😍😍😍😍😍",
            "_create_time": "2025-06-17T04:02:33",
            "_avatar": "https://p16-common-sign-va.tiktokcdn-us.com/tos-maliva-avt-0068/ac0da8fdf1e1f20add92437e4895e5ee~tplv-tiktokx-cropcenter:100:100.jpg?dr=9640&refresh_token=ccff9829&x-expires=1756281600&x-signature=TB2cKExGD5eL7xvQXgx85GlXvJs%3D&t=4d5b0474&ps=13740610&shp=30310797&shcp=ff37627b&idc=useast5",
            "_total_reply": 0,
            "_replies": []
        },
        {
            "_comment_id": "7516748145259250454",
            "_username": "veroat87",
            "_nickname": "VeroAt",
            "_comment": "✨✨✨✨✨",
            "_create_time": "2025-06-17T04:02:43",
            "_avatar": "https://p16-common-sign-va.tiktokcdn-us.com/tos-maliva-avt-0068/ac0da8fdf1e1f20add92437e4895e5ee~tplv-tiktokx-cropcenter:100:100.jpg?dr=9640&refresh_token=ccff9829&x-expires=1756281600&x-signature=TB2cKExGD5eL7xvQXgx85GlXvJs%3D&t=4d5b0474&ps=13740610&shp=30310797&shcp=ff37627b&idc=useast5",
            "_total_reply": 0,
            "_replies": []
        },
        {
            "_comment_id": "7519266983306560278",
            "_username": "ellestrick",
            "_nickname": "ellestrick",
            "_comment": "🙌🏻🙌🏻",
            "_create_time": "2025-06-23T22:56:28",
            "_avatar": "https://p16-common-sign-va.tiktokcdn-us.com/tos-maliva-avt-0068/7324805628214378501~tplv-tiktokx-cropcenter:100:100.jpg?dr=9640&refresh_token=08b6f447&x-expires=1756281600&x-signature=YJkRzOR75PpT3%2FHpGgjv7zBwT%2B8%3D&t=4d5b0474&ps=13740610&shp=30310797&shcp=ff37627b&idc=useast5",
            "_total_reply": 0,
            "_replies": []
        },
        {
            "_comment_id": "7522119392731333382",
            "_username": "agatha.garcias",
            "_nickname": "Agatha 🎀",
            "_comment": "❤️",
            "_create_time": "2025-07-01T15:25:15",
            "_avatar": "https://p16-common-sign-sg.tiktokcdn-us.com/tos-alisg-avt-0068/941043e5822d8551a4f31adfcf73162e~tplv-tiktokx-cropcenter:100:100.jpg?dr=9640&refresh_token=3b3398e0&x-expires=1756281600&x-signature=liGvrurS8escJLzuY5JE%2FGpGwUw%3D&t=4d5b0474&ps=13740610&shp=30310797&shcp=ff37627b&idc=useast5",
            "_total_reply": 0,
            "_replies": []
        },
        {
            "_comment_id": "7520336888591369016",
            "_username": "ronazulfiuoffical2",
            "_nickname": "🖤🌑🪐",
            "_comment": "💖💖💖",
            "_create_time": "2025-06-26T20:08:05",
            "_avatar": "https://p16-common-sign-va.tiktokcdn-us.com/tos-maliva-avt-0068/e05cced4ce6c83d7318e603d762d7df2~tplv-tiktokx-cropcenter:100:100.jpg?dr=9640&refresh_token=1e3c7a42&x-expires=1756281600&x-signature=WjFqvsKoXBN3gIF0OFuBCyDG7dQ%3D&t=4d5b0474&ps=13740610&shp=30310797&shcp=ff37627b&idc=useast5",
            "_total_reply": 0,
            "_replies": []
        },
        {
            "_comment_id": "7539326286990050079",
            "_username": "hongkongadrian",
            "_nickname": "HongKong",
            "_comment": "♥️♥️♥️",
            "_create_time": "2025-08-17T00:16:51",
            "_avatar": "https://p16-sign.tiktokcdn-us.com/tos-useast5-avt-0068-tx/7367168276750663726~tplv-tiktokx-cropcenter:100:100.jpg?dr=9640&refresh_token=d8acfc69&x-expires=1756281600&x-signature=LNifRxN%2FEe4Pvk7u0zmPDIrQt1M%3D&t=4d5b0474&ps=13740610&shp=30310797&shcp=ff37627b&idc=useast5",
            "_total_reply": 0,
            "_replies": []
        },
        {
            "_comment_id": "7516581533080716054",
            "_username": "furniturevillagefan",
            "_nickname": "FurnitureVillagefan",
            "_comment": "Hi @Lancôme please could you leave a comment on my video about how many brands can comment on my video! 💝",
            "_create_time": "2025-06-16T17:15:27",
            "_avatar": "https://p19-common-sign-va.tiktokcdn-us.com/tos-maliva-avt-0068/3fe0b398ea778a4128688ef538993d43~tplv-tiktokx-cropcenter:100:100.jpg?dr=9640&refresh_token=74f3a980&x-expires=1756281600&x-signature=0zIrp9Er1ec%2BOPRVQUS4rB8Kwas%3D&t=4d5b0474&ps=13740610&shp=30310797&shcp=ff37627b&idc=useast5",
            "_total_reply": 0,
            "_replies": []
        },
        {
            "_comment_id": "7516799049060680503",
            "_username": "bianca_anahi99",
            "_nickname": "Mrs. Pecina | TEACHING 4ₜₕ🍎🤍",
            "_comment": "@Lancôme I messaged y’all! 🥹🩷",
            "_create_time": "2025-06-17T07:19:57",
            "_avatar": "https://p19-pu-sign-useast8.tiktokcdn-us.com/tos-useast5-avt-0068-tx/0dac0cef2794ddbaf03189443e585be2~tplv-tiktokx-cropcenter:100:100.jpg?dr=9640&refresh_token=14ff56ad&x-expires=1756281600&x-signature=Fw1K6ANaFIkq4zPbkOICEVp8t78%3D&t=4d5b0474&ps=13740610&shp=30310797&shcp=ff37627b&idc=useast5",
            "_total_reply": 0,
            "_replies": []
        },
        {
            "_comment_id": "7516547007776015126",
            "_username": "kateduffyxo",
            "_nickname": "kate 🍋",
            "_comment": "Skibidi toilet rizz",
            "_create_time": "2025-06-16T15:01:29",
            "_avatar": "https://p16-common-sign-va.tiktokcdn-us.com/tos-maliva-avt-0068/0cf7e0ed6c3b22a253d95d64318bbb8d~tplv-tiktokx-cropcenter:100:100.jpg?dr=9640&refresh_token=4d76b754&x-expires=1756281600&x-signature=CVeX0saVeSVBq68AW%2BzCqJVIwpw%3D&t=4d5b0474&ps=13740610&shp=30310797&shcp=ff37627b&idc=useast5",
            "_total_reply": 0,
            "_replies": []
        },
        {
            "_comment_id": "7517646805887615800",
            "_username": "naoeharaika",
            "_nickname": "𝒫𝑜𝑟𝑡𝑒𝑙𝑎",
            "_comment": "I'm only here because I saw the ad for @Camila Pudim SHE ROCKS!!!",
            "_create_time": "2025-06-19T14:09:14",
            "_avatar": "https://p16-common-sign-va.tiktokcdn-us.com/tos-maliva-avt-0068/0f32d65475558dd1494345ff2c79fa01~tplv-tiktokx-cropcenter:100:100.jpg?dr=9640&refresh_token=d140d175&x-expires=1756281600&x-signature=APniAg%2FT%2BDONWzMZmsrCoJn9cG0%3D&t=4d5b0474&ps=13740610&shp=30310797&shcp=ff37627b&idc=useast5",
            "_total_reply": 0,
            "_replies": []
        }
    ],
    "total_comments": 27
}