{
    "original_url": "https://www.tiktok.com/@lancome.official/video/7516444951090105622",
    "video_id": "7516444951090105622",
    "description": "Nothing sweeter than a refillable signature fragrance💖 Lancôme lovers, #JoinTheRefillMovement! #Lancome #Lavieestbelle #LavieestbelleLElixir #Fragrance #Refill #Sustainability ",
    "video_url": "https://m.tiktok.com/v/7516444951090105622.html?_d=0&comment_author_id=6741767238074450950&preview_pb=0&share_comment_id=7518479129512887070&share_item_id=7516444951090105622&sharer_language=en&source=h5_m&u_code=0",
    "tags": [
        "#JoinTheRefillMovement!",
        "#Lancome",
        "#Lavieestbelle",
        "#LavieestbelleLElixir",
        "#Fragrance",
        "#Refill",
        "#Sustainability"
    ],
    "comments": [
        {
            "_comment_id": "7518479129512887070",
            "_username": "vso.444",
            "_nickname": ":)",
            "_comment": "R u guys animal cruelty free ?",
            "_create_time": "2025-06-21T19:59:19",
            "_avatar": "https://p19-pu-sign-useast8.tiktokcdn-us.com/tos-useast5-avt-0068-tx/bdfd5f9d688c4d3cba93f03460d5685b~tplv-tiktokx-cropcenter:100:100.jpg?dr=9640&refresh_token=a09f5a89&x-expires=1756281600&x-signature=HhqLPjjgjx3JmHB7sge7MEPODwo%3D&t=4d5b0474&ps=13740610&shp=30310797&shcp=ff37627b&idc=useast5",
            "_total_reply": 0,
            "_replies": []
        },
        {
            "_comment_id": "7518226109151544069",
            "_username": "olvia.rodrigo6",
            "_nickname": "Olívia Rodrigo 😍",
            "_comment": "AND OLIVIA RODRIGO LAMCÔME?!?!?!?!?! @Lancôme",
            "_create_time": "2025-06-21T03:37:21",
            "_avatar": "https://p16-common-sign-va.tiktokcdn-us.com/tos-maliva-avt-0068/7a2e826ac3b7c5f250aec02c59e19b46~tplv-tiktokx-cropcenter:100:100.jpg?dr=9640&refresh_token=a67bb4e0&x-expires=1756281600&x-signature=fUmDsb5NdRvRfY6Tn7v8Sq4r294%3D&t=4d5b0474&ps=13740610&shp=30310797&shcp=ff37627b&idc=useast5",
            "_total_reply": 0,
            "_replies": []
        },
        {
            "_comment_id": "7523191510062777095",
            "_username": "jaberkhan33456",
            "_nickname": "Jaberkhan33456",
            "_comment": "Absolutely 💯💯💯",
            "_create_time": "2025-07-04T12:45:27",
            "_avatar": "https://p16-common-sign-useast2a.tiktokcdn-us.com/tos-useast2a-avt-0068-giso/de7c30f440850fcf2b87398f1fe88ca3~tplv-tiktokx-cropcenter:100:100.jpg?dr=9640&refresh_token=b4b3d3e2&x-expires=1756281600&x-signature=PK1JUj1ghjwTyMO0S5BKpslQtZE%3D&t=4d5b0474&ps=13740610&shp=30310797&shcp=ff37627b&idc=useast5",
            "_total_reply": 0,
            "_replies": []
        },
        {
            "_comment_id": "7516445560104338198",
            "_username": "vasss1ss",
            "_nickname": "vas_🧚🏼‍♀️",
            "_comment": "EYYY ICONIC😋",
            "_create_time": "2025-06-16T08:28:04",
            "_avatar": "https://p16-common-sign-va.tiktokcdn-us.com/tos-maliva-avt-0068/d4fbff9a39ce317da90a133d7fc147bf~tplv-tiktokx-cropcenter:100:100.jpg?dr=9640&refresh_token=bad7228d&x-expires=1756281600&x-signature=B0pJPsS17y4KVmkqs6FieNqZ4VA%3D&t=4d5b0474&ps=13740610&shp=30310797&shcp=ff37627b&idc=useast5",
            "_total_reply": 1,
            "_replies": [
                {
                    "_comment_id": "7516582619770831638",
                    "_username": "lancome.official",
                    "_nickname": "Lancôme",
                    "_comment": "Very iconic ☺️",
                    "_create_time": "2025-06-16T17:19:44",
                    "_avatar": "https://p16-common-sign-va.tiktokcdn-us.com/tos-maliva-avt-0068/9424f6caa6a8781766ccf45ddf0a0a0d~tplv-tiktokx-cropcenter:100:100.jpg?dr=9640&refresh_token=2d0d7041&x-expires=1756281600&x-signature=6RRh0sV%2BMiFopbDnto6in1a21L8%3D&t=4d5b0474&ps=13740610&shp=30310797&shcp=ff37627b&idc=useast5",
                    "_total_reply": null,
                    "_replies": []
                }
            ]
        },
        {
            "_comment_id": "7516635223401612074",
            "_username": "mixx_chelle",
            "_nickname": "shellybellbaby",
            "_comment": "Yes to refills!",
            "_create_time": "2025-06-16T20:43:53",
            "_avatar": "https://p19-pu-sign-useast8.tiktokcdn-us.com/tos-useast5-avt-0068-tx/ec2439f21f12f6629444af4bd7d15282~tplv-tiktokx-cropcenter:100:100.jpg?dr=9640&refresh_token=27eeb1bb&x-expires=1756281600&x-signature=G5ls41F4FxFgLrPrmPDRQE1Bq20%3D&t=4d5b0474&ps=13740610&shp=30310797&shcp=ff37627b&idc=useast5",
            "_total_reply": 1,
            "_replies": [
                {
                    "_comment_id": "7516943224692704022",
                    "_username": "lancome.official",
                    "_nickname": "Lancôme",
                    "_comment": "Yes yes yes 💖",
                    "_create_time": "2025-06-17T16:39:06",
                    "_avatar": "https://p16-common-sign-va.tiktokcdn-us.com/tos-maliva-avt-0068/9424f6caa6a8781766ccf45ddf0a0a0d~tplv-tiktokx-cropcenter:100:100.jpg?dr=9640&refresh_token=2d0d7041&x-expires=1756281600&x-signature=6RRh0sV%2BMiFopbDnto6in1a21L8%3D&t=4d5b0474&ps=13740610&shp=30310797&shcp=ff37627b&idc=useast5",
                    "_total_reply": null,
                    "_replies": []
                }
            ]
        },
        {
            "_comment_id": "7516483755612177174",
            "_username": "ginte1990",
            "_nickname": "Gintare2004 🍓",
            "_comment": "Love 💕",
            "_create_time": "2025-06-16T10:56:03",
            "_avatar": "https://p16-common-sign-useast2a.tiktokcdn-us.com/tos-useast2a-avt-0068-euttp/033f760a6798505855d5f7bc59afc238~tplv-tiktokx-cropcenter:100:100.jpg?dr=9640&refresh_token=37e170d8&x-expires=1756281600&x-signature=YLFG5GlnBQcWPAt6QRWNNcLRFyI%3D&t=4d5b0474&ps=13740610&shp=30310797&shcp=ff37627b&idc=useast5",
            "_total_reply": 1,
            "_replies": [
                {
                    "_comment_id": "7516582589454566166",
                    "_username": "lancome.official",
                    "_nickname": "Lancôme",
                    "_comment": "You and us both ✨",
                    "_create_time": "2025-06-16T17:19:39",
                    "_avatar": "https://p16-common-sign-va.tiktokcdn-us.com/tos-maliva-avt-0068/9424f6caa6a8781766ccf45ddf0a0a0d~tplv-tiktokx-cropcenter:100:100.jpg?dr=9640&refresh_token=2d0d7041&x-expires=1756281600&x-signature=6RRh0sV%2BMiFopbDnto6in1a21L8%3D&t=4d5b0474&ps=13740610&shp=30310797&shcp=ff37627b&idc=useast5",
                    "_total_reply": null,
                    "_replies": []
                }
            ]
        },
        {
            "_comment_id": "7531406276795482911",
            "_username": "angela.lomax",
            "_nickname": "Angela Lomax 47",
            "_comment": "sample please ♥️",
            "_create_time": "2025-07-26T16:03:13",
            "_avatar": "https://p16-pu-sign-useast8.tiktokcdn-us.com/tos-useast5-avt-0068-tx/7359621827800334378~tplv-tiktokx-cropcenter:100:100.jpg?dr=9640&refresh_token=9a9f7077&x-expires=1756281600&x-signature=hLDho4OscNrFU%2B%2B6RbR3i2FyNss%3D&t=4d5b0474&ps=13740610&shp=30310797&shcp=ff37627b&idc=useast5",
            "_total_reply": 0,
            "_replies": []
        },
        {
            "_comment_id": "7516681095208649490",
            "_username": "olivia.rodrigo.fa417",
            "_nickname": "ELIAS|I LOVE IRON MAN 3 M UCM⎊",
            "_comment": "I'm going to run to buy it!!!",
            "_create_time": "2025-06-16T23:42:08",
            "_avatar": "https://p16-common-sign-sg.tiktokcdn-us.com/tos-alisg-avt-0068/77b0e334830c8cec348a37bb23779ff1~tplv-tiktokx-cropcenter:100:100.jpg?dr=9640&refresh_token=45675afa&x-expires=1756281600&x-signature=U8C4KUF%2FhqLdvQR4zxIEGlGRe%2B0%3D&t=4d5b0474&ps=13740610&shp=30310797&shcp=ff37627b&idc=useast5",
            "_total_reply": 1,
            "_replies": [
                {
                    "_comment_id": "7516943128722408214",
                    "_username": "lancome.official",
                    "_nickname": "Lancôme",
                    "_comment": "You won’t regret it 🤭",
                    "_create_time": "2025-06-17T16:38:41",
                    "_avatar": "https://p16-common-sign-va.tiktokcdn-us.com/tos-maliva-avt-0068/9424f6caa6a8781766ccf45ddf0a0a0d~tplv-tiktokx-cropcenter:100:100.jpg?dr=9640&refresh_token=2d0d7041&x-expires=1756281600&x-signature=6RRh0sV%2BMiFopbDnto6in1a21L8%3D&t=4d5b0474&ps=13740610&shp=30310797&shcp=ff37627b&idc=useast5",
                    "_total_reply": null,
                    "_replies": []
                }
            ]
        },
        {
            "_comment_id": "7517083364399579917",
            "_username": "diamondrose547",
            "_nickname": "Diamondrose54",
            "_comment": "obsessed",
            "_create_time": "2025-06-18T01:42:52",
            "_avatar": "https://p16-pu-sign-useast8.tiktokcdn-us.com/tos-useast5-avt-0068-tx/419fb241e7825ce9d5b7ecc1e0d9d2fe~tplv-tiktokx-cropcenter:100:100.jpg?dr=9640&refresh_token=553b62d6&x-expires=1756281600&x-signature=WNMnsqbZs%2BZrN3pMgOBO1Rr%2B5NM%3D&t=4d5b0474&ps=13740610&shp=30310797&shcp=ff37627b&idc=useast5",
            "_total_reply": 1,
            "_replies": [
                {
                    "_comment_id": "7518063143882720022",
                    "_username": "lancome.official",
                    "_nickname": "Lancôme",
                    "_comment": "You and us both 💖",
                    "_create_time": "2025-06-20T17:04:58",
                    "_avatar": "https://p19-common-sign-va.tiktokcdn-us.com/tos-maliva-avt-0068/9424f6caa6a8781766ccf45ddf0a0a0d~tplv-tiktokx-cropcenter:100:100.jpg?dr=9640&refresh_token=4e732867&x-expires=1756281600&x-signature=5PN4EHVgtRvUll6IF2OIT9lcCWk%3D&t=4d5b0474&ps=13740610&shp=30310797&shcp=ff37627b&idc=useast5",
                    "_total_reply": null,
                    "_replies": []
                }
            ]
        },
        {
            "_comment_id": "7517888441922372383",
            "_username": "sharon_l274",
            "_nickname": "Sharon",
            "_comment": "Sample",
            "_create_time": "2025-06-20T05:47:12",
            "_avatar": "https://p16-pu-sign-useast8.tiktokcdn-us.com/tos-useast8-avt-0068-tx2/fb41fdfcce5d88724af26683dc9bb984~tplv-tiktokx-cropcenter:100:100.jpg?dr=9640&refresh_token=c8bdcce7&x-expires=1756281600&x-signature=Rg2M%2FTRH46nP1rft0Sq7NvnqpKk%3D&t=4d5b0474&ps=13740610&shp=30310797&shcp=ff37627b&idc=useast5",
            "_total_reply": 0,
            "_replies": []
        },
        {
            "_comment_id": "7518871777750483734",
            "_username": "obviidanni",
            "_nickname": "obviidanni",
            "_comment": "LANCOME WHAT IS OLIVIA'S SONGS ABOUT? (IYKYK)",
            "_create_time": "2025-06-22T21:22:44",
            "_avatar": "https://p16-common-sign-va.tiktokcdn-us.com/tos-maliva-avt-0068/329e4783c1df0233f2ec7cf4bd04d98e~tplv-tiktokx-cropcenter:100:100.jpg?dr=9640&refresh_token=f8b92b27&x-expires=1756281600&x-signature=7wUJTWd5hgeAnMW2hvlguY4xoWg%3D&t=4d5b0474&ps=13740610&shp=30310797&shcp=ff37627b&idc=useast5",
            "_total_reply": 0,
            "_replies": []
        },
        {
            "_comment_id": "7516697283422552875",
            "_username": "yaninnr",
            "_nickname": "yanin*♡",
            "_comment": "Love this!!",
            "_create_time": "2025-06-17T00:44:50",
            "_avatar": "https://p19-pu-sign-useast8.tiktokcdn-us.com/tos-useast5-avt-0068-tx/2e4667727cb11667b8260c5f3369cd0e~tplv-tiktokx-cropcenter:100:100.jpg?dr=9640&refresh_token=613b7d35&x-expires=1756281600&x-signature=LWsxa5ZmSaPhdTzRXDAaSick7gQ%3D&t=4d5b0474&ps=13740610&shp=30310797&shcp=ff37627b&idc=useast5",
            "_total_reply": 1,
            "_replies": [
                {
                    "_comment_id": "7516943175873757974",
                    "_username": "lancome.official",
                    "_nickname": "Lancôme",
                    "_comment": "You and us both ✨",
                    "_create_time": "2025-06-17T16:38:45",
                    "_avatar": "https://p16-common-sign-va.tiktokcdn-us.com/tos-maliva-avt-0068/9424f6caa6a8781766ccf45ddf0a0a0d~tplv-tiktokx-cropcenter:100:100.jpg?dr=9640&refresh_token=2d0d7041&x-expires=1756281600&x-signature=6RRh0sV%2BMiFopbDnto6in1a21L8%3D&t=4d5b0474&ps=13740610&shp=30310797&shcp=ff37627b&idc=useast5",
                    "_total_reply": null,
                    "_replies": []
                }
            ]
        },
        {
            "_comment_id": "7516931313699816206",
            "_username": "wellanovee",
            "_nickname": "WELLA NOVEE",
            "_comment": "🖤🖤🖤..Love me a Refill!",
            "_create_time": "2025-06-17T15:53:13",
            "_avatar": "https://p16-pu-sign-useast8.tiktokcdn-us.com/tos-useast5-avt-0068-tx/6e7a2988b454862f0b47b07faa4f8b02~tplv-tiktokx-cropcenter:100:100.jpg?dr=9640&refresh_token=bfd22cf4&x-expires=1756281600&x-signature=WTJSN9krBri%2FxUL1uzK4IPrK7yw%3D&t=4d5b0474&ps=13740610&shp=30310797&shcp=ff37627b&idc=useast5",
            "_total_reply": 1,
            "_replies": [
                {
                    "_comment_id": "7516943271916290838",
                    "_username": "lancome.official",
                    "_nickname": "Lancôme",
                    "_comment": "So do we!",
                    "_create_time": "2025-06-17T16:39:15",
                    "_avatar": "https://p16-common-sign-va.tiktokcdn-us.com/tos-maliva-avt-0068/9424f6caa6a8781766ccf45ddf0a0a0d~tplv-tiktokx-cropcenter:100:100.jpg?dr=9640&refresh_token=2d0d7041&x-expires=1756281600&x-signature=6RRh0sV%2BMiFopbDnto6in1a21L8%3D&t=4d5b0474&ps=13740610&shp=30310797&shcp=ff37627b&idc=useast5",
                    "_total_reply": null,
                    "_replies": []
                }
            ]
        },
        {
            "_comment_id": "7529052583907296031",
            "_username": "cristy_b_",
            "_nickname": "Cristy",
            "_comment": "Love La vie este belle l’elixer!!!!!!",
            "_create_time": "2025-07-20T07:50:02",
            "_avatar": "https://p16-common-sign-va.tiktokcdn-us.com/tos-maliva-avt-0068/4011c2a27cafbf98b15a9650f8a357ab~tplv-tiktokx-cropcenter:100:100.jpg?dr=9640&refresh_token=d212361b&x-expires=1756281600&x-signature=2Zh1qOFYsBV3ZxCAk03LWhD2VW8%3D&t=4d5b0474&ps=13740610&shp=30310797&shcp=ff37627b&idc=useast5",
            "_total_reply": 0,
            "_replies": []
        },
        {
            "_comment_id": "7516695345767973633",
            "_username": "rens.39_livis",
            "_nickname": "Renataaa🌟",
            "_comment": "Is so beautiful💜",
            "_create_time": "2025-06-17T00:37:27",
            "_avatar": "https://p16-common-sign-sg.tiktokcdn-us.com/tos-alisg-avt-0068/a74a9843f66cdc0757298e38f8d965a0~tplv-tiktokx-cropcenter:100:100.jpg?dr=9640&refresh_token=93c734d0&x-expires=1756281600&x-signature=tw8z8Ll9uKa3fEPul0xB3oO41k8%3D&t=4d5b0474&ps=13740610&shp=30310797&shcp=ff37627b&idc=useast5",
            "_total_reply": 2,
            "_replies": [
                {
                    "_comment_id": "7516943196736357142",
                    "_username": "lancome.official",
                    "_nickname": "Lancôme",
                    "_comment": "Right? 😍",
                    "_create_time": "2025-06-17T16:38:50",
                    "_avatar": "https://p16-common-sign-va.tiktokcdn-us.com/tos-maliva-avt-0068/9424f6caa6a8781766ccf45ddf0a0a0d~tplv-tiktokx-cropcenter:100:100.jpg?dr=9640&refresh_token=2d0d7041&x-expires=1756281600&x-signature=6RRh0sV%2BMiFopbDnto6in1a21L8%3D&t=4d5b0474&ps=13740610&shp=30310797&shcp=ff37627b&idc=useast5",
                    "_total_reply": null,
                    "_replies": []
                },
                {
                    "_comment_id": "7517027581993124625",
                    "_username": "rens.39_livis",
                    "_nickname": "Renataaa🌟",
                    "_comment": "Yessss 🤩🤩",
                    "_create_time": "2025-06-17T22:06:31",
                    "_avatar": "https://p16-common-sign-sg.tiktokcdn-us.com/tos-alisg-avt-0068/a74a9843f66cdc0757298e38f8d965a0~tplv-tiktokx-cropcenter:100:100.jpg?dr=9640&refresh_token=93c734d0&x-expires=1756281600&x-signature=tw8z8Ll9uKa3fEPul0xB3oO41k8%3D&t=4d5b0474&ps=13740610&shp=30310797&shcp=ff37627b&idc=useast5",
                    "_total_reply": null,
                    "_replies": []
                }
            ]
        },
        {
            "_comment_id": "7516446049603765010",
            "_username": "aaam.or",
            "_nickname": "️",
            "_comment": "Primeraaa",
            "_create_time": "2025-06-16T08:29:39",
            "_avatar": "https://p16-common-sign-sg.tiktokcdn-us.com/tos-alisg-avt-0068/0e6eb89808abf105a2c489f92b50b398~tplv-tiktokx-cropcenter:100:100.jpg?dr=9640&refresh_token=5cfb8716&x-expires=1756281600&x-signature=NTIJ9s7GF9bC5XbUwQVRUZsfduk%3D&t=4d5b0474&ps=13740610&shp=30310797&shcp=ff37627b&idc=useast5",
            "_total_reply": 0,
            "_replies": []
        },
        {
            "_comment_id": "7518061706784031510",
            "_username": "blvckween",
            "_nickname": "Blvckween",
            "_comment": "Oh wow😍",
            "_create_time": "2025-06-20T16:59:23",
            "_avatar": "https://p16-common-sign-useast2a.tiktokcdn-us.com/tos-useast2a-avt-0068-euttp/965de94bdcc3bad6e57f5627ba76a266~tplv-tiktokx-cropcenter:100:100.jpg?dr=9640&refresh_token=b1957577&x-expires=1756281600&x-signature=LnYcVTpM%2F%2FFACddU8jppNxDEYAQ%3D&t=4d5b0474&ps=13740610&shp=30310797&shcp=ff37627b&idc=useast5",
            "_total_reply": 2,
            "_replies": [
                {
                    "_comment_id": "7518063098445103894",
                    "_username": "lancome.official",
                    "_nickname": "Lancôme",
                    "_comment": "Amazing right? ☺️",
                    "_create_time": "2025-06-20T17:04:43",
                    "_avatar": "https://p16-common-sign-va.tiktokcdn-us.com/tos-maliva-avt-0068/9424f6caa6a8781766ccf45ddf0a0a0d~tplv-tiktokx-cropcenter:100:100.jpg?dr=9640&refresh_token=2d0d7041&x-expires=1756281600&x-signature=6RRh0sV%2BMiFopbDnto6in1a21L8%3D&t=4d5b0474&ps=13740610&shp=30310797&shcp=ff37627b&idc=useast5",
                    "_total_reply": null,
                    "_replies": []
                },
                {
                    "_comment_id": "7518063189789541142",
                    "_username": "blvckween",
                    "_nickname": "Blvckween",
                    "_comment": "Yesss🔥🔥🔥",
                    "_create_time": "2025-06-20T17:05:09",
                    "_avatar": "https://p16-common-sign-useast2a.tiktokcdn-us.com/tos-useast2a-avt-0068-euttp/965de94bdcc3bad6e57f5627ba76a266~tplv-tiktokx-cropcenter:100:100.jpg?dr=9640&refresh_token=b1957577&x-expires=1756281600&x-signature=LnYcVTpM%2F%2FFACddU8jppNxDEYAQ%3D&t=4d5b0474&ps=13740610&shp=30310797&shcp=ff37627b&idc=useast5",
                    "_total_reply": null,
                    "_replies": []
                }
            ]
        },
        {
            "_comment_id": "7517449306418152197",
            "_username": "katy_jrr",
            "_nickname": "Kathy Ramírez ",
            "_comment": "la compre y amo.su fragancia",
            "_create_time": "2025-06-19T01:22:54",
            "_avatar": "https://p16-common-sign-va.tiktokcdn-us.com/tos-maliva-avt-0068/7327220774137839621~tplv-tiktokx-cropcenter:100:100.jpg?dr=9640&refresh_token=afdf0e4b&x-expires=1756281600&x-signature=EHCaEa2McjtpovqxiF%2FteY0TL2o%3D&t=4d5b0474&ps=13740610&shp=30310797&shcp=ff37627b&idc=useast5",
            "_total_reply": 0,
            "_replies": []
        },
        {
            "_comment_id": "7519765724778316575",
            "_username": "paula_here_",
            "_nickname": "💖✨paula_here_✨💖",
            "_comment": "Sample PR very hypnotizing video. I love it.",
            "_create_time": "2025-06-25T07:12:12",
            "_avatar": "https://p16-sign.tiktokcdn-us.com/tos-useast5-avt-0068-tx/ecaa7eefe7d9f24f216bf5ba4365e742~tplv-tiktokx-cropcenter:100:100.jpg?dr=9640&refresh_token=4e993102&x-expires=1756281600&x-signature=yqVe9lZ4La2T852jMo4OyjYOz2w%3D&t=4d5b0474&ps=13740610&shp=30310797&shcp=ff37627b&idc=useast5",
            "_total_reply": 0,
            "_replies": []
        },
        {
            "_comment_id": "7516562382212186886",
            "_username": "caramia870",
            "_nickname": "Cara87",
            "_comment": "My favorite perfume brand of all times.Lancome or noting .👌",
            "_create_time": "2025-06-16T16:01:11",
            "_avatar": "https://p19-common-sign-va.tiktokcdn-us.com/tos-maliva-avt-0068/12da0229969f1deb6bf49d1e4416b0ac~tplv-tiktokx-cropcenter:100:100.jpg?dr=9640&refresh_token=c804dde4&x-expires=1756281600&x-signature=o2gudQpXD4ASxMfXFQPb%2FUtCuo4%3D&t=4d5b0474&ps=13740610&shp=30310797&shcp=ff37627b&idc=useast5",
            "_total_reply": 2,
            "_replies": [
                {
                    "_comment_id": "7516582526443225878",
                    "_username": "lancome.official",
                    "_nickname": "Lancôme",
                    "_comment": "What’s your favorite fragrance? 🥰",
                    "_create_time": "2025-06-16T17:19:21",
                    "_avatar": "https://p16-common-sign-va.tiktokcdn-us.com/tos-maliva-avt-0068/9424f6caa6a8781766ccf45ddf0a0a0d~tplv-tiktokx-cropcenter:100:100.jpg?dr=9640&refresh_token=2d0d7041&x-expires=1756281600&x-signature=6RRh0sV%2BMiFopbDnto6in1a21L8%3D&t=4d5b0474&ps=13740610&shp=30310797&shcp=ff37627b&idc=useast5",
                    "_total_reply": null,
                    "_replies": []
                },
                {
                    "_comment_id": "7516588357921817400",
                    "_username": "caramia870",
                    "_nickname": "Cara87",
                    "_comment": "IDÔLE POWER EAU DE PARFUM INTENSE\nI was lucky to get a sample.\nmy very own collection.",
                    "_create_time": "2025-06-16T17:41:53",
                    "_avatar": "https://p16-common-sign-va.tiktokcdn-us.com/tos-maliva-avt-0068/12da0229969f1deb6bf49d1e4416b0ac~tplv-tiktokx-cropcenter:100:100.jpg?dr=9640&refresh_token=d30abede&x-expires=1756281600&x-signature=ucbjNdPDkZdYX%2FgPxYtm4aoX8xU%3D&t=4d5b0474&ps=13740610&shp=30310797&shcp=ff37627b&idc=useast5",
                    "_total_reply": null,
                    "_replies": []
                }
            ]
        },
        {
            "_comment_id": "7516469603758424850",
            "_username": "tehetetotehe",
            "_nickname": "tala",
            "_comment": "Where’s Olivia 💗",
            "_create_time": "2025-06-16T10:01:03",
            "_avatar": "https://p19-common-sign-sg.tiktokcdn-us.com/tos-alisg-avt-0068/5b15afa70c715e680caf04472bd84bd7~tplv-tiktokx-cropcenter:100:100.jpg?dr=9640&refresh_token=fc98d600&x-expires=1756281600&x-signature=CZ0C8sf3p72nMIVkzUkHbowY83c%3D&t=4d5b0474&ps=13740610&shp=30310797&shcp=ff37627b&idc=useast5",
            "_total_reply": 2,
            "_replies": [
                {
                    "_comment_id": "7528039493992694550",
                    "_username": "boutiquewhs",
                    "_nickname": "ʙᴏᴜᴛɪQᴜᴇ_ᴡʜᴏʟᴇꜱᴀʟᴇ",
                    "_comment": "😍",
                    "_create_time": "2025-07-17T14:18:15",
                    "_avatar": "https://p16-common-sign-va.tiktokcdn-us.com/tos-maliva-avt-0068/0e017566baed65cd2524305f81985bd0~tplv-tiktokx-cropcenter:100:100.jpg?dr=9640&refresh_token=b563fdd4&x-expires=1756281600&x-signature=twkWaw%2Fyi5HcPEqWKRrXcbKJJI0%3D&t=4d5b0474&ps=13740610&shp=30310797&shcp=ff37627b&idc=useast5",
                    "_total_reply": null,
                    "_replies": []
                },
                {
                    "_comment_id": "7516469641213903634",
                    "_username": "tehetetotehe",
                    "_nickname": "tala",
                    "_comment": "+💜",
                    "_create_time": "2025-06-16T10:01:14",
                    "_avatar": "https://p16-common-sign-sg.tiktokcdn-us.com/tos-alisg-avt-0068/5b15afa70c715e680caf04472bd84bd7~tplv-tiktokx-cropcenter:100:100.jpg?dr=9640&refresh_token=ac0f9035&x-expires=1756281600&x-signature=baFCbj%2BTN3weUCkDCvPZB5D%2BHgU%3D&t=4d5b0474&ps=13740610&shp=30310797&shcp=ff37627b&idc=useast5",
                    "_total_reply": null,
                    "_replies": []
                }
            ]
        },
        {
            "_comment_id": "7539283434645996318",
            "_username": "whitethorrrn",
            "_nickname": "whitethorrrn",
            "_comment": "Sample",
            "_create_time": "2025-08-16T21:30:32",
            "_avatar": "https://p19-pu-sign-useast8.tiktokcdn-us.com/tos-useast8-avt-0068-tx2/fae250b7bc22f760fb943002564ee79e~tplv-tiktokx-cropcenter:100:100.jpg?dr=9640&refresh_token=eb173137&x-expires=1756281600&x-signature=uiaY7SioJFzI%2B7%2BTRgmOVR2d8Ds%3D&t=4d5b0474&ps=13740610&shp=30310797&shcp=ff37627b&idc=useast5",
            "_total_reply": 1,
            "_replies": [
                {
                    "_comment_id": "7539590598560219924",
                    "_username": "char.fitinspo",
                    "_nickname": "Charlotte🌅",
                    "_comment": "Sample",
                    "_create_time": "2025-08-17T17:22:19",
                    "_avatar": "https://p16-common-sign-va.tiktokcdn-us.com/tos-maliva-avt-0068/9b77224c43a9863852a5934eac9cf654~tplv-tiktokx-cropcenter:100:100.jpg?dr=9640&refresh_token=3c491482&x-expires=1756281600&x-signature=wYr%2FdHAmZBdCYqTWs59B3%2FAO%2FCo%3D&t=4d5b0474&ps=13740610&shp=30310797&shcp=ff37627b&idc=useast5",
                    "_total_reply": null,
                    "_replies": []
                }
            ]
        },
        {
            "_comment_id": "7539659035077296909",
            "_username": "meliibabii",
            "_nickname": "meli",
            "_comment": "Sample",
            "_create_time": "2025-08-17T21:48:14",
            "_avatar": "https://p19-sign.tiktokcdn-us.com/tos-useast5-avt-0068-tx/25f733a886a9106af0ab110069140850~tplv-tiktokx-cropcenter:100:100.jpg?dr=9640&refresh_token=5c6736e7&x-expires=1756281600&x-signature=s49fyuWNqFGLB7I%2FKIgSJzUSKBs%3D&t=4d5b0474&ps=13740610&shp=30310797&shcp=ff37627b&idc=useast5",
            "_total_reply": 0,
            "_replies": []
        },
        {
            "_comment_id": "7528039446224454422",
            "_username": "boutiquewhs",
            "_nickname": "ʙᴏᴜᴛɪQᴜᴇ_ᴡʜᴏʟᴇꜱᴀʟᴇ",
            "_comment": "❤️❤️❤️",
            "_create_time": "2025-07-17T14:18:09",
            "_avatar": "https://p19-common-sign-va.tiktokcdn-us.com/tos-maliva-avt-0068/0e017566baed65cd2524305f81985bd0~tplv-tiktokx-cropcenter:100:100.jpg?dr=9640&refresh_token=b4d13244&x-expires=1756281600&x-signature=%2F04JNzR7%2FkfNPq%2B1y1K9Qq9UPp8%3D&t=4d5b0474&ps=13740610&shp=30310797&shcp=ff37627b&idc=useast5",
            "_total_reply": 0,
            "_replies": []
        },
        {
            "_comment_id": "7523585664701612822",
            "_username": "claudiagiurlanda_",
            "_nickname": "Cla",
            "_comment": "😍",
            "_create_time": "2025-07-05T14:15:02",
            "_avatar": "https://p16-common-sign-useast2a.tiktokcdn-us.com/tos-useast2a-avt-0068-euttp/ae854c95b72cfd17d6ffc62f5f442182~tplv-tiktokx-cropcenter:100:100.jpg?dr=9640&refresh_token=51e20432&x-expires=1756281600&x-signature=6MhPw3dHUNKgJtmhTnfoKosg7SA%3D&t=4d5b0474&ps=13740610&shp=30310797&shcp=ff37627b&idc=useast5",
            "_total_reply": 0,
            "_replies": []
        },
        {
            "_comment_id": "7532543892438352648",
            "_username": "hassanapdo70",
            "_nickname": "hassanapdo70",
            "_comment": "🥰🥰🥰",
            "_create_time": "2025-07-29T17:37:32",
            "_avatar": "https://p16-common-sign-sg.tiktokcdn-us.com/tos-alisg-avt-0068/989726bd4a27897c4169214fbe698466~tplv-tiktokx-cropcenter:100:100.jpg?dr=9640&refresh_token=26ba11d8&x-expires=1756281600&x-signature=9HTCiW5rnDev40E2Chq5ppGZ5HE%3D&t=4d5b0474&ps=13740610&shp=30310797&shcp=ff37627b&idc=useast5",
            "_total_reply": 0,
            "_replies": []
        },
        {
            "_comment_id": "7518664106074604293",
            "_username": "stardomal",
            "_nickname": "sofia",
            "_comment": "💖",
            "_create_time": "2025-06-22T07:57:01",
            "_avatar": "https://p16-common-sign-va.tiktokcdn-us.com/tos-maliva-avt-0068/aacce8a0ae90dce5f1997df845270b9a~tplv-tiktokx-cropcenter:100:100.jpg?dr=9640&refresh_token=10a8960e&x-expires=1756281600&x-signature=uQ2ffGq4pWyahOGcdInjzlxfY%2B0%3D&t=4d5b0474&ps=13740610&shp=30310797&shcp=ff37627b&idc=useast5",
            "_total_reply": 0,
            "_replies": []
        },
        {
            "_comment_id": "7528043693740950294",
            "_username": "k8_hrs",
            "_nickname": "Kate Harries",
            "_comment": "😍",
            "_create_time": "2025-07-17T14:34:33",
            "_avatar": "https://p16-common-sign-useast2a.tiktokcdn-us.com/tos-useast2a-avt-0068-euttp/a30bd995a53a81957f7c51d3fe530abf~tplv-tiktokx-cropcenter:100:100.jpg?dr=9640&refresh_token=03ce72a3&x-expires=1756281600&x-signature=n3cZbxZQFyT4A1EwV%2Fzc3N5RwBE%3D&t=4d5b0474&ps=13740610&shp=30310797&shcp=ff37627b&idc=useast5",
            "_total_reply": 0,
            "_replies": []
        },
        {
            "_comment_id": "7522251878793642757",
            "_username": "1nicki_nicole...7byk",
            "_nickname": "️",
            "_comment": "💕💕💕",
            "_create_time": "2025-07-01T23:59:16",
            "_avatar": "https://p16-common-sign-va.tiktokcdn-us.com/tos-maliva-avt-0068/8a5154e5a672e1c1101ffbda3cdc5b49~tplv-tiktokx-cropcenter:100:100.jpg?dr=9640&refresh_token=1a72079c&x-expires=1756281600&x-signature=t9VpmPeZW0960f6e9pao9jwYWL0%3D&t=4d5b0474&ps=13740610&shp=30310797&shcp=ff37627b&idc=useast5",
            "_total_reply": 0,
            "_replies": []
        },
        {
            "_comment_id": "7519265382294864662",
            "_username": "ellestrick",
            "_nickname": "ellestrick",
            "_comment": "🙌🏻🙌🏻",
            "_create_time": "2025-06-23T22:50:18",
            "_avatar": "https://p16-common-sign-va.tiktokcdn-us.com/tos-maliva-avt-0068/7324805628214378501~tplv-tiktokx-cropcenter:100:100.jpg?dr=9640&refresh_token=08b6f447&x-expires=1756281600&x-signature=YJkRzOR75PpT3%2FHpGgjv7zBwT%2B8%3D&t=4d5b0474&ps=13740610&shp=30310797&shcp=ff37627b&idc=useast5",
            "_total_reply": 0,
            "_replies": []
        },
        {
            "_comment_id": "7528513080604230422",
            "_username": "refillable.beauty",
            "_nickname": "Refillable.beauty",
            "_comment": "❤️❤️",
            "_create_time": "2025-07-18T20:55:57",
            "_avatar": "https://p16-common-sign-va.tiktokcdn-us.com/tos-maliva-avt-0068/9edaebb7cc18dc7e6e668f93de80d385~tplv-tiktokx-cropcenter:100:100.jpg?dr=9640&refresh_token=5aa0531a&x-expires=1756281600&x-signature=t4iiKJfdhGMl%2BOknHMPJKgszVlE%3D&t=4d5b0474&ps=13740610&shp=30310797&shcp=ff37627b&idc=useast5",
            "_total_reply": 0,
            "_replies": []
        },
        {
            "_comment_id": "7516445543369048839",
            "_username": "loofy370",
            "_nickname": "Andrea (Nini's ver 🎀)",
            "_comment": "💞💞💞",
            "_create_time": "2025-06-16T08:27:45",
            "_avatar": "https://p16-common-sign-sg.tiktokcdn-us.com/tos-alisg-avt-0068/9ad0a4d8944f175009ed64e9eee9de56~tplv-tiktokx-cropcenter:100:100.jpg?dr=9640&refresh_token=ded290cc&x-expires=1756281600&x-signature=fU%2Fk2Fb19E%2FymkgjCy9uQPLAx7E%3D&t=4d5b0474&ps=13740610&shp=30310797&shcp=ff37627b&idc=useast5",
            "_total_reply": 0,
            "_replies": []
        },
        {
            "_comment_id": "7517464569606882053",
            "_username": "pam_xaba",
            "_nickname": "pam_xaba",
            "_comment": "😊♥️",
            "_create_time": "2025-06-19T02:22:05",
            "_avatar": "https://p16-common-sign-sg.tiktokcdn-us.com/tos-alisg-avt-0068/7335000249494142978~tplv-tiktokx-cropcenter:100:100.jpg?dr=9640&refresh_token=ecdf2932&x-expires=1756281600&x-signature=Uzj%2BfkpeyadkP2ew5LokH%2Fb%2FL8c%3D&t=4d5b0474&ps=13740610&shp=30310797&shcp=ff37627b&idc=useast5",
            "_total_reply": 0,
            "_replies": []
        },
        {
            "_comment_id": "7516976721339122454",
            "_username": "merce.saiz.toribi",
            "_nickname": "Merce Saiz Toribio",
            "_comment": "🥰🥰🥰",
            "_create_time": "2025-06-17T18:48:59",
            "_avatar": "https://p16-common-sign-useast2a.tiktokcdn-us.com/tos-useast2a-avt-0068-euttp/18550f0c8500d253a4cc7a713c3ca50c~tplv-tiktokx-cropcenter:100:100.jpg?dr=9640&refresh_token=7f3f6fab&x-expires=1756281600&x-signature=DNaW7tw6zGgW0a1mYTUzQ2FDTFY%3D&t=4d5b0474&ps=13740610&shp=30310797&shcp=ff37627b&idc=useast5",
            "_total_reply": 0,
            "_replies": []
        },
        {
            "_comment_id": "7517066413148996374",
            "_username": "salz0305",
            "_nickname": "s@Lz",
            "_comment": "❤️❤️",
            "_create_time": "2025-06-18T00:37:24",
            "_avatar": "https://p16-common-sign-va.tiktokcdn-us.com/tos-maliva-avt-0068/7221678134432727046~tplv-tiktokx-cropcenter:100:100.jpg?dr=9640&refresh_token=31507040&x-expires=1756281600&x-signature=jrOpG%2F%2B%2Fhu90es32EjvxmI2SPpY%3D&t=4d5b0474&ps=13740610&shp=30310797&shcp=ff37627b&idc=useast5",
            "_total_reply": 0,
            "_replies": []
        },
        {
            "_comment_id": "7517277373139321655",
            "_username": "mama_bear_232",
            "_nickname": "♡Sina♡_♡Mama_Wife♡",
            "_comment": "😍😍😍",
            "_create_time": "2025-06-18T14:16:10",
            "_avatar": "https://p16-pu-sign-useast8.tiktokcdn-us.com/tos-useast5-avt-0068-tx/c35319f3ff16755f4c6d3c90e649222e~tplv-tiktokx-cropcenter:100:100.jpg?dr=9640&refresh_token=9b18204c&x-expires=1756281600&x-signature=mcgVipC5s1LK3RsB%2FrFmmy7TNzU%3D&t=4d5b0474&ps=13740610&shp=30310797&shcp=ff37627b&idc=useast5",
            "_total_reply": 0,
            "_replies": []
        },
        {
            "_comment_id": "7516526247906083586",
            "_username": "mitchthemommy",
            "_nickname": "Michelle Lynch",
            "_comment": "😍😍😍",
            "_create_time": "2025-06-16T13:41:00",
            "_avatar": "https://p16-common-sign-useast2a.tiktokcdn-us.com/tos-useast2a-avt-0068-euttp/6920f07878d573199beb7ecf33571583~tplv-tiktokx-cropcenter:100:100.jpg?dr=9640&refresh_token=f935d486&x-expires=1756281600&x-signature=MmR0vJ3LEheUoxoFQWPFNfpa29U%3D&t=4d5b0474&ps=13740610&shp=30310797&shcp=ff37627b&idc=useast5",
            "_total_reply": 0,
            "_replies": []
        },
        {
            "_comment_id": "7516512139516510998",
            "_username": "mezzy39",
            "_nickname": "Maryann Southern",
            "_comment": "😍",
            "_create_time": "2025-06-16T12:46:12",
            "_avatar": "https://p16-common-sign-va.tiktokcdn-us.com/tos-maliva-avt-0068/7861fc792d12a2fe7e14e4e5bbcfa427~tplv-tiktokx-cropcenter:100:100.jpg?dr=9640&refresh_token=cdd80156&x-expires=1756281600&x-signature=RelaANZ%2FFVvzkCwy0SWMbs0Jty8%3D&t=4d5b0474&ps=13740610&shp=30310797&shcp=ff37627b&idc=useast5",
            "_total_reply": 0,
            "_replies": []
        },
        {
            "_comment_id": "7516543637502149398",
            "_username": "queeniesss5789",
            "_nickname": "tasha",
            "_comment": "♥️♥️",
            "_create_time": "2025-06-16T14:48:26",
            "_avatar": "https://p16-common-sign-useast2a.tiktokcdn-us.com/tos-useast2a-avt-0068-euttp/b050c287b2caa6d79e833351538d3e02~tplv-tiktokx-cropcenter:100:100.jpg?dr=9640&refresh_token=c7834557&x-expires=1756281600&x-signature=pr8dXrxMhwEUBehYqILK6mo3Z7I%3D&t=4d5b0474&ps=13740610&shp=30310797&shcp=ff37627b&idc=useast5",
            "_total_reply": 0,
            "_replies": []
        },
        {
            "_comment_id": "7516503514110526230",
            "_username": "nkleqq1",
            "_nickname": "Надійка",
            "_comment": "😻😻",
            "_create_time": "2025-06-16T12:12:44",
            "_avatar": "https://p16-common-sign-va.tiktokcdn-us.com/tos-maliva-avt-0068/0795f6ba7c418b4a0a784774ca5630d2~tplv-tiktokx-cropcenter:100:100.jpg?dr=9640&refresh_token=5ef92577&x-expires=1756281600&x-signature=yHFLGXJIo5Wq7%2Ft%2BozdvjVrsLKk%3D&t=4d5b0474&ps=13740610&shp=30310797&shcp=ff37627b&idc=useast5",
            "_total_reply": 0,
            "_replies": []
        },
        {
            "_comment_id": "7516534874301399830",
            "_username": "veroat87",
            "_nickname": "VeroAt",
            "_comment": "✨✨✨✨✨✨",
            "_create_time": "2025-06-16T14:14:28",
            "_avatar": "https://p16-common-sign-va.tiktokcdn-us.com/tos-maliva-avt-0068/ac0da8fdf1e1f20add92437e4895e5ee~tplv-tiktokx-cropcenter:100:100.jpg?dr=9640&refresh_token=ccff9829&x-expires=1756281600&x-signature=TB2cKExGD5eL7xvQXgx85GlXvJs%3D&t=4d5b0474&ps=13740610&shp=30310797&shcp=ff37627b&idc=useast5",
            "_total_reply": 0,
            "_replies": []
        },
        {
            "_comment_id": "7516493277928063766",
            "_username": "annang042",
            "_nickname": "anna",
            "_comment": "🥰",
            "_create_time": "2025-06-16T11:33:00",
            "_avatar": "https://p19-common-sign-va.tiktokcdn-us.com/tos-maliva-avt-0068/7c3e761751fa337405fde2251afc615e~tplv-tiktokx-cropcenter:100:100.jpg?dr=9640&refresh_token=3fc516d5&x-expires=1756281600&x-signature=S%2FIfxJcpWXJywUDbvEia6RdKrF4%3D&t=4d5b0474&ps=13740610&shp=30310797&shcp=ff37627b&idc=useast5",
            "_total_reply": 0,
            "_replies": []
        },
        {
            "_comment_id": "7516448682909319992",
            "_username": "barbiegurl437",
            "_nickname": "𝕨𝕖 𝕝𝕠𝕧𝕖 𝕙𝕖𝕣 💜",
            "_comment": "💜🌷💜🌷💜🌷💜🌷💜🌷💜🌷💜",
            "_create_time": "2025-06-16T08:40:01",
            "_avatar": "https://p16-common-sign-va.tiktokcdn-us.com/tos-maliva-avt-0068/8eeef25792f871790046ca4c351c1891~tplv-tiktokx-cropcenter:100:100.jpg?dr=9640&refresh_token=373ba890&x-expires=1756281600&x-signature=WaaIA5qwbJC%2FszCTytuGIBFSc2Q%3D&t=4d5b0474&ps=13740610&shp=30310797&shcp=ff37627b&idc=useast5",
            "_total_reply": 0,
            "_replies": []
        },
        {
            "_comment_id": "7539795409100145422",
            "_username": "lexiprice294",
            "_nickname": "Lexi",
            "_comment": "❤️❤️❤️❤️",
            "_create_time": "2025-08-18T06:37:39",
            "_avatar": "https://p16-pu-sign-useast8.tiktokcdn-us.com/tos-useast5-avt-0068-tx/ee6f92a31404e6c30978db96ee2ed867~tplv-tiktokx-cropcenter:100:100.jpg?dr=9640&refresh_token=a6925d12&x-expires=1756281600&x-signature=XKe7rM4Q6xJKPwNeRhM3pQsjseA%3D&t=4d5b0474&ps=13740610&shp=30310797&shcp=ff37627b&idc=useast5",
            "_total_reply": 0,
            "_replies": []
        },
        {
            "_comment_id": "7539280213701821215",
            "_username": "anh.quoc143",
            "_nickname": "Anh Quoc",
            "_comment": "❤️❤️❤️",
            "_create_time": "2025-08-16T21:18:16",
            "_avatar": "https://p16-pu-sign-useast8.tiktokcdn-us.com/tos-useast5-avt-0068-tx/72d265e7eb19fa44f2848172eab1232f~tplv-tiktokx-cropcenter:100:100.jpg?dr=9640&refresh_token=15319eb0&x-expires=1756281600&x-signature=9t40RQxbXED5XsxTzzmDSR32YaA%3D&t=4d5b0474&ps=13740610&shp=30310797&shcp=ff37627b&idc=useast5",
            "_total_reply": 0,
            "_replies": []
        },
        {
            "_comment_id": "7516799098713801485",
            "_username": "bianca_anahi99",
            "_nickname": "Mrs. Pecina | TEACHING 4ₜₕ🍎🤍",
            "_comment": "@Lancôme I messaged y’all! 🥹🩷",
            "_create_time": "2025-06-17T07:20:16",
            "_avatar": "https://p19-pu-sign-useast8.tiktokcdn-us.com/tos-useast5-avt-0068-tx/0dac0cef2794ddbaf03189443e585be2~tplv-tiktokx-cropcenter:100:100.jpg?dr=9640&refresh_token=14ff56ad&x-expires=1756281600&x-signature=Fw1K6ANaFIkq4zPbkOICEVp8t78%3D&t=4d5b0474&ps=13740610&shp=30310797&shcp=ff37627b&idc=useast5",
            "_total_reply": 0,
            "_replies": []
        },
        {
            "_comment_id": "7522662326584296248",
            "_username": "c_castro21",
            "_nickname": "🫧💋Miladys Castro💋🫧",
            "_comment": "Ya la compré y vale la pena cada lempira 😩 es deliciosa",
            "_create_time": "2025-07-03T02:32:05",
            "_avatar": "https://p16-common-sign-va.tiktokcdn-us.com/tos-maliva-avt-0068/2a759bb4e0f30d611ad5c0f9ce563733~tplv-tiktokx-cropcenter:100:100.jpg?dr=9640&refresh_token=c4121122&x-expires=1756281600&x-signature=E4KsoRJPmiyKDShPyDgXGKopA3k%3D&t=4d5b0474&ps=13740610&shp=30310797&shcp=ff37627b&idc=useast5",
            "_total_reply": 0,
            "_replies": []
        }
    ],
    "total_comments": 47
}