{
    "original_url": "https://www.tiktok.com/@lancome.official/video/7519533827463744791",
    "video_id": "7519533827463744791",
    "description": "We can smell this through the screen💜 #JuicyTubes #Lancome #Juicy #Gloss #Lips #LipGloss #Shine #Sparkle #Coffee #Lavender #Satisfaying #Shades",
    "video_url": "https://m.tiktok.com/v/7519533827463744791.html?_d=0&comment_author_id=7424716115835749382&preview_pb=0&share_comment_id=7519535444754875154&share_item_id=7519533827463744791&sharer_language=en&source=h5_m&u_code=0",
    "tags": [
        "#JuicyTubes",
        "#Lancome",
        "#Juicy",
        "#Gloss",
        "#Lips",
        "#LipGloss",
        "#Shine",
        "#Sparkle",
        "#Coffee",
        "#Lavender",
        "#Satisfaying",
        "#Shades"
    ],
    "comments": [
        {
            "_comment_id": "7519535444754875154",
            "_username": "mari_is_supercool",
            "_nickname": "Marii ᵒᴿ",
            "_comment": "it looks like Olivia Rodrigo soul",
            "_create_time": "2025-06-24T16:18:04",
            "_avatar": "https://p16-common-sign-sg.tiktokcdn-us.com/tos-alisg-avt-0068/fd957c4a17ba610ad99188830526e657~tplv-tiktokx-cropcenter:100:100.jpg?dr=9640&refresh_token=4be7e822&x-expires=1756281600&x-signature=sD5fjL2WHeXv678Y8oMBbQ2a8Rw%3D&t=4d5b0474&ps=13740610&shp=30310797&shcp=ff37627b&idc=useast5",
            "_total_reply": 4,
            "_replies": [
                {
                    "_comment_id": "7519541843563430678",
                    "_username": "lancome.official",
                    "_nickname": "Lancôme",
                    "_comment": "Sparkly and lavender 💅✨",
                    "_create_time": "2025-06-24T16:42:59",
                    "_avatar": "https://p16-common-sign-va.tiktokcdn-us.com/tos-maliva-avt-0068/9424f6caa6a8781766ccf45ddf0a0a0d~tplv-tiktokx-cropcenter:100:100.jpg?dr=9640&refresh_token=2d0d7041&x-expires=1756281600&x-signature=6RRh0sV%2BMiFopbDnto6in1a21L8%3D&t=4d5b0474&ps=13740610&shp=30310797&shcp=ff37627b&idc=useast5",
                    "_total_reply": null,
                    "_replies": []
                },
                {
                    "_comment_id": "7519569873081500472",
                    "_username": "xx_yeya",
                    "_nickname": "Yeya🫶🏻💘",
                    "_comment": "I LOVE SHE'S BEAUTIFUL 💗",
                    "_create_time": "2025-06-24T18:31:40",
                    "_avatar": "https://p19-common-sign-va.tiktokcdn-us.com/tos-maliva-avt-0068/2e7b80d059ec1a450fff51f58f396439~tplv-tiktokx-cropcenter:100:100.jpg?dr=9640&refresh_token=942be2d9&x-expires=1756281600&x-signature=p%2FF2qhjqby59w6YkpLGzJbfsLzE%3D&t=4d5b0474&ps=13740610&shp=30310797&shcp=ff37627b&idc=useast5",
                    "_total_reply": null,
                    "_replies": []
                },
                {
                    "_comment_id": "7522154360144069390",
                    "_username": "emelyyyyyy.yy",
                    "_nickname": "☺︎✩❀emely☺︎✩❀",
                    "_comment": "Btw she just collabed with Lancôme rn",
                    "_create_time": "2025-07-01T17:41:11",
                    "_avatar": "https://p19-sign.tiktokcdn-us.com/tos-useast5-avt-0068-tx/3821df85e512a2a7e5eb1aa812dae0a0~tplv-tiktokx-cropcenter:100:100.jpg?dr=9640&refresh_token=ccdba304&x-expires=1756281600&x-signature=ZQNbjJumFyd2UxztkeN52U90SCA%3D&t=4d5b0474&ps=13740610&shp=30310797&shcp=ff37627b&idc=useast5",
                    "_total_reply": null,
                    "_replies": []
                },
                {
                    "_comment_id": "7519639154625102600",
                    "_username": "mari_is_supercool",
                    "_nickname": "Marii ᵒᴿ",
                    "_comment": "@jazz",
                    "_create_time": "2025-06-24T23:00:46",
                    "_avatar": "https://p16-common-sign-sg.tiktokcdn-us.com/tos-alisg-avt-0068/fd957c4a17ba610ad99188830526e657~tplv-tiktokx-cropcenter:100:100.jpg?dr=9640&refresh_token=4be7e822&x-expires=1756281600&x-signature=sD5fjL2WHeXv678Y8oMBbQ2a8Rw%3D&t=4d5b0474&ps=13740610&shp=30310797&shcp=ff37627b&idc=useast5",
                    "_total_reply": null,
                    "_replies": []
                }
            ]
        },
        {
            "_comment_id": "7519535564930155297",
            "_username": "lillivgroningenx",
            "_nickname": "★𝐋 𝐈 𝐋 𝐋 𝐈★",
            "_comment": "SO PRETTY💜💜",
            "_create_time": "2025-06-24T16:18:43",
            "_avatar": "https://p16-common-sign-useast2a.tiktokcdn-us.com/tos-useast2a-avt-0068-euttp/916543af405fced787cd87a812ee1a27~tplv-tiktokx-cropcenter:100:100.jpg?dr=9640&refresh_token=e202e21a&x-expires=1756281600&x-signature=Xmbyr%2FmD3IxDAqjmDaE8LmIe7uk%3D&t=4d5b0474&ps=13740610&shp=30310797&shcp=ff37627b&idc=useast5",
            "_total_reply": 1,
            "_replies": [
                {
                    "_comment_id": "7519541888851280642",
                    "_username": "lancome.official",
                    "_nickname": "Lancôme",
                    "_comment": "Right? ✨",
                    "_create_time": "2025-06-24T16:43:13",
                    "_avatar": "https://p16-common-sign-va.tiktokcdn-us.com/tos-maliva-avt-0068/9424f6caa6a8781766ccf45ddf0a0a0d~tplv-tiktokx-cropcenter:100:100.jpg?dr=9640&refresh_token=2d0d7041&x-expires=1756281600&x-signature=6RRh0sV%2BMiFopbDnto6in1a21L8%3D&t=4d5b0474&ps=13740610&shp=30310797&shcp=ff37627b&idc=useast5",
                    "_total_reply": null,
                    "_replies": []
                }
            ]
        },
        {
            "_comment_id": "7520585311816090390",
            "_username": "vasss1ss",
            "_nickname": "vas_🧚🏼‍♀️",
            "_comment": "Olivia’s soul 😝",
            "_create_time": "2025-06-27T12:12:17",
            "_avatar": "https://p16-common-sign-va.tiktokcdn-us.com/tos-maliva-avt-0068/d4fbff9a39ce317da90a133d7fc147bf~tplv-tiktokx-cropcenter:100:100.jpg?dr=9640&refresh_token=bad7228d&x-expires=1756281600&x-signature=B0pJPsS17y4KVmkqs6FieNqZ4VA%3D&t=4d5b0474&ps=13740610&shp=30310797&shcp=ff37627b&idc=useast5",
            "_total_reply": 2,
            "_replies": [
                {
                    "_comment_id": "7520659191409705751",
                    "_username": "lancome.official",
                    "_nickname": "Lancôme",
                    "_comment": "Lavender goodness ✨",
                    "_create_time": "2025-06-27T16:58:50",
                    "_avatar": "https://p16-common-sign-va.tiktokcdn-us.com/tos-maliva-avt-0068/9424f6caa6a8781766ccf45ddf0a0a0d~tplv-tiktokx-cropcenter:100:100.jpg?dr=9640&refresh_token=2d0d7041&x-expires=1756281600&x-signature=6RRh0sV%2BMiFopbDnto6in1a21L8%3D&t=4d5b0474&ps=13740610&shp=30310797&shcp=ff37627b&idc=useast5",
                    "_total_reply": null,
                    "_replies": []
                },
                {
                    "_comment_id": "7522154438024086327",
                    "_username": "emelyyyyyy.yy",
                    "_nickname": "☺︎✩❀emely☺︎✩❀",
                    "_comment": "She just collabed with this acc",
                    "_create_time": "2025-07-01T17:41:30",
                    "_avatar": "https://p16-sign.tiktokcdn-us.com/tos-useast5-avt-0068-tx/3821df85e512a2a7e5eb1aa812dae0a0~tplv-tiktokx-cropcenter:100:100.jpg?dr=9640&refresh_token=8eb296fd&x-expires=1756281600&x-signature=Zat3wxyBt%2FmNHTSKjAbd2SUlXPs%3D&t=4d5b0474&ps=13740610&shp=30310797&shcp=ff37627b&idc=useast5",
                    "_total_reply": null,
                    "_replies": []
                }
            ]
        },
        {
            "_comment_id": "7519554412336677654",
            "_username": "lils_effy",
            "_nickname": "Melanie’s_carousel🎠🍼🧴",
            "_comment": "I love you Lancôme your products are amazing!!!!",
            "_create_time": "2025-06-24T17:31:46",
            "_avatar": "https://p16-common-sign-va.tiktokcdn-us.com/tos-maliva-avt-0068/5f56fece4dca531e37fd1c8d94dbbc4c~tplv-tiktokx-cropcenter:100:100.jpg?dr=9640&refresh_token=31c451cc&x-expires=1756281600&x-signature=7JGf6iSsPbGZBRjoF%2FQQ%2BJokQ6w%3D&t=4d5b0474&ps=13740610&shp=30310797&shcp=ff37627b&idc=useast5",
            "_total_reply": 1,
            "_replies": [
                {
                    "_comment_id": "7519919123083232022",
                    "_username": "lancome.official",
                    "_nickname": "Lancôme",
                    "_comment": "We 🩷 you!",
                    "_create_time": "2025-06-25T17:07:00",
                    "_avatar": "https://p16-common-sign-va.tiktokcdn-us.com/tos-maliva-avt-0068/9424f6caa6a8781766ccf45ddf0a0a0d~tplv-tiktokx-cropcenter:100:100.jpg?dr=9640&refresh_token=2d0d7041&x-expires=1756281600&x-signature=6RRh0sV%2BMiFopbDnto6in1a21L8%3D&t=4d5b0474&ps=13740610&shp=30310797&shcp=ff37627b&idc=useast5",
                    "_total_reply": null,
                    "_replies": []
                }
            ]
        },
        {
            "_comment_id": "7519874654494245654",
            "_username": "arix_0.2",
            "_nickname": "Ariix 💕",
            "_comment": "THIS IS SO BEAUTIFUL 😍😍\nI hope that Olivia Rodrigo use it 🥰💜",
            "_create_time": "2025-06-25T14:14:34",
            "_avatar": "https://p16-common-sign-va.tiktokcdn-us.com/tos-maliva-avt-0068/959ce47d4781288d26896ce6fde4e738~tplv-tiktokx-cropcenter:100:100.jpg?dr=9640&refresh_token=88fba5a5&x-expires=1756281600&x-signature=38EGjsyHtfKplrayOaFtobRDPho%3D&t=4d5b0474&ps=13740610&shp=30310797&shcp=ff37627b&idc=useast5",
            "_total_reply": 2,
            "_replies": [
                {
                    "_comment_id": "7519919587505406742",
                    "_username": "lancome.official",
                    "_nickname": "Lancôme",
                    "_comment": "Oh she does, it’s her favorite shade 💅💜",
                    "_create_time": "2025-06-25T17:08:48",
                    "_avatar": "https://p16-common-sign-va.tiktokcdn-us.com/tos-maliva-avt-0068/9424f6caa6a8781766ccf45ddf0a0a0d~tplv-tiktokx-cropcenter:100:100.jpg?dr=9640&refresh_token=2d0d7041&x-expires=1756281600&x-signature=6RRh0sV%2BMiFopbDnto6in1a21L8%3D&t=4d5b0474&ps=13740610&shp=30310797&shcp=ff37627b&idc=useast5",
                    "_total_reply": null,
                    "_replies": []
                },
                {
                    "_comment_id": "7519951082556392214",
                    "_username": "arix_0.2",
                    "_nickname": "Ariix 💕",
                    "_comment": "LOVE IT! 💜",
                    "_create_time": "2025-06-25T19:11:04",
                    "_avatar": "https://p16-common-sign-va.tiktokcdn-us.com/tos-maliva-avt-0068/959ce47d4781288d26896ce6fde4e738~tplv-tiktokx-cropcenter:100:100.jpg?dr=9640&refresh_token=88fba5a5&x-expires=1756281600&x-signature=38EGjsyHtfKplrayOaFtobRDPho%3D&t=4d5b0474&ps=13740610&shp=30310797&shcp=ff37627b&idc=useast5",
                    "_total_reply": null,
                    "_replies": []
                }
            ]
        },
        {
            "_comment_id": "7532561284912087840",
            "_username": "livie._2003",
            "_nickname": "💜🦋",
            "_comment": "BRING JUICY TUBES TO THE DOUGLAS OR/AND ICI PARIS XL IN THE NETHERLANDS",
            "_create_time": "2025-07-29T18:45:04",
            "_avatar": "https://p16-common-sign-va.tiktokcdn-us.com/tos-maliva-avt-0068/64f843870a6ebdae59b88035d0bcdddd~tplv-tiktokx-cropcenter:100:100.jpg?dr=9640&refresh_token=2ee075af&x-expires=1756281600&x-signature=8KTZttD64C6hkdyaR8%2FEEmIbXWQ%3D&t=4d5b0474&ps=13740610&shp=30310797&shcp=ff37627b&idc=useast5",
            "_total_reply": 0,
            "_replies": []
        },
        {
            "_comment_id": "7519534669852951318",
            "_username": "pippimooncie0",
            "_nickname": "𝐩𝐢𝐩𝐩𝐢 ⸆⸉",
            "_comment": "i love you guys and olivia SO MUCH",
            "_create_time": "2025-06-24T16:15:09",
            "_avatar": "https://p16-common-sign-va.tiktokcdn-us.com/tos-maliva-avt-0068/43be3019effee91c3aafe9b801a6b474~tplv-tiktokx-cropcenter:100:100.jpg?dr=9640&refresh_token=2cde4bc8&x-expires=1756281600&x-signature=l2DG%2Bz9koYB4aOSpNIBGT5PsE4k%3D&t=4d5b0474&ps=13740610&shp=30310797&shcp=ff37627b&idc=useast5",
            "_total_reply": 1,
            "_replies": [
                {
                    "_comment_id": "7519542058245128982",
                    "_username": "lancome.official",
                    "_nickname": "Lancôme",
                    "_comment": "We 🩷 you!",
                    "_create_time": "2025-06-24T16:43:49",
                    "_avatar": "https://p16-common-sign-va.tiktokcdn-us.com/tos-maliva-avt-0068/9424f6caa6a8781766ccf45ddf0a0a0d~tplv-tiktokx-cropcenter:100:100.jpg?dr=9640&refresh_token=2d0d7041&x-expires=1756281600&x-signature=6RRh0sV%2BMiFopbDnto6in1a21L8%3D&t=4d5b0474&ps=13740610&shp=30310797&shcp=ff37627b&idc=useast5",
                    "_total_reply": null,
                    "_replies": []
                }
            ]
        },
        {
            "_comment_id": "7519534580566065943",
            "_username": "beadedbylily011",
            "_nickname": "Beaded by Lily ✨️💗",
            "_comment": "FIRST LOVE YOUR PRODUCTS",
            "_create_time": "2025-06-24T16:14:52",
            "_avatar": "https://p16-common-sign-useast2a.tiktokcdn-us.com/tos-useast2a-avt-0068-euttp/518bf1bae422f5c4c0a547bcdb271f2b~tplv-tiktokx-cropcenter:100:100.jpg?dr=9640&refresh_token=a0adb868&x-expires=1756281600&x-signature=GgGVZgrcVzp6O9QWoVheMGMYqw0%3D&t=4d5b0474&ps=13740610&shp=30310797&shcp=ff37627b&idc=useast5",
            "_total_reply": 2,
            "_replies": [
                {
                    "_comment_id": "7519542036631061270",
                    "_username": "lancome.official",
                    "_nickname": "Lancôme",
                    "_comment": "What’s your favorite? 👀",
                    "_create_time": "2025-06-24T16:43:40",
                    "_avatar": "https://p16-common-sign-va.tiktokcdn-us.com/tos-maliva-avt-0068/9424f6caa6a8781766ccf45ddf0a0a0d~tplv-tiktokx-cropcenter:100:100.jpg?dr=9640&refresh_token=2d0d7041&x-expires=1756281600&x-signature=6RRh0sV%2BMiFopbDnto6in1a21L8%3D&t=4d5b0474&ps=13740610&shp=30310797&shcp=ff37627b&idc=useast5",
                    "_total_reply": null,
                    "_replies": []
                },
                {
                    "_comment_id": "7519552407148921622",
                    "_username": "beadedbylily011",
                    "_nickname": "Beaded by Lily ✨️💗",
                    "_comment": "idk I love everything",
                    "_create_time": "2025-06-24T17:23:59",
                    "_avatar": "https://p16-common-sign-useast2a.tiktokcdn-us.com/tos-useast2a-avt-0068-euttp/518bf1bae422f5c4c0a547bcdb271f2b~tplv-tiktokx-cropcenter:100:100.jpg?dr=9640&refresh_token=a0adb868&x-expires=1756281600&x-signature=GgGVZgrcVzp6O9QWoVheMGMYqw0%3D&t=4d5b0474&ps=13740610&shp=30310797&shcp=ff37627b&idc=useast5",
                    "_total_reply": null,
                    "_replies": []
                }
            ]
        },
        {
            "_comment_id": "7520744565168177927",
            "_username": "gree_lm",
            "_nickname": "⭐🐨✪Gree✪🐨⭐",
            "_comment": "It's like angel dust 😍",
            "_create_time": "2025-06-27T22:30:26",
            "_avatar": "https://p19-common-sign-sg.tiktokcdn-us.com/tos-alisg-avt-0068/055f0eae70cd82f31615aa758ac212cf~tplv-tiktokx-cropcenter:100:100.jpg?dr=9640&refresh_token=67b702b2&x-expires=1756281600&x-signature=E8s%2BEminpZibCq3sRd6pK1NTaBk%3D&t=4d5b0474&ps=13740610&shp=30310797&shcp=ff37627b&idc=useast5",
            "_total_reply": 0,
            "_replies": []
        },
        {
            "_comment_id": "7519787680872563478",
            "_username": "jamboreewedding",
            "_nickname": "bree | 2025 bride",
            "_comment": "This is heaven",
            "_create_time": "2025-06-25T08:36:59",
            "_avatar": "https://p19-common-sign-useast2a.tiktokcdn-us.com/tos-useast2a-avt-0068-euttp/9a681f269fa4552099809e3eb1940f4b~tplv-tiktokx-cropcenter:100:100.jpg?dr=9640&refresh_token=9a3704eb&x-expires=1756281600&x-signature=81WtGHN0jTRmoryt9FNdT%2FBl3vY%3D&t=4d5b0474&ps=13740610&shp=30310797&shcp=ff37627b&idc=useast5",
            "_total_reply": 1,
            "_replies": [
                {
                    "_comment_id": "7519919788162056982",
                    "_username": "lancome.official",
                    "_nickname": "Lancôme",
                    "_comment": "Juicy Tubes heaven ✨",
                    "_create_time": "2025-06-25T17:09:37",
                    "_avatar": "https://p16-common-sign-va.tiktokcdn-us.com/tos-maliva-avt-0068/9424f6caa6a8781766ccf45ddf0a0a0d~tplv-tiktokx-cropcenter:100:100.jpg?dr=9640&refresh_token=2d0d7041&x-expires=1756281600&x-signature=6RRh0sV%2BMiFopbDnto6in1a21L8%3D&t=4d5b0474&ps=13740610&shp=30310797&shcp=ff37627b&idc=useast5",
                    "_total_reply": null,
                    "_replies": []
                }
            ]
        },
        {
            "_comment_id": "7519542902813475604",
            "_username": "saja_review",
            "_nickname": "Saja_review",
            "_comment": "Woww 😭💕💕💕",
            "_create_time": "2025-06-24T16:47:00",
            "_avatar": "https://p16-common-sign-sg.tiktokcdn-us.com/tos-alisg-avt-0068/032698077c0624392418628034505c40~tplv-tiktokx-cropcenter:100:100.jpg?dr=9640&refresh_token=a524f264&x-expires=1756281600&x-signature=YV2Uwxaa43JzPBezK8o8qJGS2PA%3D&t=4d5b0474&ps=13740610&shp=30310797&shcp=ff37627b&idc=useast5",
            "_total_reply": 0,
            "_replies": []
        },
        {
            "_comment_id": "7524320458843734801",
            "_username": "boring22",
            "_nickname": "noBoDy🌻",
            "_comment": "This shade is made for livies💜✨",
            "_create_time": "2025-07-07T13:46:26",
            "_avatar": "https://p16-common-sign-sg.tiktokcdn-us.com/tos-alisg-avt-0068/ed937d7e9b9c5fa3e3f4fe113697004b~tplv-tiktokx-cropcenter:100:100.jpg?dr=9640&refresh_token=48787775&x-expires=1756281600&x-signature=qxJf%2BcWEbAEtWBDvHgC%2BqbWrXe8%3D&t=4d5b0474&ps=13740610&shp=30310797&shcp=ff37627b&idc=useast5",
            "_total_reply": 0,
            "_replies": []
        },
        {
            "_comment_id": "7519553415602520854",
            "_username": "sophieclark67",
            "_nickname": "⭐️🌀Sophie🌷⚽️",
            "_comment": "Tell Olivia I love her and her music ❤️",
            "_create_time": "2025-06-24T17:27:55",
            "_avatar": "https://p16-common-sign-va.tiktokcdn-us.com/tos-maliva-avt-0068/c6d112056995ebffa98971bb610dedc0~tplv-tiktokx-cropcenter:100:100.jpg?dr=9640&refresh_token=ef2ba37e&x-expires=1756281600&x-signature=bGcvF8Mgy2VRX3Kabl6t3eMAgH4%3D&t=4d5b0474&ps=13740610&shp=30310797&shcp=ff37627b&idc=useast5",
            "_total_reply": 0,
            "_replies": []
        },
        {
            "_comment_id": "7522664437947106053",
            "_username": "brookelynnbaume",
            "_nickname": "Livie4life🎶🦋",
            "_comment": "UGHHH I WANTTT 💜💜💜!(especially since olivia uses it 😂)",
            "_create_time": "2025-07-03T02:40:20",
            "_avatar": "https://p16-common-sign-va.tiktokcdn-us.com/tos-maliva-avt-0068/6edff8a064238c9e3fa1d6d44ac3a2f4~tplv-tiktokx-cropcenter:100:100.jpg?dr=9640&refresh_token=0943ba29&x-expires=1756281600&x-signature=GpSyMI6Ye%2Ff8DSXY9znnvpYZHl8%3D&t=4d5b0474&ps=13740610&shp=30310797&shcp=ff37627b&idc=useast5",
            "_total_reply": 0,
            "_replies": []
        },
        {
            "_comment_id": "7519565884864987910",
            "_username": "mishagulam",
            "_nickname": "misha ⭐️",
            "_comment": "It’s giving oliviaaaaa💜💜",
            "_create_time": "2025-06-24T18:16:13",
            "_avatar": "https://p16-common-sign-va.tiktokcdn-us.com/tos-maliva-avt-0068/485d3fb699e34a5351a76fb5ee7767ec~tplv-tiktokx-cropcenter:100:100.jpg?dr=9640&refresh_token=20f342b3&x-expires=1756281600&x-signature=C%2F0HbGXmlCD5%2BfHuDtryF3V%2FJg0%3D&t=4d5b0474&ps=13740610&shp=30310797&shcp=ff37627b&idc=useast5",
            "_total_reply": 2,
            "_replies": [
                {
                    "_comment_id": "7519919630745518870",
                    "_username": "lancome.official",
                    "_nickname": "Lancôme",
                    "_comment": "It truly is ✨",
                    "_create_time": "2025-06-25T17:09:03",
                    "_avatar": "https://p16-common-sign-va.tiktokcdn-us.com/tos-maliva-avt-0068/9424f6caa6a8781766ccf45ddf0a0a0d~tplv-tiktokx-cropcenter:100:100.jpg?dr=9640&refresh_token=2d0d7041&x-expires=1756281600&x-signature=6RRh0sV%2BMiFopbDnto6in1a21L8%3D&t=4d5b0474&ps=13740610&shp=30310797&shcp=ff37627b&idc=useast5",
                    "_total_reply": null,
                    "_replies": []
                },
                {
                    "_comment_id": "7522154585361122103",
                    "_username": "emelyyyyyy.yy",
                    "_nickname": "☺︎✩❀emely☺︎✩❀",
                    "_comment": "She just collabed with Lancôme",
                    "_create_time": "2025-07-01T17:41:58",
                    "_avatar": "https://p19-sign.tiktokcdn-us.com/tos-useast5-avt-0068-tx/3821df85e512a2a7e5eb1aa812dae0a0~tplv-tiktokx-cropcenter:100:100.jpg?dr=9640&refresh_token=ccdba304&x-expires=1756281600&x-signature=ZQNbjJumFyd2UxztkeN52U90SCA%3D&t=4d5b0474&ps=13740610&shp=30310797&shcp=ff37627b&idc=useast5",
                    "_total_reply": null,
                    "_replies": []
                }
            ]
        },
        {
            "_comment_id": "7519622328566874903",
            "_username": "marineecnt",
            "_nickname": "Marine - skincare 🫧",
            "_comment": "I might need this one for my juicy summer 💜🪻✨🌊 I definitely want to try a lavender latte as a pro coffee girly ☕️",
            "_create_time": "2025-06-24T21:55:17",
            "_avatar": "https://p16-common-sign-va.tiktokcdn-us.com/tos-maliva-avt-0068/a2fb15f6ad272420af4cad7e4dfb7e53~tplv-tiktokx-cropcenter:100:100.jpg?dr=9640&refresh_token=395fe818&x-expires=1756281600&x-signature=EXgkVgwn8R67rj79mNZieSoWgko%3D&t=4d5b0474&ps=13740610&shp=30310797&shcp=ff37627b&idc=useast5",
            "_total_reply": 2,
            "_replies": [
                {
                    "_comment_id": "7519919272437957398",
                    "_username": "lancome.official",
                    "_nickname": "Lancôme",
                    "_comment": "You need Lavender Latte in your collection 💜",
                    "_create_time": "2025-06-25T17:07:36",
                    "_avatar": "https://p16-common-sign-va.tiktokcdn-us.com/tos-maliva-avt-0068/9424f6caa6a8781766ccf45ddf0a0a0d~tplv-tiktokx-cropcenter:100:100.jpg?dr=9640&refresh_token=2d0d7041&x-expires=1756281600&x-signature=6RRh0sV%2BMiFopbDnto6in1a21L8%3D&t=4d5b0474&ps=13740610&shp=30310797&shcp=ff37627b&idc=useast5",
                    "_total_reply": null,
                    "_replies": []
                },
                {
                    "_comment_id": "7519959330995864343",
                    "_username": "marineecnt",
                    "_nickname": "Marine - skincare 🫧",
                    "_comment": "Manifesting to finally be in your French PR ✨✨ already can’t live without spring fling 🦩 and hallucination ☄️🫶🏼",
                    "_create_time": "2025-06-25T19:43:02",
                    "_avatar": "https://p16-common-sign-va.tiktokcdn-us.com/tos-maliva-avt-0068/a2fb15f6ad272420af4cad7e4dfb7e53~tplv-tiktokx-cropcenter:100:100.jpg?dr=9640&refresh_token=395fe818&x-expires=1756281600&x-signature=EXgkVgwn8R67rj79mNZieSoWgko%3D&t=4d5b0474&ps=13740610&shp=30310797&shcp=ff37627b&idc=useast5",
                    "_total_reply": null,
                    "_replies": []
                }
            ]
        },
        {
            "_comment_id": "7520710793798173462",
            "_username": "30tkaa",
            "_nickname": "Róża",
            "_comment": "piękne to jest 🥰",
            "_create_time": "2025-06-27T20:19:05",
            "_avatar": "https://p16-common-sign-va.tiktokcdn-us.com/tos-maliva-avt-0068/25595e697831c3fbb60eb0b3072a71fd~tplv-tiktokx-cropcenter:100:100.jpg?dr=9640&refresh_token=6f786d01&x-expires=1756281600&x-signature=QdvS2umhDKQYaLaNgt%2Bg28L%2FrLU%3D&t=4d5b0474&ps=13740610&shp=30310797&shcp=ff37627b&idc=useast5",
            "_total_reply": 0,
            "_replies": []
        },
        {
            "_comment_id": "7519963632584491798",
            "_username": "miss.inga",
            "_nickname": "Inga",
            "_comment": "I’m obsessed with this shade 😍",
            "_create_time": "2025-06-25T19:59:45",
            "_avatar": "https://p16-common-sign-va.tiktokcdn-us.com/tos-maliva-avt-0068/b096fc150f4cf3426d67f3a5044368df~tplv-tiktokx-cropcenter:100:100.jpg?dr=9640&refresh_token=f9496c06&x-expires=1756281600&x-signature=7fUq19dXFL7NgYk4Hp6cWewNErk%3D&t=4d5b0474&ps=13740610&shp=30310797&shcp=ff37627b&idc=useast5",
            "_total_reply": 0,
            "_replies": []
        },
        {
            "_comment_id": "7519535302361875207",
            "_username": "mari_is_supercool",
            "_nickname": "Marii ᵒᴿ",
            "_comment": "I LOVE ITT,so cool 💜",
            "_create_time": "2025-06-24T16:17:30",
            "_avatar": "https://p16-common-sign-sg.tiktokcdn-us.com/tos-alisg-avt-0068/fd957c4a17ba610ad99188830526e657~tplv-tiktokx-cropcenter:100:100.jpg?dr=9640&refresh_token=4be7e822&x-expires=1756281600&x-signature=sD5fjL2WHeXv678Y8oMBbQ2a8Rw%3D&t=4d5b0474&ps=13740610&shp=30310797&shcp=ff37627b&idc=useast5",
            "_total_reply": 2,
            "_replies": [
                {
                    "_comment_id": "7519542283407606550",
                    "_username": "lancome.official",
                    "_nickname": "Lancôme",
                    "_comment": "We love it more 🤭",
                    "_create_time": "2025-06-24T16:44:41",
                    "_avatar": "https://p16-common-sign-va.tiktokcdn-us.com/tos-maliva-avt-0068/9424f6caa6a8781766ccf45ddf0a0a0d~tplv-tiktokx-cropcenter:100:100.jpg?dr=9640&refresh_token=2d0d7041&x-expires=1756281600&x-signature=6RRh0sV%2BMiFopbDnto6in1a21L8%3D&t=4d5b0474&ps=13740610&shp=30310797&shcp=ff37627b&idc=useast5",
                    "_total_reply": null,
                    "_replies": []
                },
                {
                    "_comment_id": "7519639253442462482",
                    "_username": "mari_is_supercool",
                    "_nickname": "Marii ᵒᴿ",
                    "_comment": "@jazz",
                    "_create_time": "2025-06-24T23:01:01",
                    "_avatar": "https://p16-common-sign-sg.tiktokcdn-us.com/tos-alisg-avt-0068/fd957c4a17ba610ad99188830526e657~tplv-tiktokx-cropcenter:100:100.jpg?dr=9640&refresh_token=4be7e822&x-expires=1756281600&x-signature=sD5fjL2WHeXv678Y8oMBbQ2a8Rw%3D&t=4d5b0474&ps=13740610&shp=30310797&shcp=ff37627b&idc=useast5",
                    "_total_reply": null,
                    "_replies": []
                }
            ]
        },
        {
            "_comment_id": "7519535160745820936",
            "_username": "mari_is_supercool",
            "_nickname": "Marii ᵒᴿ",
            "_comment": "SECONDDD I LOVE IT!",
            "_create_time": "2025-06-24T16:16:56",
            "_avatar": "https://p16-common-sign-sg.tiktokcdn-us.com/tos-alisg-avt-0068/fd957c4a17ba610ad99188830526e657~tplv-tiktokx-cropcenter:100:100.jpg?dr=9640&refresh_token=4be7e822&x-expires=1756281600&x-signature=sD5fjL2WHeXv678Y8oMBbQ2a8Rw%3D&t=4d5b0474&ps=13740610&shp=30310797&shcp=ff37627b&idc=useast5",
            "_total_reply": 2,
            "_replies": [
                {
                    "_comment_id": "7519542322149901078",
                    "_username": "lancome.official",
                    "_nickname": "Lancôme",
                    "_comment": "You’re not the only one 😍",
                    "_create_time": "2025-06-24T16:44:49",
                    "_avatar": "https://p16-common-sign-va.tiktokcdn-us.com/tos-maliva-avt-0068/9424f6caa6a8781766ccf45ddf0a0a0d~tplv-tiktokx-cropcenter:100:100.jpg?dr=9640&refresh_token=2d0d7041&x-expires=1756281600&x-signature=6RRh0sV%2BMiFopbDnto6in1a21L8%3D&t=4d5b0474&ps=13740610&shp=30310797&shcp=ff37627b&idc=useast5",
                    "_total_reply": null,
                    "_replies": []
                },
                {
                    "_comment_id": "7519639160714461970",
                    "_username": "mari_is_supercool",
                    "_nickname": "Marii ᵒᴿ",
                    "_comment": "@jazz",
                    "_create_time": "2025-06-24T23:00:41",
                    "_avatar": "https://p16-common-sign-sg.tiktokcdn-us.com/tos-alisg-avt-0068/fd957c4a17ba610ad99188830526e657~tplv-tiktokx-cropcenter:100:100.jpg?dr=9640&refresh_token=4be7e822&x-expires=1756281600&x-signature=sD5fjL2WHeXv678Y8oMBbQ2a8Rw%3D&t=4d5b0474&ps=13740610&shp=30310797&shcp=ff37627b&idc=useast5",
                    "_total_reply": null,
                    "_replies": []
                }
            ]
        },
        {
            "_comment_id": "7519927324113535751",
            "_username": "jaquiii2012",
            "_nickname": "jaquiii2012",
            "_comment": "I love,is pretty 💚💚💚",
            "_create_time": "2025-06-25T17:38:46",
            "_avatar": "https://p16-common-sign-sg.tiktokcdn-us.com/tos-alisg-avt-0068/b56ee9805e607167bb5caf0452db62d8~tplv-tiktokx-cropcenter:100:100.jpg?dr=9640&refresh_token=41c6e093&x-expires=1756281600&x-signature=XaNa45OK35CqBWx3v8ZAETb%2Bf28%3D&t=4d5b0474&ps=13740610&shp=30310797&shcp=ff37627b&idc=useast5",
            "_total_reply": 0,
            "_replies": []
        },
        {
            "_comment_id": "7519534753826079510",
            "_username": "mxwain",
            "_nickname": "𝐌𝐚𝐢𝐬𝐢𝐞 🌸",
            "_comment": "OLIVIAA ??? 💜💜💜",
            "_create_time": "2025-06-24T16:15:25",
            "_avatar": "https://p16-common-sign-useast2a.tiktokcdn-us.com/tos-useast2a-avt-0068-euttp/1d6b7992b826a978ed5361ab284f4067~tplv-tiktokx-cropcenter:100:100.jpg?dr=9640&refresh_token=af853eb9&x-expires=1756281600&x-signature=NVSQB4yzv4Jig5I0iYE2D4Ht%2BvA%3D&t=4d5b0474&ps=13740610&shp=30310797&shcp=ff37627b&idc=useast5",
            "_total_reply": 1,
            "_replies": [
                {
                    "_comment_id": "7519541898634101526",
                    "_username": "lancome.official",
                    "_nickname": "Lancôme",
                    "_comment": "Her favorite shade 🤭",
                    "_create_time": "2025-06-24T16:43:07",
                    "_avatar": "https://p16-common-sign-va.tiktokcdn-us.com/tos-maliva-avt-0068/9424f6caa6a8781766ccf45ddf0a0a0d~tplv-tiktokx-cropcenter:100:100.jpg?dr=9640&refresh_token=2d0d7041&x-expires=1756281600&x-signature=6RRh0sV%2BMiFopbDnto6in1a21L8%3D&t=4d5b0474&ps=13740610&shp=30310797&shcp=ff37627b&idc=useast5",
                    "_total_reply": null,
                    "_replies": []
                }
            ]
        },
        {
            "_comment_id": "7519602776682038018",
            "_username": "ojazmin28",
            "_nickname": "jazmin",
            "_comment": "i'm so obsessed with this and olivia💜",
            "_create_time": "2025-06-24T20:39:25",
            "_avatar": "https://p16-common-sign-va.tiktokcdn-us.com/tos-maliva-avt-0068/11bfeb0e20cf3d2cf538d79e7230524b~tplv-tiktokx-cropcenter:100:100.jpg?dr=9640&refresh_token=a48d5135&x-expires=1756281600&x-signature=DhOP7Xfnof4JnPzTNTqUMM9Igwo%3D&t=4d5b0474&ps=13740610&shp=30310797&shcp=ff37627b&idc=useast5",
            "_total_reply": 2,
            "_replies": [
                {
                    "_comment_id": "7519919325325558550",
                    "_username": "lancome.official",
                    "_nickname": "Lancôme",
                    "_comment": "You and us both ✨",
                    "_create_time": "2025-06-25T17:07:52",
                    "_avatar": "https://p16-common-sign-va.tiktokcdn-us.com/tos-maliva-avt-0068/9424f6caa6a8781766ccf45ddf0a0a0d~tplv-tiktokx-cropcenter:100:100.jpg?dr=9640&refresh_token=2d0d7041&x-expires=1756281600&x-signature=6RRh0sV%2BMiFopbDnto6in1a21L8%3D&t=4d5b0474&ps=13740610&shp=30310797&shcp=ff37627b&idc=useast5",
                    "_total_reply": null,
                    "_replies": []
                },
                {
                    "_comment_id": "7522154674838012686",
                    "_username": "emelyyyyyy.yy",
                    "_nickname": "☺︎✩❀emely☺︎✩❀",
                    "_comment": "She just collabed with Lancôme",
                    "_create_time": "2025-07-01T17:42:10",
                    "_avatar": "https://p19-sign.tiktokcdn-us.com/tos-useast5-avt-0068-tx/3821df85e512a2a7e5eb1aa812dae0a0~tplv-tiktokx-cropcenter:100:100.jpg?dr=9640&refresh_token=ccdba304&x-expires=1756281600&x-signature=ZQNbjJumFyd2UxztkeN52U90SCA%3D&t=4d5b0474&ps=13740610&shp=30310797&shcp=ff37627b&idc=useast5",
                    "_total_reply": null,
                    "_replies": []
                }
            ]
        },
        {
            "_comment_id": "7519565926951863062",
            "_username": "22_livieforlife_22",
            "_nickname": "𝓜𝓲𝓪ᵒᴿ",
            "_comment": "Early!",
            "_create_time": "2025-06-24T18:16:32",
            "_avatar": "https://p19-common-sign-va.tiktokcdn-us.com/tos-maliva-avt-0068/119e03eb023243deceabb2139701c90e~tplv-tiktokx-cropcenter:100:100.jpg?dr=9640&refresh_token=bfa3724d&x-expires=1756281600&x-signature=GUf%2FhfucVT7N3C8e9pNhPkxCctM%3D&t=4d5b0474&ps=13740610&shp=30310797&shcp=ff37627b&idc=useast5",
            "_total_reply": 0,
            "_replies": []
        },
        {
            "_comment_id": "7520422937439290118",
            "_username": "livyx0c",
            "_nickname": "Livyy 🤍",
            "_comment": "This color reminds me of Olivia 🤭💗",
            "_create_time": "2025-06-27T01:42:02",
            "_avatar": "https://p16-common-sign-sg.tiktokcdn-us.com/tos-alisg-avt-0068/53c34c905ee9060ecb59c35c9bb4e8a3~tplv-tiktokx-cropcenter:100:100.jpg?dr=9640&refresh_token=2360dbbd&x-expires=1756281600&x-signature=zE%2BdH6aNY%2FXhNMrcbmHH%2F5KXh8A%3D&t=4d5b0474&ps=13740610&shp=30310797&shcp=ff37627b&idc=useast5",
            "_total_reply": 0,
            "_replies": []
        },
        {
            "_comment_id": "7519534600907080470",
            "_username": "pippimooncie0",
            "_nickname": "𝐩𝐢𝐩𝐩𝐢 ⸆⸉",
            "_comment": "FIRST",
            "_create_time": "2025-06-24T16:14:54",
            "_avatar": "https://p16-common-sign-va.tiktokcdn-us.com/tos-maliva-avt-0068/43be3019effee91c3aafe9b801a6b474~tplv-tiktokx-cropcenter:100:100.jpg?dr=9640&refresh_token=2cde4bc8&x-expires=1756281600&x-signature=l2DG%2Bz9koYB4aOSpNIBGT5PsE4k%3D&t=4d5b0474&ps=13740610&shp=30310797&shcp=ff37627b&idc=useast5",
            "_total_reply": 1,
            "_replies": [
                {
                    "_comment_id": "7519542474219668246",
                    "_username": "lancome.official",
                    "_nickname": "Lancôme",
                    "_comment": "Hi ✨",
                    "_create_time": "2025-06-24T16:45:28",
                    "_avatar": "https://p16-common-sign-va.tiktokcdn-us.com/tos-maliva-avt-0068/9424f6caa6a8781766ccf45ddf0a0a0d~tplv-tiktokx-cropcenter:100:100.jpg?dr=9640&refresh_token=2d0d7041&x-expires=1756281600&x-signature=6RRh0sV%2BMiFopbDnto6in1a21L8%3D&t=4d5b0474&ps=13740610&shp=30310797&shcp=ff37627b&idc=useast5",
                    "_total_reply": null,
                    "_replies": []
                }
            ]
        },
        {
            "_comment_id": "7519601090326119190",
            "_username": "anca_2024",
            "_nickname": "Anca 💖",
            "_comment": "Sooo juicy 💜💜💜",
            "_create_time": "2025-06-24T20:32:50",
            "_avatar": "https://p16-common-sign-useast2a.tiktokcdn-us.com/tos-useast2a-avt-0068-euttp/4ffd5989450ecc3d5fd91c7e53a095f0~tplv-tiktokx-cropcenter:100:100.jpg?dr=9640&refresh_token=c0499019&x-expires=1756281600&x-signature=u1WqN8jjhCAp8SIH5ebD2W8QULc%3D&t=4d5b0474&ps=13740610&shp=30310797&shcp=ff37627b&idc=useast5",
            "_total_reply": 1,
            "_replies": [
                {
                    "_comment_id": "7519919145891906326",
                    "_username": "lancome.official",
                    "_nickname": "Lancôme",
                    "_comment": "The juiciest 😘✨",
                    "_create_time": "2025-06-25T17:07:07",
                    "_avatar": "https://p16-common-sign-va.tiktokcdn-us.com/tos-maliva-avt-0068/9424f6caa6a8781766ccf45ddf0a0a0d~tplv-tiktokx-cropcenter:100:100.jpg?dr=9640&refresh_token=2d0d7041&x-expires=1756281600&x-signature=6RRh0sV%2BMiFopbDnto6in1a21L8%3D&t=4d5b0474&ps=13740610&shp=30310797&shcp=ff37627b&idc=useast5",
                    "_total_reply": null,
                    "_replies": []
                }
            ]
        },
        {
            "_comment_id": "7519557316849910550",
            "_username": "nragll",
            "_nickname": "Noor",
            "_comment": "I am soooooo happy they are back🥰🥰🥰all my teenage girl memos back😍",
            "_create_time": "2025-06-24T17:43:01",
            "_avatar": "https://p16-common-sign-va.tiktokcdn-us.com/tos-maliva-avt-0068/255ad485524fe8decb70e3d45b901ee0~tplv-tiktokx-cropcenter:100:100.jpg?dr=9640&refresh_token=87656b51&x-expires=1756281600&x-signature=FlIGXXQagic1%2BvpbZZSae3yzE2Y%3D&t=4d5b0474&ps=13740610&shp=30310797&shcp=ff37627b&idc=useast5",
            "_total_reply": 1,
            "_replies": [
                {
                    "_comment_id": "7519919282996167446",
                    "_username": "lancome.official",
                    "_nickname": "Lancôme",
                    "_comment": "Juicy Tubes forever 💋✨",
                    "_create_time": "2025-06-25T17:07:46",
                    "_avatar": "https://p16-common-sign-va.tiktokcdn-us.com/tos-maliva-avt-0068/9424f6caa6a8781766ccf45ddf0a0a0d~tplv-tiktokx-cropcenter:100:100.jpg?dr=9640&refresh_token=2d0d7041&x-expires=1756281600&x-signature=6RRh0sV%2BMiFopbDnto6in1a21L8%3D&t=4d5b0474&ps=13740610&shp=30310797&shcp=ff37627b&idc=useast5",
                    "_total_reply": null,
                    "_replies": []
                }
            ]
        },
        {
            "_comment_id": "7519850777901433622",
            "_username": "oliviasxngel",
            "_nickname": "Gabrielle (𝓈𝓅𝒾𝓁𝓁𝑒𝒹)⸆⸉⚓︎",
            "_comment": "LOVE ITTTT!!",
            "_create_time": "2025-06-25T12:41:48",
            "_avatar": "https://p16-common-sign-va.tiktokcdn-us.com/tos-maliva-avt-0068/63c7e775e3f03f4b16660a190c9adf06~tplv-tiktokx-cropcenter:100:100.jpg?dr=9640&refresh_token=dbafdb56&x-expires=1756281600&x-signature=AoblK33M4THF5Brka7GyikSlkns%3D&t=4d5b0474&ps=13740610&shp=30310797&shcp=ff37627b&idc=useast5",
            "_total_reply": 2,
            "_replies": [
                {
                    "_comment_id": "7519929001063760662",
                    "_username": "oliviasxngel",
                    "_nickname": "Gabrielle (𝓈𝓅𝒾𝓁𝓁𝑒𝒹)⸆⸉⚓︎",
                    "_comment": "oh of course!! 💜",
                    "_create_time": "2025-06-25T17:45:24",
                    "_avatar": "https://p16-common-sign-va.tiktokcdn-us.com/tos-maliva-avt-0068/63c7e775e3f03f4b16660a190c9adf06~tplv-tiktokx-cropcenter:100:100.jpg?dr=9640&refresh_token=dbafdb56&x-expires=1756281600&x-signature=AoblK33M4THF5Brka7GyikSlkns%3D&t=4d5b0474&ps=13740610&shp=30310797&shcp=ff37627b&idc=useast5",
                    "_total_reply": null,
                    "_replies": []
                }
            ]
        },
        {
            "_comment_id": "7519751472193291030",
            "_username": "mamyii_dbzzl",
            "_nickname": "mamyii",
            "_comment": "Oh wooow 😍💜",
            "_create_time": "2025-06-25T06:16:41",
            "_avatar": "https://p16-common-sign-useast2a.tiktokcdn-us.com/tos-useast2a-avt-0068-euttp/f2ac30bc8c34b0a17fae0478c99e76cb~tplv-tiktokx-cropcenter:100:100.jpg?dr=9640&refresh_token=d7dee364&x-expires=1756281600&x-signature=9emgjddbSEzY6B2rykoCSNSgk88%3D&t=4d5b0474&ps=13740610&shp=30310797&shcp=ff37627b&idc=useast5",
            "_total_reply": 2,
            "_replies": [
                {
                    "_comment_id": "7519919510102213378",
                    "_username": "lancome.official",
                    "_nickname": "Lancôme",
                    "_comment": "She’s a beauty isn’t she? 🥰",
                    "_create_time": "2025-06-25T17:08:36",
                    "_avatar": "https://p16-common-sign-va.tiktokcdn-us.com/tos-maliva-avt-0068/9424f6caa6a8781766ccf45ddf0a0a0d~tplv-tiktokx-cropcenter:100:100.jpg?dr=9640&refresh_token=2d0d7041&x-expires=1756281600&x-signature=6RRh0sV%2BMiFopbDnto6in1a21L8%3D&t=4d5b0474&ps=13740610&shp=30310797&shcp=ff37627b&idc=useast5",
                    "_total_reply": null,
                    "_replies": []
                },
                {
                    "_comment_id": "7519933685657273110",
                    "_username": "mamyii_dbzzl",
                    "_nickname": "mamyii",
                    "_comment": "She is !! Definitely 😍",
                    "_create_time": "2025-06-25T18:03:36",
                    "_avatar": "https://p16-common-sign-useast2a.tiktokcdn-us.com/tos-useast2a-avt-0068-euttp/f2ac30bc8c34b0a17fae0478c99e76cb~tplv-tiktokx-cropcenter:100:100.jpg?dr=9640&refresh_token=d7dee364&x-expires=1756281600&x-signature=9emgjddbSEzY6B2rykoCSNSgk88%3D&t=4d5b0474&ps=13740610&shp=30310797&shcp=ff37627b&idc=useast5",
                    "_total_reply": null,
                    "_replies": []
                }
            ]
        },
        {
            "_comment_id": "7519538992658481942",
            "_username": "blondice",
            "_nickname": "Blondice ✨ | Beauty Addict",
            "_comment": "La couleur 🤩",
            "_create_time": "2025-06-24T16:31:56",
            "_avatar": "https://p16-common-sign-va.tiktokcdn-us.com/tos-maliva-avt-0068/bec80963d6fc65b262674e7405cabd60~tplv-tiktokx-cropcenter:100:100.jpg?dr=9640&refresh_token=31cfca2a&x-expires=1756281600&x-signature=v0loCqjsGxza4AK2q3xVmpTQWcQ%3D&t=4d5b0474&ps=13740610&shp=30310797&shcp=ff37627b&idc=useast5",
            "_total_reply": 0,
            "_replies": []
        },
        {
            "_comment_id": "7519536225675821832",
            "_username": "sahar8196",
            "_nickname": "sahar✨💗",
            "_comment": "Omgggg😍😍😍",
            "_create_time": "2025-06-24T16:21:07",
            "_avatar": "https://p16-common-sign-sg.tiktokcdn-us.com/tos-alisg-avt-0068/ee179da676211fc1d427525d4e11bbdb~tplv-tiktokx-cropcenter:100:100.jpg?dr=9640&refresh_token=47f2a347&x-expires=1756281600&x-signature=rmb3lpsiz9%2F%2BOIhGrLKtRAvRIJw%3D&t=4d5b0474&ps=13740610&shp=30310797&shcp=ff37627b&idc=useast5",
            "_total_reply": 1,
            "_replies": [
                {
                    "_comment_id": "7519541782250865430",
                    "_username": "lancome.official",
                    "_nickname": "Lancôme",
                    "_comment": "Juicy right? 🤭",
                    "_create_time": "2025-06-24T16:42:44",
                    "_avatar": "https://p16-common-sign-va.tiktokcdn-us.com/tos-maliva-avt-0068/9424f6caa6a8781766ccf45ddf0a0a0d~tplv-tiktokx-cropcenter:100:100.jpg?dr=9640&refresh_token=2d0d7041&x-expires=1756281600&x-signature=6RRh0sV%2BMiFopbDnto6in1a21L8%3D&t=4d5b0474&ps=13740610&shp=30310797&shcp=ff37627b&idc=useast5",
                    "_total_reply": null,
                    "_replies": []
                }
            ]
        },
        {
            "_comment_id": "7519707567552414472",
            "_username": "consty160",
            "_nickname": "cons",
            "_comment": "woww i want this 😭💗",
            "_create_time": "2025-06-25T03:29:06",
            "_avatar": "https://p16-common-sign-sg.tiktokcdn-us.com/tos-alisg-avt-0068/0994ece1bc78835393b751c815a7df6a~tplv-tiktokx-cropcenter:100:100.jpg?dr=9640&refresh_token=89bcc0b8&x-expires=1756281600&x-signature=rVf3jAeY2IoEYCD4Z4adAwGBwhU%3D&t=4d5b0474&ps=13740610&shp=30310797&shcp=ff37627b&idc=useast5",
            "_total_reply": 1,
            "_replies": [
                {
                    "_comment_id": "7519919895325524758",
                    "_username": "lancome.official",
                    "_nickname": "Lancôme",
                    "_comment": "This is your sign 🤭✨",
                    "_create_time": "2025-06-25T17:10:00",
                    "_avatar": "https://p16-common-sign-va.tiktokcdn-us.com/tos-maliva-avt-0068/9424f6caa6a8781766ccf45ddf0a0a0d~tplv-tiktokx-cropcenter:100:100.jpg?dr=9640&refresh_token=2d0d7041&x-expires=1756281600&x-signature=6RRh0sV%2BMiFopbDnto6in1a21L8%3D&t=4d5b0474&ps=13740610&shp=30310797&shcp=ff37627b&idc=useast5",
                    "_total_reply": null,
                    "_replies": []
                }
            ]
        },
        {
            "_comment_id": "7519591633973854982",
            "_username": "lilaminha",
            "_nickname": "wrsalicezz",
            "_comment": "Lancome",
            "_create_time": "2025-06-24T19:56:06",
            "_avatar": "https://p16-common-sign-va.tiktokcdn-us.com/tos-maliva-avt-0068/86e3d7ad287e8054d94b2cceb08bd46d~tplv-tiktokx-cropcenter:100:100.jpg?dr=9640&refresh_token=359d6bb3&x-expires=1756281600&x-signature=HP2m3onsIZL2oDi0k%2F6Y93sPlY8%3D&t=4d5b0474&ps=13740610&shp=30310797&shcp=ff37627b&idc=useast5",
            "_total_reply": 0,
            "_replies": []
        },
        {
            "_comment_id": "7519566142253040402",
            "_username": "sabinesinno_",
            "_nickname": "Sabine Sinno",
            "_comment": "Lavender of my dreamsssss💜💜💜💜",
            "_create_time": "2025-06-24T18:17:11",
            "_avatar": "https://p16-common-sign-sg.tiktokcdn-us.com/tos-alisg-avt-0068/7e32a842b6e918859b3445595bbbbf7e~tplv-tiktokx-cropcenter:100:100.jpg?dr=9640&refresh_token=223bc812&x-expires=1756281600&x-signature=Q5Lcrq0OgSHzKcKGhbiOM0oM5MQ%3D&t=4d5b0474&ps=13740610&shp=30310797&shcp=ff37627b&idc=useast5",
            "_total_reply": 1,
            "_replies": [
                {
                    "_comment_id": "7519919185972167446",
                    "_username": "lancome.official",
                    "_nickname": "Lancôme",
                    "_comment": "Right? It’s so good 😍",
                    "_create_time": "2025-06-25T17:07:16",
                    "_avatar": "https://p16-common-sign-va.tiktokcdn-us.com/tos-maliva-avt-0068/9424f6caa6a8781766ccf45ddf0a0a0d~tplv-tiktokx-cropcenter:100:100.jpg?dr=9640&refresh_token=2d0d7041&x-expires=1756281600&x-signature=6RRh0sV%2BMiFopbDnto6in1a21L8%3D&t=4d5b0474&ps=13740610&shp=30310797&shcp=ff37627b&idc=useast5",
                    "_total_reply": null,
                    "_replies": []
                }
            ]
        },
        {
            "_comment_id": "7519570057630958342",
            "_username": "xx_yeya",
            "_nickname": "Yeya🫶🏻💘",
            "_comment": "is it Olivia? 😮💗",
            "_create_time": "2025-06-24T18:32:23",
            "_avatar": "https://p16-common-sign-va.tiktokcdn-us.com/tos-maliva-avt-0068/2e7b80d059ec1a450fff51f58f396439~tplv-tiktokx-cropcenter:100:100.jpg?dr=9640&refresh_token=9f869c0b&x-expires=1756281600&x-signature=W5sPEyxgigOQnHzngppWfOKItjI%3D&t=4d5b0474&ps=13740610&shp=30310797&shcp=ff37627b&idc=useast5",
            "_total_reply": 1,
            "_replies": [
                {
                    "_comment_id": "7519920020177077014",
                    "_username": "lancome.official",
                    "_nickname": "Lancôme",
                    "_comment": "It’s her favorite shade 🤭💜",
                    "_create_time": "2025-06-25T17:10:28",
                    "_avatar": "https://p16-common-sign-va.tiktokcdn-us.com/tos-maliva-avt-0068/9424f6caa6a8781766ccf45ddf0a0a0d~tplv-tiktokx-cropcenter:100:100.jpg?dr=9640&refresh_token=2d0d7041&x-expires=1756281600&x-signature=6RRh0sV%2BMiFopbDnto6in1a21L8%3D&t=4d5b0474&ps=13740610&shp=30310797&shcp=ff37627b&idc=useast5",
                    "_total_reply": null,
                    "_replies": []
                }
            ]
        },
        {
            "_comment_id": "7519534805396243208",
            "_username": "celeste.prez008",
            "_nickname": "CELESTE★🎧",
            "_comment": "temprano",
            "_create_time": "2025-06-24T16:15:36",
            "_avatar": "https://p16-common-sign-sg.tiktokcdn-us.com/tos-alisg-avt-0068/e051e5a356cabba2374b26950b82fd72~tplv-tiktokx-cropcenter:100:100.jpg?dr=9640&refresh_token=fd2ac5ee&x-expires=1756281600&x-signature=bfg%2FmoFePfUu9k9xZX%2BIDzIpRGo%3D&t=4d5b0474&ps=13740610&shp=30310797&shcp=ff37627b&idc=useast5",
            "_total_reply": 0,
            "_replies": []
        },
        {
            "_comment_id": "7519963717590401814",
            "_username": "mariliatatsi",
            "_nickname": "★Marilia_Swift_13★",
            "_comment": "omg it is so goodddd and gorgeousssss, i love all your product, can you pls tell olivia that i love herr💜💜💜💜💜💜💜💜💜",
            "_create_time": "2025-06-25T20:00:04",
            "_avatar": "https://p16-common-sign-va.tiktokcdn-us.com/tos-maliva-avt-0068/971761a05b9d4840ab2d39875cc2feab~tplv-tiktokx-cropcenter:100:100.jpg?dr=9640&refresh_token=9aee6bf3&x-expires=1756281600&x-signature=NBVD4uHg1y%2BmKIXens2oTTSshPs%3D&t=4d5b0474&ps=13740610&shp=30310797&shcp=ff37627b&idc=useast5",
            "_total_reply": 0,
            "_replies": []
        },
        {
            "_comment_id": "7519647801342231326",
            "_username": "angelinapeavy",
            "_nickname": "Angelina Peavy",
            "_comment": "Omgggg sparkly I love it",
            "_create_time": "2025-06-24T23:34:26",
            "_avatar": "https://p19-pu-sign-useast8.tiktokcdn-us.com/tos-useast8-avt-0068-tx2/292793033a444b55b936d5b4c765fc09~tplv-tiktokx-cropcenter:100:100.jpg?dr=9640&refresh_token=fe1d7025&x-expires=1756281600&x-signature=d4fkzt95WFzZtxahQUORKHeED0g%3D&t=4d5b0474&ps=13740610&shp=30310797&shcp=ff37627b&idc=useast5",
            "_total_reply": 0,
            "_replies": []
        },
        {
            "_comment_id": "7520018131638387474",
            "_username": "artsbydarc",
            "_nickname": "artsbydarc | art + music🧚🏻",
            "_comment": "Loveeee",
            "_create_time": "2025-06-25T23:31:21",
            "_avatar": "https://p16-common-sign-sg.tiktokcdn-us.com/tos-alisg-avt-0068/14fe7b6e5f749202ddaac399b36b3b6f~tplv-tiktokx-cropcenter:100:100.jpg?dr=9640&refresh_token=ae124481&x-expires=1756281600&x-signature=4DpxuYW6NBczYEd93E1YptecHbI%3D&t=4d5b0474&ps=13740610&shp=30310797&shcp=ff37627b&idc=useast5",
            "_total_reply": 0,
            "_replies": []
        },
        {
            "_comment_id": "7519553346707424022",
            "_username": "sophieclark67",
            "_nickname": "⭐️🌀Sophie🌷⚽️",
            "_comment": "I want one so baddddd ❤️❤️",
            "_create_time": "2025-06-24T17:27:41",
            "_avatar": "https://p16-common-sign-va.tiktokcdn-us.com/tos-maliva-avt-0068/c6d112056995ebffa98971bb610dedc0~tplv-tiktokx-cropcenter:100:100.jpg?dr=9640&refresh_token=ef2ba37e&x-expires=1756281600&x-signature=bGcvF8Mgy2VRX3Kabl6t3eMAgH4%3D&t=4d5b0474&ps=13740610&shp=30310797&shcp=ff37627b&idc=useast5",
            "_total_reply": 0,
            "_replies": []
        },
        {
            "_comment_id": "7519911421775086341",
            "_username": ".myahjane",
            "_nickname": "MYAH JANE",
            "_comment": "Hi Lancôme I would love to be apart of the new launch with Paris Hilton!",
            "_create_time": "2025-06-25T16:37:07",
            "_avatar": "https://p16-common-sign-va.tiktokcdn-us.com/tos-maliva-avt-0068/2446c5fd520df621f61a0701be50e4e3~tplv-tiktokx-cropcenter:100:100.jpg?dr=9640&refresh_token=9e7f675d&x-expires=1756281600&x-signature=yWMu4afI8DjS2B7w3iJ6PVV5Ino%3D&t=4d5b0474&ps=13740610&shp=30310797&shcp=ff37627b&idc=useast5",
            "_total_reply": 0,
            "_replies": []
        },
        {
            "_comment_id": "7519562501626102533",
            "_username": "cielogutierrez07",
            "_nickname": "𝐻𝒶𝒸𝒽𝒾¡★🍓!",
            "_comment": "It's like angel dust",
            "_create_time": "2025-06-24T18:03:06",
            "_avatar": "https://p16-common-sign-va.tiktokcdn-us.com/tos-maliva-avt-0068/10f15886a17e01cd895ec1e897639866~tplv-tiktokx-cropcenter:100:100.jpg?dr=9640&refresh_token=2b305bc4&x-expires=1756281600&x-signature=8d8dyZx0I0KEG4rSr8IFbVm4DHc%3D&t=4d5b0474&ps=13740610&shp=30310797&shcp=ff37627b&idc=useast5",
            "_total_reply": 0,
            "_replies": []
        },
        {
            "_comment_id": "7519553992536720150",
            "_username": "lily4027slay",
            "_nickname": "Lily 💜",
            "_comment": "I'm at her concert rn and I'm vip",
            "_create_time": "2025-06-24T17:30:06",
            "_avatar": "https://p16-common-sign-va.tiktokcdn-us.com/tos-maliva-avt-0068/ab2cfaeef51a5e98c4963bcd769000db~tplv-tiktokx-cropcenter:100:100.jpg?dr=9640&refresh_token=8627b088&x-expires=1756281600&x-signature=aUAUxreuzpWpSOBsTy%2Fju1u52TA%3D&t=4d5b0474&ps=13740610&shp=30310797&shcp=ff37627b&idc=useast5",
            "_total_reply": 0,
            "_replies": []
        },
        {
            "_comment_id": "7519584939605050145",
            "_username": "livieeee29",
            "_nickname": "𝓛𝓲𝓿𝓫𝓮𝓭𝓾𝓶𝓫 𝜗𝜚˚ᴼᴿ",
            "_comment": "I LUF U GUYS AND OLIVIA💜",
            "_create_time": "2025-06-24T19:30:13",
            "_avatar": "https://p16-common-sign-useast2a.tiktokcdn-us.com/tos-useast2a-avt-0068-euttp/ed4bb2efc9bb837af1d1175c240258b0~tplv-tiktokx-cropcenter:100:100.jpg?dr=9640&refresh_token=8526fdb0&x-expires=1756281600&x-signature=noxbcjU0eYB6eAXY3QHEHgY3hpM%3D&t=4d5b0474&ps=13740610&shp=30310797&shcp=ff37627b&idc=useast5",
            "_total_reply": 0,
            "_replies": []
        },
        {
            "_comment_id": "7519545606273237793",
            "_username": "michellekoopsx",
            "_nickname": "Michelle | Founder MiMoria",
            "_comment": "awesome😍🤩",
            "_create_time": "2025-06-24T16:57:33",
            "_avatar": "https://p16-common-sign-va.tiktokcdn-us.com/tos-maliva-avt-0068/d60e0b218b9a0c01ac9e8a5aacfba849~tplv-tiktokx-cropcenter:100:100.jpg?dr=9640&refresh_token=5e34bc20&x-expires=1756281600&x-signature=Z8PbnLcvbq9kscWdhGI%2BSY4R9ak%3D&t=4d5b0474&ps=13740610&shp=30310797&shcp=ff37627b&idc=useast5",
            "_total_reply": 0,
            "_replies": []
        },
        {
            "_comment_id": "7520256703668159254",
            "_username": "daaisysh",
            "_nickname": "daaisysh",
            "_comment": "Cannot wait anymore !! 🫶🙌",
            "_create_time": "2025-06-26T14:57:07",
            "_avatar": "https://p16-common-sign-va.tiktokcdn-us.com/tos-maliva-avt-0068/199cc29c9f3058f40f8980d6f052f527~tplv-tiktokx-cropcenter:100:100.jpg?dr=9640&refresh_token=2466d665&x-expires=1756281600&x-signature=g%2BZB%2BKwrq%2Ba3f%2FvglvfnXAZ2bOA%3D&t=4d5b0474&ps=13740610&shp=30310797&shcp=ff37627b&idc=useast5",
            "_total_reply": 0,
            "_replies": []
        },
        {
            "_comment_id": "7539798068326105887",
            "_username": "alexdmfbadbitch",
            "_nickname": "Alexdmfbadbitch",
            "_comment": "My dreaamm",
            "_create_time": "2025-08-18T06:47:59",
            "_avatar": "https://p16-sign.tiktokcdn-us.com/tos-useast5-avt-0068-tx/449192264a9650192f2575743919d974~tplv-tiktokx-cropcenter:100:100.jpg?dr=9640&refresh_token=80487e55&x-expires=1756281600&x-signature=va8BiUUuV0Nbr69EvXOvqFGi4ng%3D&t=4d5b0474&ps=13740610&shp=30310797&shcp=ff37627b&idc=useast5",
            "_total_reply": 0,
            "_replies": []
        },
        {
            "_comment_id": "7534076847845622546",
            "_username": "ari_liv_31",
            "_nickname": "𝓐𝓷𝓪 𝓟𝓪𝓾",
            "_comment": "Olivia???",
            "_create_time": "2025-08-02T20:46:14",
            "_avatar": "https://p16-common-sign-sg.tiktokcdn-us.com/tos-alisg-avt-0068/1637933744648c7b3f874bdd31f3bcc0~tplv-tiktokx-cropcenter:100:100.jpg?dr=9640&refresh_token=bd9ead7f&x-expires=1756281600&x-signature=AweimPlmIiWJ9LAOXftV4DanmSI%3D&t=4d5b0474&ps=13740610&shp=30310797&shcp=ff37627b&idc=useast5",
            "_total_reply": 0,
            "_replies": []
        },
        {
            "_comment_id": "7519641806629634838",
            "_username": "csenge_loves_u",
            "_nickname": "C🤍🐆",
            "_comment": "OLIVIA??",
            "_create_time": "2025-06-24T23:11:02",
            "_avatar": "https://p16-common-sign-useast2a.tiktokcdn-us.com/tos-useast2a-avt-0068-euttp/aab0a32423f83573c0ab2683980a450f~tplv-tiktokx-cropcenter:100:100.jpg?dr=9640&refresh_token=c7387ffa&x-expires=1756281600&x-signature=vWYCgf2peV3ZyokVX%2B9KJTMIOYE%3D&t=4d5b0474&ps=13740610&shp=30310797&shcp=ff37627b&idc=useast5",
            "_total_reply": 0,
            "_replies": []
        },
        {
            "_comment_id": "7531073090031616823",
            "_username": "drivinghome2u9",
            "_nickname": "Livie44lifeee<3 ★✝️",
            "_comment": "💜💜💜💜💜💜💜",
            "_create_time": "2025-07-25T18:30:18",
            "_avatar": "https://p19-sign.tiktokcdn-us.com/tos-useast5-avt-0068-tx/b3ac789e2ed3d28bf5b80149cd4cac99~tplv-tiktokx-cropcenter:100:100.jpg?dr=9640&refresh_token=1f6907ce&x-expires=1756281600&x-signature=jqc%2B0ohy00agazqHif0vDx8PZ98%3D&t=4d5b0474&ps=13740610&shp=30310797&shcp=ff37627b&idc=useast5",
            "_total_reply": 0,
            "_replies": []
        },
        {
            "_comment_id": "7519535506196841222",
            "_username": "barbiegurl437",
            "_nickname": "𝕨𝕖 𝕝𝕠𝕧𝕖 𝕙𝕖𝕣 💜",
            "_comment": "💜🔮🤍",
            "_create_time": "2025-06-24T16:18:20",
            "_avatar": "https://p16-common-sign-va.tiktokcdn-us.com/tos-maliva-avt-0068/8eeef25792f871790046ca4c351c1891~tplv-tiktokx-cropcenter:100:100.jpg?dr=9640&refresh_token=373ba890&x-expires=1756281600&x-signature=WaaIA5qwbJC%2FszCTytuGIBFSc2Q%3D&t=4d5b0474&ps=13740610&shp=30310797&shcp=ff37627b&idc=useast5",
            "_total_reply": 0,
            "_replies": []
        },
        {
            "_comment_id": "7519594715383186198",
            "_username": "jamilanfds",
            "_nickname": "jamila nfds",
            "_comment": "🌸💜😍",
            "_create_time": "2025-06-24T20:08:10",
            "_avatar": "https://p16-common-sign-va.tiktokcdn-us.com/tos-maliva-avt-0068/85cf99bfaa3ec48e77be4b91f12028c2~tplv-tiktokx-cropcenter:100:100.jpg?dr=9640&refresh_token=2cf4236f&x-expires=1756281600&x-signature=XNy0b6uicAZHcW%2F9C2xvvmk7T8M%3D&t=4d5b0474&ps=13740610&shp=30310797&shcp=ff37627b&idc=useast5",
            "_total_reply": 0,
            "_replies": []
        },
        {
            "_comment_id": "7519803170420359958",
            "_username": "profumerie_beautystar",
            "_nickname": "Beauty Star",
            "_comment": "🥹",
            "_create_time": "2025-06-25T09:37:05",
            "_avatar": "https://p16-common-sign-useast2a.tiktokcdn-us.com/tos-useast2a-avt-0068-euttp/62c4c1a015ac8b24cdd6c6f6f365e188~tplv-tiktokx-cropcenter:100:100.jpg?dr=9640&refresh_token=aa7b54c5&x-expires=1756281600&x-signature=5Efcu8nbxDtvmomqb7n1A5WRN38%3D&t=4d5b0474&ps=13740610&shp=30310797&shcp=ff37627b&idc=useast5",
            "_total_reply": 0,
            "_replies": []
        },
        {
            "_comment_id": "7519746178361148165",
            "_username": "gabshidalgo_",
            "_nickname": "gabriela hidalgo ✮⋆˙",
            "_comment": "💜👀",
            "_create_time": "2025-06-25T05:56:13",
            "_avatar": "https://p16-common-sign-va.tiktokcdn-us.com/tos-maliva-avt-0068/4a618b2779b62d74bd097b31aacdd6e8~tplv-tiktokx-cropcenter:100:100.jpg?dr=9640&refresh_token=e3a6416a&x-expires=1756281600&x-signature=FswzdsWqo1o4hWkyqti%2BDZ0gQ%2B8%3D&t=4d5b0474&ps=13740610&shp=30310797&shcp=ff37627b&idc=useast5",
            "_total_reply": 0,
            "_replies": []
        },
        {
            "_comment_id": "7522397900731826966",
            "_username": "hannah38058",
            "_nickname": "꡴𝐇𝐚𝐧𝐧𝐚𝐡(𝐬𝐩𝐢𝐥𝐥𝐞𝐝)•",
            "_comment": "LANCOMÊ I DARE U TO SHOW OLIVIA THIS COMMENT ( ILYSM LIV ) AND REPLY WITH A VIDEO OF HER REACTING TO IT!💜",
            "_create_time": "2025-07-02T09:25:57",
            "_avatar": "https://p16-common-sign-va.tiktokcdn-us.com/tos-maliva-avt-0068/998f5576f98ddd6f763f6db87fb918fd~tplv-tiktokx-cropcenter:100:100.jpg?dr=9640&refresh_token=2b70c4f7&x-expires=1756281600&x-signature=M0c1VGb4gPKnXpcsfuM4tax6I5k%3D&t=4d5b0474&ps=13740610&shp=30310797&shcp=ff37627b&idc=useast5",
            "_total_reply": 0,
            "_replies": []
        },
        {
            "_comment_id": "7522244667552482070",
            "_username": ".l0gicalll",
            "_nickname": "𝐥𝐢𝐥𝐜𝐬𝐢⛸️💟 ᵒᴿ 𐙚",
            "_comment": "#needthattoseeliv💜",
            "_create_time": "2025-07-01T23:31:23",
            "_avatar": "https://p16-common-sign-va.tiktokcdn-us.com/tos-maliva-avt-0068/8ad945259a9e9365682f0f62f6e5b6c1~tplv-tiktokx-cropcenter:100:100.jpg?dr=9640&refresh_token=d970be77&x-expires=1756281600&x-signature=M6Ed6%2B%2B3UKpJNlvoeHdpgWxvFzY%3D&t=4d5b0474&ps=13740610&shp=30310797&shcp=ff37627b&idc=useast5",
            "_total_reply": 0,
            "_replies": []
        },
        {
            "_comment_id": "7522064282189890311",
            "_username": "oliviafanaccount44",
            "_nickname": "💜Payton💜",
            "_comment": "Is Olivia’s juicy secret a Lancôme thing or is it OR3",
            "_create_time": "2025-07-01T11:51:16",
            "_avatar": "https://p16-common-sign-sg.tiktokcdn-us.com/tos-alisg-avt-0068/74366c108a50a0ba5a5b01f10066a07d~tplv-tiktokx-cropcenter:100:100.jpg?dr=9640&refresh_token=30615dd2&x-expires=1756281600&x-signature=NB6t5ozmzDKv%2BhxjUxuKUD%2B6z8U%3D&t=4d5b0474&ps=13740610&shp=30310797&shcp=ff37627b&idc=useast5",
            "_total_reply": 0,
            "_replies": []
        },
        {
            "_comment_id": "7519723053087015736",
            "_username": "evehos",
            "_nickname": "Evehos",
            "_comment": "😍😍😍💯",
            "_create_time": "2025-06-25T04:26:22",
            "_avatar": "https://p16-common-sign-va.tiktokcdn-us.com/tos-maliva-avt-0068/2a5d6a1d6d30cc602c7bf2794d1e4716~tplv-tiktokx-cropcenter:100:100.jpg?dr=9640&refresh_token=70507707&x-expires=1756281600&x-signature=ajNYlAB%2FI%2Bcxx2273W4McnLafdQ%3D&t=4d5b0474&ps=13740610&shp=30310797&shcp=ff37627b&idc=useast5",
            "_total_reply": 0,
            "_replies": []
        },
        {
            "_comment_id": "7519536896814613250",
            "_username": "fncymarie",
            "_nickname": "marie | beauty & lifestyle",
            "_comment": "I want to smell it in real life 🤭💗",
            "_create_time": "2025-06-24T16:23:46",
            "_avatar": "https://p16-common-sign-va.tiktokcdn-us.com/tos-maliva-avt-0068/5f3be02ceb41477abae517a633de7715~tplv-tiktokx-cropcenter:100:100.jpg?dr=9640&refresh_token=ce366b66&x-expires=1756281600&x-signature=BzuvHh2DY7bHvZ1WnkbyJ7xP9qg%3D&t=4d5b0474&ps=13740610&shp=30310797&shcp=ff37627b&idc=useast5",
            "_total_reply": 1,
            "_replies": [
                {
                    "_comment_id": "7519542436410999574",
                    "_username": "lancome.official",
                    "_nickname": "Lancôme",
                    "_comment": "It smells delicious 😉",
                    "_create_time": "2025-06-24T16:45:14",
                    "_avatar": "https://p16-common-sign-va.tiktokcdn-us.com/tos-maliva-avt-0068/9424f6caa6a8781766ccf45ddf0a0a0d~tplv-tiktokx-cropcenter:100:100.jpg?dr=9640&refresh_token=2d0d7041&x-expires=1756281600&x-signature=6RRh0sV%2BMiFopbDnto6in1a21L8%3D&t=4d5b0474&ps=13740610&shp=30310797&shcp=ff37627b&idc=useast5",
                    "_total_reply": null,
                    "_replies": []
                }
            ]
        },
        {
            "_comment_id": "7519534873888752389",
            "_username": "zoe587784",
            "_nickname": "️zoe🤍",
            "_comment": "😍",
            "_create_time": "2025-06-24T16:15:54",
            "_avatar": "https://p16-common-sign-va.tiktokcdn-us.com/tos-maliva-avt-0068/7cd296a7d19741cd8360aaeb646dda31~tplv-tiktokx-cropcenter:100:100.jpg?dr=9640&refresh_token=0cf6609a&x-expires=1756281600&x-signature=4HsDBrqawgfqaEhzA8kpKjkR4FE%3D&t=4d5b0474&ps=13740610&shp=30310797&shcp=ff37627b&idc=useast5",
            "_total_reply": 0,
            "_replies": []
        },
        {
            "_comment_id": "7519610507964793622",
            "_username": "mitchthemommy",
            "_nickname": "Michelle Lynch",
            "_comment": "obessed",
            "_create_time": "2025-06-24T21:09:24",
            "_avatar": "https://p16-common-sign-useast2a.tiktokcdn-us.com/tos-useast2a-avt-0068-euttp/6920f07878d573199beb7ecf33571583~tplv-tiktokx-cropcenter:100:100.jpg?dr=9640&refresh_token=f935d486&x-expires=1756281600&x-signature=MmR0vJ3LEheUoxoFQWPFNfpa29U%3D&t=4d5b0474&ps=13740610&shp=30310797&shcp=ff37627b&idc=useast5",
            "_total_reply": 0,
            "_replies": []
        },
        {
            "_comment_id": "7539771201889256205",
            "_username": "chrissybrd",
            "_nickname": "chrissybrd",
            "_comment": "🦄🦄",
            "_create_time": "2025-08-18T05:03:30",
            "_avatar": "https://p19-pu-sign-useast8.tiktokcdn-us.com/tos-useast5-avt-0068-tx/32ae1eba89928cc53a243c16797f4f78~tplv-tiktokx-cropcenter:100:100.jpg?dr=9640&refresh_token=32c20153&x-expires=1756281600&x-signature=V7wTi%2FKUcxTuHdb%2B2Fep7hx5xII%3D&t=4d5b0474&ps=13740610&shp=30310797&shcp=ff37627b&idc=useast5",
            "_total_reply": 0,
            "_replies": []
        }
    ],
    "total_comments": 63
}