{
    "original_url": "https://www.tiktok.com/@lancome.official/video/7519921320923008278",
    "video_id": "7519921320923008278",
    "description": "Brown texture vibes with #JuicyTubes ☕️  #Lancome #JuicyTubes #Juicy #Gloss #Lips #LipGloss #Shine #Sparkle #Coffee #Lavender #Brown #Satisfaying #Shades #Makeup",
    "video_url": "https://m.tiktok.com/v/7519921320923008278.html?_d=0&comment_author_id=6803355989572584453&preview_pb=0&share_comment_id=7519927899366802183&share_item_id=7519921320923008278&sharer_language=en&source=h5_m&u_code=0",
    "tags": [
        "#JuicyTubes",
        "#Lancome",
        "#JuicyTubes",
        "#Juicy",
        "#Gloss",
        "#Lips",
        "#LipGloss",
        "#Shine",
        "#Sparkle",
        "#Coffee",
        "#Lavender",
        "#Brown",
        "#Satisfaying",
        "#Shades",
        "#Makeup"
    ],
    "comments": [
        {
            "_comment_id": "7519927899366802183",
            "_username": "sabinesinno_",
            "_nickname": "Sabine Sinno",
            "_comment": "the color of my dreams",
            "_create_time": "2025-06-25T17:41:01",
            "_avatar": "https://p16-common-sign-sg.tiktokcdn-us.com/tos-alisg-avt-0068/7e32a842b6e918859b3445595bbbbf7e~tplv-tiktokx-cropcenter:100:100.jpg?dr=9640&refresh_token=223bc812&x-expires=1756281600&x-signature=Q5Lcrq0OgSHzKcKGhbiOM0oM5MQ%3D&t=4d5b0474&ps=13740610&shp=30310797&shcp=ff37627b&idc=useast5",
            "_total_reply": 1,
            "_replies": [
                {
                    "_comment_id": "7520283577406587670",
                    "_username": "lancome.official",
                    "_nickname": "Lancôme",
                    "_comment": "It’s so dreamy 😍",
                    "_create_time": "2025-06-26T16:41:17",
                    "_avatar": "https://p16-common-sign-va.tiktokcdn-us.com/tos-maliva-avt-0068/9424f6caa6a8781766ccf45ddf0a0a0d~tplv-tiktokx-cropcenter:100:100.jpg?dr=9640&refresh_token=2d0d7041&x-expires=1756281600&x-signature=6RRh0sV%2BMiFopbDnto6in1a21L8%3D&t=4d5b0474&ps=13740610&shp=30310797&shcp=ff37627b&idc=useast5",
                    "_total_reply": null,
                    "_replies": []
                }
            ]
        },
        {
            "_comment_id": "7520245709468648214",
            "_username": "arix_0.2",
            "_nickname": "Ariix 💕",
            "_comment": "GOD 😍",
            "_create_time": "2025-06-26T14:14:23",
            "_avatar": "https://p16-common-sign-va.tiktokcdn-us.com/tos-maliva-avt-0068/959ce47d4781288d26896ce6fde4e738~tplv-tiktokx-cropcenter:100:100.jpg?dr=9640&refresh_token=88fba5a5&x-expires=1756281600&x-signature=38EGjsyHtfKplrayOaFtobRDPho%3D&t=4d5b0474&ps=13740610&shp=30310797&shcp=ff37627b&idc=useast5",
            "_total_reply": 2,
            "_replies": [
                {
                    "_comment_id": "7520287371061887766",
                    "_username": "lancome.official",
                    "_nickname": "Lancôme",
                    "_comment": "Juicy right? 🤭",
                    "_create_time": "2025-06-26T16:55:59",
                    "_avatar": "https://p16-common-sign-va.tiktokcdn-us.com/tos-maliva-avt-0068/9424f6caa6a8781766ccf45ddf0a0a0d~tplv-tiktokx-cropcenter:100:100.jpg?dr=9640&refresh_token=2d0d7041&x-expires=1756281600&x-signature=6RRh0sV%2BMiFopbDnto6in1a21L8%3D&t=4d5b0474&ps=13740610&shp=30310797&shcp=ff37627b&idc=useast5",
                    "_total_reply": null,
                    "_replies": []
                },
                {
                    "_comment_id": "7520654196456407830",
                    "_username": "arix_0.2",
                    "_nickname": "Ariix 💕",
                    "_comment": "Yes 💝",
                    "_create_time": "2025-06-27T16:39:34",
                    "_avatar": "https://p16-common-sign-va.tiktokcdn-us.com/tos-maliva-avt-0068/959ce47d4781288d26896ce6fde4e738~tplv-tiktokx-cropcenter:100:100.jpg?dr=9640&refresh_token=88fba5a5&x-expires=1756281600&x-signature=38EGjsyHtfKplrayOaFtobRDPho%3D&t=4d5b0474&ps=13740610&shp=30310797&shcp=ff37627b&idc=useast5",
                    "_total_reply": null,
                    "_replies": []
                }
            ]
        },
        {
            "_comment_id": "7520121862975669047",
            "_username": "princessjasminealaddin17",
            "_nickname": "PrincessJasmine💙🧞‍♂️🕌",
            "_comment": "Early my favorite Lip Gloss Make-up Shade Product ✨️✨️✨️✨️✨️💟💟💟💟💟💖💖💖💖💖💕💕💕💕💕💋💋💋💋💋💄💄💄💄💄😍😍😍😍😍🥰🥰🥰🥰🥰❤️❤️❤️❤️❤️❣️❣️❣️❣️❣️",
            "_create_time": "2025-06-26T06:14:05",
            "_avatar": "https://p16-sign.tiktokcdn-us.com/tos-useast5-avt-0068-tx/7349155352849416235~tplv-tiktokx-cropcenter:100:100.jpg?dr=9640&refresh_token=e413db0f&x-expires=1756281600&x-signature=nayJaoVC%2BXGyggHC0wrO4Ejn%2BJA%3D&t=4d5b0474&ps=13740610&shp=30310797&shcp=ff37627b&idc=useast5",
            "_total_reply": 0,
            "_replies": []
        },
        {
            "_comment_id": "7519945764845962040",
            "_username": "cielogutierrez07",
            "_nickname": "𝐻𝒶𝒸𝒽𝒾¡★🍓!",
            "_comment": "God this made me crave chocolate.",
            "_create_time": "2025-06-25T18:50:26",
            "_avatar": "https://p16-common-sign-va.tiktokcdn-us.com/tos-maliva-avt-0068/10f15886a17e01cd895ec1e897639866~tplv-tiktokx-cropcenter:100:100.jpg?dr=9640&refresh_token=2b305bc4&x-expires=1756281600&x-signature=8d8dyZx0I0KEG4rSr8IFbVm4DHc%3D&t=4d5b0474&ps=13740610&shp=30310797&shcp=ff37627b&idc=useast5",
            "_total_reply": 2,
            "_replies": [
                {
                    "_comment_id": "7520283720964735766",
                    "_username": "lancome.official",
                    "_nickname": "Lancôme",
                    "_comment": "So true 🤭",
                    "_create_time": "2025-06-26T16:41:49",
                    "_avatar": "https://p16-common-sign-va.tiktokcdn-us.com/tos-maliva-avt-0068/9424f6caa6a8781766ccf45ddf0a0a0d~tplv-tiktokx-cropcenter:100:100.jpg?dr=9640&refresh_token=2d0d7041&x-expires=1756281600&x-signature=6RRh0sV%2BMiFopbDnto6in1a21L8%3D&t=4d5b0474&ps=13740610&shp=30310797&shcp=ff37627b&idc=useast5",
                    "_total_reply": null,
                    "_replies": []
                },
                {
                    "_comment_id": "7520332780015960837",
                    "_username": "cielogutierrez07",
                    "_nickname": "𝐻𝒶𝒸𝒽𝒾¡★🍓!",
                    "_comment": "yesss",
                    "_create_time": "2025-06-26T19:52:12",
                    "_avatar": "https://p16-common-sign-va.tiktokcdn-us.com/tos-maliva-avt-0068/10f15886a17e01cd895ec1e897639866~tplv-tiktokx-cropcenter:100:100.jpg?dr=9640&refresh_token=2b305bc4&x-expires=1756281600&x-signature=8d8dyZx0I0KEG4rSr8IFbVm4DHc%3D&t=4d5b0474&ps=13740610&shp=30310797&shcp=ff37627b&idc=useast5",
                    "_total_reply": null,
                    "_replies": []
                }
            ]
        },
        {
            "_comment_id": "7519921779234833160",
            "_username": "dances4161",
            "_nickname": "dances",
            "_comment": "love thé colourss",
            "_create_time": "2025-06-25T17:17:13",
            "_avatar": "https://p16-common-sign-va.tiktokcdn-us.com/musically-maliva-obj/1594805258216454~tplv-tiktokx-cropcenter:100:100.jpg?dr=9640&refresh_token=e95abb24&x-expires=1756281600&x-signature=3sj6OaLiS8USBUJlFKzdpJPzweM%3D&t=4d5b0474&ps=13740610&shp=30310797&shcp=ff37627b&idc=useast5",
            "_total_reply": 0,
            "_replies": []
        },
        {
            "_comment_id": "7520030835547423493",
            "_username": "guibedumbb",
            "_nickname": "—  ⭐️̫ᩧ  ׅ ׂ𝗆Ꭵ𝗇α",
            "_comment": "obssesed !!!",
            "_create_time": "2025-06-26T00:20:32",
            "_avatar": "https://p16-common-sign-va.tiktokcdn-us.com/tos-maliva-avt-0068/8beb2d9137c81c20b85b5f015b36ca66~tplv-tiktokx-cropcenter:100:100.jpg?dr=9640&refresh_token=6279414b&x-expires=1756281600&x-signature=nvloDwEr9ERXFxW6fO2Lcc4EaLE%3D&t=4d5b0474&ps=13740610&shp=30310797&shcp=ff37627b&idc=useast5",
            "_total_reply": 1,
            "_replies": [
                {
                    "_comment_id": "7520177633284883233",
                    "_username": "lancome.official",
                    "_nickname": "Lancôme",
                    "_comment": "You could say that again 🤭",
                    "_create_time": "2025-06-26T13:59:57",
                    "_avatar": "https://p16-common-sign-va.tiktokcdn-us.com/tos-maliva-avt-0068/9424f6caa6a8781766ccf45ddf0a0a0d~tplv-tiktokx-cropcenter:100:100.jpg?dr=9640&refresh_token=2d0d7041&x-expires=1756281600&x-signature=6RRh0sV%2BMiFopbDnto6in1a21L8%3D&t=4d5b0474&ps=13740610&shp=30310797&shcp=ff37627b&idc=useast5",
                    "_total_reply": null,
                    "_replies": []
                }
            ]
        },
        {
            "_comment_id": "7519922463863948054",
            "_username": "pippimooncie0",
            "_nickname": "𝐩𝐢𝐩𝐩𝐢 ⸆⸉",
            "_comment": "i love you guys and olivia so much 🤎💜",
            "_create_time": "2025-06-25T17:20:03",
            "_avatar": "https://p16-common-sign-va.tiktokcdn-us.com/tos-maliva-avt-0068/43be3019effee91c3aafe9b801a6b474~tplv-tiktokx-cropcenter:100:100.jpg?dr=9640&refresh_token=2cde4bc8&x-expires=1756281600&x-signature=l2DG%2Bz9koYB4aOSpNIBGT5PsE4k%3D&t=4d5b0474&ps=13740610&shp=30310797&shcp=ff37627b&idc=useast5",
            "_total_reply": 1,
            "_replies": [
                {
                    "_comment_id": "7520283535552021270",
                    "_username": "lancome.official",
                    "_nickname": "Lancôme",
                    "_comment": "We 💜 you!",
                    "_create_time": "2025-06-26T16:41:08",
                    "_avatar": "https://p16-common-sign-va.tiktokcdn-us.com/tos-maliva-avt-0068/9424f6caa6a8781766ccf45ddf0a0a0d~tplv-tiktokx-cropcenter:100:100.jpg?dr=9640&refresh_token=2d0d7041&x-expires=1756281600&x-signature=6RRh0sV%2BMiFopbDnto6in1a21L8%3D&t=4d5b0474&ps=13740610&shp=30310797&shcp=ff37627b&idc=useast5",
                    "_total_reply": null,
                    "_replies": []
                }
            ]
        },
        {
            "_comment_id": "7520539314364908295",
            "_username": "jaberkhan33456",
            "_nickname": "Jaberkhan33456",
            "_comment": "Absolutely 💯💯",
            "_create_time": "2025-06-27T09:13:38",
            "_avatar": "https://p16-common-sign-useast2a.tiktokcdn-us.com/tos-useast2a-avt-0068-giso/de7c30f440850fcf2b87398f1fe88ca3~tplv-tiktokx-cropcenter:100:100.jpg?dr=9640&refresh_token=b4b3d3e2&x-expires=1756281600&x-signature=PK1JUj1ghjwTyMO0S5BKpslQtZE%3D&t=4d5b0474&ps=13740610&shp=30310797&shcp=ff37627b&idc=useast5",
            "_total_reply": 0,
            "_replies": []
        },
        {
            "_comment_id": "7522782031572370189",
            "_username": "miralcrsumm",
            "_nickname": "wassup",
            "_comment": "What color is this?",
            "_create_time": "2025-07-03T10:17:29",
            "_avatar": "https://p16-common-sign-va.tiktokcdn-us.com/musically-maliva-obj/1594805258216454~tplv-tiktokx-cropcenter:100:100.jpg?dr=9640&refresh_token=e95abb24&x-expires=1756281600&x-signature=3sj6OaLiS8USBUJlFKzdpJPzweM%3D&t=4d5b0474&ps=13740610&shp=30310797&shcp=ff37627b&idc=useast5",
            "_total_reply": 0,
            "_replies": []
        },
        {
            "_comment_id": "7520305435527316246",
            "_username": "thatgalsoap1",
            "_nickname": "Sophie",
            "_comment": "comment on my video I beg💕🙏",
            "_create_time": "2025-06-26T18:06:08",
            "_avatar": "https://p16-common-sign-va.tiktokcdn-us.com/tos-maliva-avt-0068/9fb7d9aaa6ad159da3406ec480e6d3e6~tplv-tiktokx-cropcenter:100:100.jpg?dr=9640&refresh_token=16632251&x-expires=1756281600&x-signature=gSv5ZUAq7e6TvjWm7Uod2x2YQc4%3D&t=4d5b0474&ps=13740610&shp=30310797&shcp=ff37627b&idc=useast5",
            "_total_reply": 0,
            "_replies": []
        },
        {
            "_comment_id": "7519948035897475862",
            "_username": "miss.inga",
            "_nickname": "Inga",
            "_comment": "Perfect shade 😍",
            "_create_time": "2025-06-25T18:59:14",
            "_avatar": "https://p16-common-sign-va.tiktokcdn-us.com/tos-maliva-avt-0068/b096fc150f4cf3426d67f3a5044368df~tplv-tiktokx-cropcenter:100:100.jpg?dr=9640&refresh_token=f9496c06&x-expires=1756281600&x-signature=7fUq19dXFL7NgYk4Hp6cWewNErk%3D&t=4d5b0474&ps=13740610&shp=30310797&shcp=ff37627b&idc=useast5",
            "_total_reply": 1,
            "_replies": [
                {
                    "_comment_id": "7520283652200596246",
                    "_username": "lancome.official",
                    "_nickname": "Lancôme",
                    "_comment": "Right? Already creating so many lip combos 💋",
                    "_create_time": "2025-06-26T16:41:38",
                    "_avatar": "https://p16-common-sign-va.tiktokcdn-us.com/tos-maliva-avt-0068/9424f6caa6a8781766ccf45ddf0a0a0d~tplv-tiktokx-cropcenter:100:100.jpg?dr=9640&refresh_token=2d0d7041&x-expires=1756281600&x-signature=6RRh0sV%2BMiFopbDnto6in1a21L8%3D&t=4d5b0474&ps=13740610&shp=30310797&shcp=ff37627b&idc=useast5",
                    "_total_reply": null,
                    "_replies": []
                }
            ]
        },
        {
            "_comment_id": "7519985480923595533",
            "_username": "daisy.callahan",
            "_nickname": "Daze🐆",
            "_comment": "This color is it!",
            "_create_time": "2025-06-25T21:24:42",
            "_avatar": "https://p16-pu-sign-useast8.tiktokcdn-us.com/tos-useast5-avt-0068-tx/01b435ef3990bc1b1ded9f7beb18ba4b~tplv-tiktokx-cropcenter:100:100.jpg?dr=9640&refresh_token=d317ef58&x-expires=1756281600&x-signature=kzaRH1bKf8WseQvGaothS%2BsoVcE%3D&t=4d5b0474&ps=13740610&shp=30310797&shcp=ff37627b&idc=useast5",
            "_total_reply": 0,
            "_replies": []
        },
        {
            "_comment_id": "7519941902750565142",
            "_username": "selenaslamour",
            "_nickname": "SELENA SLAMOUR",
            "_comment": "Every girls dream 💕💓😍",
            "_create_time": "2025-06-25T18:35:23",
            "_avatar": "https://p16-common-sign-useast2a.tiktokcdn-us.com/tos-useast2a-avt-0068-euttp/49c48f664296801d4b275f2237f888cc~tplv-tiktokx-cropcenter:100:100.jpg?dr=9640&refresh_token=37ef1aad&x-expires=1756281600&x-signature=a9WujeFY6n0YwUAobcA4Vqswidg%3D&t=4d5b0474&ps=13740610&shp=30310797&shcp=ff37627b&idc=useast5",
            "_total_reply": 0,
            "_replies": []
        },
        {
            "_comment_id": "7520103259974452024",
            "_username": "cuca8793",
            "_nickname": "Monica GG (Dolci Greco)",
            "_comment": "Sweet moments wrapped in elegance — Lancôme Chocolate, a dash of Dolci Greco, warm Costa Rica, and that pura vida spirit. Let’s do it!",
            "_create_time": "2025-06-26T05:01:41",
            "_avatar": "https://p16-common-sign-va.tiktokcdn-us.com/tos-maliva-avt-0068/7c3fae2d8a854c73798ce7408362ff6c~tplv-tiktokx-cropcenter:100:100.jpg?dr=9640&refresh_token=21fa6418&x-expires=1756281600&x-signature=QQ%2FRZHtv%2FNgbP0eiJqDjolDgqqw%3D&t=4d5b0474&ps=13740610&shp=30310797&shcp=ff37627b&idc=useast5",
            "_total_reply": 0,
            "_replies": []
        },
        {
            "_comment_id": "7519926636368773944",
            "_username": "barbiegurl437",
            "_nickname": "𝕨𝕖 𝕝𝕠𝕧𝕖 𝕙𝕖𝕣 💜",
            "_comment": "omg i cute 🤎🤎",
            "_create_time": "2025-06-25T17:36:05",
            "_avatar": "https://p16-common-sign-va.tiktokcdn-us.com/tos-maliva-avt-0068/8eeef25792f871790046ca4c351c1891~tplv-tiktokx-cropcenter:100:100.jpg?dr=9640&refresh_token=373ba890&x-expires=1756281600&x-signature=WaaIA5qwbJC%2FszCTytuGIBFSc2Q%3D&t=4d5b0474&ps=13740610&shp=30310797&shcp=ff37627b&idc=useast5",
            "_total_reply": 0,
            "_replies": []
        },
        {
            "_comment_id": "7520265645272154888",
            "_username": "sabinesinno_",
            "_nickname": "Sabine Sinno",
            "_comment": "It’s time for the juicy secret 💋",
            "_create_time": "2025-06-26T15:31:36",
            "_avatar": "https://p16-common-sign-sg.tiktokcdn-us.com/tos-alisg-avt-0068/7e32a842b6e918859b3445595bbbbf7e~tplv-tiktokx-cropcenter:100:100.jpg?dr=9640&refresh_token=223bc812&x-expires=1756281600&x-signature=Q5Lcrq0OgSHzKcKGhbiOM0oM5MQ%3D&t=4d5b0474&ps=13740610&shp=30310797&shcp=ff37627b&idc=useast5",
            "_total_reply": 0,
            "_replies": []
        },
        {
            "_comment_id": "7519921729326940946",
            "_username": "dances4161",
            "_nickname": "dances",
            "_comment": "omg",
            "_create_time": "2025-06-25T17:17:02",
            "_avatar": "https://p16-common-sign-va.tiktokcdn-us.com/musically-maliva-obj/1594805258216454~tplv-tiktokx-cropcenter:100:100.jpg?dr=9640&refresh_token=e95abb24&x-expires=1756281600&x-signature=3sj6OaLiS8USBUJlFKzdpJPzweM%3D&t=4d5b0474&ps=13740610&shp=30310797&shcp=ff37627b&idc=useast5",
            "_total_reply": 0,
            "_replies": []
        },
        {
            "_comment_id": "7519921685346648850",
            "_username": "dances4161",
            "_nickname": "dances",
            "_comment": "First 💕💕💕",
            "_create_time": "2025-06-25T17:16:56",
            "_avatar": "https://p16-common-sign-va.tiktokcdn-us.com/musically-maliva-obj/1594805258216454~tplv-tiktokx-cropcenter:100:100.jpg?dr=9640&refresh_token=e95abb24&x-expires=1756281600&x-signature=3sj6OaLiS8USBUJlFKzdpJPzweM%3D&t=4d5b0474&ps=13740610&shp=30310797&shcp=ff37627b&idc=useast5",
            "_total_reply": 0,
            "_replies": []
        },
        {
            "_comment_id": "7519922348809175830",
            "_username": "pippimooncie0",
            "_nickname": "𝐩𝐢𝐩𝐩𝐢 ⸆⸉",
            "_comment": "EARLY AGAINNNN I LOVE U GUYSSS",
            "_create_time": "2025-06-25T17:19:33",
            "_avatar": "https://p16-common-sign-va.tiktokcdn-us.com/tos-maliva-avt-0068/43be3019effee91c3aafe9b801a6b474~tplv-tiktokx-cropcenter:100:100.jpg?dr=9640&refresh_token=2cde4bc8&x-expires=1756281600&x-signature=l2DG%2Bz9koYB4aOSpNIBGT5PsE4k%3D&t=4d5b0474&ps=13740610&shp=30310797&shcp=ff37627b&idc=useast5",
            "_total_reply": 0,
            "_replies": []
        },
        {
            "_comment_id": "7519922430694195990",
            "_username": "pippimooncie0",
            "_nickname": "𝐩𝐢𝐩𝐩𝐢 ⸆⸉",
            "_comment": "these shades are EVERYTHING",
            "_create_time": "2025-06-25T17:19:51",
            "_avatar": "https://p16-common-sign-va.tiktokcdn-us.com/tos-maliva-avt-0068/43be3019effee91c3aafe9b801a6b474~tplv-tiktokx-cropcenter:100:100.jpg?dr=9640&refresh_token=2cde4bc8&x-expires=1756281600&x-signature=l2DG%2Bz9koYB4aOSpNIBGT5PsE4k%3D&t=4d5b0474&ps=13740610&shp=30310797&shcp=ff37627b&idc=useast5",
            "_total_reply": 0,
            "_replies": []
        },
        {
            "_comment_id": "7522786076676342550",
            "_username": "amyc3333",
            "_nickname": "amy",
            "_comment": "Need them all",
            "_create_time": "2025-07-03T10:32:20",
            "_avatar": "https://p16-common-sign-useast2a.tiktokcdn-us.com/tos-useast2a-avt-0068-euttp/373c2741cc83811383913b9ee25c01d5~tplv-tiktokx-cropcenter:100:100.jpg?dr=9640&refresh_token=62ea7c95&x-expires=1756281600&x-signature=pHYUarwJiB6FavzYtsFGKJr0WhU%3D&t=4d5b0474&ps=13740610&shp=30310797&shcp=ff37627b&idc=useast5",
            "_total_reply": 0,
            "_replies": []
        },
        {
            "_comment_id": "7520773841637180173",
            "_username": "courtneyelizabeth_xo",
            "_nickname": "Courtney Elizabeth",
            "_comment": "Gorg 😍",
            "_create_time": "2025-06-28T00:23:52",
            "_avatar": "https://p16-pu-sign-useast8.tiktokcdn-us.com/tos-useast5-avt-0068-tx/d95959ff592599cd07f372ff252f7e2b~tplv-tiktokx-cropcenter:100:100.jpg?dr=9640&refresh_token=f0a4bba6&x-expires=1756281600&x-signature=WJygi7OqDETg5np%2B%2BF3mUVZbpL8%3D&t=4d5b0474&ps=13740610&shp=30310797&shcp=ff37627b&idc=useast5",
            "_total_reply": 1,
            "_replies": [
                {
                    "_comment_id": "7520783781272388384",
                    "_username": "lancome.official",
                    "_nickname": "Lancôme",
                    "_comment": "✨iconic ✨",
                    "_create_time": "2025-06-28T10:16:14",
                    "_avatar": "https://p16-common-sign-va.tiktokcdn-us.com/tos-maliva-avt-0068/9424f6caa6a8781766ccf45ddf0a0a0d~tplv-tiktokx-cropcenter:100:100.jpg?dr=9640&refresh_token=2d0d7041&x-expires=1756281600&x-signature=6RRh0sV%2BMiFopbDnto6in1a21L8%3D&t=4d5b0474&ps=13740610&shp=30310797&shcp=ff37627b&idc=useast5",
                    "_total_reply": null,
                    "_replies": []
                }
            ]
        },
        {
            "_comment_id": "7520439186786566920",
            "_username": "f1withnaira",
            "_nickname": "Naira 🏎️",
            "_comment": "SO excited for these!",
            "_create_time": "2025-06-27T02:45:15",
            "_avatar": "https://p16-common-sign-sg.tiktokcdn-us.com/tos-alisg-avt-0068/948050a5fb6d6a39b07b863982120fef~tplv-tiktokx-cropcenter:100:100.jpg?dr=9640&refresh_token=cf4d0a7e&x-expires=1756281600&x-signature=WLqwV9LKVWs%2BGgx%2BWDMVLbL6J5c%3D&t=4d5b0474&ps=13740610&shp=30310797&shcp=ff37627b&idc=useast5",
            "_total_reply": 1,
            "_replies": [
                {
                    "_comment_id": "7520584459797005078",
                    "_username": "lancome.official",
                    "_nickname": "Lancôme",
                    "_comment": "!!!",
                    "_create_time": "2025-06-27T12:08:53",
                    "_avatar": "https://p16-common-sign-va.tiktokcdn-us.com/tos-maliva-avt-0068/9424f6caa6a8781766ccf45ddf0a0a0d~tplv-tiktokx-cropcenter:100:100.jpg?dr=9640&refresh_token=2d0d7041&x-expires=1756281600&x-signature=6RRh0sV%2BMiFopbDnto6in1a21L8%3D&t=4d5b0474&ps=13740610&shp=30310797&shcp=ff37627b&idc=useast5",
                    "_total_reply": null,
                    "_replies": []
                }
            ]
        },
        {
            "_comment_id": "7522966455786062614",
            "_username": "_sea_nymph",
            "_nickname": "SeaNymph",
            "_comment": "JUST LOOK AT THAT SHADE🤩",
            "_create_time": "2025-07-03T22:12:14",
            "_avatar": "https://p16-common-sign-va.tiktokcdn-us.com/tos-maliva-avt-0068/94c950c687718b0268024767926cf3fe~tplv-tiktokx-cropcenter:100:100.jpg?dr=9640&refresh_token=a088f56c&x-expires=1756281600&x-signature=IucIYTDjfqRI0FjiR9uU5yBjcRc%3D&t=4d5b0474&ps=13740610&shp=30310797&shcp=ff37627b&idc=useast5",
            "_total_reply": 0,
            "_replies": []
        },
        {
            "_comment_id": "7520002645508539158",
            "_username": "mitchthemommy",
            "_nickname": "Michelle Lynch",
            "_comment": "😍😍😍",
            "_create_time": "2025-06-25T22:31:09",
            "_avatar": "https://p16-common-sign-useast2a.tiktokcdn-us.com/tos-useast2a-avt-0068-euttp/6920f07878d573199beb7ecf33571583~tplv-tiktokx-cropcenter:100:100.jpg?dr=9640&refresh_token=f935d486&x-expires=1756281600&x-signature=MmR0vJ3LEheUoxoFQWPFNfpa29U%3D&t=4d5b0474&ps=13740610&shp=30310797&shcp=ff37627b&idc=useast5",
            "_total_reply": 0,
            "_replies": []
        },
        {
            "_comment_id": "7520015134045471494",
            "_username": "samslifeinyeg",
            "_nickname": "samslifeinyeg",
            "_comment": "😍😍😍😍",
            "_create_time": "2025-06-25T23:19:42",
            "_avatar": "https://p16-common-sign-va.tiktokcdn-us.com/tos-maliva-avt-0068/e59e67dc1df40cd7addcd4cc4c18877e~tplv-tiktokx-cropcenter:100:100.jpg?dr=9640&refresh_token=ee13661d&x-expires=1756281600&x-signature=KaCUtG0XlQLgRMH372NKt1v5sF8%3D&t=4d5b0474&ps=13740610&shp=30310797&shcp=ff37627b&idc=useast5",
            "_total_reply": 0,
            "_replies": []
        },
        {
            "_comment_id": "7520051516397880094",
            "_username": "porschalanae30",
            "_nickname": "Porschalanae",
            "_comment": "❤️❤️❤️",
            "_create_time": "2025-06-26T01:40:54",
            "_avatar": "https://p19-pu-sign-useast8.tiktokcdn-us.com/tos-useast8-avt-0068-tx2/795d47b906d94745ff082558c1cde3f2~tplv-tiktokx-cropcenter:100:100.jpg?dr=9640&refresh_token=4069d4db&x-expires=1756281600&x-signature=zFKdmkXTxEju%2FZRW2IX6I8A%2FfNY%3D&t=4d5b0474&ps=13740610&shp=30310797&shcp=ff37627b&idc=useast5",
            "_total_reply": 0,
            "_replies": []
        },
        {
            "_comment_id": "7520078129906467589",
            "_username": "glambyrajie",
            "_nickname": "Rajisandhu",
            "_comment": "😍😍",
            "_create_time": "2025-06-26T03:24:05",
            "_avatar": "https://p16-common-sign-va.tiktokcdn-us.com/tos-maliva-avt-0068/c2164898752edb77d989a8b5cefeaf5b~tplv-tiktokx-cropcenter:100:100.jpg?dr=9640&refresh_token=6e677026&x-expires=1756281600&x-signature=pkcAlOgLyYlI5MUztD3DCM3VyzM%3D&t=4d5b0474&ps=13740610&shp=30310797&shcp=ff37627b&idc=useast5",
            "_total_reply": 0,
            "_replies": []
        },
        {
            "_comment_id": "7519935727770043154",
            "_username": "the_biggest_livie_everrr",
            "_nickname": "the_biggest_livie_everrr",
            "_comment": "We need to see Olivia wearing this!💜@Lancôme",
            "_create_time": "2025-06-25T18:11:20",
            "_avatar": "https://p16-common-sign-sg.tiktokcdn-us.com/tos-alisg-avt-0068/5c7ff686a5b01e11081951541db14dd4~tplv-tiktokx-cropcenter:100:100.jpg?dr=9640&refresh_token=f59f212f&x-expires=1756281600&x-signature=K1R9DAdyTvqQ5PvdWWJyNzbQRks%3D&t=4d5b0474&ps=13740610&shp=30310797&shcp=ff37627b&idc=useast5",
            "_total_reply": 0,
            "_replies": []
        },
        {
            "_comment_id": "7519922259257066262",
            "_username": "secret.account.lex",
            "_nickname": "LEXY🐋",
            "_comment": "😻",
            "_create_time": "2025-06-25T17:19:17",
            "_avatar": "https://p16-common-sign-va.tiktokcdn-us.com/tos-maliva-avt-0068/9eb74d789b31f3e482a0dfb9ac0ad56c~tplv-tiktokx-cropcenter:100:100.jpg?dr=9640&refresh_token=f13c8f24&x-expires=1756281600&x-signature=4vXyBSjMvG5JXsPTxoqGsk1zYWw%3D&t=4d5b0474&ps=13740610&shp=30310797&shcp=ff37627b&idc=useast5",
            "_total_reply": 0,
            "_replies": []
        },
        {
            "_comment_id": "7526054211387458322",
            "_username": "tmdqns1",
            "_nickname": "b방승분k",
            "_comment": "😁",
            "_create_time": "2025-07-12T05:54:20",
            "_avatar": "https://p16-common-sign-sg.tiktokcdn-us.com/tos-alisg-avt-0068/b7cbc7f0ed80314cd52fe87aaa08fcc4~tplv-tiktokx-cropcenter:100:100.jpg?dr=9640&refresh_token=7b8eece5&x-expires=1756281600&x-signature=PwxOcZiiN9N54DTBYtkpSthXpCc%3D&t=4d5b0474&ps=13740610&shp=30310797&shcp=ff37627b&idc=useast5",
            "_total_reply": 0,
            "_replies": []
        },
        {
            "_comment_id": "7520775200700171030",
            "_username": "nkleqq1",
            "_nickname": "Надійка",
            "_comment": "🥰🥰🥰",
            "_create_time": "2025-06-28T00:29:16",
            "_avatar": "https://p16-common-sign-va.tiktokcdn-us.com/tos-maliva-avt-0068/0795f6ba7c418b4a0a784774ca5630d2~tplv-tiktokx-cropcenter:100:100.jpg?dr=9640&refresh_token=5ef92577&x-expires=1756281600&x-signature=yHFLGXJIo5Wq7%2Ft%2BozdvjVrsLKk%3D&t=4d5b0474&ps=13740610&shp=30310797&shcp=ff37627b&idc=useast5",
            "_total_reply": 0,
            "_replies": []
        },
        {
            "_comment_id": "7539329615136326430",
            "_username": "jessicaelizabeth33",
            "_nickname": "Jessica Elizabeth",
            "_comment": "❤️",
            "_create_time": "2025-08-17T00:29:45",
            "_avatar": "https://p16-common-sign-va.tiktokcdn-us.com/tos-maliva-avt-0068/7325958310069944325~tplv-tiktokx-cropcenter:100:100.jpg?dr=9640&refresh_token=215919fd&x-expires=1756281600&x-signature=MnbltXM%2Fp%2Fh1K6s0YCcKwZQk0t0%3D&t=4d5b0474&ps=13740610&shp=30310797&shcp=ff37627b&idc=useast5",
            "_total_reply": 0,
            "_replies": []
        },
        {
            "_comment_id": "7519923944385741574",
            "_username": "zoe587784",
            "_nickname": "️zoe🤍",
            "_comment": "😍😍😍😍😍",
            "_create_time": "2025-06-25T17:25:44",
            "_avatar": "https://p16-common-sign-va.tiktokcdn-us.com/tos-maliva-avt-0068/7cd296a7d19741cd8360aaeb646dda31~tplv-tiktokx-cropcenter:100:100.jpg?dr=9640&refresh_token=0cf6609a&x-expires=1756281600&x-signature=4HsDBrqawgfqaEhzA8kpKjkR4FE%3D&t=4d5b0474&ps=13740610&shp=30310797&shcp=ff37627b&idc=useast5",
            "_total_reply": 0,
            "_replies": []
        }
    ],
    "total_comments": 34
}