{
    "original_url": "https://www.tiktok.com/@lancome.official/video/7523989079881452822",
    "video_id": "7523989079881452822",
    "description": "Supercharged with serum actives, new Lip Idôle JuicyTreat™ gives you bouncy, juicy hydration in just one swipe. Pick your shade!💕  #Lancome #LipIdole #JuicyTreat #LipGloss #LipOil #LipSerum #GlossyLip #MustHave #Beauty #Makeuptok #LipCombo #Swatches#GlowUpCetaphil ",
    "video_url": "https://m.tiktok.com/v/7523989079881452822.html?_d=0&comment_author_id=7190107982397555717&preview_pb=0&share_comment_id=7524453795301933830&share_item_id=7523989079881452822&sharer_language=en&source=h5_m&u_code=0",
    "tags": [
        "#Lancome",
        "#LipIdole",
        "#JuicyTreat",
        "#LipGloss",
        "#LipOil",
        "#LipSerum",
        "#GlossyLip",
        "#MustHave",
        "#Beauty",
        "#Makeuptok",
        "#LipCombo",
        "#Swatches#GlowUpCetaphil"
    ],
    "comments": [
        {
            "_comment_id": "7524453795301933830",
            "_username": "nunaxs_",
            "_nickname": "nunaxs_",
            "_comment": "O loveeee lancome",
            "_create_time": "2025-07-07T22:23:52",
            "_avatar": "https://p16-common-sign-va.tiktokcdn-us.com/tos-maliva-avt-0068/e3f3202ac59547505eec58cf662e0b45~tplv-tiktokx-cropcenter:100:100.jpg?dr=9640&refresh_token=b0ab98cb&x-expires=1756281600&x-signature=R9%2BT2TbIB%2BHVLRuRmS4MjQigBDQ%3D&t=4d5b0474&ps=13740610&shp=30310797&shcp=ff37627b&idc=useast5",
            "_total_reply": 1,
            "_replies": [
                {
                    "_comment_id": "7524708746431841046",
                    "_username": "lancome.official",
                    "_nickname": "Lancôme",
                    "_comment": "We 💖 you!",
                    "_create_time": "2025-07-08T14:53:20",
                    "_avatar": "https://p16-common-sign-va.tiktokcdn-us.com/tos-maliva-avt-0068/9424f6caa6a8781766ccf45ddf0a0a0d~tplv-tiktokx-cropcenter:100:100.jpg?dr=9640&refresh_token=2d0d7041&x-expires=1756281600&x-signature=6RRh0sV%2BMiFopbDnto6in1a21L8%3D&t=4d5b0474&ps=13740610&shp=30310797&shcp=ff37627b&idc=useast5",
                    "_total_reply": null,
                    "_replies": []
                }
            ]
        },
        {
            "_comment_id": "7524070038769697592",
            "_username": "cielogutierrez07",
            "_nickname": "𝐻𝒶𝒸𝒽𝒾¡★🍓!",
            "_comment": "I'm so obsessed with Lancôme glosses",
            "_create_time": "2025-07-06T21:34:38",
            "_avatar": "https://p16-common-sign-va.tiktokcdn-us.com/tos-maliva-avt-0068/10f15886a17e01cd895ec1e897639866~tplv-tiktokx-cropcenter:100:100.jpg?dr=9640&refresh_token=2b305bc4&x-expires=1756281600&x-signature=8d8dyZx0I0KEG4rSr8IFbVm4DHc%3D&t=4d5b0474&ps=13740610&shp=30310797&shcp=ff37627b&idc=useast5",
            "_total_reply": 2,
            "_replies": [
                {
                    "_comment_id": "7524346357780415254",
                    "_username": "lancome.official",
                    "_nickname": "Lancôme",
                    "_comment": "They’re juicy aren’t they? 💋✨",
                    "_create_time": "2025-07-07T15:26:55",
                    "_avatar": "https://p16-common-sign-va.tiktokcdn-us.com/tos-maliva-avt-0068/9424f6caa6a8781766ccf45ddf0a0a0d~tplv-tiktokx-cropcenter:100:100.jpg?dr=9640&refresh_token=2d0d7041&x-expires=1756281600&x-signature=6RRh0sV%2BMiFopbDnto6in1a21L8%3D&t=4d5b0474&ps=13740610&shp=30310797&shcp=ff37627b&idc=useast5",
                    "_total_reply": null,
                    "_replies": []
                },
                {
                    "_comment_id": "7524416112424223494",
                    "_username": "cielogutierrez07",
                    "_nickname": "𝐻𝒶𝒸𝒽𝒾¡★🍓!",
                    "_comment": "absolutely 😜",
                    "_create_time": "2025-07-07T19:57:35",
                    "_avatar": "https://p16-common-sign-va.tiktokcdn-us.com/tos-maliva-avt-0068/10f15886a17e01cd895ec1e897639866~tplv-tiktokx-cropcenter:100:100.jpg?dr=9640&refresh_token=2b305bc4&x-expires=1756281600&x-signature=8d8dyZx0I0KEG4rSr8IFbVm4DHc%3D&t=4d5b0474&ps=13740610&shp=30310797&shcp=ff37627b&idc=useast5",
                    "_total_reply": null,
                    "_replies": []
                }
            ]
        },
        {
            "_comment_id": "7540335268185473814",
            "_username": "ellajamyandorjx",
            "_nickname": "ellajamyandorjx",
            "_comment": "Hey Lancôme I think your an awesome brand can you tell Olivia Rodrigo I love her thank you",
            "_create_time": "2025-08-19T17:32:06",
            "_avatar": "https://p16-common-sign-va.tiktokcdn-us.com/tos-maliva-avt-0068/579b018883146103f13a21ba9cab64c6~tplv-tiktokx-cropcenter:100:100.jpg?dr=9640&refresh_token=5628b185&x-expires=1756281600&x-signature=xEfKxA4RXN0ahYwX4Da7WYkDRA4%3D&t=4d5b0474&ps=13740610&shp=30310797&shcp=ff37627b&idc=useast5",
            "_total_reply": 0,
            "_replies": []
        },
        {
            "_comment_id": "7524365893229396758",
            "_username": "ro756295",
            "_nickname": "Róisín_spamzzz💜🏐",
            "_comment": "Can i I pu tell Olivia I luv her please im her biggist fan and i love your brand❤️❤️❤️",
            "_create_time": "2025-07-07T16:42:42",
            "_avatar": "https://p16-common-sign-va.tiktokcdn-us.com/tos-maliva-avt-0068/847439ce57b8f2399a7a73a389882394~tplv-tiktokx-cropcenter:100:100.jpg?dr=9640&refresh_token=c9f7fe7d&x-expires=1756281600&x-signature=438ntAvoX%2FrlUQJ72V3imh8tXuU%3D&t=4d5b0474&ps=13740610&shp=30310797&shcp=ff37627b&idc=useast5",
            "_total_reply": 3,
            "_replies": [
                {
                    "_comment_id": "7524708744066401046",
                    "_username": "lancome.official",
                    "_nickname": "Lancôme",
                    "_comment": "Of course 😘",
                    "_create_time": "2025-07-08T14:53:15",
                    "_avatar": "https://p16-common-sign-va.tiktokcdn-us.com/tos-maliva-avt-0068/9424f6caa6a8781766ccf45ddf0a0a0d~tplv-tiktokx-cropcenter:100:100.jpg?dr=9640&refresh_token=2d0d7041&x-expires=1756281600&x-signature=6RRh0sV%2BMiFopbDnto6in1a21L8%3D&t=4d5b0474&ps=13740610&shp=30310797&shcp=ff37627b&idc=useast5",
                    "_total_reply": null,
                    "_replies": []
                },
                {
                    "_comment_id": "7535049147914912534",
                    "_username": "ro756295",
                    "_nickname": "Róisín_spamzzz💜🏐",
                    "_comment": "😘😘",
                    "_create_time": "2025-08-05T11:39:19",
                    "_avatar": "https://p16-common-sign-va.tiktokcdn-us.com/tos-maliva-avt-0068/847439ce57b8f2399a7a73a389882394~tplv-tiktokx-cropcenter:100:100.jpg?dr=9640&refresh_token=c9f7fe7d&x-expires=1756281600&x-signature=438ntAvoX%2FrlUQJ72V3imh8tXuU%3D&t=4d5b0474&ps=13740610&shp=30310797&shcp=ff37627b&idc=useast5",
                    "_total_reply": null,
                    "_replies": []
                },
                {
                    "_comment_id": "7534883683003073294",
                    "_username": "susanbravo18",
                    "_nickname": "★𝒔𝒖(𝒔𝒑𝒊𝒍𝒍𝒆𝒅)★",
                    "_comment": "me too",
                    "_create_time": "2025-08-05T00:57:19",
                    "_avatar": "https://p16-sign.tiktokcdn-us.com/tos-useast5-avt-0068-tx/1506c39fb011aeb17d883ff1e1743cc2~tplv-tiktokx-cropcenter:100:100.jpg?dr=9640&refresh_token=9001ab08&x-expires=1756281600&x-signature=IPUfv%2FsX2j%2BQ3BGEBfYPXZ3rSfM%3D&t=4d5b0474&ps=13740610&shp=30310797&shcp=ff37627b&idc=useast5",
                    "_total_reply": null,
                    "_replies": []
                }
            ]
        },
        {
            "_comment_id": "7539667988266484510",
            "_username": "444..kyleigh",
            "_nickname": "kyleigh",
            "_comment": "I want 40 soooo bad",
            "_create_time": "2025-08-17T22:22:43",
            "_avatar": "https://p19-pu-sign-useast8.tiktokcdn-us.com/tos-useast5-avt-0068-tx/975f462d655d880d94dd47732049e9f3~tplv-tiktokx-cropcenter:100:100.jpg?dr=9640&refresh_token=354d0ae3&x-expires=1756281600&x-signature=yLxbWVYu88%2BipX08wTt0zylIr2A%3D&t=4d5b0474&ps=13740610&shp=30310797&shcp=ff37627b&idc=useast5",
            "_total_reply": 0,
            "_replies": []
        },
        {
            "_comment_id": "7524298933603042081",
            "_username": "michellekoopsx",
            "_nickname": "Michelle | Founder MiMoria",
            "_comment": "love the productsss",
            "_create_time": "2025-07-07T12:22:54",
            "_avatar": "https://p16-common-sign-va.tiktokcdn-us.com/tos-maliva-avt-0068/d60e0b218b9a0c01ac9e8a5aacfba849~tplv-tiktokx-cropcenter:100:100.jpg?dr=9640&refresh_token=5e34bc20&x-expires=1756281600&x-signature=Z8PbnLcvbq9kscWdhGI%2BSY4R9ak%3D&t=4d5b0474&ps=13740610&shp=30310797&shcp=ff37627b&idc=useast5",
            "_total_reply": 1,
            "_replies": [
                {
                    "_comment_id": "7524276621013304097",
                    "_username": "lancome.official",
                    "_nickname": "Lancôme",
                    "_comment": "Were blushing to hear 🥹❤️",
                    "_create_time": "2025-07-07T14:17:48",
                    "_avatar": "https://p16-common-sign-va.tiktokcdn-us.com/tos-maliva-avt-0068/9424f6caa6a8781766ccf45ddf0a0a0d~tplv-tiktokx-cropcenter:100:100.jpg?dr=9640&refresh_token=2d0d7041&x-expires=1756281600&x-signature=6RRh0sV%2BMiFopbDnto6in1a21L8%3D&t=4d5b0474&ps=13740610&shp=30310797&shcp=ff37627b&idc=useast5",
                    "_total_reply": null,
                    "_replies": []
                }
            ]
        },
        {
            "_comment_id": "7523990072024154902",
            "_username": "p4rniii.sturns",
            "_nickname": "𖦹ׂ ₊˚⊹ ᴘᴀʀɴɪ ⋆⭒˚｡⋆",
            "_comment": "LOOOVEEE 💞",
            "_create_time": "2025-07-06T16:24:24",
            "_avatar": "https://p16-common-sign-va.tiktokcdn-us.com/tos-maliva-avt-0068/c951bb07ae14536b0bd7e19b437b18f3~tplv-tiktokx-cropcenter:100:100.jpg?dr=9640&refresh_token=b300f358&x-expires=1756281600&x-signature=LEdPT3eoY7cLcdMGhO7Ci%2BO0MSo%3D&t=4d5b0474&ps=13740610&shp=30310797&shcp=ff37627b&idc=useast5",
            "_total_reply": 2,
            "_replies": [
                {
                    "_comment_id": "7524346175405163286",
                    "_username": "lancome.official",
                    "_nickname": "Lancôme",
                    "_comment": "Which shade is your favorite? 😘",
                    "_create_time": "2025-07-07T15:26:19",
                    "_avatar": "https://p16-common-sign-va.tiktokcdn-us.com/tos-maliva-avt-0068/9424f6caa6a8781766ccf45ddf0a0a0d~tplv-tiktokx-cropcenter:100:100.jpg?dr=9640&refresh_token=2d0d7041&x-expires=1756281600&x-signature=6RRh0sV%2BMiFopbDnto6in1a21L8%3D&t=4d5b0474&ps=13740610&shp=30310797&shcp=ff37627b&idc=useast5",
                    "_total_reply": null,
                    "_replies": []
                },
                {
                    "_comment_id": "7524358954198713110",
                    "_username": "p4rniii.sturns",
                    "_nickname": "𖦹ׂ ₊˚⊹ ᴘᴀʀɴɪ ⋆⭒˚｡⋆",
                    "_comment": "ALL THE TEA",
                    "_create_time": "2025-07-07T16:15:51",
                    "_avatar": "https://p16-common-sign-va.tiktokcdn-us.com/tos-maliva-avt-0068/c951bb07ae14536b0bd7e19b437b18f3~tplv-tiktokx-cropcenter:100:100.jpg?dr=9640&refresh_token=b300f358&x-expires=1756281600&x-signature=LEdPT3eoY7cLcdMGhO7Ci%2BO0MSo%3D&t=4d5b0474&ps=13740610&shp=30310797&shcp=ff37627b&idc=useast5",
                    "_total_reply": null,
                    "_replies": []
                }
            ]
        },
        {
            "_comment_id": "7524319673241010960",
            "_username": "boring22",
            "_nickname": "noBoDy🌻",
            "_comment": "I can’t wait to try ittt❤️😭",
            "_create_time": "2025-07-07T13:43:20",
            "_avatar": "https://p16-common-sign-sg.tiktokcdn-us.com/tos-alisg-avt-0068/ed937d7e9b9c5fa3e3f4fe113697004b~tplv-tiktokx-cropcenter:100:100.jpg?dr=9640&refresh_token=48787775&x-expires=1756281600&x-signature=qxJf%2BcWEbAEtWBDvHgC%2BqbWrXe8%3D&t=4d5b0474&ps=13740610&shp=30310797&shcp=ff37627b&idc=useast5",
            "_total_reply": 1,
            "_replies": [
                {
                    "_comment_id": "7524346449422828310",
                    "_username": "lancome.official",
                    "_nickname": "Lancôme",
                    "_comment": "You’re going to love it! ✨",
                    "_create_time": "2025-07-07T15:27:22",
                    "_avatar": "https://p16-common-sign-va.tiktokcdn-us.com/tos-maliva-avt-0068/9424f6caa6a8781766ccf45ddf0a0a0d~tplv-tiktokx-cropcenter:100:100.jpg?dr=9640&refresh_token=2d0d7041&x-expires=1756281600&x-signature=6RRh0sV%2BMiFopbDnto6in1a21L8%3D&t=4d5b0474&ps=13740610&shp=30310797&shcp=ff37627b&idc=useast5",
                    "_total_reply": null,
                    "_replies": []
                }
            ]
        },
        {
            "_comment_id": "7524488497652499213",
            "_username": "emelydumb12",
            "_nickname": "𝓔𝓶𝓮𝓵𝔂 (spilled)",
            "_comment": "Omg early can I get a hi",
            "_create_time": "2025-07-08T00:38:51",
            "_avatar": "https://p16-sign.tiktokcdn-us.com/tos-useast5-avt-0068-tx/a001a70d950c5080e065458f264c2b01~tplv-tiktokx-cropcenter:100:100.jpg?dr=9640&refresh_token=68a0b703&x-expires=1756281600&x-signature=ZYc4BlbkS2HL6lAEM4J2%2FMyQrY0%3D&t=4d5b0474&ps=13740610&shp=30310797&shcp=ff37627b&idc=useast5",
            "_total_reply": 2,
            "_replies": [
                {
                    "_comment_id": "7524708677857919766",
                    "_username": "lancome.official",
                    "_nickname": "Lancôme",
                    "_comment": "Hiii",
                    "_create_time": "2025-07-08T14:52:56",
                    "_avatar": "https://p16-common-sign-va.tiktokcdn-us.com/tos-maliva-avt-0068/9424f6caa6a8781766ccf45ddf0a0a0d~tplv-tiktokx-cropcenter:100:100.jpg?dr=9640&refresh_token=2d0d7041&x-expires=1756281600&x-signature=6RRh0sV%2BMiFopbDnto6in1a21L8%3D&t=4d5b0474&ps=13740610&shp=30310797&shcp=ff37627b&idc=useast5",
                    "_total_reply": null,
                    "_replies": []
                },
                {
                    "_comment_id": "7524708819197838093",
                    "_username": "emelydumb12",
                    "_nickname": "𝓔𝓶𝓮𝓵𝔂 (spilled)",
                    "_comment": "Omg hiiiiii Lancôme 😭💜💜💜 you got me screaming 🤭",
                    "_create_time": "2025-07-08T14:53:52",
                    "_avatar": "https://p16-sign.tiktokcdn-us.com/tos-useast5-avt-0068-tx/a001a70d950c5080e065458f264c2b01~tplv-tiktokx-cropcenter:100:100.jpg?dr=9640&refresh_token=68a0b703&x-expires=1756281600&x-signature=ZYc4BlbkS2HL6lAEM4J2%2FMyQrY0%3D&t=4d5b0474&ps=13740610&shp=30310797&shcp=ff37627b&idc=useast5",
                    "_total_reply": null,
                    "_replies": []
                }
            ]
        },
        {
            "_comment_id": "7524733568682984214",
            "_username": "lucyketwcow",
            "_nickname": "💋✨lucy✨💋 ( Olivia’s version)",
            "_comment": "Please tell Olivia how much I love her and ima buy one of ur products queen",
            "_create_time": "2025-07-08T16:29:33",
            "_avatar": "https://p16-common-sign-va.tiktokcdn-us.com/tos-maliva-avt-0068/9684d6ca9b8ce7f8eb9740b96bc8cc5c~tplv-tiktokx-cropcenter:100:100.jpg?dr=9640&refresh_token=b85d297b&x-expires=1756281600&x-signature=kDSe%2FF8ZDARoQQcF2sumNCnDHLs%3D&t=4d5b0474&ps=13740610&shp=30310797&shcp=ff37627b&idc=useast5",
            "_total_reply": 2,
            "_replies": [
                {
                    "_comment_id": "7525095773270360854",
                    "_username": "lancome.official",
                    "_nickname": "Lancôme",
                    "_comment": "We’re on it 😘",
                    "_create_time": "2025-07-09T15:55:07",
                    "_avatar": "https://p16-common-sign-va.tiktokcdn-us.com/tos-maliva-avt-0068/9424f6caa6a8781766ccf45ddf0a0a0d~tplv-tiktokx-cropcenter:100:100.jpg?dr=9640&refresh_token=2d0d7041&x-expires=1756281600&x-signature=6RRh0sV%2BMiFopbDnto6in1a21L8%3D&t=4d5b0474&ps=13740610&shp=30310797&shcp=ff37627b&idc=useast5",
                    "_total_reply": null,
                    "_replies": []
                },
                {
                    "_comment_id": "7525101353787998998",
                    "_username": "lucyketwcow",
                    "_nickname": "💋✨lucy✨💋 ( Olivia’s version)",
                    "_comment": "Thank you queen x",
                    "_create_time": "2025-07-09T16:16:49",
                    "_avatar": "https://p16-common-sign-va.tiktokcdn-us.com/tos-maliva-avt-0068/9684d6ca9b8ce7f8eb9740b96bc8cc5c~tplv-tiktokx-cropcenter:100:100.jpg?dr=9640&refresh_token=b85d297b&x-expires=1756281600&x-signature=kDSe%2FF8ZDARoQQcF2sumNCnDHLs%3D&t=4d5b0474&ps=13740610&shp=30310797&shcp=ff37627b&idc=useast5",
                    "_total_reply": null,
                    "_replies": []
                }
            ]
        },
        {
            "_comment_id": "7523991416880923399",
            "_username": "only.me9959",
            "_nickname": "Only me💫🪩🦋",
            "_comment": "Helloooo can I pls get a Hi??💗💗💗\nI love Lâncome,I need it",
            "_create_time": "2025-07-06T16:29:30",
            "_avatar": "https://p19-common-sign-sg.tiktokcdn-us.com/tos-alisg-avt-0068/1948572f58d2d2796fd83c3b6c27284a~tplv-tiktokx-cropcenter:100:100.jpg?dr=9640&refresh_token=468d2d5b&x-expires=1756281600&x-signature=x8UdOtWTIrY0M%2BEeE02FlEqf1pQ%3D&t=4d5b0474&ps=13740610&shp=30310797&shcp=ff37627b&idc=useast5",
            "_total_reply": 1,
            "_replies": [
                {
                    "_comment_id": "7524346193663853314",
                    "_username": "lancome.official",
                    "_nickname": "Lancôme",
                    "_comment": "Hiii 💖",
                    "_create_time": "2025-07-07T15:26:24",
                    "_avatar": "https://p16-common-sign-va.tiktokcdn-us.com/tos-maliva-avt-0068/9424f6caa6a8781766ccf45ddf0a0a0d~tplv-tiktokx-cropcenter:100:100.jpg?dr=9640&refresh_token=2d0d7041&x-expires=1756281600&x-signature=6RRh0sV%2BMiFopbDnto6in1a21L8%3D&t=4d5b0474&ps=13740610&shp=30310797&shcp=ff37627b&idc=useast5",
                    "_total_reply": null,
                    "_replies": []
                }
            ]
        },
        {
            "_comment_id": "7524367556884562710",
            "_username": "arix_0.2",
            "_nickname": "Ariix 💕",
            "_comment": "LOVE ALL THEM 😍💝🥰",
            "_create_time": "2025-07-07T16:49:19",
            "_avatar": "https://p16-common-sign-va.tiktokcdn-us.com/tos-maliva-avt-0068/959ce47d4781288d26896ce6fde4e738~tplv-tiktokx-cropcenter:100:100.jpg?dr=9640&refresh_token=88fba5a5&x-expires=1756281600&x-signature=38EGjsyHtfKplrayOaFtobRDPho%3D&t=4d5b0474&ps=13740610&shp=30310797&shcp=ff37627b&idc=useast5",
            "_total_reply": 1,
            "_replies": [
                {
                    "_comment_id": "7524624923270284054",
                    "_username": "lancome.official",
                    "_nickname": "Lancôme",
                    "_comment": "WE AGREE 💖",
                    "_create_time": "2025-07-08T09:28:07",
                    "_avatar": "https://p16-common-sign-va.tiktokcdn-us.com/tos-maliva-avt-0068/9424f6caa6a8781766ccf45ddf0a0a0d~tplv-tiktokx-cropcenter:100:100.jpg?dr=9640&refresh_token=2d0d7041&x-expires=1756281600&x-signature=6RRh0sV%2BMiFopbDnto6in1a21L8%3D&t=4d5b0474&ps=13740610&shp=30310797&shcp=ff37627b&idc=useast5",
                    "_total_reply": null,
                    "_replies": []
                }
            ]
        },
        {
            "_comment_id": "7524083430012896022",
            "_username": "signaturelilly",
            "_nickname": "Signature Lilly",
            "_comment": "I’ll take all three 😍✨🎀",
            "_create_time": "2025-07-06T22:26:41",
            "_avatar": "https://p16-common-sign-va.tiktokcdn-us.com/tos-maliva-avt-0068/ffa080881618a8f80858c79ad7b82550~tplv-tiktokx-cropcenter:100:100.jpg?dr=9640&refresh_token=c3d45085&x-expires=1756281600&x-signature=CvTaRFJ1r13pfz80gWJV7RALysE%3D&t=4d5b0474&ps=13740610&shp=30310797&shcp=ff37627b&idc=useast5",
            "_total_reply": 1,
            "_replies": [
                {
                    "_comment_id": "7524346381168984854",
                    "_username": "lancome.official",
                    "_nickname": "Lancôme",
                    "_comment": "That’s the spirit 💋✨",
                    "_create_time": "2025-07-07T15:27:04",
                    "_avatar": "https://p16-common-sign-va.tiktokcdn-us.com/tos-maliva-avt-0068/9424f6caa6a8781766ccf45ddf0a0a0d~tplv-tiktokx-cropcenter:100:100.jpg?dr=9640&refresh_token=2d0d7041&x-expires=1756281600&x-signature=6RRh0sV%2BMiFopbDnto6in1a21L8%3D&t=4d5b0474&ps=13740610&shp=30310797&shcp=ff37627b&idc=useast5",
                    "_total_reply": null,
                    "_replies": []
                }
            ]
        },
        {
            "_comment_id": "7525097047319249697",
            "_username": "jette3829",
            "_nickname": "Jette",
            "_comment": "Obsessed But Where is Olivia? We need Olivia",
            "_create_time": "2025-07-09T16:00:08",
            "_avatar": "https://p16-common-sign-useast2a.tiktokcdn-us.com/tos-useast2a-avt-0068-euttp/8dc310bb843a8e687a38b81233334531~tplv-tiktokx-cropcenter:100:100.jpg?dr=9640&refresh_token=f5968ba9&x-expires=1756281600&x-signature=7cCQ2ZIUQY6MZ7SwaWALrMtKTo0%3D&t=4d5b0474&ps=13740610&shp=30310797&shcp=ff37627b&idc=useast5",
            "_total_reply": 0,
            "_replies": []
        },
        {
            "_comment_id": "7523993923896394518",
            "_username": "virtuallustx",
            "_nickname": "virtuallustx",
            "_comment": "So chic, so polished — beauty that speaks without words.",
            "_create_time": "2025-07-06T16:39:20",
            "_avatar": "https://p19-common-sign-useast2a.tiktokcdn-us.com/tos-useast2a-avt-0068-euttp/4052f4dd9c784b2e644fbad93ed36769~tplv-tiktokx-cropcenter:100:100.jpg?dr=9640&refresh_token=d9f0785c&x-expires=1756281600&x-signature=nvEibePJ8PdYlcPQZJKJ7RRV84A%3D&t=4d5b0474&ps=13740610&shp=30310797&shcp=ff37627b&idc=useast5",
            "_total_reply": 1,
            "_replies": [
                {
                    "_comment_id": "7524346290290852630",
                    "_username": "lancome.official",
                    "_nickname": "Lancôme",
                    "_comment": "Awe, we’re blushing 🥹",
                    "_create_time": "2025-07-07T15:26:42",
                    "_avatar": "https://p16-common-sign-va.tiktokcdn-us.com/tos-maliva-avt-0068/9424f6caa6a8781766ccf45ddf0a0a0d~tplv-tiktokx-cropcenter:100:100.jpg?dr=9640&refresh_token=2d0d7041&x-expires=1756281600&x-signature=6RRh0sV%2BMiFopbDnto6in1a21L8%3D&t=4d5b0474&ps=13740610&shp=30310797&shcp=ff37627b&idc=useast5",
                    "_total_reply": null,
                    "_replies": []
                }
            ]
        },
        {
            "_comment_id": "7524357997724795650",
            "_username": "mia618718",
            "_nickname": "-amelia-",
            "_comment": "Hii!",
            "_create_time": "2025-07-07T16:12:04",
            "_avatar": "https://p16-common-sign-va.tiktokcdn-us.com/tos-maliva-avt-0068/c4492f338624f10b0fed9447d24394b6~tplv-tiktokx-cropcenter:100:100.jpg?dr=9640&refresh_token=b7a801c7&x-expires=1756281600&x-signature=m7w1vj1DDpRX9JXoMJE6x9eWJWU%3D&t=4d5b0474&ps=13740610&shp=30310797&shcp=ff37627b&idc=useast5",
            "_total_reply": 3,
            "_replies": [
                {
                    "_comment_id": "7534580118527410951",
                    "_username": "bealivfeyro12m",
                    "_nickname": "JUMEX💚",
                    "_comment": "I need itt",
                    "_create_time": "2025-08-04T05:19:06",
                    "_avatar": "https://p16-common-sign-sg.tiktokcdn-us.com/tos-alisg-avt-0068/59aac2ddee3305309a1d72351cf688e9~tplv-tiktokx-cropcenter:100:100.jpg?dr=9640&refresh_token=7982c306&x-expires=1756281600&x-signature=sPI6YvJ2nQ2ITJccfHsOfLUVNFA%3D&t=4d5b0474&ps=13740610&shp=30310797&shcp=ff37627b&idc=useast5",
                    "_total_reply": null,
                    "_replies": []
                },
                {
                    "_comment_id": "7524708709252760342",
                    "_username": "lancome.official",
                    "_nickname": "Lancôme",
                    "_comment": "Hi Amelia 💖",
                    "_create_time": "2025-07-08T14:53:05",
                    "_avatar": "https://p16-common-sign-va.tiktokcdn-us.com/tos-maliva-avt-0068/9424f6caa6a8781766ccf45ddf0a0a0d~tplv-tiktokx-cropcenter:100:100.jpg?dr=9640&refresh_token=2d0d7041&x-expires=1756281600&x-signature=6RRh0sV%2BMiFopbDnto6in1a21L8%3D&t=4d5b0474&ps=13740610&shp=30310797&shcp=ff37627b&idc=useast5",
                    "_total_reply": null,
                    "_replies": []
                },
                {
                    "_comment_id": "7524718649409159958",
                    "_username": "mia618718",
                    "_nickname": "-amelia-",
                    "_comment": "I love ur makeup and i also love Olivia Rodrigo who is on landcôme!!",
                    "_create_time": "2025-07-08T15:31:40",
                    "_avatar": "https://p16-common-sign-va.tiktokcdn-us.com/tos-maliva-avt-0068/c4492f338624f10b0fed9447d24394b6~tplv-tiktokx-cropcenter:100:100.jpg?dr=9640&refresh_token=b7a801c7&x-expires=1756281600&x-signature=m7w1vj1DDpRX9JXoMJE6x9eWJWU%3D&t=4d5b0474&ps=13740610&shp=30310797&shcp=ff37627b&idc=useast5",
                    "_total_reply": null,
                    "_replies": []
                }
            ]
        },
        {
            "_comment_id": "7523989911226319638",
            "_username": "lils_effy",
            "_nickname": "Melanie’s_carousel🎠🍼🧴",
            "_comment": "Hi Lancôme I love your products",
            "_create_time": "2025-07-06T16:23:42",
            "_avatar": "https://p16-common-sign-va.tiktokcdn-us.com/tos-maliva-avt-0068/5f56fece4dca531e37fd1c8d94dbbc4c~tplv-tiktokx-cropcenter:100:100.jpg?dr=9640&refresh_token=31c451cc&x-expires=1756281600&x-signature=7JGf6iSsPbGZBRjoF%2FQQ%2BJokQ6w%3D&t=4d5b0474&ps=13740610&shp=30310797&shcp=ff37627b&idc=useast5",
            "_total_reply": 1,
            "_replies": [
                {
                    "_comment_id": "7524346245134648086",
                    "_username": "lancome.official",
                    "_nickname": "Lancôme",
                    "_comment": "We 💖 you!",
                    "_create_time": "2025-07-07T15:26:31",
                    "_avatar": "https://p16-common-sign-va.tiktokcdn-us.com/tos-maliva-avt-0068/9424f6caa6a8781766ccf45ddf0a0a0d~tplv-tiktokx-cropcenter:100:100.jpg?dr=9640&refresh_token=2d0d7041&x-expires=1756281600&x-signature=6RRh0sV%2BMiFopbDnto6in1a21L8%3D&t=4d5b0474&ps=13740610&shp=30310797&shcp=ff37627b&idc=useast5",
                    "_total_reply": null,
                    "_replies": []
                }
            ]
        },
        {
            "_comment_id": "7524061104076063511",
            "_username": "amyc3333",
            "_nickname": "amy",
            "_comment": "Love",
            "_create_time": "2025-07-06T20:59:58",
            "_avatar": "https://p16-common-sign-useast2a.tiktokcdn-us.com/tos-useast2a-avt-0068-euttp/373c2741cc83811383913b9ee25c01d5~tplv-tiktokx-cropcenter:100:100.jpg?dr=9640&refresh_token=62ea7c95&x-expires=1756281600&x-signature=pHYUarwJiB6FavzYtsFGKJr0WhU%3D&t=4d5b0474&ps=13740610&shp=30310797&shcp=ff37627b&idc=useast5",
            "_total_reply": 1,
            "_replies": [
                {
                    "_comment_id": "7524346406062129943",
                    "_username": "lancome.official",
                    "_nickname": "Lancôme",
                    "_comment": "Which shade? 👀",
                    "_create_time": "2025-07-07T15:27:09",
                    "_avatar": "https://p16-common-sign-va.tiktokcdn-us.com/tos-maliva-avt-0068/9424f6caa6a8781766ccf45ddf0a0a0d~tplv-tiktokx-cropcenter:100:100.jpg?dr=9640&refresh_token=2d0d7041&x-expires=1756281600&x-signature=6RRh0sV%2BMiFopbDnto6in1a21L8%3D&t=4d5b0474&ps=13740610&shp=30310797&shcp=ff37627b&idc=useast5",
                    "_total_reply": null,
                    "_replies": []
                }
            ]
        },
        {
            "_comment_id": "7524219656628257567",
            "_username": "glamwjuju_",
            "_nickname": "jumana💐beauty creator",
            "_comment": "omg so pretty these shades😍😍",
            "_create_time": "2025-07-07T07:15:59",
            "_avatar": "https://p16-pu-sign-useast8.tiktokcdn-us.com/tos-useast8-avt-0068-tx2/8a4025db94420145d656247824e81d38~tplv-tiktokx-cropcenter:100:100.jpg?dr=9640&refresh_token=23dd705a&x-expires=1756281600&x-signature=wx2KLcKkLh%2BI2SmNViDP%2B2SFCSw%3D&t=4d5b0474&ps=13740610&shp=30310797&shcp=ff37627b&idc=useast5",
            "_total_reply": 1,
            "_replies": [
                {
                    "_comment_id": "7524220265744778017",
                    "_username": "lancome.official",
                    "_nickname": "Lancôme",
                    "_comment": "Arent they?!!!🥹",
                    "_create_time": "2025-07-07T09:44:51",
                    "_avatar": "https://p16-common-sign-va.tiktokcdn-us.com/tos-maliva-avt-0068/9424f6caa6a8781766ccf45ddf0a0a0d~tplv-tiktokx-cropcenter:100:100.jpg?dr=9640&refresh_token=2d0d7041&x-expires=1756281600&x-signature=6RRh0sV%2BMiFopbDnto6in1a21L8%3D&t=4d5b0474&ps=13740610&shp=30310797&shcp=ff37627b&idc=useast5",
                    "_total_reply": null,
                    "_replies": []
                }
            ]
        },
        {
            "_comment_id": "7530706697004204822",
            "_username": "livielasyof2025",
            "_nickname": "lasy of 2025 🏴󠁧󠁢󠁳󠁣󠁴󠁿❤️",
            "_comment": "looks great but wheres olivia???",
            "_create_time": "2025-07-24T18:48:23",
            "_avatar": "https://p16-common-sign-va.tiktokcdn-us.com/tos-maliva-avt-0068/979e65223bdb3ca4d20537aee963eb70~tplv-tiktokx-cropcenter:100:100.jpg?dr=9640&refresh_token=d3e0c73d&x-expires=1756281600&x-signature=I%2BCeCfNlo4b0XgEOAaa%2BEEoZ78c%3D&t=4d5b0474&ps=13740610&shp=30310797&shcp=ff37627b&idc=useast5",
            "_total_reply": 0,
            "_replies": []
        },
        {
            "_comment_id": "7524023407705686806",
            "_username": "libby_alice_official",
            "_nickname": "libby★*𝕆ℝ*",
            "_comment": "Umm……. Where’s Olivia????",
            "_create_time": "2025-07-06T18:33:41",
            "_avatar": "https://p16-common-sign-va.tiktokcdn-us.com/tos-maliva-avt-0068/0a515197d3c7b47b29386e9fc04c81dc~tplv-tiktokx-cropcenter:100:100.jpg?dr=9640&refresh_token=2713e03e&x-expires=1756281600&x-signature=MynOpMUqX2OJyKfreEQScPkF2uQ%3D&t=4d5b0474&ps=13740610&shp=30310797&shcp=ff37627b&idc=useast5",
            "_total_reply": 0,
            "_replies": []
        },
        {
            "_comment_id": "7531844565243216662",
            "_username": "sonia_muse",
            "_nickname": "Sonia muse",
            "_comment": "🥰🥰",
            "_create_time": "2025-07-27T20:23:46",
            "_avatar": "https://p16-common-sign-va.tiktokcdn-us.com/tos-maliva-avt-0068/c278e684a2ed343929a1f88b2036d14d~tplv-tiktokx-cropcenter:100:100.jpg?dr=9640&refresh_token=5b03350c&x-expires=1756281600&x-signature=NA6xJpjDUv99e6JEz5vae%2BF2aWA%3D&t=4d5b0474&ps=13740610&shp=30310797&shcp=ff37627b&idc=useast5",
            "_total_reply": 0,
            "_replies": []
        },
        {
            "_comment_id": "7529207296770736918",
            "_username": "jocelyne.rhim5",
            "_nickname": "Jocelyne Rhim",
            "_comment": "❤️❤️❤️❤️❤️❤️❤️❤️❤️",
            "_create_time": "2025-07-20T17:49:53",
            "_avatar": "https://p16-common-sign-va.tiktokcdn-us.com/tos-maliva-avt-0068/5ebfc5e48db9a37ef2e817b740b640ac~tplv-tiktokx-cropcenter:100:100.jpg?dr=9640&refresh_token=e2c46637&x-expires=1756281600&x-signature=5N0QQevWw92J%2FzWww12PsFXQSFg%3D&t=4d5b0474&ps=13740610&shp=30310797&shcp=ff37627b&idc=useast5",
            "_total_reply": 0,
            "_replies": []
        },
        {
            "_comment_id": "7524334328411603734",
            "_username": "nicoleaamelia278",
            "_nickname": "nicoleaameliarose",
            "_comment": "🥰🥰",
            "_create_time": "2025-07-07T14:40:15",
            "_avatar": "https://p16-common-sign-useast2a.tiktokcdn-us.com/tos-useast2a-avt-0068-euttp/f95b7615d80fc28193465feedc9d774b~tplv-tiktokx-cropcenter:100:100.jpg?dr=9640&refresh_token=fb7ebe11&x-expires=1756281600&x-signature=aHbFjt0daS0KiSWoVacyswo2WnE%3D&t=4d5b0474&ps=13740610&shp=30310797&shcp=ff37627b&idc=useast5",
            "_total_reply": 0,
            "_replies": []
        },
        {
            "_comment_id": "7524174930184635158",
            "_username": "veroat87",
            "_nickname": "VeroAt",
            "_comment": "😍😍😍😍😍😍😍",
            "_create_time": "2025-07-07T04:22:48",
            "_avatar": "https://p16-common-sign-va.tiktokcdn-us.com/tos-maliva-avt-0068/ac0da8fdf1e1f20add92437e4895e5ee~tplv-tiktokx-cropcenter:100:100.jpg?dr=9640&refresh_token=ccff9829&x-expires=1756281600&x-signature=TB2cKExGD5eL7xvQXgx85GlXvJs%3D&t=4d5b0474&ps=13740610&shp=30310797&shcp=ff37627b&idc=useast5",
            "_total_reply": 0,
            "_replies": []
        },
        {
            "_comment_id": "7523992716989039382",
            "_username": "mitchthemommy",
            "_nickname": "Michelle Lynch",
            "_comment": "😍😍😍",
            "_create_time": "2025-07-06T16:34:36",
            "_avatar": "https://p19-common-sign-useast2a.tiktokcdn-us.com/tos-useast2a-avt-0068-euttp/6920f07878d573199beb7ecf33571583~tplv-tiktokx-cropcenter:100:100.jpg?dr=9640&refresh_token=c7aadb2f&x-expires=1756281600&x-signature=mCF9GFcbFs8%2Byc6EXqQSF5awpcI%3D&t=4d5b0474&ps=13740610&shp=30310797&shcp=ff37627b&idc=useast5",
            "_total_reply": 0,
            "_replies": []
        },
        {
            "_comment_id": "7538934962139087671",
            "_username": "khansoofia3",
            "_nickname": "Khan Soofia",
            "_comment": "🥰🥰",
            "_create_time": "2025-08-15T22:58:34",
            "_avatar": "https://p19-common-sign-sg.tiktokcdn-us.com/tos-alisg-avt-0068/7324786754194505730~tplv-tiktokx-cropcenter:100:100.jpg?dr=9640&refresh_token=48497bd2&x-expires=1756281600&x-signature=U5XK1EXmuk6kKfN1WAwfWzT%2BKWM%3D&t=4d5b0474&ps=13740610&shp=30310797&shcp=ff37627b&idc=useast5",
            "_total_reply": 0,
            "_replies": []
        },
        {
            "_comment_id": "7524191841224573752",
            "_username": "iissi..034",
            "_nickname": "Isa💜🎸",
            "_comment": "Lancome, could you tell Olivia to see a message I sent her? She would be very grateful. It's my dream, and in that message I express something very special to her.",
            "_create_time": "2025-07-07T05:27:44",
            "_avatar": "https://p16-common-sign-va.tiktokcdn-us.com/tos-maliva-avt-0068/f0b71e77785dd4185ff2fb867ed807d0~tplv-tiktokx-cropcenter:100:100.jpg?dr=9640&refresh_token=44e6d331&x-expires=1756281600&x-signature=iKTztSXdZGEHNzCnKhZB%2BjnulO4%3D&t=4d5b0474&ps=13740610&shp=30310797&shcp=ff37627b&idc=useast5",
            "_total_reply": 0,
            "_replies": []
        }
    ],
    "total_comments": 28
}