{
    "original_url": "https://www.tiktok.com/@lancome.official/video/7525378102927576342",
    "video_id": "7525378102927576342",
    "description": "Major crush alert🚨 We’ve simply fallen for the delicious Almond Drip Juicy Tubes shade. #Lancome #JuicyTubes #Makeup #LipGloss #Gloss #GlossyLip #IceCream #Yummy #Juicy #Summer #SummerLook ",
    "video_url": "https://m.tiktok.com/v/7525378102927576342.html?_d=0&comment_author_id=7449623159513416721&preview_pb=0&share_comment_id=7525398733532660487&share_item_id=7525378102927576342&sharer_language=en&source=h5_m&u_code=0",
    "tags": [
        "#Lancome",
        "#JuicyTubes",
        "#Makeup",
        "#LipGloss",
        "#Gloss",
        "#GlossyLip",
        "#IceCream",
        "#Yummy",
        "#Juicy",
        "#Summer",
        "#SummerLook"
    ],
    "comments": [
        {
            "_comment_id": "7525398733532660487",
            "_username": "certifiedswiftiee",
            "_nickname": "Luvleys (Taylor's Version)",
            "_comment": "live laugh love LANCÔME",
            "_create_time": "2025-07-10T11:30:40",
            "_avatar": "https://p16-common-sign-sg.tiktokcdn-us.com/tos-alisg-avt-0068/3f1daa763ab2b18bbf962deecbffcdd2~tplv-tiktokx-cropcenter:100:100.jpg?dr=9640&refresh_token=7848084a&x-expires=1756281600&x-signature=7RDMAQs2%2BBUw3hOMuJ6WXR%2BQBt0%3D&t=4d5b0474&ps=13740610&shp=30310797&shcp=ff37627b&idc=useast5",
            "_total_reply": 1,
            "_replies": [
                {
                    "_comment_id": "7525455541172388630",
                    "_username": "lancome.official",
                    "_nickname": "Lancôme",
                    "_comment": "Forever and always ✨",
                    "_create_time": "2025-07-10T15:11:14",
                    "_avatar": "https://p16-common-sign-va.tiktokcdn-us.com/tos-maliva-avt-0068/9424f6caa6a8781766ccf45ddf0a0a0d~tplv-tiktokx-cropcenter:100:100.jpg?dr=9640&refresh_token=2d0d7041&x-expires=1756281600&x-signature=6RRh0sV%2BMiFopbDnto6in1a21L8%3D&t=4d5b0474&ps=13740610&shp=30310797&shcp=ff37627b&idc=useast5",
                    "_total_reply": null,
                    "_replies": []
                }
            ]
        },
        {
            "_comment_id": "7540315629103563534",
            "_username": "joyurifan1._manar",
            "_nickname": "Jo yuri foreverrr✨❤️",
            "_comment": "My new obsession✨Lancome juicy tube lipgloss🤩",
            "_create_time": "2025-08-19T16:16:11",
            "_avatar": "https://p19-pu-sign-useast8.tiktokcdn-us.com/tos-useast5-avt-0068-tx/54347057f46743bc03ac5f7f88e90e53~tplv-tiktokx-cropcenter:100:100.jpg?dr=9640&refresh_token=8498d9a9&x-expires=1756281600&x-signature=V6kcP5Q1f1QjgvhWRfZtuqSWNe4%3D&t=4d5b0474&ps=13740610&shp=30310797&shcp=ff37627b&idc=useast5",
            "_total_reply": 1,
            "_replies": [
                {
                    "_comment_id": "7540321614286897942",
                    "_username": "lancome.official",
                    "_nickname": "Lancôme",
                    "_comment": "It’ll forever be our obsession 🤭",
                    "_create_time": "2025-08-19T16:39:04",
                    "_avatar": "https://p16-common-sign-va.tiktokcdn-us.com/tos-maliva-avt-0068/9424f6caa6a8781766ccf45ddf0a0a0d~tplv-tiktokx-cropcenter:100:100.jpg?dr=9640&refresh_token=2d0d7041&x-expires=1756281600&x-signature=6RRh0sV%2BMiFopbDnto6in1a21L8%3D&t=4d5b0474&ps=13740610&shp=30310797&shcp=ff37627b&idc=useast5",
                    "_total_reply": null,
                    "_replies": []
                }
            ]
        },
        {
            "_comment_id": "7525456179946996487",
            "_username": "sabinesinno_",
            "_nickname": "Sabine Sinno",
            "_comment": "juicy tubes fan club 🤎🤎🤎🤎",
            "_create_time": "2025-07-10T15:13:30",
            "_avatar": "https://p16-common-sign-sg.tiktokcdn-us.com/tos-alisg-avt-0068/7e32a842b6e918859b3445595bbbbf7e~tplv-tiktokx-cropcenter:100:100.jpg?dr=9640&refresh_token=223bc812&x-expires=1756281600&x-signature=Q5Lcrq0OgSHzKcKGhbiOM0oM5MQ%3D&t=4d5b0474&ps=13740610&shp=30310797&shcp=ff37627b&idc=useast5",
            "_total_reply": 1,
            "_replies": [
                {
                    "_comment_id": "7525839769656214294",
                    "_username": "lancome.official",
                    "_nickname": "Lancôme",
                    "_comment": "We’re so in ✨",
                    "_create_time": "2025-07-11T16:02:09",
                    "_avatar": "https://p16-common-sign-va.tiktokcdn-us.com/tos-maliva-avt-0068/9424f6caa6a8781766ccf45ddf0a0a0d~tplv-tiktokx-cropcenter:100:100.jpg?dr=9640&refresh_token=2d0d7041&x-expires=1756281600&x-signature=6RRh0sV%2BMiFopbDnto6in1a21L8%3D&t=4d5b0474&ps=13740610&shp=30310797&shcp=ff37627b&idc=useast5",
                    "_total_reply": null,
                    "_replies": []
                }
            ]
        },
        {
            "_comment_id": "7539626803550880542",
            "_username": "ms.loulou_brownbeauty",
            "_nickname": "Leona💜",
            "_comment": "I wanttt",
            "_create_time": "2025-08-17T19:43:01",
            "_avatar": "https://p16-sign.tiktokcdn-us.com/tos-useast5-avt-0068-tx/da47c879d013cff3422c4239e0b5368c~tplv-tiktokx-cropcenter:100:100.jpg?dr=9640&refresh_token=b6c45f8a&x-expires=1756281600&x-signature=ol%2FA%2Frj6dkHtQmP3wXYvsbfm68A%3D&t=4d5b0474&ps=13740610&shp=30310797&shcp=ff37627b&idc=useast5",
            "_total_reply": 0,
            "_replies": []
        },
        {
            "_comment_id": "7532068168735392543",
            "_username": "galexy._.guy101",
            "_nickname": "🌙 Maanav Mishra💫",
            "_comment": "Why are the pictures of this shade so different from the actual color? In person this shade is a bright brick orange but online it’s shown as a beautiful Carmel brown 😔💔💔💔",
            "_create_time": "2025-07-28T10:51:59",
            "_avatar": "https://p19-pu-sign-useast8.tiktokcdn-us.com/tos-useast8-avt-0068-tx2/0f7d78f50153d3312f417c7e75594603~tplv-tiktokx-cropcenter:100:100.jpg?dr=9640&refresh_token=2e2cecc5&x-expires=1756281600&x-signature=v0bhPdLWclto4OeKvE4BIv2HdqU%3D&t=4d5b0474&ps=13740610&shp=30310797&shcp=ff37627b&idc=useast5",
            "_total_reply": 0,
            "_replies": []
        },
        {
            "_comment_id": "7525750257119560471",
            "_username": "oliviasxngel",
            "_nickname": "Gabrielle (𝓈𝓅𝒾𝓁𝓁𝑒𝒹)⸆⸉⚓︎",
            "_comment": "I’m in love Lancômeeeee 🥐🤎",
            "_create_time": "2025-07-11T10:14:58",
            "_avatar": "https://p16-common-sign-va.tiktokcdn-us.com/tos-maliva-avt-0068/63c7e775e3f03f4b16660a190c9adf06~tplv-tiktokx-cropcenter:100:100.jpg?dr=9640&refresh_token=dbafdb56&x-expires=1756281600&x-signature=AoblK33M4THF5Brka7GyikSlkns%3D&t=4d5b0474&ps=13740610&shp=30310797&shcp=ff37627b&idc=useast5",
            "_total_reply": 1,
            "_replies": [
                {
                    "_comment_id": "7525838807477093142",
                    "_username": "lancome.official",
                    "_nickname": "Lancôme",
                    "_comment": "So easy to fall in love with this juicy perfection 💋✨",
                    "_create_time": "2025-07-11T15:58:25",
                    "_avatar": "https://p16-common-sign-va.tiktokcdn-us.com/tos-maliva-avt-0068/9424f6caa6a8781766ccf45ddf0a0a0d~tplv-tiktokx-cropcenter:100:100.jpg?dr=9640&refresh_token=2d0d7041&x-expires=1756281600&x-signature=6RRh0sV%2BMiFopbDnto6in1a21L8%3D&t=4d5b0474&ps=13740610&shp=30310797&shcp=ff37627b&idc=useast5",
                    "_total_reply": null,
                    "_replies": []
                }
            ]
        },
        {
            "_comment_id": "7525423904636207895",
            "_username": "orobsessed",
            "_nickname": ".",
            "_comment": "Olivia Rodrigo pls comment on this",
            "_create_time": "2025-07-10T13:08:25",
            "_avatar": "https://p16-common-sign-va.tiktokcdn-us.com/tos-maliva-avt-0068/fac61913aa0c7e58d0272e1eb20d3493~tplv-tiktokx-cropcenter:100:100.jpg?dr=9640&refresh_token=97f5549e&x-expires=1756281600&x-signature=Elr23pbFG%2Bk6Dl5vgg1iNlAeAYg%3D&t=4d5b0474&ps=13740610&shp=30310797&shcp=ff37627b&idc=useast5",
            "_total_reply": 0,
            "_replies": []
        },
        {
            "_comment_id": "7525480061770072846",
            "_username": "chicwithkels",
            "_nickname": "ChicWithKels | Makeup Tuts",
            "_comment": "ALMOND?! Adore this 🤎",
            "_create_time": "2025-07-10T16:46:43",
            "_avatar": "https://p19-pu-sign-useast8.tiktokcdn-us.com/tos-useast5-avt-0068-tx/ce92b8142117d2570f27762c7b69fd25~tplv-tiktokx-cropcenter:100:100.jpg?dr=9640&refresh_token=7fd4020e&x-expires=1756281600&x-signature=JvDiZA%2FxuPLuiZyk3Car%2FKNTSXY%3D&t=4d5b0474&ps=13740610&shp=30310797&shcp=ff37627b&idc=useast5",
            "_total_reply": 0,
            "_replies": []
        },
        {
            "_comment_id": "7525380428619399968",
            "_username": "eves2423",
            "_nickname": "Evieeeeee",
            "_comment": "I need this right now",
            "_create_time": "2025-07-10T10:19:45",
            "_avatar": "https://p16-common-sign-useast2a.tiktokcdn-us.com/tos-useast2a-avt-0068-euttp/e1d2ed7e2ae2d8ef184aaed7c39e59e1~tplv-tiktokx-cropcenter:100:100.jpg?dr=9640&refresh_token=66320146&x-expires=1756281600&x-signature=kCQygtJG2zZWoHOdAHialJH48Nk%3D&t=4d5b0474&ps=13740610&shp=30310797&shcp=ff37627b&idc=useast5",
            "_total_reply": 2,
            "_replies": [
                {
                    "_comment_id": "7525455486251975446",
                    "_username": "lancome.official",
                    "_nickname": "Lancôme",
                    "_comment": "Immediately adds to cart 🤭",
                    "_create_time": "2025-07-10T15:10:55",
                    "_avatar": "https://p16-common-sign-va.tiktokcdn-us.com/tos-maliva-avt-0068/9424f6caa6a8781766ccf45ddf0a0a0d~tplv-tiktokx-cropcenter:100:100.jpg?dr=9640&refresh_token=2d0d7041&x-expires=1756281600&x-signature=6RRh0sV%2BMiFopbDnto6in1a21L8%3D&t=4d5b0474&ps=13740610&shp=30310797&shcp=ff37627b&idc=useast5",
                    "_total_reply": null,
                    "_replies": []
                },
                {
                    "_comment_id": "7525690542450508576",
                    "_username": "eves2423",
                    "_nickname": "Evieeeeee",
                    "_comment": "How’d you know???",
                    "_create_time": "2025-07-11T06:23:38",
                    "_avatar": "https://p16-common-sign-useast2a.tiktokcdn-us.com/tos-useast2a-avt-0068-euttp/e1d2ed7e2ae2d8ef184aaed7c39e59e1~tplv-tiktokx-cropcenter:100:100.jpg?dr=9640&refresh_token=66320146&x-expires=1756281600&x-signature=kCQygtJG2zZWoHOdAHialJH48Nk%3D&t=4d5b0474&ps=13740610&shp=30310797&shcp=ff37627b&idc=useast5",
                    "_total_reply": null,
                    "_replies": []
                }
            ]
        },
        {
            "_comment_id": "7526298758238307077",
            "_username": "thelifelistblog",
            "_nickname": "TheLifeList",
            "_comment": "WOW!!",
            "_create_time": "2025-07-12T21:43:13",
            "_avatar": "https://p16-common-sign-va.tiktokcdn-us.com/tos-maliva-avt-0068/65c964d624d0631f1bb3b69081cbd71d~tplv-tiktokx-cropcenter:100:100.jpg?dr=9640&refresh_token=1494bb9a&x-expires=1756281600&x-signature=%2BxwjXRNsHTXBvrAsCGBv0LOfcwc%3D&t=4d5b0474&ps=13740610&shp=30310797&shcp=ff37627b&idc=useast5",
            "_total_reply": 0,
            "_replies": []
        },
        {
            "_comment_id": "7525378853968823062",
            "_username": "menciaagonzaleezz",
            "_nickname": "Menci",
            "_comment": "first",
            "_create_time": "2025-07-10T10:13:40",
            "_avatar": "https://p16-common-sign-va.tiktokcdn-us.com/tos-maliva-avt-0068/f9aa7ac2c3eba1f90a734ffd446249fa~tplv-tiktokx-cropcenter:100:100.jpg?dr=9640&refresh_token=3b4ce636&x-expires=1756281600&x-signature=VhrqIQVlEzUjbP%2FC3LK66J1P%2FX4%3D&t=4d5b0474&ps=13740610&shp=30310797&shcp=ff37627b&idc=useast5",
            "_total_reply": 0,
            "_replies": []
        },
        {
            "_comment_id": "7525431299004777238",
            "_username": "mitchthemommy",
            "_nickname": "Michelle Lynch",
            "_comment": "so smooth",
            "_create_time": "2025-07-10T13:37:05",
            "_avatar": "https://p16-common-sign-useast2a.tiktokcdn-us.com/tos-useast2a-avt-0068-euttp/6920f07878d573199beb7ecf33571583~tplv-tiktokx-cropcenter:100:100.jpg?dr=9640&refresh_token=f935d486&x-expires=1756281600&x-signature=MmR0vJ3LEheUoxoFQWPFNfpa29U%3D&t=4d5b0474&ps=13740610&shp=30310797&shcp=ff37627b&idc=useast5",
            "_total_reply": 2,
            "_replies": [
                {
                    "_comment_id": "7525455440067691286",
                    "_username": "lancome.official",
                    "_nickname": "Lancôme",
                    "_comment": "So juicy 😘",
                    "_create_time": "2025-07-10T15:10:47",
                    "_avatar": "https://p16-common-sign-va.tiktokcdn-us.com/tos-maliva-avt-0068/9424f6caa6a8781766ccf45ddf0a0a0d~tplv-tiktokx-cropcenter:100:100.jpg?dr=9640&refresh_token=2d0d7041&x-expires=1756281600&x-signature=6RRh0sV%2BMiFopbDnto6in1a21L8%3D&t=4d5b0474&ps=13740610&shp=30310797&shcp=ff37627b&idc=useast5",
                    "_total_reply": null,
                    "_replies": []
                },
                {
                    "_comment_id": "7525513223504757526",
                    "_username": "mitchthemommy",
                    "_nickname": "Michelle Lynch",
                    "_comment": "😍",
                    "_create_time": "2025-07-10T18:54:57",
                    "_avatar": "https://p16-common-sign-useast2a.tiktokcdn-us.com/tos-useast2a-avt-0068-euttp/6920f07878d573199beb7ecf33571583~tplv-tiktokx-cropcenter:100:100.jpg?dr=9640&refresh_token=f935d486&x-expires=1756281600&x-signature=MmR0vJ3LEheUoxoFQWPFNfpa29U%3D&t=4d5b0474&ps=13740610&shp=30310797&shcp=ff37627b&idc=useast5",
                    "_total_reply": null,
                    "_replies": []
                }
            ]
        },
        {
            "_comment_id": "7525380442040795959",
            "_username": "poopykyracav",
            "_nickname": "Poopykyracavv",
            "_comment": "Lancôme is fantastic",
            "_create_time": "2025-07-10T10:20:38",
            "_avatar": "https://p16-pu-sign-useast8.tiktokcdn-us.com/tos-useast5-avt-0068-tx/0e6f4554ae85efa47b42a5a4b631cc31~tplv-tiktokx-cropcenter:100:100.jpg?dr=9640&refresh_token=4af51477&x-expires=1756281600&x-signature=41FOki1fGpOeWM2XObcqbRKFRkY%3D&t=4d5b0474&ps=13740610&shp=30310797&shcp=ff37627b&idc=useast5",
            "_total_reply": 1,
            "_replies": [
                {
                    "_comment_id": "7525455473293067031",
                    "_username": "lancome.official",
                    "_nickname": "Lancôme",
                    "_comment": "You’re fantastic! 💖",
                    "_create_time": "2025-07-10T15:11:01",
                    "_avatar": "https://p16-common-sign-va.tiktokcdn-us.com/tos-maliva-avt-0068/9424f6caa6a8781766ccf45ddf0a0a0d~tplv-tiktokx-cropcenter:100:100.jpg?dr=9640&refresh_token=2d0d7041&x-expires=1756281600&x-signature=6RRh0sV%2BMiFopbDnto6in1a21L8%3D&t=4d5b0474&ps=13740610&shp=30310797&shcp=ff37627b&idc=useast5",
                    "_total_reply": null,
                    "_replies": []
                }
            ]
        },
        {
            "_comment_id": "7525379245204423441",
            "_username": "lafille5049",
            "_nickname": "le chat",
            "_comment": "Pourquoi cette couleur est pas au Canada",
            "_create_time": "2025-07-10T10:15:01",
            "_avatar": "https://p16-common-sign-va.tiktokcdn-us.com/tos-maliva-avt-0068/7227946547320487942~tplv-tiktokx-cropcenter:100:100.jpg?dr=9640&refresh_token=cb33faed&x-expires=1756281600&x-signature=YKOY5fiO6W2qsv5ki38%2F298wAEI%3D&t=4d5b0474&ps=13740610&shp=30310797&shcp=ff37627b&idc=useast5",
            "_total_reply": 0,
            "_replies": []
        },
        {
            "_comment_id": "7525880315392197398",
            "_username": "amyc3333",
            "_nickname": "amy",
            "_comment": "Need it",
            "_create_time": "2025-07-11T18:39:35",
            "_avatar": "https://p16-common-sign-useast2a.tiktokcdn-us.com/tos-useast2a-avt-0068-euttp/373c2741cc83811383913b9ee25c01d5~tplv-tiktokx-cropcenter:100:100.jpg?dr=9640&refresh_token=62ea7c95&x-expires=1756281600&x-signature=pHYUarwJiB6FavzYtsFGKJr0WhU%3D&t=4d5b0474&ps=13740610&shp=30310797&shcp=ff37627b&idc=useast5",
            "_total_reply": 1,
            "_replies": [
                {
                    "_comment_id": "7526935475236504352",
                    "_username": "lancome.official",
                    "_nickname": "Lancôme",
                    "_comment": "One word: obsessed. 🛍",
                    "_create_time": "2025-07-14T18:30:27",
                    "_avatar": "https://p16-common-sign-va.tiktokcdn-us.com/tos-maliva-avt-0068/9424f6caa6a8781766ccf45ddf0a0a0d~tplv-tiktokx-cropcenter:100:100.jpg?dr=9640&refresh_token=2d0d7041&x-expires=1756281600&x-signature=6RRh0sV%2BMiFopbDnto6in1a21L8%3D&t=4d5b0474&ps=13740610&shp=30310797&shcp=ff37627b&idc=useast5",
                    "_total_reply": null,
                    "_replies": []
                }
            ]
        },
        {
            "_comment_id": "7525378944066421526",
            "_username": "nessabarrett_luckystar",
            "_nickname": "⋆˙⟡Baby Cowboy⋆˙⟡",
            "_comment": "Niceee!! Might need to try it🫣",
            "_create_time": "2025-07-10T10:14:00",
            "_avatar": "https://p16-common-sign-va.tiktokcdn-us.com/tos-maliva-avt-0068/4b386ad4f5a4992dd6b8d7efdef500b5~tplv-tiktokx-cropcenter:100:100.jpg?dr=9640&refresh_token=f5de7b5e&x-expires=1756281600&x-signature=ae7xbeGfaQ%2Fd6UKNpMWzitjE%2FKg%3D&t=4d5b0474&ps=13740610&shp=30310797&shcp=ff37627b&idc=useast5",
            "_total_reply": 1,
            "_replies": [
                {
                    "_comment_id": "7525455521505002262",
                    "_username": "lancome.official",
                    "_nickname": "Lancôme",
                    "_comment": "This is your sign 😉",
                    "_create_time": "2025-07-10T15:11:09",
                    "_avatar": "https://p16-common-sign-va.tiktokcdn-us.com/tos-maliva-avt-0068/9424f6caa6a8781766ccf45ddf0a0a0d~tplv-tiktokx-cropcenter:100:100.jpg?dr=9640&refresh_token=2d0d7041&x-expires=1756281600&x-signature=6RRh0sV%2BMiFopbDnto6in1a21L8%3D&t=4d5b0474&ps=13740610&shp=30310797&shcp=ff37627b&idc=useast5",
                    "_total_reply": null,
                    "_replies": []
                }
            ]
        },
        {
            "_comment_id": "7525729169595581240",
            "_username": "dmnxkaur",
            "_nickname": "ᴅᴀᴍᴀɴ | ʙᴇᴀᴜᴛʏ + sᴋɪɴ 💅",
            "_comment": "My lips need these asap!!😭💗",
            "_create_time": "2025-07-11T08:53:06",
            "_avatar": "https://p19-common-sign-sg.tiktokcdn-us.com/tos-alisg-avt-0068/425d00a3eb688af26d30d60b56fb00d2~tplv-tiktokx-cropcenter:100:100.jpg?dr=9640&refresh_token=b37ee5fc&x-expires=1756281600&x-signature=RY9ea7jopVo%2BbJN9UbXPG2GUwXE%3D&t=4d5b0474&ps=13740610&shp=30310797&shcp=ff37627b&idc=useast5",
            "_total_reply": 1,
            "_replies": [
                {
                    "_comment_id": "7525839141616714518",
                    "_username": "lancome.official",
                    "_nickname": "Lancôme",
                    "_comment": "Juicy Tubes is calling your name ✨",
                    "_create_time": "2025-07-11T15:59:45",
                    "_avatar": "https://p16-common-sign-va.tiktokcdn-us.com/tos-maliva-avt-0068/9424f6caa6a8781766ccf45ddf0a0a0d~tplv-tiktokx-cropcenter:100:100.jpg?dr=9640&refresh_token=2d0d7041&x-expires=1756281600&x-signature=6RRh0sV%2BMiFopbDnto6in1a21L8%3D&t=4d5b0474&ps=13740610&shp=30310797&shcp=ff37627b&idc=useast5",
                    "_total_reply": null,
                    "_replies": []
                }
            ]
        },
        {
            "_comment_id": "7525449996155421445",
            "_username": "brookelynnbaume",
            "_nickname": "Livie4life🎶🦋",
            "_comment": "please tell olivia I love her and i love this sm!",
            "_create_time": "2025-07-10T14:49:41",
            "_avatar": "https://p16-common-sign-va.tiktokcdn-us.com/tos-maliva-avt-0068/6edff8a064238c9e3fa1d6d44ac3a2f4~tplv-tiktokx-cropcenter:100:100.jpg?dr=9640&refresh_token=0943ba29&x-expires=1756281600&x-signature=GpSyMI6Ye%2Ff8DSXY9znnvpYZHl8%3D&t=4d5b0474&ps=13740610&shp=30310797&shcp=ff37627b&idc=useast5",
            "_total_reply": 1,
            "_replies": [
                {
                    "_comment_id": "7525455598964491030",
                    "_username": "lancome.official",
                    "_nickname": "Lancôme",
                    "_comment": "We will 😘",
                    "_create_time": "2025-07-10T15:11:21",
                    "_avatar": "https://p16-common-sign-va.tiktokcdn-us.com/tos-maliva-avt-0068/9424f6caa6a8781766ccf45ddf0a0a0d~tplv-tiktokx-cropcenter:100:100.jpg?dr=9640&refresh_token=2d0d7041&x-expires=1756281600&x-signature=6RRh0sV%2BMiFopbDnto6in1a21L8%3D&t=4d5b0474&ps=13740610&shp=30310797&shcp=ff37627b&idc=useast5",
                    "_total_reply": null,
                    "_replies": []
                }
            ]
        },
        {
            "_comment_id": "7526483404834292502",
            "_username": "orobsessed",
            "_nickname": ".",
            "_comment": "Oliviiiaaaaa coommmmeeennttt onnnnnthiissssss",
            "_create_time": "2025-07-13T09:39:49",
            "_avatar": "https://p16-common-sign-va.tiktokcdn-us.com/tos-maliva-avt-0068/fac61913aa0c7e58d0272e1eb20d3493~tplv-tiktokx-cropcenter:100:100.jpg?dr=9640&refresh_token=97f5549e&x-expires=1756281600&x-signature=Elr23pbFG%2Bk6Dl5vgg1iNlAeAYg%3D&t=4d5b0474&ps=13740610&shp=30310797&shcp=ff37627b&idc=useast5",
            "_total_reply": 0,
            "_replies": []
        },
        {
            "_comment_id": "7525378087132660510",
            "_username": "annette_121212",
            "_nickname": "🦦",
            "_comment": "First!!",
            "_create_time": "2025-07-10T10:12:17",
            "_avatar": "https://p19-pu-sign-useast8.tiktokcdn-us.com/tos-useast8-avt-0068-tx2/ace4d9ef92a8758d52a770a1d1b834ff~tplv-tiktokx-cropcenter:100:100.jpg?dr=9640&refresh_token=bea0d21d&x-expires=1756281600&x-signature=IGkvnKrLY2UNSJV%2F9CozIL631gw%3D&t=4d5b0474&ps=13740610&shp=30310797&shcp=ff37627b&idc=useast5",
            "_total_reply": 0,
            "_replies": []
        },
        {
            "_comment_id": "7525806735715402528",
            "_username": "aleagbl",
            "_nickname": "Aleah(Liv's version)",
            "_comment": "LOVEEE THISSSS🤎🍫",
            "_create_time": "2025-07-11T13:54:05",
            "_avatar": "https://p16-common-sign-useast2a.tiktokcdn-us.com/tos-useast2a-avt-0068-euttp/804a4ff7e04c431e837800c7b9542b17~tplv-tiktokx-cropcenter:100:100.jpg?dr=9640&refresh_token=1514f075&x-expires=1756281600&x-signature=hxrAsFJqbZFAmtxF0Wq8qpHc9%2FE%3D&t=4d5b0474&ps=13740610&shp=30310797&shcp=ff37627b&idc=useast5",
            "_total_reply": 0,
            "_replies": []
        },
        {
            "_comment_id": "7525569302139175711",
            "_username": "glamwjuju_",
            "_nickname": "jumana💐beauty creator",
            "_comment": "the best glosses!",
            "_create_time": "2025-07-10T22:32:57",
            "_avatar": "https://p19-pu-sign-useast8.tiktokcdn-us.com/tos-useast8-avt-0068-tx2/8a4025db94420145d656247824e81d38~tplv-tiktokx-cropcenter:100:100.jpg?dr=9640&refresh_token=4513a4c2&x-expires=1756281600&x-signature=7S9Ov%2BLbXVjNk12OWcjBvGD9mmI%3D&t=4d5b0474&ps=13740610&shp=30310797&shcp=ff37627b&idc=useast5",
            "_total_reply": 0,
            "_replies": []
        },
        {
            "_comment_id": "7540032990076961550",
            "_username": "anto.monts",
            "_nickname": "Anto Monts",
            "_comment": "Im so getting this",
            "_create_time": "2025-08-18T21:59:10",
            "_avatar": "https://p19-pu-sign-useast8.tiktokcdn-us.com/tos-useast5-avt-0068-tx/9b2ca676451ac5bde84076fb8315d376~tplv-tiktokx-cropcenter:100:100.jpg?dr=9640&refresh_token=9cdb6b2e&x-expires=1756281600&x-signature=RCJmTkDnO%2F%2FtdwdFeWB32SMuyQ8%3D&t=4d5b0474&ps=13740610&shp=30310797&shcp=ff37627b&idc=useast5",
            "_total_reply": 0,
            "_replies": []
        },
        {
            "_comment_id": "7539658949366596407",
            "_username": "meliibabii",
            "_nickname": "meli",
            "_comment": "Sampleee!!",
            "_create_time": "2025-08-17T21:47:51",
            "_avatar": "https://p16-sign.tiktokcdn-us.com/tos-useast5-avt-0068-tx/25f733a886a9106af0ab110069140850~tplv-tiktokx-cropcenter:100:100.jpg?dr=9640&refresh_token=9dbbb892&x-expires=1756281600&x-signature=v1dK5IbypM1Umiwl2AZfdXKnX%2FY%3D&t=4d5b0474&ps=13740610&shp=30310797&shcp=ff37627b&idc=useast5",
            "_total_reply": 0,
            "_replies": []
        },
        {
            "_comment_id": "7525473349147181846",
            "_username": "arix_0.2",
            "_nickname": "Ariix 💕",
            "_comment": "I NEED IT 🤤😍🤎",
            "_create_time": "2025-07-10T16:20:23",
            "_avatar": "https://p16-common-sign-va.tiktokcdn-us.com/tos-maliva-avt-0068/959ce47d4781288d26896ce6fde4e738~tplv-tiktokx-cropcenter:100:100.jpg?dr=9640&refresh_token=88fba5a5&x-expires=1756281600&x-signature=38EGjsyHtfKplrayOaFtobRDPho%3D&t=4d5b0474&ps=13740610&shp=30310797&shcp=ff37627b&idc=useast5",
            "_total_reply": 0,
            "_replies": []
        },
        {
            "_comment_id": "7537347790885421842",
            "_username": "affinaglamvibes",
            "_nickname": "AffinaGlam",
            "_comment": "🐾🌸",
            "_create_time": "2025-08-11T16:19:04",
            "_avatar": "https://p16-common-sign-sg.tiktokcdn-us.com/tos-alisg-avt-0068/354f6dd2ac052ee14dc9083daf0dd8fb~tplv-tiktokx-cropcenter:100:100.jpg?dr=9640&refresh_token=158d3f16&x-expires=1756281600&x-signature=2u3Ht9xzNxdwF4bWVssW8tpgNP4%3D&t=4d5b0474&ps=13740610&shp=30310797&shcp=ff37627b&idc=useast5",
            "_total_reply": 0,
            "_replies": []
        },
        {
            "_comment_id": "7525392096922174264",
            "_username": "barbiegurl437",
            "_nickname": "𝕨𝕖 𝕝𝕠𝕧𝕖 𝕙𝕖𝕣 💜",
            "_comment": "💄💄💄",
            "_create_time": "2025-07-10T11:05:04",
            "_avatar": "https://p16-common-sign-va.tiktokcdn-us.com/tos-maliva-avt-0068/8eeef25792f871790046ca4c351c1891~tplv-tiktokx-cropcenter:100:100.jpg?dr=9640&refresh_token=373ba890&x-expires=1756281600&x-signature=WaaIA5qwbJC%2FszCTytuGIBFSc2Q%3D&t=4d5b0474&ps=13740610&shp=30310797&shcp=ff37627b&idc=useast5",
            "_total_reply": 0,
            "_replies": []
        },
        {
            "_comment_id": "7525620916840760119",
            "_username": "myhappysimplelife_",
            "_nickname": "myhappysimplelife_",
            "_comment": "🤩🤩🤩",
            "_create_time": "2025-07-11T01:53:03",
            "_avatar": "https://p16-sign.tiktokcdn-us.com/tos-useast5-avt-0068-tx/b6aa122700e0e35c4e91630d921ed5aa~tplv-tiktokx-cropcenter:100:100.jpg?dr=9640&refresh_token=1a50203f&x-expires=1756281600&x-signature=jwaO3gJxVzneE%2FJW8HF5DbF8ang%3D&t=4d5b0474&ps=13740610&shp=30310797&shcp=ff37627b&idc=useast5",
            "_total_reply": 0,
            "_replies": []
        },
        {
            "_comment_id": "7525512112949936952",
            "_username": "maddie_rae08",
            "_nickname": "Madeline 💖",
            "_comment": "❤️❤️❤️❤️❤️❤️❤️❤️❤️",
            "_create_time": "2025-07-10T18:50:38",
            "_avatar": "https://p16-common-sign-va.tiktokcdn-us.com/tos-maliva-avt-0068/eacba9430f6afce02cf2ad1d00f18d64~tplv-tiktokx-cropcenter:100:100.jpg?dr=9640&refresh_token=74b13ee6&x-expires=1756281600&x-signature=AwDrHsblaNIunSxOmcQU1ElLfTs%3D&t=4d5b0474&ps=13740610&shp=30310797&shcp=ff37627b&idc=useast5",
            "_total_reply": 0,
            "_replies": []
        },
        {
            "_comment_id": "7532679032418534157",
            "_username": "sierraniki",
            "_nickname": "sierraniki",
            "_comment": "😍😍😍",
            "_create_time": "2025-07-30T02:22:26",
            "_avatar": "https://p16-sign.tiktokcdn-us.com/tos-useast5-avt-0068-tx/666b27e7495a91f2ed1b187f9259538d~tplv-tiktokx-cropcenter:100:100.jpg?dr=9640&refresh_token=8ffbe3f8&x-expires=1756281600&x-signature=0TXJmI3oCX6pUGUMh0V%2FHNCBY4Q%3D&t=4d5b0474&ps=13740610&shp=30310797&shcp=ff37627b&idc=useast5",
            "_total_reply": 0,
            "_replies": []
        },
        {
            "_comment_id": "7529207817242706710",
            "_username": "jocelyne.rhim5",
            "_nickname": "Jocelyne Rhim",
            "_comment": "💜💜💜💜💜💜💜💜💜💜💜💜💜💜💜💜💜💜💜💜💜💜",
            "_create_time": "2025-07-20T17:52:02",
            "_avatar": "https://p19-common-sign-va.tiktokcdn-us.com/tos-maliva-avt-0068/5ebfc5e48db9a37ef2e817b740b640ac~tplv-tiktokx-cropcenter:100:100.jpg?dr=9640&refresh_token=1b47d9d4&x-expires=1756281600&x-signature=jTm%2FgeUvJDdx3MwQc%2FzW%2FqZTweM%3D&t=4d5b0474&ps=13740610&shp=30310797&shcp=ff37627b&idc=useast5",
            "_total_reply": 0,
            "_replies": []
        },
        {
            "_comment_id": "7534120091249443586",
            "_username": "renaissance.socials",
            "_nickname": "Renaissance Socials",
            "_comment": "@Lancôme Lancôme why have you turned me into an addict? My collection consists of hallucination, spring fling, tickled pink, magic spell, marshmallow, and cocoa macchiato! Just ordered almond and lavender!! Send help!!!❤️",
            "_create_time": "2025-08-02T23:34:04",
            "_avatar": "https://p16-common-sign-useast2a.tiktokcdn-us.com/tos-useast2a-avt-0068-euttp/4d5d214a867de266052798a2f17788e7~tplv-tiktokx-cropcenter:100:100.jpg?dr=9640&refresh_token=c977439b&x-expires=1756281600&x-signature=eFydpxItM%2FsFr%2FY90tBKpcWMccg%3D&t=4d5b0474&ps=13740610&shp=30310797&shcp=ff37627b&idc=useast5",
            "_total_reply": 1,
            "_replies": [
                {
                    "_comment_id": "7533657474277131041",
                    "_username": "lancome.official",
                    "_nickname": "Lancôme",
                    "_comment": "oops 🤭 ❤️",
                    "_create_time": "2025-08-03T17:33:06",
                    "_avatar": "https://p16-common-sign-va.tiktokcdn-us.com/tos-maliva-avt-0068/9424f6caa6a8781766ccf45ddf0a0a0d~tplv-tiktokx-cropcenter:100:100.jpg?dr=9640&refresh_token=2d0d7041&x-expires=1756281600&x-signature=6RRh0sV%2BMiFopbDnto6in1a21L8%3D&t=4d5b0474&ps=13740610&shp=30310797&shcp=ff37627b&idc=useast5",
                    "_total_reply": null,
                    "_replies": []
                }
            ]
        },
        {
            "_comment_id": "7537051534582006550",
            "_username": "ellascollabs0",
            "_nickname": "Life with Ella 🌷",
            "_comment": "🌸😍",
            "_create_time": "2025-08-10T21:09:31",
            "_avatar": "https://p16-common-sign-va.tiktokcdn-us.com/tos-maliva-avt-0068/d17c13925034c0677ac4f7af36733c12~tplv-tiktokx-cropcenter:100:100.jpg?dr=9640&refresh_token=c8e13793&x-expires=1756281600&x-signature=5Cj88PKPR27w8rdCMdLz%2B14da1Y%3D&t=4d5b0474&ps=13740610&shp=30310797&shcp=ff37627b&idc=useast5",
            "_total_reply": 0,
            "_replies": []
        },
        {
            "_comment_id": "7539329403920417566",
            "_username": "jessicaelizabeth33",
            "_nickname": "Jessica Elizabeth",
            "_comment": "❤️",
            "_create_time": "2025-08-17T00:29:06",
            "_avatar": "https://p16-common-sign-va.tiktokcdn-us.com/tos-maliva-avt-0068/7325958310069944325~tplv-tiktokx-cropcenter:100:100.jpg?dr=9640&refresh_token=215919fd&x-expires=1756281600&x-signature=MnbltXM%2Fp%2Fh1K6s0YCcKwZQk0t0%3D&t=4d5b0474&ps=13740610&shp=30310797&shcp=ff37627b&idc=useast5",
            "_total_reply": 0,
            "_replies": []
        },
        {
            "_comment_id": "7534884503099441938",
            "_username": "bealivfeyro12m",
            "_nickname": "JUMEX💚",
            "_comment": "🫦🫦🫦",
            "_create_time": "2025-08-05T01:00:33",
            "_avatar": "https://p16-common-sign-sg.tiktokcdn-us.com/tos-alisg-avt-0068/59aac2ddee3305309a1d72351cf688e9~tplv-tiktokx-cropcenter:100:100.jpg?dr=9640&refresh_token=7982c306&x-expires=1756281600&x-signature=sPI6YvJ2nQ2ITJccfHsOfLUVNFA%3D&t=4d5b0474&ps=13740610&shp=30310797&shcp=ff37627b&idc=useast5",
            "_total_reply": 0,
            "_replies": []
        },
        {
            "_comment_id": "7525424679441482518",
            "_username": "iri4139",
            "_nickname": "Iri",
            "_comment": "Adoro 😻 😻😻buonissimo 🤩🤩🤩",
            "_create_time": "2025-07-10T13:11:28",
            "_avatar": "https://p16-common-sign-va.tiktokcdn-us.com/musically-maliva-obj/1594805258216454~tplv-tiktokx-cropcenter:100:100.jpg?dr=9640&refresh_token=e95abb24&x-expires=1756281600&x-signature=3sj6OaLiS8USBUJlFKzdpJPzweM%3D&t=4d5b0474&ps=13740610&shp=30310797&shcp=ff37627b&idc=useast5",
            "_total_reply": 0,
            "_replies": []
        },
        {
            "_comment_id": "7525413608873214733",
            "_username": "princessjasminealaddin17",
            "_nickname": "PrincessJasmine💙🧞‍♂️🕌",
            "_comment": "Early my favorite Lancome Lip Glosses shade combo Product I'm obsessed with the video so Much ✨️✨️✨️✨️✨️🤎🤎🤎🤎🤎💋💋💋💋💋💄💄💄💄💄😍😍😍😍😍🥰🥰🥰🥰🥰❤️❤️❤️❤️❤️❣️❣️❣️❣️❣️",
            "_create_time": "2025-07-10T12:29:14",
            "_avatar": "https://p16-sign.tiktokcdn-us.com/tos-useast5-avt-0068-tx/7349155352849416235~tplv-tiktokx-cropcenter:100:100.jpg?dr=9640&refresh_token=e413db0f&x-expires=1756281600&x-signature=nayJaoVC%2BXGyggHC0wrO4Ejn%2BJA%3D&t=4d5b0474&ps=13740610&shp=30310797&shcp=ff37627b&idc=useast5",
            "_total_reply": 0,
            "_replies": []
        },
        {
            "_comment_id": "7525405359021884182",
            "_username": "miss.inga",
            "_nickname": "Inga",
            "_comment": "Love juicytubes 😍",
            "_create_time": "2025-07-10T11:56:32",
            "_avatar": "https://p16-common-sign-va.tiktokcdn-us.com/tos-maliva-avt-0068/b096fc150f4cf3426d67f3a5044368df~tplv-tiktokx-cropcenter:100:100.jpg?dr=9640&refresh_token=f9496c06&x-expires=1756281600&x-signature=7fUq19dXFL7NgYk4Hp6cWewNErk%3D&t=4d5b0474&ps=13740610&shp=30310797&shcp=ff37627b&idc=useast5",
            "_total_reply": 1,
            "_replies": [
                {
                    "_comment_id": "7525455592670397206",
                    "_username": "lancome.official",
                    "_nickname": "Lancôme",
                    "_comment": "Don’t we all 🤭",
                    "_create_time": "2025-07-10T15:11:29",
                    "_avatar": "https://p16-common-sign-va.tiktokcdn-us.com/tos-maliva-avt-0068/9424f6caa6a8781766ccf45ddf0a0a0d~tplv-tiktokx-cropcenter:100:100.jpg?dr=9640&refresh_token=2d0d7041&x-expires=1756281600&x-signature=6RRh0sV%2BMiFopbDnto6in1a21L8%3D&t=4d5b0474&ps=13740610&shp=30310797&shcp=ff37627b&idc=useast5",
                    "_total_reply": null,
                    "_replies": []
                }
            ]
        },
        {
            "_comment_id": "7525638815715033912",
            "_username": "aniemakeup",
            "_nickname": "AnieMakeup💄 makeup & skincare",
            "_comment": "Les meilleurs gloss 🤩",
            "_create_time": "2025-07-11T03:02:32",
            "_avatar": "https://p16-common-sign-va.tiktokcdn-us.com/tos-maliva-avt-0068/3e928150b2221caacfc7e5ffce64d869~tplv-tiktokx-cropcenter:100:100.jpg?dr=9640&refresh_token=71d3e91a&x-expires=1756281600&x-signature=Gmvafl22G3Dc7p1u6V0GT7PDtyI%3D&t=4d5b0474&ps=13740610&shp=30310797&shcp=ff37627b&idc=useast5",
            "_total_reply": 0,
            "_replies": []
        },
        {
            "_comment_id": "7539220710909018881",
            "_username": "char.fitinspo",
            "_nickname": "Charlotte🌅",
            "_comment": "Sampletok!!",
            "_create_time": "2025-08-16T17:26:54",
            "_avatar": "https://p16-common-sign-va.tiktokcdn-us.com/tos-maliva-avt-0068/9b77224c43a9863852a5934eac9cf654~tplv-tiktokx-cropcenter:100:100.jpg?dr=9640&refresh_token=3c491482&x-expires=1756281600&x-signature=wYr%2FdHAmZBdCYqTWs59B3%2FAO%2FCo%3D&t=4d5b0474&ps=13740610&shp=30310797&shcp=ff37627b&idc=useast5",
            "_total_reply": 0,
            "_replies": []
        },
        {
            "_comment_id": "7525948270566605590",
            "_username": "bellisugc",
            "_nickname": "Isabella | UGC creator",
            "_comment": "I would eat this 😋",
            "_create_time": "2025-07-11T23:03:19",
            "_avatar": "https://p16-common-sign-va.tiktokcdn-us.com/tos-maliva-avt-0068/6b708b8ee48e69333c1fe7c9dd29a44e~tplv-tiktokx-cropcenter:100:100.jpg?dr=9640&refresh_token=d69d5e6e&x-expires=1756281600&x-signature=dODXxAiJGvx02%2FdHZBAOftvfchM%3D&t=4d5b0474&ps=13740610&shp=30310797&shcp=ff37627b&idc=useast5",
            "_total_reply": 1,
            "_replies": [
                {
                    "_comment_id": "7526929521082417952",
                    "_username": "lancome.official",
                    "_nickname": "Lancôme",
                    "_comment": "Dessert? Gloss? Why not both 😋",
                    "_create_time": "2025-07-14T18:33:34",
                    "_avatar": "https://p16-common-sign-va.tiktokcdn-us.com/tos-maliva-avt-0068/9424f6caa6a8781766ccf45ddf0a0a0d~tplv-tiktokx-cropcenter:100:100.jpg?dr=9640&refresh_token=2d0d7041&x-expires=1756281600&x-signature=6RRh0sV%2BMiFopbDnto6in1a21L8%3D&t=4d5b0474&ps=13740610&shp=30310797&shcp=ff37627b&idc=useast5",
                    "_total_reply": null,
                    "_replies": []
                }
            ]
        }
    ],
    "total_comments": 41
}