{
    "original_url": "https://www.tiktok.com/@lancome.official/video/7525457691767033110",
    "video_id": "7525457691767033110",
    "description": "CAFÉ CRUSH on @Oksana Masters🤎 Bronzed summer goddess, Lancôme style! #MESSWITHLANCOME MUA: @manoncana Hair: Julien Gonzalez Galvez Styling: @steven.doan3 Nails: @nailedbyines  COMPLEXION Teint Idole Ultra Wear Foundation Teint Idole Ultra Wear All-Over Concealer Teint Idole Ultra Wear C.E. Skin Transforming Bronzer Blush Subtil in 800 Orange Phoria EYES Idôle Tint Liquid Eye-Blusher in 01 Sunburst, 11 Rich Espresso Lash Idôle Mascara in 02 Brown LIPS Lip Idôle Juicy Treat in 65 Brownie Bite HAPTA (assisted lipstick application device) #Lancome #OksanaMasters #TimeToGetMessy #Makeup #Makeuptok #Beauty #BeautyTok #CafeCrush #IcedLatte #CoffeeMakeup #EspressoLook #SummerMakeup #SummerBeauty #MakeupTutorial #GlossyLip #Gloss ",
    "video_url": "https://m.tiktok.com/v/7525457691767033110.html?_d=0&comment_author_id=6803355989572584453&preview_pb=0&share_comment_id=7525460329170633490&share_item_id=7525457691767033110&sharer_language=en&source=h5_m&u_code=0",
    "tags": [
        "#MESSWITHLANCOME",
        "#Lancome",
        "#OksanaMasters",
        "#TimeToGetMessy",
        "#Makeup",
        "#Makeuptok",
        "#Beauty",
        "#BeautyTok",
        "#CafeCrush",
        "#IcedLatte",
        "#CoffeeMakeup",
        "#EspressoLook",
        "#SummerMakeup",
        "#SummerBeauty",
        "#MakeupTutorial",
        "#GlossyLip",
        "#Gloss"
    ],
    "comments": [
        {
            "_comment_id": "7525460329170633490",
            "_username": "sabinesinno_",
            "_nickname": "Sabine Sinno",
            "_comment": "our champion!!!! 🤍🤍🤍",
            "_create_time": "2025-07-10T15:29:37",
            "_avatar": "https://p16-common-sign-sg.tiktokcdn-us.com/tos-alisg-avt-0068/7e32a842b6e918859b3445595bbbbf7e~tplv-tiktokx-cropcenter:100:100.jpg?dr=9640&refresh_token=223bc812&x-expires=1756281600&x-signature=Q5Lcrq0OgSHzKcKGhbiOM0oM5MQ%3D&t=4d5b0474&ps=13740610&shp=30310797&shcp=ff37627b&idc=useast5",
            "_total_reply": 1,
            "_replies": [
                {
                    "_comment_id": "7525830644586562326",
                    "_username": "lancome.official",
                    "_nickname": "Lancôme",
                    "_comment": "She’s an icon 💖",
                    "_create_time": "2025-07-11T15:26:51",
                    "_avatar": "https://p16-common-sign-va.tiktokcdn-us.com/tos-maliva-avt-0068/9424f6caa6a8781766ccf45ddf0a0a0d~tplv-tiktokx-cropcenter:100:100.jpg?dr=9640&refresh_token=2d0d7041&x-expires=1756281600&x-signature=6RRh0sV%2BMiFopbDnto6in1a21L8%3D&t=4d5b0474&ps=13740610&shp=30310797&shcp=ff37627b&idc=useast5",
                    "_total_reply": null,
                    "_replies": []
                }
            ]
        },
        {
            "_comment_id": "7525594613995832069",
            "_username": "brookelynnbaume",
            "_nickname": "Livie4life🎶🦋",
            "_comment": "Yasss 💜💜",
            "_create_time": "2025-07-11T00:10:52",
            "_avatar": "https://p16-common-sign-va.tiktokcdn-us.com/tos-maliva-avt-0068/6edff8a064238c9e3fa1d6d44ac3a2f4~tplv-tiktokx-cropcenter:100:100.jpg?dr=9640&refresh_token=0943ba29&x-expires=1756281600&x-signature=GpSyMI6Ye%2Ff8DSXY9znnvpYZHl8%3D&t=4d5b0474&ps=13740610&shp=30310797&shcp=ff37627b&idc=useast5",
            "_total_reply": 0,
            "_replies": []
        },
        {
            "_comment_id": "7525463931357315854",
            "_username": "oliviatvdcrewniquelover0",
            "_nickname": "creWniqueloverDance",
            "_comment": "Hiiii I knwo you noticed me once and I would like to say thanks and may you please tell Olivia Rodrigo I said hi she is my fav singer and love yall ty❤️",
            "_create_time": "2025-07-10T15:44:03",
            "_avatar": "https://p19-sign.tiktokcdn-us.com/tos-useast5-avt-0068-tx/0d9205a62e1e5b87e09f220c1be53f03~tplv-tiktokx-cropcenter:100:100.jpg?dr=9640&refresh_token=ac0c6a5e&x-expires=1756281600&x-signature=kpD%2BXwlTfXvpDvVziDJFNPTFswA%3D&t=4d5b0474&ps=13740610&shp=30310797&shcp=ff37627b&idc=useast5",
            "_total_reply": 0,
            "_replies": []
        },
        {
            "_comment_id": "7525458794886497046",
            "_username": "byleredits1",
            "_nickname": "💛Byler 💙 💙💛     💛💙",
            "_comment": "1st !",
            "_create_time": "2025-07-10T15:23:48",
            "_avatar": "https://p16-common-sign-va.tiktokcdn-us.com/tos-maliva-avt-0068/a55d3fe80c37abd561fe65a664ba136a~tplv-tiktokx-cropcenter:100:100.jpg?dr=9640&refresh_token=6e310269&x-expires=1756281600&x-signature=g%2BcOAtJCQY77fpeovnVhmGAPlPI%3D&t=4d5b0474&ps=13740610&shp=30310797&shcp=ff37627b&idc=useast5",
            "_total_reply": 0,
            "_replies": []
        },
        {
            "_comment_id": "7525460663289135878",
            "_username": "pemmy060",
            "_nickname": "💋Pemmy Munewazwo 🌸💄",
            "_comment": "Yebo yeboo 🔥❤️",
            "_create_time": "2025-07-10T15:30:58",
            "_avatar": "https://p16-common-sign-va.tiktokcdn-us.com/tos-maliva-avt-0068/a49792eb1ea017113f02db0871209498~tplv-tiktokx-cropcenter:100:100.jpg?dr=9640&refresh_token=7a7ffc50&x-expires=1756281600&x-signature=jef%2B9L1VB40wREZRgqNhhCR3NJs%3D&t=4d5b0474&ps=13740610&shp=30310797&shcp=ff37627b&idc=useast5",
            "_total_reply": 0,
            "_replies": []
        },
        {
            "_comment_id": "7525880399579890454",
            "_username": "amyc3333",
            "_nickname": "amy",
            "_comment": "Love it",
            "_create_time": "2025-07-11T18:39:50",
            "_avatar": "https://p16-common-sign-useast2a.tiktokcdn-us.com/tos-useast2a-avt-0068-euttp/373c2741cc83811383913b9ee25c01d5~tplv-tiktokx-cropcenter:100:100.jpg?dr=9640&refresh_token=62ea7c95&x-expires=1756281600&x-signature=pHYUarwJiB6FavzYtsFGKJr0WhU%3D&t=4d5b0474&ps=13740610&shp=30310797&shcp=ff37627b&idc=useast5",
            "_total_reply": 1,
            "_replies": [
                {
                    "_comment_id": "7526923484275491617",
                    "_username": "lancome.official",
                    "_nickname": "Lancôme",
                    "_comment": "So glad you’re loving it 🤎✨",
                    "_create_time": "2025-07-14T18:29:06",
                    "_avatar": "https://p19-common-sign-va.tiktokcdn-us.com/tos-maliva-avt-0068/9424f6caa6a8781766ccf45ddf0a0a0d~tplv-tiktokx-cropcenter:100:100.jpg?dr=9640&refresh_token=4e732867&x-expires=1756281600&x-signature=5PN4EHVgtRvUll6IF2OIT9lcCWk%3D&t=4d5b0474&ps=13740610&shp=30310797&shcp=ff37627b&idc=useast5",
                    "_total_reply": null,
                    "_replies": []
                }
            ]
        },
        {
            "_comment_id": "7525636957822976773",
            "_username": "cuca8793",
            "_nickname": "Monica GG (Dolci Greco)",
            "_comment": "💖💖💖 From volcanic peaks to serene beaches, Lancôme’s refined formulas perfectly complement Costa Rica’s breathtaking landscapes. Dolci Greco is ready to collaborate beyond PR — let’s craft moments of elegance, warmth, and unforgettable beauty 💫🌴💚💚💚",
            "_create_time": "2025-07-11T02:55:18",
            "_avatar": "https://p16-common-sign-va.tiktokcdn-us.com/tos-maliva-avt-0068/7c3fae2d8a854c73798ce7408362ff6c~tplv-tiktokx-cropcenter:100:100.jpg?dr=9640&refresh_token=21fa6418&x-expires=1756281600&x-signature=QQ%2FRZHtv%2FNgbP0eiJqDjolDgqqw%3D&t=4d5b0474&ps=13740610&shp=30310797&shcp=ff37627b&idc=useast5",
            "_total_reply": 0,
            "_replies": []
        },
        {
            "_comment_id": "7525463395983295255",
            "_username": "melis.turxx",
            "_nickname": "𝐌ꨄ",
            "_comment": "WOW IM EARLY AGAIN",
            "_create_time": "2025-07-10T15:41:36",
            "_avatar": "https://p16-common-sign-va.tiktokcdn-us.com/tos-maliva-avt-0068/989f15918fb7c98368dd9e5753e94174~tplv-tiktokx-cropcenter:100:100.jpg?dr=9640&refresh_token=44caf63d&x-expires=1756281600&x-signature=C%2F7FqovLIlDBobSFc4HvZeQX8rg%3D&t=4d5b0474&ps=13740610&shp=30310797&shcp=ff37627b&idc=useast5",
            "_total_reply": 0,
            "_replies": []
        },
        {
            "_comment_id": "7525459465044263698",
            "_username": "alayahgambino",
            "_nickname": "️",
            "_comment": "Ayeee",
            "_create_time": "2025-07-10T15:26:18",
            "_avatar": "https://p16-common-sign-sg.tiktokcdn-us.com/tos-alisg-avt-0068/f1b585d47cbea87a177dde4ac77efeee~tplv-tiktokx-cropcenter:100:100.jpg?dr=9640&refresh_token=9815bcce&x-expires=1756281600&x-signature=PjW%2BsEJeuO%2BsGLBjrUuiM5ovx0c%3D&t=4d5b0474&ps=13740610&shp=30310797&shcp=ff37627b&idc=useast5",
            "_total_reply": 0,
            "_replies": []
        },
        {
            "_comment_id": "7525549122222031638",
            "_username": "miss.inga",
            "_nickname": "Inga",
            "_comment": "My dream to have so many Lancôme products 😍",
            "_create_time": "2025-07-10T21:14:16",
            "_avatar": "https://p16-common-sign-va.tiktokcdn-us.com/tos-maliva-avt-0068/b096fc150f4cf3426d67f3a5044368df~tplv-tiktokx-cropcenter:100:100.jpg?dr=9640&refresh_token=f9496c06&x-expires=1756281600&x-signature=7fUq19dXFL7NgYk4Hp6cWewNErk%3D&t=4d5b0474&ps=13740610&shp=30310797&shcp=ff37627b&idc=useast5",
            "_total_reply": 0,
            "_replies": []
        },
        {
            "_comment_id": "7525458261925315350",
            "_username": "bettyhop3",
            "_nickname": "Bethany 💋💋",
            "_comment": "😍😍😍",
            "_create_time": "2025-07-10T15:21:50",
            "_avatar": "https://p16-common-sign-useast2a.tiktokcdn-us.com/tos-useast2a-avt-0068-euttp/d62dc0cdebba82d381a7dca17e042f7d~tplv-tiktokx-cropcenter:100:100.jpg?dr=9640&refresh_token=5c172f79&x-expires=1756281600&x-signature=po12PShwgXNIwas3ItJ75aTV6Qo%3D&t=4d5b0474&ps=13740610&shp=30310797&shcp=ff37627b&idc=useast5",
            "_total_reply": 0,
            "_replies": []
        },
        {
            "_comment_id": "7525599818362782470",
            "_username": "barbiegurl437",
            "_nickname": "𝕨𝕖 𝕝𝕠𝕧𝕖 𝕙𝕖𝕣 💜",
            "_comment": "💄💄💄👑👑👑",
            "_create_time": "2025-07-11T00:30:58",
            "_avatar": "https://p16-common-sign-va.tiktokcdn-us.com/tos-maliva-avt-0068/8eeef25792f871790046ca4c351c1891~tplv-tiktokx-cropcenter:100:100.jpg?dr=9640&refresh_token=373ba890&x-expires=1756281600&x-signature=WaaIA5qwbJC%2FszCTytuGIBFSc2Q%3D&t=4d5b0474&ps=13740610&shp=30310797&shcp=ff37627b&idc=useast5",
            "_total_reply": 0,
            "_replies": []
        },
        {
            "_comment_id": "7529206396862579478",
            "_username": "jocelyne.rhim5",
            "_nickname": "Jocelyne Rhim",
            "_comment": "💜💜💜💜💜💜💜💜💜💜💜💜💜💜",
            "_create_time": "2025-07-20T17:46:26",
            "_avatar": "https://p16-common-sign-va.tiktokcdn-us.com/tos-maliva-avt-0068/5ebfc5e48db9a37ef2e817b740b640ac~tplv-tiktokx-cropcenter:100:100.jpg?dr=9640&refresh_token=e2c46637&x-expires=1756281600&x-signature=5N0QQevWw92J%2FzWww12PsFXQSFg%3D&t=4d5b0474&ps=13740610&shp=30310797&shcp=ff37627b&idc=useast5",
            "_total_reply": 0,
            "_replies": []
        },
        {
            "_comment_id": "7525532059516551958",
            "_username": "mitchthemommy",
            "_nickname": "Michelle Lynch",
            "_comment": "❤️",
            "_create_time": "2025-07-10T20:08:05",
            "_avatar": "https://p16-common-sign-useast2a.tiktokcdn-us.com/tos-useast2a-avt-0068-euttp/6920f07878d573199beb7ecf33571583~tplv-tiktokx-cropcenter:100:100.jpg?dr=9640&refresh_token=f935d486&x-expires=1756281600&x-signature=MmR0vJ3LEheUoxoFQWPFNfpa29U%3D&t=4d5b0474&ps=13740610&shp=30310797&shcp=ff37627b&idc=useast5",
            "_total_reply": 0,
            "_replies": []
        },
        {
            "_comment_id": "7525525681263035149",
            "_username": "princessjasminealaddin17",
            "_nickname": "PrincessJasmine💙🧞‍♂️🕌",
            "_comment": "Early my favorite video ever I'm obsessed with it so much 😍😍😍😍😍🥰🥰🥰🥰🥰❤️❤️❤️❤️❤️❣️❣️❣️❣️❣️",
            "_create_time": "2025-07-10T19:43:23",
            "_avatar": "https://p16-sign.tiktokcdn-us.com/tos-useast5-avt-0068-tx/7349155352849416235~tplv-tiktokx-cropcenter:100:100.jpg?dr=9640&refresh_token=e413db0f&x-expires=1756281600&x-signature=nayJaoVC%2BXGyggHC0wrO4Ejn%2BJA%3D&t=4d5b0474&ps=13740610&shp=30310797&shcp=ff37627b&idc=useast5",
            "_total_reply": 0,
            "_replies": []
        }
    ],
    "total_comments": 15
}