{
    "original_url": "https://www.tiktok.com/@lancome.official/video/7525073726375726358",
    "video_id": "7525073726375726358",
    "description": "PINK OH LA LA on #AmandaSeyfried & CAFÉ CRUSH on #JoySunday 💖 Global Ambassadors Amanda Seyfried and Joy Sunday open the show for the hot summer season of Mess with Lancôme! Amanda wears the sweet Pink Oh La La look while Joy rocks her Café Crush look. #MESSWITHLANCOME MUA: @genevievemakeup for Amanda, @Paulyblanch for Joy Hair: @Renato Campora for Amanda, @Ken for Joy Styling: @Elizabeth Stewart for Amanda, Darryl Glover for Joy Nails: Casey for Amanda, Ami Vega for Joy  AMANDA’S LOOK COMPLEXION  Teint Idole Ultra Wear Foundation Teint Idole Ultra Wear All-Over Concealer Blush Subtil shade 500 Pink Oh La La EYES Le Crayon Khôl in 22 Bronze Idôle Tint Liquid Eye-Blusher in 09 Strawberry Latte, 07 Canyon Clay Lash Idôle Flutter Extension Mascara LIPS Lip Idôle Juicy Treat shade 10 Pink Oh La La Lip Idôle Lip Shaper in 33 Idôle Nude JOY’S LOOK COMPLEXION Teint Idole Ultra Wear Foundation Teint Idole Ultra Wear All-Over Concealer Teint Idole Ultra Wear C.E. Skin Transforming Highlighter EYES Le Stylo Waterproof in 04 Bronze Riche Idôle Café Crush Eyeshadow Palette Lash Idôle Flutter Extension Mascara LIPS  Juicy Tubes Lip Gloss in 16 Almond Drip #Lancome #TimeToGetMessy #Makeup #Makeuptok #Beauty #BeautyTok #CafeCrush #PinkOhLaLa #IcedLatte #CoffeeMakeup #EspressoLook #SummerMakeup #SummerBeauty #MakeupTutorial #GlossyLip #Gloss",
    "video_url": "https://m.tiktok.com/v/7525073726375726358.html?_d=0&comment_author_id=7465693092369597473&preview_pb=0&share_comment_id=7525075170647065377&share_item_id=7525073726375726358&sharer_language=en&source=h5_m&u_code=0",
    "tags": [
        "#AmandaSeyfried",
        "#JoySunday",
        "#MESSWITHLANCOME",
        "#Lancome",
        "#TimeToGetMessy",
        "#Makeup",
        "#Makeuptok",
        "#Beauty",
        "#BeautyTok",
        "#CafeCrush",
        "#PinkOhLaLa",
        "#IcedLatte",
        "#CoffeeMakeup",
        "#EspressoLook",
        "#SummerMakeup",
        "#SummerBeauty",
        "#MakeupTutorial",
        "#GlossyLip",
        "#Gloss"
    ],
    "comments": [
        {
            "_comment_id": "7525075170647065377",
            "_username": "jette3829",
            "_nickname": "Jette",
            "_comment": "Where is Olivia?",
            "_create_time": "2025-07-09T14:35:09",
            "_avatar": "https://p16-common-sign-useast2a.tiktokcdn-us.com/tos-useast2a-avt-0068-euttp/8dc310bb843a8e687a38b81233334531~tplv-tiktokx-cropcenter:100:100.jpg?dr=9640&refresh_token=f5968ba9&x-expires=1756281600&x-signature=7cCQ2ZIUQY6MZ7SwaWALrMtKTo0%3D&t=4d5b0474&ps=13740610&shp=30310797&shcp=ff37627b&idc=useast5",
            "_total_reply": 0,
            "_replies": []
        },
        {
            "_comment_id": "7541285249821999886",
            "_username": "teddybearsoapery",
            "_nickname": "Noreen",
            "_comment": "TY for listing the shades they’re wearing ♥️",
            "_create_time": "2025-08-22T06:59:05",
            "_avatar": "https://p19-sign.tiktokcdn-us.com/tos-useast5-avt-0068-tx/7350409455172845611~tplv-tiktokx-cropcenter:100:100.jpg?dr=9640&refresh_token=7adf5de8&x-expires=1756281600&x-signature=Xyr0yCEboKQyPgghVH%2FYhKshsaU%3D&t=4d5b0474&ps=13740610&shp=30310797&shcp=ff37627b&idc=useast5",
            "_total_reply": 0,
            "_replies": []
        },
        {
            "_comment_id": "7541833848787878687",
            "_username": "a_lifestyle_choice",
            "_nickname": "ⓈⓉⓄⓇⓂⒾⒺ ✨𝐔𝐆𝐂 𝐂𝐑𝐄𝐀𝐓𝐎𝐑",
            "_comment": "Joy is so gorgeous 😍",
            "_create_time": "2025-08-23T18:27:24",
            "_avatar": "https://p19-pu-sign-useast8.tiktokcdn-us.com/tos-useast8-avt-0068-tx2/9a56c6103bed4fa8d9a6045af47a0b5a~tplv-tiktokx-cropcenter:100:100.jpg?dr=9640&refresh_token=d45c905c&x-expires=1756281600&x-signature=%2FNFd%2BQDql9fHN6PJlVk5D1SFMm0%3D&t=4d5b0474&ps=13740610&shp=30310797&shcp=ff37627b&idc=useast5",
            "_total_reply": 0,
            "_replies": []
        },
        {
            "_comment_id": "7525103463486063362",
            "_username": "arix_0.2",
            "_nickname": "Ariix 💕",
            "_comment": "Perfection? THIS",
            "_create_time": "2025-07-09T16:24:59",
            "_avatar": "https://p16-common-sign-va.tiktokcdn-us.com/tos-maliva-avt-0068/959ce47d4781288d26896ce6fde4e738~tplv-tiktokx-cropcenter:100:100.jpg?dr=9640&refresh_token=88fba5a5&x-expires=1756281600&x-signature=38EGjsyHtfKplrayOaFtobRDPho%3D&t=4d5b0474&ps=13740610&shp=30310797&shcp=ff37627b&idc=useast5",
            "_total_reply": 0,
            "_replies": []
        },
        {
            "_comment_id": "7525075284682097440",
            "_username": "notluvley14",
            "_nickname": "just_zyy",
            "_comment": "omg I love thisss💖💖💖",
            "_create_time": "2025-07-09T14:35:39",
            "_avatar": "https://p19-common-sign-sg.tiktokcdn-us.com/tos-alisg-avt-0068/2a4792f9012278c75ccd1bfaaa75d697~tplv-tiktokx-cropcenter:100:100.jpg?dr=9640&refresh_token=cf36d46c&x-expires=1756281600&x-signature=Rkqpl2A%2FlrfkiJEQ1whYGtAPnwc%3D&t=4d5b0474&ps=13740610&shp=30310797&shcp=ff37627b&idc=useast5",
            "_total_reply": 2,
            "_replies": [
                {
                    "_comment_id": "7525090834993513238",
                    "_username": "lancome.official",
                    "_nickname": "Lancôme",
                    "_comment": "How can you not 🤭💖",
                    "_create_time": "2025-07-09T15:36:00",
                    "_avatar": "https://p16-common-sign-va.tiktokcdn-us.com/tos-maliva-avt-0068/9424f6caa6a8781766ccf45ddf0a0a0d~tplv-tiktokx-cropcenter:100:100.jpg?dr=9640&refresh_token=2d0d7041&x-expires=1756281600&x-signature=6RRh0sV%2BMiFopbDnto6in1a21L8%3D&t=4d5b0474&ps=13740610&shp=30310797&shcp=ff37627b&idc=useast5",
                    "_total_reply": null,
                    "_replies": []
                },
                {
                    "_comment_id": "7525258155996889888",
                    "_username": "notluvley14",
                    "_nickname": "just_zyy",
                    "_comment": "ofcourse it's so lovable🤭🤭",
                    "_create_time": "2025-07-10T02:26:21",
                    "_avatar": "https://p16-common-sign-sg.tiktokcdn-us.com/tos-alisg-avt-0068/2a4792f9012278c75ccd1bfaaa75d697~tplv-tiktokx-cropcenter:100:100.jpg?dr=9640&refresh_token=a5dd743e&x-expires=1756281600&x-signature=9oYAFlfas4%2FkdYn96LAGkF%2FC3BQ%3D&t=4d5b0474&ps=13740610&shp=30310797&shcp=ff37627b&idc=useast5",
                    "_total_reply": null,
                    "_replies": []
                }
            ]
        },
        {
            "_comment_id": "7525135642356482829",
            "_username": "princessjasminealaddin17",
            "_nickname": "PrincessJasmine💙🧞‍♂️🕌",
            "_comment": "Early 😍😍😍😍😍🥰🥰🥰🥰🥰❤️❤️❤️❤️❤️❣️❣️❣️❣️❣️",
            "_create_time": "2025-07-09T18:29:55",
            "_avatar": "https://p16-sign.tiktokcdn-us.com/tos-useast5-avt-0068-tx/7349155352849416235~tplv-tiktokx-cropcenter:100:100.jpg?dr=9640&refresh_token=e413db0f&x-expires=1756281600&x-signature=nayJaoVC%2BXGyggHC0wrO4Ejn%2BJA%3D&t=4d5b0474&ps=13740610&shp=30310797&shcp=ff37627b&idc=useast5",
            "_total_reply": 0,
            "_replies": []
        },
        {
            "_comment_id": "7525076960131678999",
            "_username": "elentaylors.versi",
            "_nickname": "Elen(Taylors version)",
            "_comment": "early lol",
            "_create_time": "2025-07-09T14:42:10",
            "_avatar": "https://p16-common-sign-va.tiktokcdn-us.com/tos-maliva-avt-0068/083fd03650c7d6460fd58deca5f52127~tplv-tiktokx-cropcenter:100:100.jpg?dr=9640&refresh_token=147dbc5c&x-expires=1756281600&x-signature=OyJlwMaU%2F3FA8d1gKu2vyNWetfk%3D&t=4d5b0474&ps=13740610&shp=30310797&shcp=ff37627b&idc=useast5",
            "_total_reply": 0,
            "_replies": []
        },
        {
            "_comment_id": "7525125663114150663",
            "_username": "sabinesinno_",
            "_nickname": "Sabine Sinno",
            "_comment": "wowwww",
            "_create_time": "2025-07-09T17:51:00",
            "_avatar": "https://p16-common-sign-sg.tiktokcdn-us.com/tos-alisg-avt-0068/7e32a842b6e918859b3445595bbbbf7e~tplv-tiktokx-cropcenter:100:100.jpg?dr=9640&refresh_token=223bc812&x-expires=1756281600&x-signature=Q5Lcrq0OgSHzKcKGhbiOM0oM5MQ%3D&t=4d5b0474&ps=13740610&shp=30310797&shcp=ff37627b&idc=useast5",
            "_total_reply": 0,
            "_replies": []
        },
        {
            "_comment_id": "7525081493191295799",
            "_username": "potato_mo405",
            "_nickname": "A.MO🦋💜",
            "_comment": "OLIVIA WYA? 💗💗💗",
            "_create_time": "2025-07-09T15:00:01",
            "_avatar": "https://p16-sign.tiktokcdn-us.com/tos-useast5-avt-0068-tx/ea19e3c0abb8a43c09544697af0840f3~tplv-tiktokx-cropcenter:100:100.jpg?dr=9640&refresh_token=5ece771b&x-expires=1756281600&x-signature=Fa3rlgesrpbHXJO7tQNGW%2FGELJQ%3D&t=4d5b0474&ps=13740610&shp=30310797&shcp=ff37627b&idc=useast5",
            "_total_reply": 0,
            "_replies": []
        },
        {
            "_comment_id": "7525091072096977669",
            "_username": "anaa1_s",
            "_nickname": "aani",
            "_comment": "ok, but and Olivia?",
            "_create_time": "2025-07-09T15:36:49",
            "_avatar": "https://p16-common-sign-va.tiktokcdn-us.com/tos-maliva-avt-0068/42ea9ad9ec3a61b3cb7108ea8e12ffb5~tplv-tiktokx-cropcenter:100:100.jpg?dr=9640&refresh_token=61e20520&x-expires=1756281600&x-signature=pEtDtP0%2FPyAnBND7OyaKvUy7amI%3D&t=4d5b0474&ps=13740610&shp=30310797&shcp=ff37627b&idc=useast5",
            "_total_reply": 0,
            "_replies": []
        },
        {
            "_comment_id": "7525188294293308182",
            "_username": "mitchthemommy",
            "_nickname": "Michelle Lynch",
            "_comment": "love",
            "_create_time": "2025-07-09T21:54:04",
            "_avatar": "https://p16-common-sign-useast2a.tiktokcdn-us.com/tos-useast2a-avt-0068-euttp/6920f07878d573199beb7ecf33571583~tplv-tiktokx-cropcenter:100:100.jpg?dr=9640&refresh_token=f935d486&x-expires=1756281600&x-signature=MmR0vJ3LEheUoxoFQWPFNfpa29U%3D&t=4d5b0474&ps=13740610&shp=30310797&shcp=ff37627b&idc=useast5",
            "_total_reply": 0,
            "_replies": []
        },
        {
            "_comment_id": "7525077630795252502",
            "_username": "cherile32",
            "_nickname": "Cherile",
            "_comment": "14min",
            "_create_time": "2025-07-09T14:44:43",
            "_avatar": "https://p16-common-sign-va.tiktokcdn-us.com/tos-maliva-avt-0068/38ea7995a2db2d446c1757b8108c1ed8~tplv-tiktokx-cropcenter:100:100.jpg?dr=9640&refresh_token=eed09ea1&x-expires=1756281600&x-signature=PsOanaKFhSrd8GGOU0tnvnaStQc%3D&t=4d5b0474&ps=13740610&shp=30310797&shcp=ff37627b&idc=useast5",
            "_total_reply": 0,
            "_replies": []
        },
        {
            "_comment_id": "7525151202889712406",
            "_username": "matmat09090",
            "_nickname": "Mathilde",
            "_comment": "I have a fan 🩷😂",
            "_create_time": "2025-07-09T19:30:13",
            "_avatar": "https://p19-common-sign-va.tiktokcdn-us.com/musically-maliva-obj/1594805258216454~tplv-tiktokx-cropcenter:100:100.jpg?dr=9640&refresh_token=b03ca953&x-expires=1756281600&x-signature=Plz5Ss1yHU64cEXpGY8Ool0aJRI%3D&t=4d5b0474&ps=13740610&shp=30310797&shcp=ff37627b&idc=useast5",
            "_total_reply": 1,
            "_replies": [
                {
                    "_comment_id": "7525506920943108886",
                    "_username": "mttlncm",
                    "_nickname": "mttlncm",
                    "_comment": "👀🪭",
                    "_create_time": "2025-07-10T18:30:35",
                    "_avatar": "https://p16-common-sign-va.tiktokcdn-us.com/musically-maliva-obj/1594805258216454~tplv-tiktokx-cropcenter:100:100.jpg?dr=9640&refresh_token=e95abb24&x-expires=1756281600&x-signature=3sj6OaLiS8USBUJlFKzdpJPzweM%3D&t=4d5b0474&ps=13740610&shp=30310797&shcp=ff37627b&idc=useast5",
                    "_total_reply": null,
                    "_replies": []
                }
            ]
        },
        {
            "_comment_id": "7525105975793255190",
            "_username": "lucyketwcow",
            "_nickname": "💋✨lucy✨💋 ( Olivia’s version)",
            "_comment": "MUST BUYY",
            "_create_time": "2025-07-09T16:34:44",
            "_avatar": "https://p16-common-sign-va.tiktokcdn-us.com/tos-maliva-avt-0068/9684d6ca9b8ce7f8eb9740b96bc8cc5c~tplv-tiktokx-cropcenter:100:100.jpg?dr=9640&refresh_token=b85d297b&x-expires=1756281600&x-signature=kDSe%2FF8ZDARoQQcF2sumNCnDHLs%3D&t=4d5b0474&ps=13740610&shp=30310797&shcp=ff37627b&idc=useast5",
            "_total_reply": 0,
            "_replies": []
        },
        {
            "_comment_id": "7525083685705859853",
            "_username": "consistentlya",
            "_nickname": "Consistently A",
            "_comment": "Wait! Let me save the eyeshadow first! 🥰",
            "_create_time": "2025-07-09T15:08:52",
            "_avatar": "https://p19-pu-sign-useast8.tiktokcdn-us.com/tos-useast5-avt-0068-tx/3af1726cb8b4426cba411a2d9d53e4d3~tplv-tiktokx-cropcenter:100:100.jpg?dr=9640&refresh_token=9b1e088d&x-expires=1756281600&x-signature=pDFajB4YyKqrDPvfRS8j965pyxQ%3D&t=4d5b0474&ps=13740610&shp=30310797&shcp=ff37627b&idc=useast5",
            "_total_reply": 0,
            "_replies": []
        },
        {
            "_comment_id": "7525357281819788054",
            "_username": "lauras_pen",
            "_nickname": "lauras_pen",
            "_comment": "oooo I love the pink eyeshadow",
            "_create_time": "2025-07-10T08:49:53",
            "_avatar": "https://p16-common-sign-va.tiktokcdn-us.com/tos-maliva-avt-0068/366839d90362aa3ada3ef4dc807c895f~tplv-tiktokx-cropcenter:100:100.jpg?dr=9640&refresh_token=db3cffec&x-expires=1756281600&x-signature=pJ8nafg31RI2PKCvMJe62PCToKc%3D&t=4d5b0474&ps=13740610&shp=30310797&shcp=ff37627b&idc=useast5",
            "_total_reply": 0,
            "_replies": []
        },
        {
            "_comment_id": "7525227432959525654",
            "_username": "miss.inga",
            "_nickname": "Inga",
            "_comment": "I love Lancôme 💙",
            "_create_time": "2025-07-10T00:26:19",
            "_avatar": "https://p16-common-sign-va.tiktokcdn-us.com/tos-maliva-avt-0068/b096fc150f4cf3426d67f3a5044368df~tplv-tiktokx-cropcenter:100:100.jpg?dr=9640&refresh_token=f9496c06&x-expires=1756281600&x-signature=7fUq19dXFL7NgYk4Hp6cWewNErk%3D&t=4d5b0474&ps=13740610&shp=30310797&shcp=ff37627b&idc=useast5",
            "_total_reply": 0,
            "_replies": []
        },
        {
            "_comment_id": "7525392921358009094",
            "_username": "barbiegurl437",
            "_nickname": "𝕨𝕖 𝕝𝕠𝕧𝕖 𝕙𝕖𝕣 💜",
            "_comment": "🌷🌷🌷💄💄💄",
            "_create_time": "2025-07-10T11:08:14",
            "_avatar": "https://p16-common-sign-va.tiktokcdn-us.com/tos-maliva-avt-0068/8eeef25792f871790046ca4c351c1891~tplv-tiktokx-cropcenter:100:100.jpg?dr=9640&refresh_token=373ba890&x-expires=1756281600&x-signature=WaaIA5qwbJC%2FszCTytuGIBFSc2Q%3D&t=4d5b0474&ps=13740610&shp=30310797&shcp=ff37627b&idc=useast5",
            "_total_reply": 0,
            "_replies": []
        },
        {
            "_comment_id": "7525089162581574422",
            "_username": "veroat87",
            "_nickname": "VeroAt",
            "_comment": "💖💖💖💖",
            "_create_time": "2025-07-09T15:29:28",
            "_avatar": "https://p16-common-sign-va.tiktokcdn-us.com/tos-maliva-avt-0068/ac0da8fdf1e1f20add92437e4895e5ee~tplv-tiktokx-cropcenter:100:100.jpg?dr=9640&refresh_token=ccff9829&x-expires=1756281600&x-signature=TB2cKExGD5eL7xvQXgx85GlXvJs%3D&t=4d5b0474&ps=13740610&shp=30310797&shcp=ff37627b&idc=useast5",
            "_total_reply": 0,
            "_replies": []
        },
        {
            "_comment_id": "7525076543153472278",
            "_username": "sandy32807",
            "_nickname": "sandy",
            "_comment": "😍😍😍😍",
            "_create_time": "2025-07-09T14:40:27",
            "_avatar": "https://p16-common-sign-useast2a.tiktokcdn-us.com/tos-useast2a-avt-0068-euttp/d462794418f4f00ac3680023dbda4788~tplv-tiktokx-cropcenter:100:100.jpg?dr=9640&refresh_token=fc0f67a4&x-expires=1756281600&x-signature=6XaBFUrez7Pn0tXBp9Yc8rQQivs%3D&t=4d5b0474&ps=13740610&shp=30310797&shcp=ff37627b&idc=useast5",
            "_total_reply": 0,
            "_replies": []
        },
        {
            "_comment_id": "7529199304419689238",
            "_username": "jocelyne.rhim5",
            "_nickname": "Jocelyne Rhim",
            "_comment": "❤️❤️❤️❤️❤️❤️❤️❤️❤️❤️❤️❤️❤️❤️❤️❤️❤️❤️❤️❤️❤️❤️❤️",
            "_create_time": "2025-07-20T17:18:55",
            "_avatar": "https://p16-common-sign-va.tiktokcdn-us.com/tos-maliva-avt-0068/5ebfc5e48db9a37ef2e817b740b640ac~tplv-tiktokx-cropcenter:100:100.jpg?dr=9640&refresh_token=e2c46637&x-expires=1756281600&x-signature=5N0QQevWw92J%2FzWww12PsFXQSFg%3D&t=4d5b0474&ps=13740610&shp=30310797&shcp=ff37627b&idc=useast5",
            "_total_reply": 0,
            "_replies": []
        },
        {
            "_comment_id": "7526132920642683655",
            "_username": "tatata629",
            "_nickname": "takao jp🌏️🌸",
            "_comment": "😍😍💗💗💋💋",
            "_create_time": "2025-07-12T10:59:39",
            "_avatar": "https://p16-common-sign-sg.tiktokcdn-us.com/tos-alisg-avt-0068/d53c8ae6528b2670eb0ef54837fa62ed~tplv-tiktokx-cropcenter:100:100.jpg?dr=9640&refresh_token=3916cd90&x-expires=1756281600&x-signature=XPRJsudjR9qr9Hqv9p2NUSDKt2M%3D&t=4d5b0474&ps=13740610&shp=30310797&shcp=ff37627b&idc=useast5",
            "_total_reply": 0,
            "_replies": []
        },
        {
            "_comment_id": "7525075234925118230",
            "_username": "mihanmiriam",
            "_nickname": "Mirii (spilled)💜",
            "_comment": "SECONDDD ILYSM AA😭😭❤❤",
            "_create_time": "2025-07-09T14:35:23",
            "_avatar": "https://p16-common-sign-va.tiktokcdn-us.com/tos-maliva-avt-0068/50acc0e389de41052bfc1b77db4b0be4~tplv-tiktokx-cropcenter:100:100.jpg?dr=9640&refresh_token=9e741bb2&x-expires=1756281600&x-signature=BRv7FFXTvIzi1FWRTiXxsCUluDc%3D&t=4d5b0474&ps=13740610&shp=30310797&shcp=ff37627b&idc=useast5",
            "_total_reply": 0,
            "_replies": []
        },
        {
            "_comment_id": "7537379710453875478",
            "_username": "preppyj_rose",
            "_nickname": "Jessica🌺💫🍄🌟",
            "_comment": "@preppyj_rose:commenting to stay on sampletok",
            "_create_time": "2025-08-11T18:23:03",
            "_avatar": "https://p16-common-sign-va.tiktokcdn-us.com/tos-maliva-avt-0068/f3a31812b7ac2281dc2f97cebb4866c8~tplv-tiktokx-cropcenter:100:100.jpg?dr=9640&refresh_token=88e66b9b&x-expires=1756281600&x-signature=bxZ%2BJj%2B%2FzuH8isccov1caBSqEJY%3D&t=4d5b0474&ps=13740610&shp=30310797&shcp=ff37627b&idc=useast5",
            "_total_reply": 0,
            "_replies": []
        },
        {
            "_comment_id": "7525606345997075256",
            "_username": "cuca8793",
            "_nickname": "Monica GG (Dolci Greco)",
            "_comment": "✨✨✨ From hiking volcanic trails to soaking in natural hot springs, Peach & Lily supports skin that thrives through every Costa Rican adventure. Dolci Greco is ready to collaborate beyond PR — let’s do something authentic and vibrant 💫🌴\n💚💚💚",
            "_create_time": "2025-07-11T00:56:25",
            "_avatar": "https://p19-common-sign-va.tiktokcdn-us.com/tos-maliva-avt-0068/7c3fae2d8a854c73798ce7408362ff6c~tplv-tiktokx-cropcenter:100:100.jpg?dr=9640&refresh_token=59acf5c0&x-expires=1756281600&x-signature=j%2FZIwHD%2BGtVVKOMOpR5pn6tZSEY%3D&t=4d5b0474&ps=13740610&shp=30310797&shcp=ff37627b&idc=useast5",
            "_total_reply": 0,
            "_replies": []
        }
    ],
    "total_comments": 25
}