{
    "original_url": "https://www.tiktok.com/@lancome.official/video/7525747506945199382",
    "video_id": "7525747506945199382",
    "description": "Your courtside essential. SPF that serves 🏆 #Lancome #UVExpert #Skincare #Sunscreen #Suncare #Summer #Skincaretiktok #Skintok #Beauty #Hydration ",
    "video_url": "https://m.tiktok.com/v/7525747506945199382.html?_d=0&comment_author_id=7226468020745831430&preview_pb=0&share_comment_id=7525805721696207622&share_item_id=7525747506945199382&sharer_language=en&source=h5_m&u_code=0",
    "tags": [
        "#Lancome",
        "#UVExpert",
        "#Skincare",
        "#Sunscreen",
        "#Suncare",
        "#Summer",
        "#Skincaretiktok",
        "#Skintok",
        "#Beauty",
        "#Hydration"
    ],
    "comments": [
        {
            "_comment_id": "7525805721696207622",
            "_username": "brookelynnbaume",
            "_nickname": "Livie4life🎶🦋",
            "_comment": "I love lancome, Olivia and tennis 💜",
            "_create_time": "2025-07-11T13:50:05",
            "_avatar": "https://p16-common-sign-va.tiktokcdn-us.com/tos-maliva-avt-0068/6edff8a064238c9e3fa1d6d44ac3a2f4~tplv-tiktokx-cropcenter:100:100.jpg?dr=9640&refresh_token=0943ba29&x-expires=1756281600&x-signature=GpSyMI6Ye%2Ff8DSXY9znnvpYZHl8%3D&t=4d5b0474&ps=13740610&shp=30310797&shcp=ff37627b&idc=useast5",
            "_total_reply": 1,
            "_replies": [
                {
                    "_comment_id": "7525830084407870230",
                    "_username": "lancome.official",
                    "_nickname": "Lancôme",
                    "_comment": "That’s the ultimate trio 😉",
                    "_create_time": "2025-07-11T15:24:42",
                    "_avatar": "https://p16-common-sign-va.tiktokcdn-us.com/tos-maliva-avt-0068/9424f6caa6a8781766ccf45ddf0a0a0d~tplv-tiktokx-cropcenter:100:100.jpg?dr=9640&refresh_token=2d0d7041&x-expires=1756281600&x-signature=6RRh0sV%2BMiFopbDnto6in1a21L8%3D&t=4d5b0474&ps=13740610&shp=30310797&shcp=ff37627b&idc=useast5",
                    "_total_reply": null,
                    "_replies": []
                }
            ]
        },
        {
            "_comment_id": "7525883228226618143",
            "_username": "brooklynneprice",
            "_nickname": "Brooklynne | Beauty + Life",
            "_comment": "This is my favorite sunscreen of all time it literally is the only one that doesn’t peel under my makeup and NO white cast!!!!😍😍😍😍",
            "_create_time": "2025-07-11T18:50:55",
            "_avatar": "https://p19-pu-sign-useast8.tiktokcdn-us.com/tos-useast8-avt-0068-tx2/08aee2922bc11b8c0f58089030095ae2~tplv-tiktokx-cropcenter:100:100.jpg?dr=9640&refresh_token=f0e210e4&x-expires=1756281600&x-signature=R72PKN2PvoF8m7aa3sqSaz5GHvk%3D&t=4d5b0474&ps=13740610&shp=30310797&shcp=ff37627b&idc=useast5",
            "_total_reply": 1,
            "_replies": [
                {
                    "_comment_id": "7526920152358290208",
                    "_username": "lancome.official",
                    "_nickname": "Lancôme",
                    "_comment": "Yesss! So glad it’s working its magic for you 🙌✨",
                    "_create_time": "2025-07-14T18:30:55",
                    "_avatar": "https://p16-common-sign-va.tiktokcdn-us.com/tos-maliva-avt-0068/9424f6caa6a8781766ccf45ddf0a0a0d~tplv-tiktokx-cropcenter:100:100.jpg?dr=9640&refresh_token=2d0d7041&x-expires=1756281600&x-signature=6RRh0sV%2BMiFopbDnto6in1a21L8%3D&t=4d5b0474&ps=13740610&shp=30310797&shcp=ff37627b&idc=useast5",
                    "_total_reply": null,
                    "_replies": []
                }
            ]
        },
        {
            "_comment_id": "7525755875455533846",
            "_username": "tild_roger",
            "_nickname": "kage123457",
            "_comment": "Wowwwwww",
            "_create_time": "2025-07-11T10:36:44",
            "_avatar": "https://p16-common-sign-va.tiktokcdn-us.com/tos-maliva-avt-0068/12418695f0321dd3bfbe393ad8367f10~tplv-tiktokx-cropcenter:100:100.jpg?dr=9640&refresh_token=df352fef&x-expires=1756281600&x-signature=LlQMfEIiqvU%2BX8oZhmCWy3FweL4%3D&t=4d5b0474&ps=13740610&shp=30310797&shcp=ff37627b&idc=useast5",
            "_total_reply": 1,
            "_replies": [
                {
                    "_comment_id": "7525830253319996182",
                    "_username": "lancome.official",
                    "_nickname": "Lancôme",
                    "_comment": "The Supra Screen champ ✨",
                    "_create_time": "2025-07-11T15:25:15",
                    "_avatar": "https://p16-common-sign-va.tiktokcdn-us.com/tos-maliva-avt-0068/9424f6caa6a8781766ccf45ddf0a0a0d~tplv-tiktokx-cropcenter:100:100.jpg?dr=9640&refresh_token=2d0d7041&x-expires=1756281600&x-signature=6RRh0sV%2BMiFopbDnto6in1a21L8%3D&t=4d5b0474&ps=13740610&shp=30310797&shcp=ff37627b&idc=useast5",
                    "_total_reply": null,
                    "_replies": []
                }
            ]
        },
        {
            "_comment_id": "7525876346109002527",
            "_username": "imliterally_existing_",
            "_nickname": "Lily",
            "_comment": "I thought that said LIV instead of UV 🥀",
            "_create_time": "2025-07-11T18:24:27",
            "_avatar": "https://p16-pu-sign-useast8.tiktokcdn-us.com/tos-useast8-avt-0068-tx2/94ba4dc13792630459609711faa32b97~tplv-tiktokx-cropcenter:100:100.jpg?dr=9640&refresh_token=dd6e8d7f&x-expires=1756281600&x-signature=DMafi3Fe8MpXElxbVG4%2BelICQbI%3D&t=4d5b0474&ps=13740610&shp=30310797&shcp=ff37627b&idc=useast5",
            "_total_reply": 0,
            "_replies": []
        },
        {
            "_comment_id": "7525751413184807702",
            "_username": "oliviasxngel",
            "_nickname": "Gabrielle (𝓈𝓅𝒾𝓁𝓁𝑒𝒹)⸆⸉⚓︎",
            "_comment": "wowwwwww obsessed",
            "_create_time": "2025-07-11T10:19:19",
            "_avatar": "https://p16-common-sign-va.tiktokcdn-us.com/tos-maliva-avt-0068/63c7e775e3f03f4b16660a190c9adf06~tplv-tiktokx-cropcenter:100:100.jpg?dr=9640&refresh_token=dbafdb56&x-expires=1756281600&x-signature=AoblK33M4THF5Brka7GyikSlkns%3D&t=4d5b0474&ps=13740610&shp=30310797&shcp=ff37627b&idc=useast5",
            "_total_reply": 1,
            "_replies": [
                {
                    "_comment_id": "7525830079952290582",
                    "_username": "lancome.official",
                    "_nickname": "Lancôme",
                    "_comment": "You and us both 🥰",
                    "_create_time": "2025-07-11T15:24:31",
                    "_avatar": "https://p16-common-sign-va.tiktokcdn-us.com/tos-maliva-avt-0068/9424f6caa6a8781766ccf45ddf0a0a0d~tplv-tiktokx-cropcenter:100:100.jpg?dr=9640&refresh_token=2d0d7041&x-expires=1756281600&x-signature=6RRh0sV%2BMiFopbDnto6in1a21L8%3D&t=4d5b0474&ps=13740610&shp=30310797&shcp=ff37627b&idc=useast5",
                    "_total_reply": null,
                    "_replies": []
                }
            ]
        },
        {
            "_comment_id": "7525803927041508103",
            "_username": "shiela.loves",
            "_nickname": "shiela.loves",
            "_comment": "I have to try😍😍",
            "_create_time": "2025-07-11T13:43:00",
            "_avatar": "https://p19-common-sign-useast2a.tiktokcdn-us.com/tos-useast2a-avt-0068-giso/7f2f29e45cd2df19ff60f6d8703a28f3~tplv-tiktokx-cropcenter:100:100.jpg?dr=9640&refresh_token=88d57286&x-expires=1756281600&x-signature=i2Rs0uSO1kmbV8AZKJql43eZvsI%3D&t=4d5b0474&ps=13740610&shp=30310797&shcp=ff37627b&idc=useast5",
            "_total_reply": 1,
            "_replies": [
                {
                    "_comment_id": "7525830028023251734",
                    "_username": "lancome.official",
                    "_nickname": "Lancôme",
                    "_comment": "The Supra Screen glow is waiting for you ✨",
                    "_create_time": "2025-07-11T15:24:25",
                    "_avatar": "https://p19-common-sign-va.tiktokcdn-us.com/tos-maliva-avt-0068/9424f6caa6a8781766ccf45ddf0a0a0d~tplv-tiktokx-cropcenter:100:100.jpg?dr=9640&refresh_token=4e732867&x-expires=1756281600&x-signature=5PN4EHVgtRvUll6IF2OIT9lcCWk%3D&t=4d5b0474&ps=13740610&shp=30310797&shcp=ff37627b&idc=useast5",
                    "_total_reply": null,
                    "_replies": []
                }
            ]
        },
        {
            "_comment_id": "7525775599929393942",
            "_username": "arix_0.2",
            "_nickname": "Ariix 💕",
            "_comment": "I fall in love with this video 😻",
            "_create_time": "2025-07-11T11:53:16",
            "_avatar": "https://p16-common-sign-va.tiktokcdn-us.com/tos-maliva-avt-0068/959ce47d4781288d26896ce6fde4e738~tplv-tiktokx-cropcenter:100:100.jpg?dr=9640&refresh_token=88fba5a5&x-expires=1756281600&x-signature=38EGjsyHtfKplrayOaFtobRDPho%3D&t=4d5b0474&ps=13740610&shp=30310797&shcp=ff37627b&idc=useast5",
            "_total_reply": 1,
            "_replies": [
                {
                    "_comment_id": "7525829844157235990",
                    "_username": "lancome.official",
                    "_nickname": "Lancôme",
                    "_comment": "It’s on repeat 💖",
                    "_create_time": "2025-07-11T15:23:40",
                    "_avatar": "https://p16-common-sign-va.tiktokcdn-us.com/tos-maliva-avt-0068/9424f6caa6a8781766ccf45ddf0a0a0d~tplv-tiktokx-cropcenter:100:100.jpg?dr=9640&refresh_token=2d0d7041&x-expires=1756281600&x-signature=6RRh0sV%2BMiFopbDnto6in1a21L8%3D&t=4d5b0474&ps=13740610&shp=30310797&shcp=ff37627b&idc=useast5",
                    "_total_reply": null,
                    "_replies": []
                }
            ]
        },
        {
            "_comment_id": "7526683355271529233",
            "_username": "rens.39_livis",
            "_nickname": "Renataaa🌟",
            "_comment": "Is brutal🤩🤩🤩🤩🤩 and very amaizing 😌😌😌🤩",
            "_create_time": "2025-07-13T22:36:02",
            "_avatar": "https://p16-common-sign-sg.tiktokcdn-us.com/tos-alisg-avt-0068/a74a9843f66cdc0757298e38f8d965a0~tplv-tiktokx-cropcenter:100:100.jpg?dr=9640&refresh_token=93c734d0&x-expires=1756281600&x-signature=tw8z8Ll9uKa3fEPul0xB3oO41k8%3D&t=4d5b0474&ps=13740610&shp=30310797&shcp=ff37627b&idc=useast5",
            "_total_reply": 0,
            "_replies": []
        },
        {
            "_comment_id": "7525749679163097889",
            "_username": "m.vdb_1026",
            "_nickname": "🫐🤍✨🌅",
            "_comment": "wowwww",
            "_create_time": "2025-07-11T10:12:39",
            "_avatar": "https://p16-common-sign-useast2a.tiktokcdn-us.com/tos-useast2a-avt-0068-euttp/9bd294f9b80baeb84b0f4b4e65610cac~tplv-tiktokx-cropcenter:100:100.jpg?dr=9640&refresh_token=29eeafa3&x-expires=1756281600&x-signature=S%2F%2Fdu9U2Z57mmkjWxJ4TKue01GM%3D&t=4d5b0474&ps=13740610&shp=30310797&shcp=ff37627b&idc=useast5",
            "_total_reply": 1,
            "_replies": [
                {
                    "_comment_id": "7525829868975768342",
                    "_username": "lancome.official",
                    "_nickname": "Lancôme",
                    "_comment": "Stay tuned for more 🤭",
                    "_create_time": "2025-07-11T15:23:48",
                    "_avatar": "https://p16-common-sign-va.tiktokcdn-us.com/tos-maliva-avt-0068/9424f6caa6a8781766ccf45ddf0a0a0d~tplv-tiktokx-cropcenter:100:100.jpg?dr=9640&refresh_token=2d0d7041&x-expires=1756281600&x-signature=6RRh0sV%2BMiFopbDnto6in1a21L8%3D&t=4d5b0474&ps=13740610&shp=30310797&shcp=ff37627b&idc=useast5",
                    "_total_reply": null,
                    "_replies": []
                }
            ]
        },
        {
            "_comment_id": "7525748146363548438",
            "_username": "oliviaisabelrodrigos",
            "_nickname": "𝐞𝐢𝐰",
            "_comment": "Omg",
            "_create_time": "2025-07-11T10:06:46",
            "_avatar": "https://p16-common-sign-va.tiktokcdn-us.com/tos-maliva-avt-0068/a498c755392d01f71baf8d2fa2ba397e~tplv-tiktokx-cropcenter:100:100.jpg?dr=9640&refresh_token=14482192&x-expires=1756281600&x-signature=A6I7MC6mrabhJahbWYvlPhzo2QY%3D&t=4d5b0474&ps=13740610&shp=30310797&shcp=ff37627b&idc=useast5",
            "_total_reply": 3,
            "_replies": [
                {
                    "_comment_id": "7525830306848310038",
                    "_username": "lancome.official",
                    "_nickname": "Lancôme",
                    "_comment": "Shocked or obsessed? 😉",
                    "_create_time": "2025-07-11T15:25:30",
                    "_avatar": "https://p16-common-sign-va.tiktokcdn-us.com/tos-maliva-avt-0068/9424f6caa6a8781766ccf45ddf0a0a0d~tplv-tiktokx-cropcenter:100:100.jpg?dr=9640&refresh_token=2d0d7041&x-expires=1756281600&x-signature=6RRh0sV%2BMiFopbDnto6in1a21L8%3D&t=4d5b0474&ps=13740610&shp=30310797&shcp=ff37627b&idc=useast5",
                    "_total_reply": null,
                    "_replies": []
                },
                {
                    "_comment_id": "7525929172318896918",
                    "_username": "oliviaisabelrodrigos",
                    "_nickname": "𝐞𝐢𝐰",
                    "_comment": "obsessed",
                    "_create_time": "2025-07-11T21:49:08",
                    "_avatar": "https://p16-common-sign-va.tiktokcdn-us.com/tos-maliva-avt-0068/a498c755392d01f71baf8d2fa2ba397e~tplv-tiktokx-cropcenter:100:100.jpg?dr=9640&refresh_token=14482192&x-expires=1756281600&x-signature=A6I7MC6mrabhJahbWYvlPhzo2QY%3D&t=4d5b0474&ps=13740610&shp=30310797&shcp=ff37627b&idc=useast5",
                    "_total_reply": null,
                    "_replies": []
                },
                {
                    "_comment_id": "7526923484275573537",
                    "_username": "lancome.official",
                    "_nickname": "Lancôme",
                    "_comment": "You get it 😌🔥",
                    "_create_time": "2025-07-14T18:32:27",
                    "_avatar": "https://p16-common-sign-va.tiktokcdn-us.com/tos-maliva-avt-0068/9424f6caa6a8781766ccf45ddf0a0a0d~tplv-tiktokx-cropcenter:100:100.jpg?dr=9640&refresh_token=2d0d7041&x-expires=1756281600&x-signature=6RRh0sV%2BMiFopbDnto6in1a21L8%3D&t=4d5b0474&ps=13740610&shp=30310797&shcp=ff37627b&idc=useast5",
                    "_total_reply": null,
                    "_replies": []
                }
            ]
        },
        {
            "_comment_id": "7526015105113473823",
            "_username": "someonenamedaish",
            "_nickname": "⋆. 𐙚˚࿔ aish  𝜗𝜚˚⋆",
            "_comment": "lancome summer 💋",
            "_create_time": "2025-07-12T03:22:41",
            "_avatar": "https://p19-pu-sign-useast8.tiktokcdn-us.com/tos-useast8-avt-0068-tx2/27ed5535a0d31b54b671e2a50943bd1e~tplv-tiktokx-cropcenter:100:100.jpg?dr=9640&refresh_token=d2d14e2e&x-expires=1756281600&x-signature=a3tuAZcDhCqU2yuqBzZgw%2FV8Agk%3D&t=4d5b0474&ps=13740610&shp=30310797&shcp=ff37627b&idc=useast5",
            "_total_reply": 1,
            "_replies": [
                {
                    "_comment_id": "7526912919960552224",
                    "_username": "lancome.official",
                    "_nickname": "Lancôme",
                    "_comment": "SPF goals, confirmed 😍",
                    "_create_time": "2025-07-14T18:44:29",
                    "_avatar": "https://p16-common-sign-va.tiktokcdn-us.com/tos-maliva-avt-0068/9424f6caa6a8781766ccf45ddf0a0a0d~tplv-tiktokx-cropcenter:100:100.jpg?dr=9640&refresh_token=2d0d7041&x-expires=1756281600&x-signature=6RRh0sV%2BMiFopbDnto6in1a21L8%3D&t=4d5b0474&ps=13740610&shp=30310797&shcp=ff37627b&idc=useast5",
                    "_total_reply": null,
                    "_replies": []
                }
            ]
        },
        {
            "_comment_id": "7525896348706308886",
            "_username": "delilah2003220",
            "_nickname": "delilah🪩",
            "_comment": "Heyyy xxx",
            "_create_time": "2025-07-11T19:41:45",
            "_avatar": "https://p16-common-sign-va.tiktokcdn-us.com/tos-maliva-avt-0068/cd266866e20953c8f15dd96953234b16~tplv-tiktokx-cropcenter:100:100.jpg?dr=9640&refresh_token=6f609df0&x-expires=1756281600&x-signature=1nAoYsdlq0sIqe%2BPXvbnPZWTnFE%3D&t=4d5b0474&ps=13740610&shp=30310797&shcp=ff37627b&idc=useast5",
            "_total_reply": 0,
            "_replies": []
        },
        {
            "_comment_id": "7533240960554386231",
            "_username": "itzjustjoy",
            "_nickname": "Joy",
            "_comment": "Ouu",
            "_create_time": "2025-07-31T14:42:47",
            "_avatar": "https://p16-common-sign-va.tiktokcdn-us.com/tos-maliva-avt-0068/4172f6cf17ed6f000a50094b2b4dd611~tplv-tiktokx-cropcenter:100:100.jpg?dr=9640&refresh_token=f604947b&x-expires=1756281600&x-signature=r6N%2Bek2JYn3HoXtLA%2FNApLTVxRM%3D&t=4d5b0474&ps=13740610&shp=30310797&shcp=ff37627b&idc=useast5",
            "_total_reply": 0,
            "_replies": []
        },
        {
            "_comment_id": "7531855486598447886",
            "_username": "susanbravo18",
            "_nickname": "★𝒔𝒖(𝒔𝒑𝒊𝒍𝒍𝒆𝒅)★",
            "_comment": "hello💜💜💜",
            "_create_time": "2025-07-27T21:06:17",
            "_avatar": "https://p16-sign.tiktokcdn-us.com/tos-useast5-avt-0068-tx/1506c39fb011aeb17d883ff1e1743cc2~tplv-tiktokx-cropcenter:100:100.jpg?dr=9640&refresh_token=9001ab08&x-expires=1756281600&x-signature=IPUfv%2FsX2j%2BQ3BGEBfYPXZ3rSfM%3D&t=4d5b0474&ps=13740610&shp=30310797&shcp=ff37627b&idc=useast5",
            "_total_reply": 0,
            "_replies": []
        },
        {
            "_comment_id": "7526640035430974230",
            "_username": "serguei_chatel",
            "_nickname": "✨️ Serguei Chatel ✨️",
            "_comment": "not yet in France?",
            "_create_time": "2025-07-13T19:47:41",
            "_avatar": "https://p16-common-sign-useast2a.tiktokcdn-us.com/tos-useast2a-avt-0068-euttp/39cf658da89242d72e9404aa6013a1d4~tplv-tiktokx-cropcenter:100:100.jpg?dr=9640&refresh_token=72a4e2a5&x-expires=1756281600&x-signature=OsjkEGbUFV7DYOz5M4GxkYtpaLo%3D&t=4d5b0474&ps=13740610&shp=30310797&shcp=ff37627b&idc=useast5",
            "_total_reply": 0,
            "_replies": []
        },
        {
            "_comment_id": "7526656137745023766",
            "_username": "sandrine54n54",
            "_nickname": "sandrine54N54",
            "_comment": "sublime ❤️❤️❤️",
            "_create_time": "2025-07-13T20:50:06",
            "_avatar": "https://p16-common-sign-useast2a.tiktokcdn-us.com/tos-useast2a-avt-0068-euttp/a8479aeb485a895e422765bce62590ce~tplv-tiktokx-cropcenter:100:100.jpg?dr=9640&refresh_token=bd334495&x-expires=1756281600&x-signature=lxnIj1XlgTOUi6QTPYFNXgfvmIo%3D&t=4d5b0474&ps=13740610&shp=30310797&shcp=ff37627b&idc=useast5",
            "_total_reply": 0,
            "_replies": []
        },
        {
            "_comment_id": "7525854030335607574",
            "_username": "e.emixliv",
            "_nickname": "e.emixliv",
            "_comment": "early!",
            "_create_time": "2025-07-11T16:57:37",
            "_avatar": "https://p16-common-sign-va.tiktokcdn-us.com/tos-maliva-avt-0068/ffb48c08bd61911d3f23225e17e915c3~tplv-tiktokx-cropcenter:100:100.jpg?dr=9640&refresh_token=56623262&x-expires=1756281600&x-signature=PkWEbFmoZ6b8fO7BhQkpFxSKIbI%3D&t=4d5b0474&ps=13740610&shp=30310797&shcp=ff37627b&idc=useast5",
            "_total_reply": 0,
            "_replies": []
        },
        {
            "_comment_id": "7526736219734229766",
            "_username": "liviesrodrigooo",
            "_nickname": "✨️MACCARENA✨️",
            "_comment": "l love lancöme,olivia and tennis",
            "_create_time": "2025-07-14T02:00:50",
            "_avatar": "https://p16-common-sign-va.tiktokcdn-us.com/tos-maliva-avt-0068/d28a89f3eea0dc4965e67b90a9a7b759~tplv-tiktokx-cropcenter:100:100.jpg?dr=9640&refresh_token=b8411fa5&x-expires=1756281600&x-signature=5UQ2SokK6uQIPr1GH%2BfZVH0NaSc%3D&t=4d5b0474&ps=13740610&shp=30310797&shcp=ff37627b&idc=useast5",
            "_total_reply": 0,
            "_replies": []
        },
        {
            "_comment_id": "7526308266583229192",
            "_username": "ximena71011",
            "_nickname": "★Lizi★",
            "_comment": "wowwww",
            "_create_time": "2025-07-12T22:20:09",
            "_avatar": "https://p16-common-sign-sg.tiktokcdn-us.com/tos-alisg-avt-0068/8d0e18bcdaec952487f560934a10cdcc~tplv-tiktokx-cropcenter:100:100.jpg?dr=9640&refresh_token=a72b842f&x-expires=1756281600&x-signature=zETQTG7owsQhJnbxLROVNT3azvE%3D&t=4d5b0474&ps=13740610&shp=30310797&shcp=ff37627b&idc=useast5",
            "_total_reply": 0,
            "_replies": []
        },
        {
            "_comment_id": "7525866244135469838",
            "_username": "princessjasminealaddin17",
            "_nickname": "PrincessJasmine💙🧞‍♂️🕌",
            "_comment": "Early my favorite Lancome I'm obsessed with the video so Much 😍😍😍😍😍🥰🥰🥰🥰🥰❤️❤️❤️❤️❤️❣️❣️❣️❣️❣️",
            "_create_time": "2025-07-11T17:45:11",
            "_avatar": "https://p16-sign.tiktokcdn-us.com/tos-useast5-avt-0068-tx/7349155352849416235~tplv-tiktokx-cropcenter:100:100.jpg?dr=9640&refresh_token=e413db0f&x-expires=1756281600&x-signature=nayJaoVC%2BXGyggHC0wrO4Ejn%2BJA%3D&t=4d5b0474&ps=13740610&shp=30310797&shcp=ff37627b&idc=useast5",
            "_total_reply": 1,
            "_replies": [
                {
                    "_comment_id": "7526866270675944224",
                    "_username": "lancome.official",
                    "_nickname": "Lancôme",
                    "_comment": "We loved creating this one for you 😍❤️🎾",
                    "_create_time": "2025-07-14T14:09:27",
                    "_avatar": "https://p16-common-sign-va.tiktokcdn-us.com/tos-maliva-avt-0068/9424f6caa6a8781766ccf45ddf0a0a0d~tplv-tiktokx-cropcenter:100:100.jpg?dr=9640&refresh_token=2d0d7041&x-expires=1756281600&x-signature=6RRh0sV%2BMiFopbDnto6in1a21L8%3D&t=4d5b0474&ps=13740610&shp=30310797&shcp=ff37627b&idc=useast5",
                    "_total_reply": null,
                    "_replies": []
                }
            ]
        },
        {
            "_comment_id": "7526275352101454605",
            "_username": "amanecer7676",
            "_nickname": "Dawn Marie",
            "_comment": "We love a good SPF ✨✨✨✨",
            "_create_time": "2025-07-12T20:12:35",
            "_avatar": "https://p19-sign.tiktokcdn-us.com/tos-useast5-avt-0068-tx/3b7c6c6d9e80ce772285509da5d99604~tplv-tiktokx-cropcenter:100:100.jpg?dr=9640&refresh_token=0b43cf4c&x-expires=1756281600&x-signature=tPLih7cZ89n9ZKMC0%2BZth6oWxgI%3D&t=4d5b0474&ps=13740610&shp=30310797&shcp=ff37627b&idc=useast5",
            "_total_reply": 0,
            "_replies": []
        },
        {
            "_comment_id": "7525762484213777174",
            "_username": ".l0gicalll",
            "_nickname": "𝐥𝐢𝐥𝐜𝐬𝐢⛸️💟 ᵒᴿ 𐙚",
            "_comment": "WOAAH",
            "_create_time": "2025-07-11T11:02:15",
            "_avatar": "https://p16-common-sign-va.tiktokcdn-us.com/tos-maliva-avt-0068/8ad945259a9e9365682f0f62f6e5b6c1~tplv-tiktokx-cropcenter:100:100.jpg?dr=9640&refresh_token=d970be77&x-expires=1756281600&x-signature=M6Ed6%2B%2B3UKpJNlvoeHdpgWxvFzY%3D&t=4d5b0474&ps=13740610&shp=30310797&shcp=ff37627b&idc=useast5",
            "_total_reply": 0,
            "_replies": []
        },
        {
            "_comment_id": "7526104604493693718",
            "_username": "k_i_s_k_a0",
            "_nickname": "_marru_",
            "_comment": "I'm sooo obsessed🌸",
            "_create_time": "2025-07-12T09:09:56",
            "_avatar": "https://p16-common-sign-va.tiktokcdn-us.com/tos-maliva-avt-0068/9831538de4c2948cfab67c50ee95eec9~tplv-tiktokx-cropcenter:100:100.jpg?dr=9640&refresh_token=b215b33d&x-expires=1756281600&x-signature=ROL%2B5BudlIjHz7%2FNMQdE3F3BDEs%3D&t=4d5b0474&ps=13740610&shp=30310797&shcp=ff37627b&idc=useast5",
            "_total_reply": 1,
            "_replies": [
                {
                    "_comment_id": "7526933982714643233",
                    "_username": "lancome.official",
                    "_nickname": "Lancôme",
                    "_comment": "All set to face the rays! 🌤️ 💖",
                    "_create_time": "2025-07-14T18:48:43",
                    "_avatar": "https://p16-common-sign-va.tiktokcdn-us.com/tos-maliva-avt-0068/9424f6caa6a8781766ccf45ddf0a0a0d~tplv-tiktokx-cropcenter:100:100.jpg?dr=9640&refresh_token=2d0d7041&x-expires=1756281600&x-signature=6RRh0sV%2BMiFopbDnto6in1a21L8%3D&t=4d5b0474&ps=13740610&shp=30310797&shcp=ff37627b&idc=useast5",
                    "_total_reply": null,
                    "_replies": []
                }
            ]
        },
        {
            "_comment_id": "7525863514037797663",
            "_username": "phbcrnl",
            "_nickname": "Phoebs ʚїɞ",
            "_comment": "You should get Alex Eala for this ad Lancome!! 🥰🥰🥰 🎾",
            "_create_time": "2025-07-11T17:34:31",
            "_avatar": "https://p16-sign.tiktokcdn-us.com/tos-useast5-avt-0068-tx/a72874e51bb326c1236f096ef83f648a~tplv-tiktokx-cropcenter:100:100.jpg?dr=9640&refresh_token=155f4109&x-expires=1756281600&x-signature=NNw9bnU1VyU25x%2BtedGxEAZ3GsA%3D&t=4d5b0474&ps=13740610&shp=30310797&shcp=ff37627b&idc=useast5",
            "_total_reply": 0,
            "_replies": []
        },
        {
            "_comment_id": "7525763326614258438",
            "_username": "barbiegurl437",
            "_nickname": "𝕨𝕖 𝕝𝕠𝕧𝕖 𝕙𝕖𝕣 💜",
            "_comment": "cute go girls🌷🌷🌷",
            "_create_time": "2025-07-11T11:05:31",
            "_avatar": "https://p16-common-sign-va.tiktokcdn-us.com/tos-maliva-avt-0068/8eeef25792f871790046ca4c351c1891~tplv-tiktokx-cropcenter:100:100.jpg?dr=9640&refresh_token=373ba890&x-expires=1756281600&x-signature=WaaIA5qwbJC%2FszCTytuGIBFSc2Q%3D&t=4d5b0474&ps=13740610&shp=30310797&shcp=ff37627b&idc=useast5",
            "_total_reply": 0,
            "_replies": []
        },
        {
            "_comment_id": "7525748059037860638",
            "_username": "sadmexicangirlwhobecryin",
            "_nickname": "T(spilled) 💜",
            "_comment": "TAKE MY MONEY",
            "_create_time": "2025-07-11T10:07:35",
            "_avatar": "https://p16-pu-sign-useast8.tiktokcdn-us.com/tos-useast8-avt-0068-tx2/e032eed58793b092ed26fcd91d1ae556~tplv-tiktokx-cropcenter:100:100.jpg?dr=9640&refresh_token=0cefc55f&x-expires=1756281600&x-signature=XuU2O3hM81j6YqHlFlccdEuqGSs%3D&t=4d5b0474&ps=13740610&shp=30310797&shcp=ff37627b&idc=useast5",
            "_total_reply": 0,
            "_replies": []
        },
        {
            "_comment_id": "7525748448981844758",
            "_username": "..liviss0",
            "_nickname": "💜 ✿Olivia Rodrigo fan ✿💜",
            "_comment": "Wowww😍💜💜",
            "_create_time": "2025-07-11T10:07:47",
            "_avatar": "https://p16-common-sign-va.tiktokcdn-us.com/tos-maliva-avt-0068/16c9f8441fc1e346d4e3d958975b7314~tplv-tiktokx-cropcenter:100:100.jpg?dr=9640&refresh_token=ec4b15e4&x-expires=1756281600&x-signature=nthSugWDsBv7slVsSswnd2uEzSw%3D&t=4d5b0474&ps=13740610&shp=30310797&shcp=ff37627b&idc=useast5",
            "_total_reply": 3,
            "_replies": [
                {
                    "_comment_id": "7525829899250615062",
                    "_username": "lancome.official",
                    "_nickname": "Lancôme",
                    "_comment": "A true beauty, right? 🥰",
                    "_create_time": "2025-07-11T15:23:59",
                    "_avatar": "https://p16-common-sign-va.tiktokcdn-us.com/tos-maliva-avt-0068/9424f6caa6a8781766ccf45ddf0a0a0d~tplv-tiktokx-cropcenter:100:100.jpg?dr=9640&refresh_token=2d0d7041&x-expires=1756281600&x-signature=6RRh0sV%2BMiFopbDnto6in1a21L8%3D&t=4d5b0474&ps=13740610&shp=30310797&shcp=ff37627b&idc=useast5",
                    "_total_reply": null,
                    "_replies": []
                },
                {
                    "_comment_id": "7525831412290077462",
                    "_username": "..liviss0",
                    "_nickname": "💜 ✿Olivia Rodrigo fan ✿💜",
                    "_comment": "OMGG😍😍😍",
                    "_create_time": "2025-07-11T15:29:44",
                    "_avatar": "https://p16-common-sign-va.tiktokcdn-us.com/tos-maliva-avt-0068/16c9f8441fc1e346d4e3d958975b7314~tplv-tiktokx-cropcenter:100:100.jpg?dr=9640&refresh_token=ec4b15e4&x-expires=1756281600&x-signature=nthSugWDsBv7slVsSswnd2uEzSw%3D&t=4d5b0474&ps=13740610&shp=30310797&shcp=ff37627b&idc=useast5",
                    "_total_reply": null,
                    "_replies": []
                },
                {
                    "_comment_id": "7525831481307988758",
                    "_username": "..liviss0",
                    "_nickname": "💜 ✿Olivia Rodrigo fan ✿💜",
                    "_comment": "Yesss😍",
                    "_create_time": "2025-07-11T15:30:03",
                    "_avatar": "https://p16-common-sign-va.tiktokcdn-us.com/tos-maliva-avt-0068/16c9f8441fc1e346d4e3d958975b7314~tplv-tiktokx-cropcenter:100:100.jpg?dr=9640&refresh_token=ec4b15e4&x-expires=1756281600&x-signature=nthSugWDsBv7slVsSswnd2uEzSw%3D&t=4d5b0474&ps=13740610&shp=30310797&shcp=ff37627b&idc=useast5",
                    "_total_reply": null,
                    "_replies": []
                }
            ]
        },
        {
            "_comment_id": "7526100363318559510",
            "_username": "oliviaeditz58",
            "_nickname": "⋆˙⟡ Anna (𝓼𝓹𝓲𝓵𝓵𝓮𝓭) ⋆˙⟡",
            "_comment": "Wowowoowowow",
            "_create_time": "2025-07-12T08:53:31",
            "_avatar": "https://p16-common-sign-va.tiktokcdn-us.com/tos-maliva-avt-0068/0ffecefef599670420a1923d34c991aa~tplv-tiktokx-cropcenter:100:100.jpg?dr=9640&refresh_token=f6377bdf&x-expires=1756281600&x-signature=P0He1l1R5pWYu8lFtg31CcIoXT4%3D&t=4d5b0474&ps=13740610&shp=30310797&shcp=ff37627b&idc=useast5",
            "_total_reply": 2,
            "_replies": [
                {
                    "_comment_id": "7526924604096021281",
                    "_username": "lancome.official",
                    "_nickname": "Lancôme",
                    "_comment": "🏆 💖 👀",
                    "_create_time": "2025-07-14T18:46:47",
                    "_avatar": "https://p16-common-sign-va.tiktokcdn-us.com/tos-maliva-avt-0068/9424f6caa6a8781766ccf45ddf0a0a0d~tplv-tiktokx-cropcenter:100:100.jpg?dr=9640&refresh_token=2d0d7041&x-expires=1756281600&x-signature=6RRh0sV%2BMiFopbDnto6in1a21L8%3D&t=4d5b0474&ps=13740610&shp=30310797&shcp=ff37627b&idc=useast5",
                    "_total_reply": null,
                    "_replies": []
                },
                {
                    "_comment_id": "7527007476710179606",
                    "_username": "oliviaeditz58",
                    "_nickname": "⋆˙⟡ Anna (𝓼𝓹𝓲𝓵𝓵𝓮𝓭) ⋆˙⟡",
                    "_comment": "YAYYYY",
                    "_create_time": "2025-07-14T19:33:25",
                    "_avatar": "https://p16-common-sign-va.tiktokcdn-us.com/tos-maliva-avt-0068/0ffecefef599670420a1923d34c991aa~tplv-tiktokx-cropcenter:100:100.jpg?dr=9640&refresh_token=f6377bdf&x-expires=1756281600&x-signature=P0He1l1R5pWYu8lFtg31CcIoXT4%3D&t=4d5b0474&ps=13740610&shp=30310797&shcp=ff37627b&idc=useast5",
                    "_total_reply": null,
                    "_replies": []
                }
            ]
        },
        {
            "_comment_id": "7525996725221655326",
            "_username": "jenna.blonde",
            "_nickname": "Jenna",
            "_comment": "Love the brand I work for!! 🥰 and love the products.",
            "_create_time": "2025-07-12T02:11:40",
            "_avatar": "https://p16-sign.tiktokcdn-us.com/tos-useast5-avt-0068-tx/6b4182d1fdec89daf89547b3146ae369~tplv-tiktokx-cropcenter:100:100.jpg?dr=9640&refresh_token=46da825d&x-expires=1756281600&x-signature=8Ji3r2Ff5dBkMKQUXMsuIhbjc4I%3D&t=4d5b0474&ps=13740610&shp=30310797&shcp=ff37627b&idc=useast5",
            "_total_reply": 2,
            "_replies": [
                {
                    "_comment_id": "7526923495830536992",
                    "_username": "lancome.official",
                    "_nickname": "Lancôme",
                    "_comment": "That means the world 🥹 Thank you for being part of the Lancôme family 💖",
                    "_create_time": "2025-07-14T18:44:03",
                    "_avatar": "https://p19-common-sign-va.tiktokcdn-us.com/tos-maliva-avt-0068/9424f6caa6a8781766ccf45ddf0a0a0d~tplv-tiktokx-cropcenter:100:100.jpg?dr=9640&refresh_token=4e732867&x-expires=1756281600&x-signature=5PN4EHVgtRvUll6IF2OIT9lcCWk%3D&t=4d5b0474&ps=13740610&shp=30310797&shcp=ff37627b&idc=useast5",
                    "_total_reply": null,
                    "_replies": []
                },
                {
                    "_comment_id": "7527025923095544606",
                    "_username": "jenna.blonde",
                    "_nickname": "Jenna",
                    "_comment": "Thank you for having me!! 🩷 🌹",
                    "_create_time": "2025-07-14T20:45:17",
                    "_avatar": "https://p16-sign.tiktokcdn-us.com/tos-useast5-avt-0068-tx/6b4182d1fdec89daf89547b3146ae369~tplv-tiktokx-cropcenter:100:100.jpg?dr=9640&refresh_token=46da825d&x-expires=1756281600&x-signature=8Ji3r2Ff5dBkMKQUXMsuIhbjc4I%3D&t=4d5b0474&ps=13740610&shp=30310797&shcp=ff37627b&idc=useast5",
                    "_total_reply": null,
                    "_replies": []
                }
            ]
        },
        {
            "_comment_id": "7525748090084279062",
            "_username": "bianca_masini",
            "_nickname": "𝓑𝓲𝓫𝔂",
            "_comment": "FIRSSTTTT",
            "_create_time": "2025-07-11T10:06:28",
            "_avatar": "https://p16-common-sign-va.tiktokcdn-us.com/tos-maliva-avt-0068/10c89f1bd9b15306820c68c7898368a8~tplv-tiktokx-cropcenter:100:100.jpg?dr=9640&refresh_token=20016fd7&x-expires=1756281600&x-signature=HJRIVlr8yFo%2FuFR90kF7SuvPwRM%3D&t=4d5b0474&ps=13740610&shp=30310797&shcp=ff37627b&idc=useast5",
            "_total_reply": 0,
            "_replies": []
        },
        {
            "_comment_id": "7525859779412837134",
            "_username": "sofiaisthequeen8",
            "_nickname": "Sofiaisthequeen",
            "_comment": "Earlyyyy",
            "_create_time": "2025-07-11T17:20:07",
            "_avatar": "https://p19-pu-sign-useast8.tiktokcdn-us.com/tos-useast5-avt-0068-tx/d3f897704787c715e6749faaf4d1ff51~tplv-tiktokx-cropcenter:100:100.jpg?dr=9640&refresh_token=fdb4cad0&x-expires=1756281600&x-signature=3x%2FV%2FvenlSg9OaYfeOV69oXaNZ4%3D&t=4d5b0474&ps=13740610&shp=30310797&shcp=ff37627b&idc=useast5",
            "_total_reply": 0,
            "_replies": []
        },
        {
            "_comment_id": "7525913248035816205",
            "_username": "iamannapar",
            "_nickname": "🌠.",
            "_comment": "Can I have a pr package",
            "_create_time": "2025-07-11T20:47:26",
            "_avatar": "https://p19-sign.tiktokcdn-us.com/tos-useast5-avt-0068-tx/5a23b1aff12ee7a94dbeca2c1e717112~tplv-tiktokx-cropcenter:100:100.jpg?dr=9640&refresh_token=d636b22c&x-expires=1756281600&x-signature=ggkC6R%2BYw3UAH0Z8ckWrFDraPnY%3D&t=4d5b0474&ps=13740610&shp=30310797&shcp=ff37627b&idc=useast5",
            "_total_reply": 0,
            "_replies": []
        },
        {
            "_comment_id": "7525959598466073361",
            "_username": "su_4779",
            "_nickname": "su_47",
            "_comment": "i like lancome and olivia the best Collaboration",
            "_create_time": "2025-07-11T23:47:17",
            "_avatar": "https://p16-common-sign-sg.tiktokcdn-us.com/tos-alisg-avt-0068/f8bd9d788f0df4fcd8ea85775f6333aa~tplv-tiktokx-cropcenter:100:100.jpg?dr=9640&refresh_token=c581392d&x-expires=1756281600&x-signature=gmqaQM4JaK0W0L%2Fa8cLVt%2BHg2OM%3D&t=4d5b0474&ps=13740610&shp=30310797&shcp=ff37627b&idc=useast5",
            "_total_reply": 1,
            "_replies": [
                {
                    "_comment_id": "7526923495830455072",
                    "_username": "lancome.official",
                    "_nickname": "Lancôme",
                    "_comment": "A duo we’ll never get over 💜",
                    "_create_time": "2025-07-14T18:35:38",
                    "_avatar": "https://p16-common-sign-va.tiktokcdn-us.com/tos-maliva-avt-0068/9424f6caa6a8781766ccf45ddf0a0a0d~tplv-tiktokx-cropcenter:100:100.jpg?dr=9640&refresh_token=2d0d7041&x-expires=1756281600&x-signature=6RRh0sV%2BMiFopbDnto6in1a21L8%3D&t=4d5b0474&ps=13740610&shp=30310797&shcp=ff37627b&idc=useast5",
                    "_total_reply": null,
                    "_replies": []
                }
            ]
        },
        {
            "_comment_id": "7526317064228586248",
            "_username": "yoon_chae.0",
            "_nickname": "LA NALGA IZQUIERDA DE OLIVIA🔥",
            "_comment": "Wow, you surprise me more and more.",
            "_create_time": "2025-07-12T22:54:33",
            "_avatar": "https://p16-common-sign-sg.tiktokcdn-us.com/tos-alisg-avt-0068/a343c52602c91edbd4468155e7728ada~tplv-tiktokx-cropcenter:100:100.jpg?dr=9640&refresh_token=cec76173&x-expires=1756281600&x-signature=fKGgw45kHz0iuUaE2rPiouFeVlk%3D&t=4d5b0474&ps=13740610&shp=30310797&shcp=ff37627b&idc=useast5",
            "_total_reply": 0,
            "_replies": []
        },
        {
            "_comment_id": "7525958885346345742",
            "_username": "soccerlover958",
            "_nickname": "Soccer lover🖤💛",
            "_comment": "Can you guys please collab with LAFC please",
            "_create_time": "2025-07-11T23:44:33",
            "_avatar": "https://p16-pu-sign-useast8.tiktokcdn-us.com/tos-useast5-avt-0068-tx/e33276854f23a0eb4b36d39b93b2cf6b~tplv-tiktokx-cropcenter:100:100.jpg?dr=9640&refresh_token=b6078cbc&x-expires=1756281600&x-signature=VvYoYZfhuJ81McYxp4xDrEK0Hps%3D&t=4d5b0474&ps=13740610&shp=30310797&shcp=ff37627b&idc=useast5",
            "_total_reply": 0,
            "_replies": []
        },
        {
            "_comment_id": "7525911315212141345",
            "_username": "spilledmygutsx",
            "_nickname": "Sophie Wasse",
            "_comment": "can i get a hi?",
            "_create_time": "2025-07-11T20:39:51",
            "_avatar": "https://p19-common-sign-useast2a.tiktokcdn-us.com/tos-useast2a-avt-0068-euttp/ae4c505e97263ed0e354e1fa95bc7926~tplv-tiktokx-cropcenter:100:100.jpg?dr=9640&refresh_token=61d713c8&x-expires=1756281600&x-signature=hVUPAQ8PlDIENPSoHZS7JUICJXU%3D&t=4d5b0474&ps=13740610&shp=30310797&shcp=ff37627b&idc=useast5",
            "_total_reply": 1,
            "_replies": [
                {
                    "_comment_id": "7526935475236537120",
                    "_username": "lancome.official",
                    "_nickname": "Lancôme",
                    "_comment": "Hiiiii 💖 😍",
                    "_create_time": "2025-07-14T18:32:11",
                    "_avatar": "https://p16-common-sign-va.tiktokcdn-us.com/tos-maliva-avt-0068/9424f6caa6a8781766ccf45ddf0a0a0d~tplv-tiktokx-cropcenter:100:100.jpg?dr=9640&refresh_token=2d0d7041&x-expires=1756281600&x-signature=6RRh0sV%2BMiFopbDnto6in1a21L8%3D&t=4d5b0474&ps=13740610&shp=30310797&shcp=ff37627b&idc=useast5",
                    "_total_reply": null,
                    "_replies": []
                }
            ]
        },
        {
            "_comment_id": "7525881542535922454",
            "_username": "fayeduffyy",
            "_nickname": "Faye",
            "_comment": "can you do an event in London 🥰",
            "_create_time": "2025-07-11T18:44:15",
            "_avatar": "https://p16-common-sign-va.tiktokcdn-us.com/tos-maliva-avt-0068/4a43ff4df0e0234f5821bebbd3f525c0~tplv-tiktokx-cropcenter:100:100.jpg?dr=9640&refresh_token=2bcc2331&x-expires=1756281600&x-signature=s5Zh4fo7SZHAXrxmCs94mhPPYGI%3D&t=4d5b0474&ps=13740610&shp=30310797&shcp=ff37627b&idc=useast5",
            "_total_reply": 0,
            "_replies": []
        },
        {
            "_comment_id": "7525853755847131960",
            "_username": "cuca8793",
            "_nickname": "Monica GG (Dolci Greco)",
            "_comment": "Imagine unboxing Lancôme’s luxurious collection surrounded by majestic mountains, cascading waterfalls, and the awe-inspiring glow of volcanoes. 🌋✨ Feel the thrill of ziplining through lush canopies, white-water rafting rushing rivers, surfing Pacific waves, and spotting vibrant wildlife — all while unveiling beauty that embodies elegance, radiance, and timeless grace.\nThis isn’t just unboxing; it’s an immersive journey where luxury meets the wild spirit of Pura Vida.\nLet’s do something different and amazing in Costa Rica. Let’s join forces to create vibrant, magical beauty stories full of glow, elegance, and tropical adventure. 🌿🌸\n#DolciGreco #Lancôme #CostaRicaGlow #BeautyUnlimited #UnboxTheExtraordinary #LetsDoMagicTogetherAsATeam✨✨✨",
            "_create_time": "2025-07-11T16:56:27",
            "_avatar": "https://p16-common-sign-va.tiktokcdn-us.com/tos-maliva-avt-0068/7c3fae2d8a854c73798ce7408362ff6c~tplv-tiktokx-cropcenter:100:100.jpg?dr=9640&refresh_token=21fa6418&x-expires=1756281600&x-signature=QQ%2FRZHtv%2FNgbP0eiJqDjolDgqqw%3D&t=4d5b0474&ps=13740610&shp=30310797&shcp=ff37627b&idc=useast5",
            "_total_reply": 0,
            "_replies": []
        },
        {
            "_comment_id": "7525749388611797782",
            "_username": "orobsessed",
            "_nickname": ".",
            "_comment": "Olivia comment on this",
            "_create_time": "2025-07-11T10:11:37",
            "_avatar": "https://p19-common-sign-va.tiktokcdn-us.com/tos-maliva-avt-0068/fac61913aa0c7e58d0272e1eb20d3493~tplv-tiktokx-cropcenter:100:100.jpg?dr=9640&refresh_token=c4a5b12d&x-expires=1756281600&x-signature=zFuz33bKyqEVQoq9UhGRq1usImw%3D&t=4d5b0474&ps=13740610&shp=30310797&shcp=ff37627b&idc=useast5",
            "_total_reply": 0,
            "_replies": []
        },
        {
            "_comment_id": "7535616509054485262",
            "_username": "sierraniki",
            "_nickname": "sierraniki",
            "_comment": "❤️❤️❤️",
            "_create_time": "2025-08-07T00:20:53",
            "_avatar": "https://p16-sign.tiktokcdn-us.com/tos-useast5-avt-0068-tx/666b27e7495a91f2ed1b187f9259538d~tplv-tiktokx-cropcenter:100:100.jpg?dr=9640&refresh_token=8ffbe3f8&x-expires=1756281600&x-signature=0TXJmI3oCX6pUGUMh0V%2FHNCBY4Q%3D&t=4d5b0474&ps=13740610&shp=30310797&shcp=ff37627b&idc=useast5",
            "_total_reply": 0,
            "_replies": []
        },
        {
            "_comment_id": "7529199190397207318",
            "_username": "jocelyne.rhim5",
            "_nickname": "Jocelyne Rhim",
            "_comment": "💜💜💜💜💜💜💜💜💜💜💜💜💜💜💜💜💜💜💜💜💜💜💜💜💜💜💜💜💜",
            "_create_time": "2025-07-20T17:18:25",
            "_avatar": "https://p16-common-sign-va.tiktokcdn-us.com/tos-maliva-avt-0068/5ebfc5e48db9a37ef2e817b740b640ac~tplv-tiktokx-cropcenter:100:100.jpg?dr=9640&refresh_token=e2c46637&x-expires=1756281600&x-signature=5N0QQevWw92J%2FzWww12PsFXQSFg%3D&t=4d5b0474&ps=13740610&shp=30310797&shcp=ff37627b&idc=useast5",
            "_total_reply": 0,
            "_replies": []
        },
        {
            "_comment_id": "7536135187282526998",
            "_username": "jamilanfds",
            "_nickname": "jamila nfds",
            "_comment": "🌸🌸",
            "_create_time": "2025-08-08T09:53:42",
            "_avatar": "https://p16-common-sign-va.tiktokcdn-us.com/tos-maliva-avt-0068/85cf99bfaa3ec48e77be4b91f12028c2~tplv-tiktokx-cropcenter:100:100.jpg?dr=9640&refresh_token=2cf4236f&x-expires=1756281600&x-signature=XNy0b6uicAZHcW%2F9C2xvvmk7T8M%3D&t=4d5b0474&ps=13740610&shp=30310797&shcp=ff37627b&idc=useast5",
            "_total_reply": 0,
            "_replies": []
        },
        {
            "_comment_id": "7541385375555158798",
            "_username": "diamondrose547",
            "_nickname": "Diamondrose54",
            "_comment": "❤️❤️",
            "_create_time": "2025-08-22T13:27:17",
            "_avatar": "https://p19-pu-sign-useast8.tiktokcdn-us.com/tos-useast5-avt-0068-tx/419fb241e7825ce9d5b7ecc1e0d9d2fe~tplv-tiktokx-cropcenter:100:100.jpg?dr=9640&refresh_token=e5da2cad&x-expires=1756281600&x-signature=9yOjDkIkC6yeBlY9bDcQPk7ROv8%3D&t=4d5b0474&ps=13740610&shp=30310797&shcp=ff37627b&idc=useast5",
            "_total_reply": 0,
            "_replies": []
        },
        {
            "_comment_id": "7525903764223787798",
            "_username": "marta.a90",
            "_nickname": "Martaa",
            "_comment": "💜",
            "_create_time": "2025-07-11T20:10:33",
            "_avatar": "https://p19-common-sign-useast2a.tiktokcdn-us.com/tos-useast2a-avt-0068-euttp/7334950425520504865~tplv-tiktokx-cropcenter:100:100.jpg?dr=9640&refresh_token=7ee514c3&x-expires=1756281600&x-signature=w0kbcxa0A8ElUGUb8VximFXnIj0%3D&t=4d5b0474&ps=13740610&shp=30310797&shcp=ff37627b&idc=useast5",
            "_total_reply": 0,
            "_replies": []
        },
        {
            "_comment_id": "7525759660021236502",
            "_username": "ellestrick",
            "_nickname": "ellestrick",
            "_comment": "😍",
            "_create_time": "2025-07-11T10:51:21",
            "_avatar": "https://p16-common-sign-va.tiktokcdn-us.com/tos-maliva-avt-0068/7324805628214378501~tplv-tiktokx-cropcenter:100:100.jpg?dr=9640&refresh_token=08b6f447&x-expires=1756281600&x-signature=YJkRzOR75PpT3%2FHpGgjv7zBwT%2B8%3D&t=4d5b0474&ps=13740610&shp=30310797&shcp=ff37627b&idc=useast5",
            "_total_reply": 0,
            "_replies": []
        },
        {
            "_comment_id": "7525748192887145229",
            "_username": "e.lizzzabeth",
            "_nickname": "Kary 🖤",
            "_comment": "😍😍😍",
            "_create_time": "2025-07-11T10:07:51",
            "_avatar": "https://p16-sign.tiktokcdn-us.com/tos-useast5-avt-0068-tx/32a6a98ff219854786c2b1045f335a9e~tplv-tiktokx-cropcenter:100:100.jpg?dr=9640&refresh_token=d5142ca0&x-expires=1756281600&x-signature=3r5iKIeCmr4waQ2s2cinO7HU8GA%3D&t=4d5b0474&ps=13740610&shp=30310797&shcp=ff37627b&idc=useast5",
            "_total_reply": 0,
            "_replies": []
        },
        {
            "_comment_id": "7526066865732027150",
            "_username": "appleuser44882609",
            "_nickname": "𝓞𝓵𝓲𝓿𝓲𝓪𝓯𝓪𝓷𝓯𝓸𝓻𝓵𝓲𝓯",
            "_comment": "𝓟𝓵𝔃",
            "_create_time": "2025-07-12T06:43:37",
            "_avatar": "https://p16-pu-sign-useast8.tiktokcdn-us.com/tos-useast5-avt-0068-tx/9d9c04f283fd59409957e3531e681d63~tplv-tiktokx-cropcenter:100:100.jpg?dr=9640&refresh_token=b3f2baec&x-expires=1756281600&x-signature=Ip0jieq6Ps76nzGR9jKK7bX5VI4%3D&t=4d5b0474&ps=13740610&shp=30310797&shcp=ff37627b&idc=useast5",
            "_total_reply": 0,
            "_replies": []
        },
        {
            "_comment_id": "7526066719761630007",
            "_username": "appleuser44882609",
            "_nickname": "𝓞𝓵𝓲𝓿𝓲𝓪𝓯𝓪𝓷𝓯𝓸𝓻𝓵𝓲𝓯",
            "_comment": "𝓕𝓸𝓵𝓵𝓸𝔀 𝓶𝓮 𝓫𝓪𝓬𝓴 𝓹𝓵𝔃",
            "_create_time": "2025-07-12T06:43:17",
            "_avatar": "https://p16-pu-sign-useast8.tiktokcdn-us.com/tos-useast5-avt-0068-tx/9d9c04f283fd59409957e3531e681d63~tplv-tiktokx-cropcenter:100:100.jpg?dr=9640&refresh_token=b3f2baec&x-expires=1756281600&x-signature=Ip0jieq6Ps76nzGR9jKK7bX5VI4%3D&t=4d5b0474&ps=13740610&shp=30310797&shcp=ff37627b&idc=useast5",
            "_total_reply": 0,
            "_replies": []
        }
    ],
    "total_comments": 48
}