{
    "original_url": "https://www.tiktok.com/@lancome.official/video/7525730078525869334",
    "video_id": "7525730078525869334",
    "description": "She’s summer-ready! @Oksana Masters  #MESSWITHLANCOME #BTSMess #Lancome #OksanaMasters #TimeToGetMessy #Mess #BTMess #Makeup #Makeuptok #Beauty #BeautyTok #HAPTA #CafeCrush #IcedLatte #CoffeeMakeup #EspressoLook #SummerMakeup #SummerBeauty #MakeupTutorial #GlossyLip #Gloss #BTS ",
    "video_url": "https://m.tiktok.com/v/7525730078525869334.html?_d=0&comment_author_id=7302485380941480965&preview_pb=0&share_comment_id=7540762010306347781&share_item_id=7525730078525869334&sharer_language=en&source=h5_m&u_code=0",
    "tags": [
        "#MESSWITHLANCOME",
        "#BTSMess",
        "#Lancome",
        "#OksanaMasters",
        "#TimeToGetMessy",
        "#Mess",
        "#BTMess",
        "#Makeup",
        "#Makeuptok",
        "#Beauty",
        "#BeautyTok",
        "#HAPTA",
        "#CafeCrush",
        "#IcedLatte",
        "#CoffeeMakeup",
        "#EspressoLook",
        "#SummerMakeup",
        "#SummerBeauty",
        "#MakeupTutorial",
        "#GlossyLip",
        "#Gloss",
        "#BTS"
    ],
    "comments": [
        {
            "_comment_id": "7540762010306347781",
            "_username": "mansururunbayev",
            "_nickname": "MANSUR",
            "_comment": "🥰LANCOME🥰 SUPER 🥰",
            "_create_time": "2025-08-20T21:08:05",
            "_avatar": "https://p16-common-sign-va.tiktokcdn-us.com/tos-maliva-avt-0068/9f11fdaa92db0d1a01b22c4b74e1e96b~tplv-tiktokx-cropcenter:100:100.jpg?dr=9640&refresh_token=b34e3883&x-expires=1756281600&x-signature=A6DlJSv6lEA45hdkrZtZ8rIhQwk%3D&t=4d5b0474&ps=13740610&shp=30310797&shcp=ff37627b&idc=useast5",
            "_total_reply": 0,
            "_replies": []
        },
        {
            "_comment_id": "7525778566748455702",
            "_username": "arix_0.2",
            "_nickname": "Ariix 💕",
            "_comment": "I WANT THIS 😩😍",
            "_create_time": "2025-07-11T12:04:44",
            "_avatar": "https://p16-common-sign-va.tiktokcdn-us.com/tos-maliva-avt-0068/959ce47d4781288d26896ce6fde4e738~tplv-tiktokx-cropcenter:100:100.jpg?dr=9640&refresh_token=88fba5a5&x-expires=1756281600&x-signature=38EGjsyHtfKplrayOaFtobRDPho%3D&t=4d5b0474&ps=13740610&shp=30310797&shcp=ff37627b&idc=useast5",
            "_total_reply": 1,
            "_replies": [
                {
                    "_comment_id": "7525830360671355650",
                    "_username": "lancome.official",
                    "_nickname": "Lancôme",
                    "_comment": "Your cart is waiting ✨",
                    "_create_time": "2025-07-11T15:25:46",
                    "_avatar": "https://p16-common-sign-va.tiktokcdn-us.com/tos-maliva-avt-0068/9424f6caa6a8781766ccf45ddf0a0a0d~tplv-tiktokx-cropcenter:100:100.jpg?dr=9640&refresh_token=2d0d7041&x-expires=1756281600&x-signature=6RRh0sV%2BMiFopbDnto6in1a21L8%3D&t=4d5b0474&ps=13740610&shp=30310797&shcp=ff37627b&idc=useast5",
                    "_total_reply": null,
                    "_replies": []
                }
            ]
        },
        {
            "_comment_id": "7526301876460372766",
            "_username": "jenna.blonde",
            "_nickname": "Jenna",
            "_comment": "Hi!! I work for Lancôme! Where can I get this phone case!!!",
            "_create_time": "2025-07-12T21:55:34",
            "_avatar": "https://p16-sign.tiktokcdn-us.com/tos-useast5-avt-0068-tx/6b4182d1fdec89daf89547b3146ae369~tplv-tiktokx-cropcenter:100:100.jpg?dr=9640&refresh_token=46da825d&x-expires=1756281600&x-signature=8Ji3r2Ff5dBkMKQUXMsuIhbjc4I%3D&t=4d5b0474&ps=13740610&shp=30310797&shcp=ff37627b&idc=useast5",
            "_total_reply": 0,
            "_replies": []
        },
        {
            "_comment_id": "7525961916214625041",
            "_username": "su_4779",
            "_nickname": "su_47",
            "_comment": "the perfect give for my mom",
            "_create_time": "2025-07-11T23:56:34",
            "_avatar": "https://p16-common-sign-sg.tiktokcdn-us.com/tos-alisg-avt-0068/f8bd9d788f0df4fcd8ea85775f6333aa~tplv-tiktokx-cropcenter:100:100.jpg?dr=9640&refresh_token=c581392d&x-expires=1756281600&x-signature=gmqaQM4JaK0W0L%2Fa8cLVt%2BHg2OM%3D&t=4d5b0474&ps=13740610&shp=30310797&shcp=ff37627b&idc=useast5",
            "_total_reply": 1,
            "_replies": [
                {
                    "_comment_id": "7526929521082450720",
                    "_username": "lancome.official",
                    "_nickname": "Lancôme",
                    "_comment": "Such a thoughtful (and beautiful) gift 💖",
                    "_create_time": "2025-07-14T18:36:32",
                    "_avatar": "https://p16-common-sign-va.tiktokcdn-us.com/tos-maliva-avt-0068/9424f6caa6a8781766ccf45ddf0a0a0d~tplv-tiktokx-cropcenter:100:100.jpg?dr=9640&refresh_token=2d0d7041&x-expires=1756281600&x-signature=6RRh0sV%2BMiFopbDnto6in1a21L8%3D&t=4d5b0474&ps=13740610&shp=30310797&shcp=ff37627b&idc=useast5",
                    "_total_reply": null,
                    "_replies": []
                }
            ]
        },
        {
            "_comment_id": "7525880460384289558",
            "_username": "amyc3333",
            "_nickname": "amy",
            "_comment": "Love it",
            "_create_time": "2025-07-11T18:40:01",
            "_avatar": "https://p16-common-sign-useast2a.tiktokcdn-us.com/tos-useast2a-avt-0068-euttp/373c2741cc83811383913b9ee25c01d5~tplv-tiktokx-cropcenter:100:100.jpg?dr=9640&refresh_token=62ea7c95&x-expires=1756281600&x-signature=pHYUarwJiB6FavzYtsFGKJr0WhU%3D&t=4d5b0474&ps=13740610&shp=30310797&shcp=ff37627b&idc=useast5",
            "_total_reply": 1,
            "_replies": [
                {
                    "_comment_id": "7526920152358257440",
                    "_username": "lancome.official",
                    "_nickname": "Lancôme",
                    "_comment": "You’ve got taste 🥰",
                    "_create_time": "2025-07-14T18:29:28",
                    "_avatar": "https://p16-common-sign-va.tiktokcdn-us.com/tos-maliva-avt-0068/9424f6caa6a8781766ccf45ddf0a0a0d~tplv-tiktokx-cropcenter:100:100.jpg?dr=9640&refresh_token=2d0d7041&x-expires=1756281600&x-signature=6RRh0sV%2BMiFopbDnto6in1a21L8%3D&t=4d5b0474&ps=13740610&shp=30310797&shcp=ff37627b&idc=useast5",
                    "_total_reply": null,
                    "_replies": []
                }
            ]
        },
        {
            "_comment_id": "7525901205651489544",
            "_username": "sabinesinno_",
            "_nickname": "Sabine Sinno",
            "_comment": "🤍🤍🤍🤍",
            "_create_time": "2025-07-11T20:00:32",
            "_avatar": "https://p16-common-sign-sg.tiktokcdn-us.com/tos-alisg-avt-0068/7e32a842b6e918859b3445595bbbbf7e~tplv-tiktokx-cropcenter:100:100.jpg?dr=9640&refresh_token=223bc812&x-expires=1756281600&x-signature=Q5Lcrq0OgSHzKcKGhbiOM0oM5MQ%3D&t=4d5b0474&ps=13740610&shp=30310797&shcp=ff37627b&idc=useast5",
            "_total_reply": 0,
            "_replies": []
        },
        {
            "_comment_id": "7525804167248544534",
            "_username": "mitchthemommy",
            "_nickname": "Michelle Lynch",
            "_comment": "😍😍😍",
            "_create_time": "2025-07-11T13:44:00",
            "_avatar": "https://p16-common-sign-useast2a.tiktokcdn-us.com/tos-useast2a-avt-0068-euttp/6920f07878d573199beb7ecf33571583~tplv-tiktokx-cropcenter:100:100.jpg?dr=9640&refresh_token=f935d486&x-expires=1756281600&x-signature=MmR0vJ3LEheUoxoFQWPFNfpa29U%3D&t=4d5b0474&ps=13740610&shp=30310797&shcp=ff37627b&idc=useast5",
            "_total_reply": 0,
            "_replies": []
        },
        {
            "_comment_id": "7525746663929447173",
            "_username": "barbiegurl437",
            "_nickname": "𝕨𝕖 𝕝𝕠𝕧𝕖 𝕙𝕖𝕣 💜",
            "_comment": "❤💄",
            "_create_time": "2025-07-11T10:01:06",
            "_avatar": "https://p16-common-sign-va.tiktokcdn-us.com/tos-maliva-avt-0068/8eeef25792f871790046ca4c351c1891~tplv-tiktokx-cropcenter:100:100.jpg?dr=9640&refresh_token=373ba890&x-expires=1756281600&x-signature=WaaIA5qwbJC%2FszCTytuGIBFSc2Q%3D&t=4d5b0474&ps=13740610&shp=30310797&shcp=ff37627b&idc=useast5",
            "_total_reply": 0,
            "_replies": []
        },
        {
            "_comment_id": "7525732694875259655",
            "_username": "yesenia.royam",
            "_nickname": "에일",
            "_comment": "💖💖💖",
            "_create_time": "2025-07-11T09:06:36",
            "_avatar": "https://p16-common-sign-sg.tiktokcdn-us.com/tos-alisg-avt-0068/66a9191a5086ba6f17d80db45a8c2b2a~tplv-tiktokx-cropcenter:100:100.jpg?dr=9640&refresh_token=f53677dd&x-expires=1756281600&x-signature=qXFJvRRppPixX76OsdEr2FgB88o%3D&t=4d5b0474&ps=13740610&shp=30310797&shcp=ff37627b&idc=useast5",
            "_total_reply": 0,
            "_replies": []
        },
        {
            "_comment_id": "7529206052744495894",
            "_username": "jocelyne.rhim5",
            "_nickname": "Jocelyne Rhim",
            "_comment": "💜💜💜💜💜💜💜💜💜💜💜💜💜💜💜💜💜💜",
            "_create_time": "2025-07-20T17:45:03",
            "_avatar": "https://p16-common-sign-va.tiktokcdn-us.com/tos-maliva-avt-0068/5ebfc5e48db9a37ef2e817b740b640ac~tplv-tiktokx-cropcenter:100:100.jpg?dr=9640&refresh_token=e2c46637&x-expires=1756281600&x-signature=5N0QQevWw92J%2FzWww12PsFXQSFg%3D&t=4d5b0474&ps=13740610&shp=30310797&shcp=ff37627b&idc=useast5",
            "_total_reply": 0,
            "_replies": []
        },
        {
            "_comment_id": "7526300254221075256",
            "_username": "thelifelistblog",
            "_nickname": "TheLifeList",
            "_comment": "😍",
            "_create_time": "2025-07-12T21:49:03",
            "_avatar": "https://p16-common-sign-va.tiktokcdn-us.com/tos-maliva-avt-0068/65c964d624d0631f1bb3b69081cbd71d~tplv-tiktokx-cropcenter:100:100.jpg?dr=9640&refresh_token=1494bb9a&x-expires=1756281600&x-signature=%2BxwjXRNsHTXBvrAsCGBv0LOfcwc%3D&t=4d5b0474&ps=13740610&shp=30310797&shcp=ff37627b&idc=useast5",
            "_total_reply": 0,
            "_replies": []
        }
    ],
    "total_comments": 11
}